stream,config,end_idx,accuracy
ds1,accumulativeMNB,10000,0.725
ds1,accumulativeMNB,20000,0.7516
ds1,accumulativeMNB,30000,0.7584
ds1,accumulativeMNB,40000,0.7615
ds1,accumulativeMNB,50000,0.779
ds1,accumulativeMNB,60000,0.7714
ds1,accumulativeMNB,70000,0.7716
ds1,accumulativeMNB,80000,0.779
ds1,accumulativeMNB,90000,0.7687
ds1,accumulativeMNB,100000,0.7762
ds1,accumulativeMNB,110000,0.7777
ds1,accumulativeMNB,120000,0.7833
ds1,accumulativeMNB,130000,0.783
ds1,accumulativeMNB,140000,0.7796
ds1,accumulativeMNB,150000,0.7756
ds1,accumulativeMNB,160000,0.774
ds1,accumulativeMNB,170000,0.7693
ds1,accumulativeMNB,180000,0.7769
ds1,accumulativeMNB,190000,0.7719
ds1,accumulativeMNB,200000,0.7897
ds1,accumulativeMNB,210000,0.7903
ds1,accumulativeMNB,220000,0.7893
ds1,accumulativeMNB,230000,0.778
ds1,accumulativeMNB,240000,0.7809
ds1,accumulativeMNB,250000,0.7684
ds1,accumulativeMNB,260000,0.7838
ds1,accumulativeMNB,270000,0.7855
ds1,accumulativeMNB,280000,0.782
ds1,accumulativeMNB,290000,0.7977
ds1,accumulativeMNB,300000,0.796
ds1,accumulativeMNB,310000,0.7903
ds1,accumulativeMNB,320000,0.7842
ds1,accumulativeMNB,330000,0.7817
ds1,accumulativeMNB,340000,0.7833
ds1,accumulativeMNB,350000,0.8006
ds1,accumulativeMNB,360000,0.7931
ds1,accumulativeMNB,370000,0.7797
ds1,accumulativeMNB,380000,0.7818
ds1,accumulativeMNB,390000,0.7851
ds1,accumulativeMNB,400000,0.7817
ds1,accumulativeMNB,410000,0.7908
ds1,accumulativeMNB,420000,0.7886
ds1,accumulativeMNB,430000,0.7858
ds1,accumulativeMNB,440000,0.7753
ds1,accumulativeMNB,450000,0.7951
ds1,accumulativeMNB,460000,0.7885
ds1,accumulativeMNB,470000,0.7878
ds1,accumulativeMNB,480000,0.7866
ds1,accumulativeMNB,490000,0.8025
ds1,accumulativeMNB,500000,0.7933
ds1,accumulativeMNB,510000,0.7897
ds1,accumulativeMNB,520000,0.7811
ds1,accumulativeMNB,530000,0.7839
ds1,accumulativeMNB,540000,0.7853
ds1,accumulativeMNB,550000,0.7859
ds1,accumulativeMNB,560000,0.7822
ds1,accumulativeMNB,570000,0.7957
ds1,accumulativeMNB,580000,0.797
ds1,accumulativeMNB,590000,0.7997
ds1,accumulativeMNB,600000,0.8043
ds1,accumulativeMNB,610000,0.7959
ds1,accumulativeMNB,620000,0.7904
ds1,accumulativeMNB,630000,0.7916
ds1,accumulativeMNB,640000,0.7965
ds1,accumulativeMNB,650000,0.7937
ds1,accumulativeMNB,660000,0.7828
ds1,accumulativeMNB,670000,0.7751
ds1,accumulativeMNB,680000,0.7939
ds1,accumulativeMNB,690000,0.7948
ds1,accumulativeMNB,700000,0.7819
ds1,accumulativeMNB,710000,0.7832
ds1,accumulativeMNB,720000,0.7805
ds1,accumulativeMNB,730000,0.7859
ds1,accumulativeMNB,740000,0.7819
ds1,accumulativeMNB,750000,0.7884
ds1,accumulativeMNB,760000,0.7922
ds1,accumulativeMNB,770000,0.7883
ds1,accumulativeMNB,780000,0.7825
ds1,accumulativeMNB,790000,0.7867
ds1,accumulativeMNB,800000,0.7959
ds1,accumulativeMNB,810000,0.7832
ds1,accumulativeMNB,820000,0.7876
ds1,accumulativeMNB,830000,0.7844
ds1,accumulativeMNB,840000,0.7847
ds1,accumulativeMNB,850000,0.7861
ds1,accumulativeMNB,860000,0.7971
ds1,accumulativeMNB,870000,0.7822
ds1,accumulativeMNB,880000,0.7807
ds1,accumulativeMNB,890000,0.7879
ds1,accumulativeMNB,900000,0.7898
ds1,accumulativeMNB,910000,0.7908
ds1,accumulativeMNB,920000,0.7905
ds1,accumulativeMNB,930000,0.794
ds1,accumulativeMNB,940000,0.7957
ds1,accumulativeMNB,950000,0.7998
ds1,accumulativeMNB,960000,0.7974
ds1,accumulativeMNB,970000,0.7924
ds1,accumulativeMNB,980000,0.7956
ds1,accumulativeMNB,990000,0.798
ds1,accumulativeMNB,1000000,0.7802
ds1,accumulativeMNB,1010000,0.7936
ds1,accumulativeMNB,1020000,0.7879
ds1,accumulativeMNB,1030000,0.7832
ds1,accumulativeMNB,1040000,0.7885
ds1,accumulativeMNB,1050000,0.7889
ds1,accumulativeMNB,1060000,0.7883
ds1,accumulativeMNB,1070000,0.7889
ds1,accumulativeMNB,1080000,0.8054
ds1,accumulativeMNB,1090000,0.7942
ds1,accumulativeMNB,1100000,0.7971
ds1,accumulativeMNB,1110000,0.7905
ds1,accumulativeMNB,1120000,0.7892
ds1,accumulativeMNB,1130000,0.7887
ds1,accumulativeMNB,1140000,0.7876
ds1,accumulativeMNB,1150000,0.7833
ds1,accumulativeMNB,1160000,0.7827
ds1,accumulativeMNB,1170000,0.7838
ds1,accumulativeMNB,1180000,0.7909
ds1,accumulativeMNB,1190000,0.7914
ds1,accumulativeMNB,1200000,0.7734
ds1,accumulativeMNB,1210000,0.7857
ds1,accumulativeMNB,1220000,0.7815
ds1,accumulativeMNB,1230000,0.7796
ds1,accumulativeMNB,1240000,0.7884
ds1,accumulativeMNB,1250000,0.7849
ds1,accumulativeMNB,1260000,0.7875
ds1,accumulativeMNB,1270000,0.7919
ds1,accumulativeMNB,1280000,0.7946
ds1,accumulativeMNB,1290000,0.7897
ds1,accumulativeMNB,1300000,0.7861
ds1,accumulativeMNB,1310000,0.7798
ds1,accumulativeMNB,1320000,0.782
ds1,accumulativeMNB,1330000,0.7524
ds1,accumulativeMNB,1340000,0.7253
ds1,accumulativeMNB,1350000,0.7289
ds1,accumulativeMNB,1360000,0.7418
ds1,accumulativeMNB,1370000,0.7518
ds1,accumulativeMNB,1380000,0.7616
ds1,accumulativeMNB,1390000,0.7488
ds1,accumulativeMNB,1400000,0.7488
ds1,accumulativeMNB,1410000,0.7663
ds1,accumulativeMNB,1420000,0.7575
ds1,accumulativeMNB,1430000,0.7592
ds1,accumulativeMNB,1440000,0.77
ds1,accumulativeMNB,1450000,0.7592
ds1,accumulativeMNB,1460000,0.7651
ds1,accumulativeMNB,1470000,0.7676
ds1,accumulativeMNB,1480000,0.7711
ds1,accumulativeMNB,1490000,0.7745
ds1,accumulativeMNB,1500000,0.7842
ds1,accumulativeMNB,1510000,0.7818
ds1,accumulativeMNB,1520000,0.773
ds1,accumulativeMNB,1530000,0.7808
ds1,accumulativeMNB,1540000,0.7907
ds1,accumulativeMNB,1550000,0.7947
ds1,accumulativeMNB,1560000,0.8125
ds1,accumulativeMNB,1570000,0.8042
ds1,accumulativeMNB,1580000,0.7947
ds1,accumulativeMNB,1590000,0.7997
ds1,accumulativeMNB,1600000,0.8206
ds1,fadingMNB,10000,0.7261
ds1,fadingMNB,20000,0.7488
ds1,fadingMNB,30000,0.7311
ds1,fadingMNB,40000,0.752
ds1,fadingMNB,50000,0.7675
ds1,fadingMNB,60000,0.7669
ds1,fadingMNB,70000,0.7638
ds1,fadingMNB,80000,0.75
ds1,fadingMNB,90000,0.7491
ds1,fadingMNB,100000,0.739
ds1,fadingMNB,110000,0.7311
ds1,fadingMNB,120000,0.7623
ds1,fadingMNB,130000,0.7694
ds1,fadingMNB,140000,0.7447
ds1,fadingMNB,150000,0.7558
ds1,fadingMNB,160000,0.7567
ds1,fadingMNB,170000,0.7496
ds1,fadingMNB,180000,0.7543
ds1,fadingMNB,190000,0.7279
ds1,fadingMNB,200000,0.7532
ds1,fadingMNB,210000,0.762
ds1,fadingMNB,220000,0.7673
ds1,fadingMNB,230000,0.7045
ds1,fadingMNB,240000,0.7306
ds1,fadingMNB,250000,0.7428
ds1,fadingMNB,260000,0.7199
ds1,fadingMNB,270000,0.7574
ds1,fadingMNB,280000,0.7638
ds1,fadingMNB,290000,0.7817
ds1,fadingMNB,300000,0.7755
ds1,fadingMNB,310000,0.7676
ds1,fadingMNB,320000,0.7737
ds1,fadingMNB,330000,0.7669
ds1,fadingMNB,340000,0.7355
ds1,fadingMNB,350000,0.7606
ds1,fadingMNB,360000,0.769
ds1,fadingMNB,370000,0.7623
ds1,fadingMNB,380000,0.7402
ds1,fadingMNB,390000,0.7189
ds1,fadingMNB,400000,0.723
ds1,fadingMNB,410000,0.7562
ds1,fadingMNB,420000,0.7623
ds1,fadingMNB,430000,0.763
ds1,fadingMNB,440000,0.7565
ds1,fadingMNB,450000,0.7735
ds1,fadingMNB,460000,0.772
ds1,fadingMNB,470000,0.7764
ds1,fadingMNB,480000,0.7794
ds1,fadingMNB,490000,0.792
ds1,fadingMNB,500000,0.7871
ds1,fadingMNB,510000,0.7736
ds1,fadingMNB,520000,0.7661
ds1,fadingMNB,530000,0.7728
ds1,fadingMNB,540000,0.7734
ds1,fadingMNB,550000,0.7719
ds1,fadingMNB,560000,0.7727
ds1,fadingMNB,570000,0.7813
ds1,fadingMNB,580000,0.78
ds1,fadingMNB,590000,0.7885
ds1,fadingMNB,600000,0.788
ds1,fadingMNB,610000,0.7825
ds1,fadingMNB,620000,0.7737
ds1,fadingMNB,630000,0.7725
ds1,fadingMNB,640000,0.7817
ds1,fadingMNB,650000,0.7749
ds1,fadingMNB,660000,0.7718
ds1,fadingMNB,670000,0.7596
ds1,fadingMNB,680000,0.7764
ds1,fadingMNB,690000,0.7745
ds1,fadingMNB,700000,0.7655
ds1,fadingMNB,710000,0.7656
ds1,fadingMNB,720000,0.7633
ds1,fadingMNB,730000,0.7699
ds1,fadingMNB,740000,0.765
ds1,fadingMNB,750000,0.7731
ds1,fadingMNB,760000,0.7756
ds1,fadingMNB,770000,0.7792
ds1,fadingMNB,780000,0.7671
ds1,fadingMNB,790000,0.7763
ds1,fadingMNB,800000,0.7814
ds1,fadingMNB,810000,0.7711
ds1,fadingMNB,820000,0.7688
ds1,fadingMNB,830000,0.7614
ds1,fadingMNB,840000,0.7521
ds1,fadingMNB,850000,0.7616
ds1,fadingMNB,860000,0.7701
ds1,fadingMNB,870000,0.7628
ds1,fadingMNB,880000,0.7584
ds1,fadingMNB,890000,0.7681
ds1,fadingMNB,900000,0.7212
ds1,fadingMNB,910000,0.7277
ds1,fadingMNB,920000,0.7524
ds1,fadingMNB,930000,0.7618
ds1,fadingMNB,940000,0.7702
ds1,fadingMNB,950000,0.7812
ds1,fadingMNB,960000,0.7791
ds1,fadingMNB,970000,0.7818
ds1,fadingMNB,980000,0.7798
ds1,fadingMNB,990000,0.7824
ds1,fadingMNB,1000000,0.7612
ds1,fadingMNB,1010000,0.7742
ds1,fadingMNB,1020000,0.7717
ds1,fadingMNB,1030000,0.7701
ds1,fadingMNB,1040000,0.7713
ds1,fadingMNB,1050000,0.7704
ds1,fadingMNB,1060000,0.7733
ds1,fadingMNB,1070000,0.7765
ds1,fadingMNB,1080000,0.7939
ds1,fadingMNB,1090000,0.7848
ds1,fadingMNB,1100000,0.777
ds1,fadingMNB,1110000,0.7735
ds1,fadingMNB,1120000,0.7732
ds1,fadingMNB,1130000,0.7713
ds1,fadingMNB,1140000,0.7713
ds1,fadingMNB,1150000,0.767
ds1,fadingMNB,1160000,0.7734
ds1,fadingMNB,1170000,0.734
ds1,fadingMNB,1180000,0.7173
ds1,fadingMNB,1190000,0.7472
ds1,fadingMNB,1200000,0.7477
ds1,fadingMNB,1210000,0.7548
ds1,fadingMNB,1220000,0.7576
ds1,fadingMNB,1230000,0.7629
ds1,fadingMNB,1240000,0.7676
ds1,fadingMNB,1250000,0.7605
ds1,fadingMNB,1260000,0.7707
ds1,fadingMNB,1270000,0.7719
ds1,fadingMNB,1280000,0.7773
ds1,fadingMNB,1290000,0.7679
ds1,fadingMNB,1300000,0.7657
ds1,fadingMNB,1310000,0.7634
ds1,fadingMNB,1320000,0.7591
ds1,fadingMNB,1330000,0.7473
ds1,fadingMNB,1340000,0.8524
ds1,fadingMNB,1350000,0.9483
ds1,fadingMNB,1360000,0.9837
ds1,fadingMNB,1370000,0.9938
ds1,fadingMNB,1380000,0.998
ds1,fadingMNB,1390000,0.9998
ds1,fadingMNB,1400000,0.9992
ds1,fadingMNB,1410000,0.9995
ds1,fadingMNB,1420000,0.9998
ds1,fadingMNB,1430000,0.9998
ds1,fadingMNB,1440000,0.9997
ds1,fadingMNB,1450000,0.9999
ds1,fadingMNB,1460000,1.0
ds1,fadingMNB,1470000,0.9999
ds1,fadingMNB,1480000,1.0
ds1,fadingMNB,1490000,1.0
ds1,fadingMNB,1500000,1.0
ds1,fadingMNB,1510000,1.0
ds1,fadingMNB,1520000,1.0
ds1,fadingMNB,1530000,0.9998
ds1,fadingMNB,1540000,0.9999
ds1,fadingMNB,1550000,0.9999
ds1,fadingMNB,1560000,1.0
ds1,fadingMNB,1570000,1.0
ds1,fadingMNB,1580000,1.0
ds1,fadingMNB,1590000,1.0
ds1,fadingMNB,1600000,1.0
ds1,Rebuild-Zero,10000,0.725
ds1,Rebuild-Zero,20000,0.7516
ds1,Rebuild-Zero,30000,0.7584
ds1,Rebuild-Zero,40000,0.7615
ds1,Rebuild-Zero,50000,0.779
ds1,Rebuild-Zero,60000,0.7714
ds1,Rebuild-Zero,70000,0.7716
ds1,Rebuild-Zero,80000,0.779
ds1,Rebuild-Zero,90000,0.7687
ds1,Rebuild-Zero,100000,0.7762
ds1,Rebuild-Zero,110000,0.7777
ds1,Rebuild-Zero,120000,0.7833
ds1,Rebuild-Zero,130000,0.783
ds1,Rebuild-Zero,140000,0.7796
ds1,Rebuild-Zero,150000,0.7756
ds1,Rebuild-Zero,160000,0.774
ds1,Rebuild-Zero,170000,0.7693
ds1,Rebuild-Zero,180000,0.7769
ds1,Rebuild-Zero,190000,0.7719
ds1,Rebuild-Zero,200000,0.7897
ds1,Rebuild-Zero,210000,0.7903
ds1,Rebuild-Zero,220000,0.7893
ds1,Rebuild-Zero,230000,0.778
ds1,Rebuild-Zero,240000,0.7809
ds1,Rebuild-Zero,250000,0.7684
ds1,Rebuild-Zero,260000,0.7838
ds1,Rebuild-Zero,270000,0.7855
ds1,Rebuild-Zero,280000,0.782
ds1,Rebuild-Zero,290000,0.7967
ds1,Rebuild-Zero,300000,0.7947
ds1,Rebuild-Zero,310000,0.7862
ds1,Rebuild-Zero,320000,0.7759
ds1,Rebuild-Zero,330000,0.7503
ds1,Rebuild-Zero,340000,0.766
ds1,Rebuild-Zero,350000,0.7986
ds1,Rebuild-Zero,360000,0.7897
ds1,Rebuild-Zero,370000,0.7688
ds1,Rebuild-Zero,380000,0.7682
ds1,Rebuild-Zero,390000,0.7707
ds1,Rebuild-Zero,400000,0.7733
ds1,Rebuild-Zero,410000,0.789
ds1,Rebuild-Zero,420000,0.7839
ds1,Rebuild-Zero,430000,0.7783
ds1,Rebuild-Zero,440000,0.77
ds1,Rebuild-Zero,450000,0.7871
ds1,Rebuild-Zero,460000,0.7835
ds1,Rebuild-Zero,470000,0.7816
ds1,Rebuild-Zero,480000,0.7882
ds1,Rebuild-Zero,490000,0.803
ds1,Rebuild-Zero,500000,0.7945
ds1,Rebuild-Zero,510000,0.7766
ds1,Rebuild-Zero,520000,0.7687
ds1,Rebuild-Zero,530000,0.7771
ds1,Rebuild-Zero,540000,0.7786
ds1,Rebuild-Zero,550000,0.7817
ds1,Rebuild-Zero,560000,0.7783
ds1,Rebuild-Zero,570000,0.7918
ds1,Rebuild-Zero,580000,0.7901
ds1,Rebuild-Zero,590000,0.7995
ds1,Rebuild-Zero,600000,0.8014
ds1,Rebuild-Zero,610000,0.7935
ds1,Rebuild-Zero,620000,0.7835
ds1,Rebuild-Zero,630000,0.7817
ds1,Rebuild-Zero,640000,0.7892
ds1,Rebuild-Zero,650000,0.7817
ds1,Rebuild-Zero,660000,0.7794
ds1,Rebuild-Zero,670000,0.7727
ds1,Rebuild-Zero,680000,0.7952
ds1,Rebuild-Zero,690000,0.7928
ds1,Rebuild-Zero,700000,0.7797
ds1,Rebuild-Zero,710000,0.7775
ds1,Rebuild-Zero,720000,0.7738
ds1,Rebuild-Zero,730000,0.7832
ds1,Rebuild-Zero,740000,0.7813
ds1,Rebuild-Zero,750000,0.7867
ds1,Rebuild-Zero,760000,0.7885
ds1,Rebuild-Zero,770000,0.7902
ds1,Rebuild-Zero,780000,0.7821
ds1,Rebuild-Zero,790000,0.7868
ds1,Rebuild-Zero,800000,0.7932
ds1,Rebuild-Zero,810000,0.7819
ds1,Rebuild-Zero,820000,0.7851
ds1,Rebuild-Zero,830000,0.7822
ds1,Rebuild-Zero,840000,0.7836
ds1,Rebuild-Zero,850000,0.7799
ds1,Rebuild-Zero,860000,0.7978
ds1,Rebuild-Zero,870000,0.7832
ds1,Rebuild-Zero,880000,0.7765
ds1,Rebuild-Zero,890000,0.783
ds1,Rebuild-Zero,900000,0.7862
ds1,Rebuild-Zero,910000,0.7888
ds1,Rebuild-Zero,920000,0.79
ds1,Rebuild-Zero,930000,0.7896
ds1,Rebuild-Zero,940000,0.7922
ds1,Rebuild-Zero,950000,0.8018
ds1,Rebuild-Zero,960000,0.793
ds1,Rebuild-Zero,970000,0.7948
ds1,Rebuild-Zero,980000,0.7942
ds1,Rebuild-Zero,990000,0.793
ds1,Rebuild-Zero,1000000,0.779
ds1,Rebuild-Zero,1010000,0.7899
ds1,Rebuild-Zero,1020000,0.7849
ds1,Rebuild-Zero,1030000,0.7828
ds1,Rebuild-Zero,1040000,0.7865
ds1,Rebuild-Zero,1050000,0.7869
ds1,Rebuild-Zero,1060000,0.7874
ds1,Rebuild-Zero,1070000,0.7897
ds1,Rebuild-Zero,1080000,0.8094
ds1,Rebuild-Zero,1090000,0.7964
ds1,Rebuild-Zero,1100000,0.797
ds1,Rebuild-Zero,1110000,0.7854
ds1,Rebuild-Zero,1120000,0.7864
ds1,Rebuild-Zero,1130000,0.7867
ds1,Rebuild-Zero,1140000,0.7749
ds1,Rebuild-Zero,1150000,0.7716
ds1,Rebuild-Zero,1160000,0.7784
ds1,Rebuild-Zero,1170000,0.7762
ds1,Rebuild-Zero,1180000,0.7804
ds1,Rebuild-Zero,1190000,0.7871
ds1,Rebuild-Zero,1200000,0.7708
ds1,Rebuild-Zero,1210000,0.7658
ds1,Rebuild-Zero,1220000,0.7576
ds1,Rebuild-Zero,1230000,0.7653
ds1,Rebuild-Zero,1240000,0.7728
ds1,Rebuild-Zero,1250000,0.7673
ds1,Rebuild-Zero,1260000,0.7728
ds1,Rebuild-Zero,1270000,0.776
ds1,Rebuild-Zero,1280000,0.7854
ds1,Rebuild-Zero,1290000,0.7769
ds1,Rebuild-Zero,1300000,0.7773
ds1,Rebuild-Zero,1310000,0.7721
ds1,Rebuild-Zero,1320000,0.7718
ds1,Rebuild-Zero,1330000,0.7389
ds1,Rebuild-Zero,1340000,0.7523
ds1,Rebuild-Zero,1350000,0.8086
ds1,Rebuild-Zero,1360000,0.8618
ds1,Rebuild-Zero,1370000,0.8831
ds1,Rebuild-Zero,1380000,0.9073
ds1,Rebuild-Zero,1390000,0.912
ds1,Rebuild-Zero,1400000,0.9169
ds1,Rebuild-Zero,1410000,0.9291
ds1,Rebuild-Zero,1420000,0.9401
ds1,Rebuild-Zero,1430000,0.948
ds1,Rebuild-Zero,1440000,0.9474
ds1,Rebuild-Zero,1450000,0.9494
ds1,Rebuild-Zero,1460000,0.957
ds1,Rebuild-Zero,1470000,0.9578
ds1,Rebuild-Zero,1480000,0.9643
ds1,Rebuild-Zero,1490000,0.9647
ds1,Rebuild-Zero,1500000,0.9686
ds1,Rebuild-Zero,1510000,0.9695
ds1,Rebuild-Zero,1520000,0.9703
ds1,Rebuild-Zero,1530000,0.9728
ds1,Rebuild-Zero,1540000,0.9743
ds1,Rebuild-Zero,1550000,0.9772
ds1,Rebuild-Zero,1560000,0.9799
ds1,Rebuild-Zero,1570000,0.9795
ds1,Rebuild-Zero,1580000,0.9804
ds1,Rebuild-Zero,1590000,0.9777
ds1,Rebuild-Zero,1600000,0.9854
ds1,Rebuild-Init,10000,0.7261
ds1,Rebuild-Init,20000,0.7488
ds1,Rebuild-Init,30000,0.7311
ds1,Rebuild-Init,40000,0.752
ds1,Rebuild-Init,50000,0.7675
ds1,Rebuild-Init,60000,0.7669
ds1,Rebuild-Init,70000,0.7638
ds1,Rebuild-Init,80000,0.75
ds1,Rebuild-Init,90000,0.7491
ds1,Rebuild-Init,100000,0.739
ds1,Rebuild-Init,110000,0.7311
ds1,Rebuild-Init,120000,0.7623
ds1,Rebuild-Init,130000,0.7694
ds1,Rebuild-Init,140000,0.7447
ds1,Rebuild-Init,150000,0.7558
ds1,Rebuild-Init,160000,0.7567
ds1,Rebuild-Init,170000,0.7496
ds1,Rebuild-Init,180000,0.7543
ds1,Rebuild-Init,190000,0.7279
ds1,Rebuild-Init,200000,0.7532
ds1,Rebuild-Init,210000,0.762
ds1,Rebuild-Init,220000,0.7673
ds1,Rebuild-Init,230000,0.7045
ds1,Rebuild-Init,240000,0.7306
ds1,Rebuild-Init,250000,0.7428
ds1,Rebuild-Init,260000,0.7199
ds1,Rebuild-Init,270000,0.7574
ds1,Rebuild-Init,280000,0.7638
ds1,Rebuild-Init,290000,0.7817
ds1,Rebuild-Init,300000,0.7752
ds1,Rebuild-Init,310000,0.7692
ds1,Rebuild-Init,320000,0.774
ds1,Rebuild-Init,330000,0.7522
ds1,Rebuild-Init,340000,0.7398
ds1,Rebuild-Init,350000,0.7842
ds1,Rebuild-Init,360000,0.7828
ds1,Rebuild-Init,370000,0.7628
ds1,Rebuild-Init,380000,0.7439
ds1,Rebuild-Init,390000,0.7309
ds1,Rebuild-Init,400000,0.7402
ds1,Rebuild-Init,410000,0.7743
ds1,Rebuild-Init,420000,0.7661
ds1,Rebuild-Init,430000,0.7653
ds1,Rebuild-Init,440000,0.7626
ds1,Rebuild-Init,450000,0.78
ds1,Rebuild-Init,460000,0.7729
ds1,Rebuild-Init,470000,0.7786
ds1,Rebuild-Init,480000,0.7839
ds1,Rebuild-Init,490000,0.7973
ds1,Rebuild-Init,500000,0.7926
ds1,Rebuild-Init,510000,0.7757
ds1,Rebuild-Init,520000,0.767
ds1,Rebuild-Init,530000,0.7745
ds1,Rebuild-Init,540000,0.7762
ds1,Rebuild-Init,550000,0.7781
ds1,Rebuild-Init,560000,0.7754
ds1,Rebuild-Init,570000,0.7883
ds1,Rebuild-Init,580000,0.7835
ds1,Rebuild-Init,590000,0.7951
ds1,Rebuild-Init,600000,0.7963
ds1,Rebuild-Init,610000,0.7866
ds1,Rebuild-Init,620000,0.7738
ds1,Rebuild-Init,630000,0.7709
ds1,Rebuild-Init,640000,0.7821
ds1,Rebuild-Init,650000,0.7791
ds1,Rebuild-Init,660000,0.7764
ds1,Rebuild-Init,670000,0.766
ds1,Rebuild-Init,680000,0.7796
ds1,Rebuild-Init,690000,0.779
ds1,Rebuild-Init,700000,0.7702
ds1,Rebuild-Init,710000,0.7703
ds1,Rebuild-Init,720000,0.7668
ds1,Rebuild-Init,730000,0.7745
ds1,Rebuild-Init,740000,0.7695
ds1,Rebuild-Init,750000,0.7758
ds1,Rebuild-Init,760000,0.7761
ds1,Rebuild-Init,770000,0.7831
ds1,Rebuild-Init,780000,0.7735
ds1,Rebuild-Init,790000,0.7828
ds1,Rebuild-Init,800000,0.7846
ds1,Rebuild-Init,810000,0.7734
ds1,Rebuild-Init,820000,0.7746
ds1,Rebuild-Init,830000,0.7639
ds1,Rebuild-Init,840000,0.7562
ds1,Rebuild-Init,850000,0.7635
ds1,Rebuild-Init,860000,0.7753
ds1,Rebuild-Init,870000,0.7694
ds1,Rebuild-Init,880000,0.7591
ds1,Rebuild-Init,890000,0.7711
ds1,Rebuild-Init,900000,0.7259
ds1,Rebuild-Init,910000,0.7325
ds1,Rebuild-Init,920000,0.7574
ds1,Rebuild-Init,930000,0.7658
ds1,Rebuild-Init,940000,0.7719
ds1,Rebuild-Init,950000,0.788
ds1,Rebuild-Init,960000,0.7788
ds1,Rebuild-Init,970000,0.7858
ds1,Rebuild-Init,980000,0.7824
ds1,Rebuild-Init,990000,0.7837
ds1,Rebuild-Init,1000000,0.7664
ds1,Rebuild-Init,1010000,0.7782
ds1,Rebuild-Init,1020000,0.7744
ds1,Rebuild-Init,1030000,0.7684
ds1,Rebuild-Init,1040000,0.7761
ds1,Rebuild-Init,1050000,0.7729
ds1,Rebuild-Init,1060000,0.7751
ds1,Rebuild-Init,1070000,0.7812
ds1,Rebuild-Init,1080000,0.7953
ds1,Rebuild-Init,1090000,0.7893
ds1,Rebuild-Init,1100000,0.7798
ds1,Rebuild-Init,1110000,0.7731
ds1,Rebuild-Init,1120000,0.7749
ds1,Rebuild-Init,1130000,0.7718
ds1,Rebuild-Init,1140000,0.7729
ds1,Rebuild-Init,1150000,0.7675
ds1,Rebuild-Init,1160000,0.7762
ds1,Rebuild-Init,1170000,0.7386
ds1,Rebuild-Init,1180000,0.738
ds1,Rebuild-Init,1190000,0.768
ds1,Rebuild-Init,1200000,0.7586
ds1,Rebuild-Init,1210000,0.7639
ds1,Rebuild-Init,1220000,0.7558
ds1,Rebuild-Init,1230000,0.7623
ds1,Rebuild-Init,1240000,0.7673
ds1,Rebuild-Init,1250000,0.7655
ds1,Rebuild-Init,1260000,0.7693
ds1,Rebuild-Init,1270000,0.774
ds1,Rebuild-Init,1280000,0.7805
ds1,Rebuild-Init,1290000,0.7708
ds1,Rebuild-Init,1300000,0.7746
ds1,Rebuild-Init,1310000,0.7708
ds1,Rebuild-Init,1320000,0.7631
ds1,Rebuild-Init,1330000,0.7617
ds1,Rebuild-Init,1340000,0.9139
ds1,Rebuild-Init,1350000,0.988
ds1,Rebuild-Init,1360000,0.9968
ds1,Rebuild-Init,1370000,0.9984
ds1,Rebuild-Init,1380000,0.9996
ds1,Rebuild-Init,1390000,0.9998
ds1,Rebuild-Init,1400000,0.9996
ds1,Rebuild-Init,1410000,0.9998
ds1,Rebuild-Init,1420000,0.9998
ds1,Rebuild-Init,1430000,0.9998
ds1,Rebuild-Init,1440000,0.9997
ds1,Rebuild-Init,1450000,0.9999
ds1,Rebuild-Init,1460000,1.0
ds1,Rebuild-Init,1470000,1.0
ds1,Rebuild-Init,1480000,1.0
ds1,Rebuild-Init,1490000,1.0
ds1,Rebuild-Init,1500000,1.0
ds1,Rebuild-Init,1510000,1.0
ds1,Rebuild-Init,1520000,1.0
ds1,Rebuild-Init,1530000,0.9998
ds1,Rebuild-Init,1540000,0.9999
ds1,Rebuild-Init,1550000,0.9999
ds1,Rebuild-Init,1560000,1.0
ds1,Rebuild-Init,1570000,1.0
ds1,Rebuild-Init,1580000,1.0
ds1,Rebuild-Init,1590000,1.0
ds1,Rebuild-Init,1600000,1.0
ds1,FastSetFastReset-Zero,10000,0.725
ds1,FastSetFastReset-Zero,20000,0.7516
ds1,FastSetFastReset-Zero,30000,0.7584
ds1,FastSetFastReset-Zero,40000,0.7615
ds1,FastSetFastReset-Zero,50000,0.779
ds1,FastSetFastReset-Zero,60000,0.7714
ds1,FastSetFastReset-Zero,70000,0.7716
ds1,FastSetFastReset-Zero,80000,0.779
ds1,FastSetFastReset-Zero,90000,0.7687
ds1,FastSetFastReset-Zero,100000,0.7762
ds1,FastSetFastReset-Zero,110000,0.7777
ds1,FastSetFastReset-Zero,120000,0.7833
ds1,FastSetFastReset-Zero,130000,0.783
ds1,FastSetFastReset-Zero,140000,0.7796
ds1,FastSetFastReset-Zero,150000,0.7756
ds1,FastSetFastReset-Zero,160000,0.774
ds1,FastSetFastReset-Zero,170000,0.7693
ds1,FastSetFastReset-Zero,180000,0.7769
ds1,FastSetFastReset-Zero,190000,0.7719
ds1,FastSetFastReset-Zero,200000,0.7897
ds1,FastSetFastReset-Zero,210000,0.7903
ds1,FastSetFastReset-Zero,220000,0.7893
ds1,FastSetFastReset-Zero,230000,0.778
ds1,FastSetFastReset-Zero,240000,0.7809
ds1,FastSetFastReset-Zero,250000,0.7684
ds1,FastSetFastReset-Zero,260000,0.7838
ds1,FastSetFastReset-Zero,270000,0.7855
ds1,FastSetFastReset-Zero,280000,0.782
ds1,FastSetFastReset-Zero,290000,0.7977
ds1,FastSetFastReset-Zero,300000,0.796
ds1,FastSetFastReset-Zero,310000,0.7903
ds1,FastSetFastReset-Zero,320000,0.7842
ds1,FastSetFastReset-Zero,330000,0.7817
ds1,FastSetFastReset-Zero,340000,0.7833
ds1,FastSetFastReset-Zero,350000,0.8006
ds1,FastSetFastReset-Zero,360000,0.7931
ds1,FastSetFastReset-Zero,370000,0.7797
ds1,FastSetFastReset-Zero,380000,0.7818
ds1,FastSetFastReset-Zero,390000,0.7851
ds1,FastSetFastReset-Zero,400000,0.7817
ds1,FastSetFastReset-Zero,410000,0.7908
ds1,FastSetFastReset-Zero,420000,0.7886
ds1,FastSetFastReset-Zero,430000,0.7858
ds1,FastSetFastReset-Zero,440000,0.7753
ds1,FastSetFastReset-Zero,450000,0.7951
ds1,FastSetFastReset-Zero,460000,0.7885
ds1,FastSetFastReset-Zero,470000,0.7878
ds1,FastSetFastReset-Zero,480000,0.7866
ds1,FastSetFastReset-Zero,490000,0.8025
ds1,FastSetFastReset-Zero,500000,0.7933
ds1,FastSetFastReset-Zero,510000,0.7642
ds1,FastSetFastReset-Zero,520000,0.7588
ds1,FastSetFastReset-Zero,530000,0.7606
ds1,FastSetFastReset-Zero,540000,0.7607
ds1,FastSetFastReset-Zero,550000,0.7601
ds1,FastSetFastReset-Zero,560000,0.7603
ds1,FastSetFastReset-Zero,570000,0.7682
ds1,FastSetFastReset-Zero,580000,0.7652
ds1,FastSetFastReset-Zero,590000,0.776
ds1,FastSetFastReset-Zero,600000,0.7799
ds1,FastSetFastReset-Zero,610000,0.7959
ds1,FastSetFastReset-Zero,620000,0.7904
ds1,FastSetFastReset-Zero,630000,0.7916
ds1,FastSetFastReset-Zero,640000,0.7965
ds1,FastSetFastReset-Zero,650000,0.7937
ds1,FastSetFastReset-Zero,660000,0.7828
ds1,FastSetFastReset-Zero,670000,0.7751
ds1,FastSetFastReset-Zero,680000,0.7939
ds1,FastSetFastReset-Zero,690000,0.7948
ds1,FastSetFastReset-Zero,700000,0.7819
ds1,FastSetFastReset-Zero,710000,0.7832
ds1,FastSetFastReset-Zero,720000,0.7805
ds1,FastSetFastReset-Zero,730000,0.7859
ds1,FastSetFastReset-Zero,740000,0.7819
ds1,FastSetFastReset-Zero,750000,0.7884
ds1,FastSetFastReset-Zero,760000,0.7922
ds1,FastSetFastReset-Zero,770000,0.7883
ds1,FastSetFastReset-Zero,780000,0.7825
ds1,FastSetFastReset-Zero,790000,0.7867
ds1,FastSetFastReset-Zero,800000,0.7959
ds1,FastSetFastReset-Zero,810000,0.7832
ds1,FastSetFastReset-Zero,820000,0.7876
ds1,FastSetFastReset-Zero,830000,0.7844
ds1,FastSetFastReset-Zero,840000,0.7847
ds1,FastSetFastReset-Zero,850000,0.7861
ds1,FastSetFastReset-Zero,860000,0.7971
ds1,FastSetFastReset-Zero,870000,0.7822
ds1,FastSetFastReset-Zero,880000,0.7807
ds1,FastSetFastReset-Zero,890000,0.7879
ds1,FastSetFastReset-Zero,900000,0.7898
ds1,FastSetFastReset-Zero,910000,0.7109
ds1,FastSetFastReset-Zero,920000,0.7468
ds1,FastSetFastReset-Zero,930000,0.7572
ds1,FastSetFastReset-Zero,940000,0.7643
ds1,FastSetFastReset-Zero,950000,0.7736
ds1,FastSetFastReset-Zero,960000,0.7692
ds1,FastSetFastReset-Zero,970000,0.7718
ds1,FastSetFastReset-Zero,980000,0.7705
ds1,FastSetFastReset-Zero,990000,0.7727
ds1,FastSetFastReset-Zero,1000000,0.7513
ds1,FastSetFastReset-Zero,1010000,0.7936
ds1,FastSetFastReset-Zero,1020000,0.7879
ds1,FastSetFastReset-Zero,1030000,0.7832
ds1,FastSetFastReset-Zero,1040000,0.7885
ds1,FastSetFastReset-Zero,1050000,0.7889
ds1,FastSetFastReset-Zero,1060000,0.7883
ds1,FastSetFastReset-Zero,1070000,0.7889
ds1,FastSetFastReset-Zero,1080000,0.8054
ds1,FastSetFastReset-Zero,1090000,0.7942
ds1,FastSetFastReset-Zero,1100000,0.7971
ds1,FastSetFastReset-Zero,1110000,0.7905
ds1,FastSetFastReset-Zero,1120000,0.7892
ds1,FastSetFastReset-Zero,1130000,0.7887
ds1,FastSetFastReset-Zero,1140000,0.7876
ds1,FastSetFastReset-Zero,1150000,0.7833
ds1,FastSetFastReset-Zero,1160000,0.7827
ds1,FastSetFastReset-Zero,1170000,0.7838
ds1,FastSetFastReset-Zero,1180000,0.7909
ds1,FastSetFastReset-Zero,1190000,0.7914
ds1,FastSetFastReset-Zero,1200000,0.7734
ds1,FastSetFastReset-Zero,1210000,0.7857
ds1,FastSetFastReset-Zero,1220000,0.7815
ds1,FastSetFastReset-Zero,1230000,0.7796
ds1,FastSetFastReset-Zero,1240000,0.7884
ds1,FastSetFastReset-Zero,1250000,0.7849
ds1,FastSetFastReset-Zero,1260000,0.7875
ds1,FastSetFastReset-Zero,1270000,0.7919
ds1,FastSetFastReset-Zero,1280000,0.7946
ds1,FastSetFastReset-Zero,1290000,0.7897
ds1,FastSetFastReset-Zero,1300000,0.7861
ds1,FastSetFastReset-Zero,1310000,0.7798
ds1,FastSetFastReset-Zero,1320000,0.782
ds1,FastSetFastReset-Zero,1330000,0.7524
ds1,FastSetFastReset-Zero,1340000,0.7253
ds1,FastSetFastReset-Zero,1350000,0.7289
ds1,FastSetFastReset-Zero,1360000,0.7418
ds1,FastSetFastReset-Zero,1370000,0.7518
ds1,FastSetFastReset-Zero,1380000,0.7616
ds1,FastSetFastReset-Zero,1390000,0.7488
ds1,FastSetFastReset-Zero,1400000,0.7488
ds1,FastSetFastReset-Zero,1410000,1.0
ds1,FastSetFastReset-Zero,1420000,1.0
ds1,FastSetFastReset-Zero,1430000,0.9999
ds1,FastSetFastReset-Zero,1440000,0.9999
ds1,FastSetFastReset-Zero,1450000,1.0
ds1,FastSetFastReset-Zero,1460000,1.0
ds1,FastSetFastReset-Zero,1470000,1.0
ds1,FastSetFastReset-Zero,1480000,1.0
ds1,FastSetFastReset-Zero,1490000,1.0
ds1,FastSetFastReset-Zero,1500000,1.0
ds1,FastSetFastReset-Zero,1510000,0.7818
ds1,FastSetFastReset-Zero,1520000,0.773
ds1,FastSetFastReset-Zero,1530000,0.7808
ds1,FastSetFastReset-Zero,1540000,0.7907
ds1,FastSetFastReset-Zero,1550000,0.7947
ds1,FastSetFastReset-Zero,1560000,0.8125
ds1,FastSetFastReset-Zero,1570000,0.8042
ds1,FastSetFastReset-Zero,1580000,0.7947
ds1,FastSetFastReset-Zero,1590000,0.7997
ds1,FastSetFastReset-Zero,1600000,0.8206
ds1,FastSetFastReset-Init,10000,0.7264
ds1,FastSetFastReset-Init,20000,0.7511
ds1,FastSetFastReset-Init,30000,0.7327
ds1,FastSetFastReset-Init,40000,0.7598
ds1,FastSetFastReset-Init,50000,0.7728
ds1,FastSetFastReset-Init,60000,0.7692
ds1,FastSetFastReset-Init,70000,0.7674
ds1,FastSetFastReset-Init,80000,0.7678
ds1,FastSetFastReset-Init,90000,0.7576
ds1,FastSetFastReset-Init,100000,0.7534
ds1,FastSetFastReset-Init,110000,0.7301
ds1,FastSetFastReset-Init,120000,0.7589
ds1,FastSetFastReset-Init,130000,0.7706
ds1,FastSetFastReset-Init,140000,0.7601
ds1,FastSetFastReset-Init,150000,0.7639
ds1,FastSetFastReset-Init,160000,0.7669
ds1,FastSetFastReset-Init,170000,0.7555
ds1,FastSetFastReset-Init,180000,0.7622
ds1,FastSetFastReset-Init,190000,0.7293
ds1,FastSetFastReset-Init,200000,0.75
ds1,FastSetFastReset-Init,210000,0.7611
ds1,FastSetFastReset-Init,220000,0.7735
ds1,FastSetFastReset-Init,230000,0.7261
ds1,FastSetFastReset-Init,240000,0.7323
ds1,FastSetFastReset-Init,250000,0.7447
ds1,FastSetFastReset-Init,260000,0.7225
ds1,FastSetFastReset-Init,270000,0.7579
ds1,FastSetFastReset-Init,280000,0.7647
ds1,FastSetFastReset-Init,290000,0.7798
ds1,FastSetFastReset-Init,300000,0.7575
ds1,FastSetFastReset-Init,310000,0.7609
ds1,FastSetFastReset-Init,320000,0.7707
ds1,FastSetFastReset-Init,330000,0.7584
ds1,FastSetFastReset-Init,340000,0.7328
ds1,FastSetFastReset-Init,350000,0.7575
ds1,FastSetFastReset-Init,360000,0.7653
ds1,FastSetFastReset-Init,370000,0.7614
ds1,FastSetFastReset-Init,380000,0.7371
ds1,FastSetFastReset-Init,390000,0.7169
ds1,FastSetFastReset-Init,400000,0.7256
ds1,FastSetFastReset-Init,410000,0.7596
ds1,FastSetFastReset-Init,420000,0.7659
ds1,FastSetFastReset-Init,430000,0.7665
ds1,FastSetFastReset-Init,440000,0.7595
ds1,FastSetFastReset-Init,450000,0.7798
ds1,FastSetFastReset-Init,460000,0.7752
ds1,FastSetFastReset-Init,470000,0.7794
ds1,FastSetFastReset-Init,480000,0.7835
ds1,FastSetFastReset-Init,490000,0.7992
ds1,FastSetFastReset-Init,500000,0.7877
ds1,FastSetFastReset-Init,510000,0.7709
ds1,FastSetFastReset-Init,520000,0.7588
ds1,FastSetFastReset-Init,530000,0.7626
ds1,FastSetFastReset-Init,540000,0.7771
ds1,FastSetFastReset-Init,550000,0.7773
ds1,FastSetFastReset-Init,560000,0.7783
ds1,FastSetFastReset-Init,570000,0.7892
ds1,FastSetFastReset-Init,580000,0.7885
ds1,FastSetFastReset-Init,590000,0.7933
ds1,FastSetFastReset-Init,600000,0.7953
ds1,FastSetFastReset-Init,610000,0.7884
ds1,FastSetFastReset-Init,620000,0.7824
ds1,FastSetFastReset-Init,630000,0.7791
ds1,FastSetFastReset-Init,640000,0.7872
ds1,FastSetFastReset-Init,650000,0.7823
ds1,FastSetFastReset-Init,660000,0.7768
ds1,FastSetFastReset-Init,670000,0.7672
ds1,FastSetFastReset-Init,680000,0.7866
ds1,FastSetFastReset-Init,690000,0.7868
ds1,FastSetFastReset-Init,700000,0.7715
ds1,FastSetFastReset-Init,710000,0.774
ds1,FastSetFastReset-Init,720000,0.771
ds1,FastSetFastReset-Init,730000,0.7792
ds1,FastSetFastReset-Init,740000,0.7688
ds1,FastSetFastReset-Init,750000,0.7812
ds1,FastSetFastReset-Init,760000,0.7819
ds1,FastSetFastReset-Init,770000,0.7858
ds1,FastSetFastReset-Init,780000,0.7725
ds1,FastSetFastReset-Init,790000,0.7817
ds1,FastSetFastReset-Init,800000,0.7884
ds1,FastSetFastReset-Init,810000,0.7743
ds1,FastSetFastReset-Init,820000,0.7768
ds1,FastSetFastReset-Init,830000,0.7686
ds1,FastSetFastReset-Init,840000,0.7668
ds1,FastSetFastReset-Init,850000,0.7765
ds1,FastSetFastReset-Init,860000,0.782
ds1,FastSetFastReset-Init,870000,0.7694
ds1,FastSetFastReset-Init,880000,0.7656
ds1,FastSetFastReset-Init,890000,0.7753
ds1,FastSetFastReset-Init,900000,0.7479
ds1,FastSetFastReset-Init,910000,0.7436
ds1,FastSetFastReset-Init,920000,0.7548
ds1,FastSetFastReset-Init,930000,0.7633
ds1,FastSetFastReset-Init,940000,0.7707
ds1,FastSetFastReset-Init,950000,0.7852
ds1,FastSetFastReset-Init,960000,0.7797
ds1,FastSetFastReset-Init,970000,0.7825
ds1,FastSetFastReset-Init,980000,0.7794
ds1,FastSetFastReset-Init,990000,0.7853
ds1,FastSetFastReset-Init,1000000,0.7682
ds1,FastSetFastReset-Init,1010000,0.7809
ds1,FastSetFastReset-Init,1020000,0.7754
ds1,FastSetFastReset-Init,1030000,0.776
ds1,FastSetFastReset-Init,1040000,0.7773
ds1,FastSetFastReset-Init,1050000,0.7766
ds1,FastSetFastReset-Init,1060000,0.7786
ds1,FastSetFastReset-Init,1070000,0.7822
ds1,FastSetFastReset-Init,1080000,0.8015
ds1,FastSetFastReset-Init,1090000,0.7926
ds1,FastSetFastReset-Init,1100000,0.7853
ds1,FastSetFastReset-Init,1110000,0.7797
ds1,FastSetFastReset-Init,1120000,0.7803
ds1,FastSetFastReset-Init,1130000,0.7757
ds1,FastSetFastReset-Init,1140000,0.7594
ds1,FastSetFastReset-Init,1150000,0.7575
ds1,FastSetFastReset-Init,1160000,0.7768
ds1,FastSetFastReset-Init,1170000,0.7395
ds1,FastSetFastReset-Init,1180000,0.7168
ds1,FastSetFastReset-Init,1190000,0.7465
ds1,FastSetFastReset-Init,1200000,0.746
ds1,FastSetFastReset-Init,1210000,0.751
ds1,FastSetFastReset-Init,1220000,0.7525
ds1,FastSetFastReset-Init,1230000,0.7614
ds1,FastSetFastReset-Init,1240000,0.7694
ds1,FastSetFastReset-Init,1250000,0.7641
ds1,FastSetFastReset-Init,1260000,0.7746
ds1,FastSetFastReset-Init,1270000,0.7771
ds1,FastSetFastReset-Init,1280000,0.7816
ds1,FastSetFastReset-Init,1290000,0.7754
ds1,FastSetFastReset-Init,1300000,0.7718
ds1,FastSetFastReset-Init,1310000,0.7686
ds1,FastSetFastReset-Init,1320000,0.766
ds1,FastSetFastReset-Init,1330000,0.7479
ds1,FastSetFastReset-Init,1340000,0.7973
ds1,FastSetFastReset-Init,1350000,0.9416
ds1,FastSetFastReset-Init,1360000,0.9988
ds1,FastSetFastReset-Init,1370000,0.9927
ds1,FastSetFastReset-Init,1380000,0.9828
ds1,FastSetFastReset-Init,1390000,0.9916
ds1,FastSetFastReset-Init,1400000,0.9949
ds1,FastSetFastReset-Init,1410000,0.9965
ds1,FastSetFastReset-Init,1420000,0.9984
ds1,FastSetFastReset-Init,1430000,0.9985
ds1,FastSetFastReset-Init,1440000,0.9989
ds1,FastSetFastReset-Init,1450000,0.9987
ds1,FastSetFastReset-Init,1460000,0.9996
ds1,FastSetFastReset-Init,1470000,0.9994
ds1,FastSetFastReset-Init,1480000,0.9998
ds1,FastSetFastReset-Init,1490000,0.9996
ds1,FastSetFastReset-Init,1500000,0.9996
ds1,FastSetFastReset-Init,1510000,0.9998
ds1,FastSetFastReset-Init,1520000,0.9999
ds1,FastSetFastReset-Init,1530000,0.9998
ds1,FastSetFastReset-Init,1540000,0.9997
ds1,FastSetFastReset-Init,1550000,0.9998
ds1,FastSetFastReset-Init,1560000,0.9999
ds1,FastSetFastReset-Init,1570000,1.0
ds1,FastSetFastReset-Init,1580000,1.0
ds1,FastSetFastReset-Init,1590000,1.0
ds1,FastSetFastReset-Init,1600000,0.9999
ds1,FastSetSlowDecrease-Zero,10000,0.725
ds1,FastSetSlowDecrease-Zero,20000,0.7516
ds1,FastSetSlowDecrease-Zero,30000,0.7584
ds1,FastSetSlowDecrease-Zero,40000,0.7615
ds1,FastSetSlowDecrease-Zero,50000,0.779
ds1,FastSetSlowDecrease-Zero,60000,0.7714
ds1,FastSetSlowDecrease-Zero,70000,0.7716
ds1,FastSetSlowDecrease-Zero,80000,0.779
ds1,FastSetSlowDecrease-Zero,90000,0.7687
ds1,FastSetSlowDecrease-Zero,100000,0.7762
ds1,FastSetSlowDecrease-Zero,110000,0.7777
ds1,FastSetSlowDecrease-Zero,120000,0.7833
ds1,FastSetSlowDecrease-Zero,130000,0.783
ds1,FastSetSlowDecrease-Zero,140000,0.7796
ds1,FastSetSlowDecrease-Zero,150000,0.7756
ds1,FastSetSlowDecrease-Zero,160000,0.774
ds1,FastSetSlowDecrease-Zero,170000,0.7693
ds1,FastSetSlowDecrease-Zero,180000,0.7769
ds1,FastSetSlowDecrease-Zero,190000,0.7719
ds1,FastSetSlowDecrease-Zero,200000,0.7897
ds1,FastSetSlowDecrease-Zero,210000,0.7903
ds1,FastSetSlowDecrease-Zero,220000,0.7893
ds1,FastSetSlowDecrease-Zero,230000,0.778
ds1,FastSetSlowDecrease-Zero,240000,0.7809
ds1,FastSetSlowDecrease-Zero,250000,0.7684
ds1,FastSetSlowDecrease-Zero,260000,0.7838
ds1,FastSetSlowDecrease-Zero,270000,0.7855
ds1,FastSetSlowDecrease-Zero,280000,0.782
ds1,FastSetSlowDecrease-Zero,290000,0.7977
ds1,FastSetSlowDecrease-Zero,300000,0.796
ds1,FastSetSlowDecrease-Zero,310000,0.7903
ds1,FastSetSlowDecrease-Zero,320000,0.7842
ds1,FastSetSlowDecrease-Zero,330000,0.7817
ds1,FastSetSlowDecrease-Zero,340000,0.7833
ds1,FastSetSlowDecrease-Zero,350000,0.8006
ds1,FastSetSlowDecrease-Zero,360000,0.7931
ds1,FastSetSlowDecrease-Zero,370000,0.7797
ds1,FastSetSlowDecrease-Zero,380000,0.7818
ds1,FastSetSlowDecrease-Zero,390000,0.7851
ds1,FastSetSlowDecrease-Zero,400000,0.7817
ds1,FastSetSlowDecrease-Zero,410000,0.7908
ds1,FastSetSlowDecrease-Zero,420000,0.7886
ds1,FastSetSlowDecrease-Zero,430000,0.7858
ds1,FastSetSlowDecrease-Zero,440000,0.7753
ds1,FastSetSlowDecrease-Zero,450000,0.7951
ds1,FastSetSlowDecrease-Zero,460000,0.7885
ds1,FastSetSlowDecrease-Zero,470000,0.7878
ds1,FastSetSlowDecrease-Zero,480000,0.7866
ds1,FastSetSlowDecrease-Zero,490000,0.8025
ds1,FastSetSlowDecrease-Zero,500000,0.7933
ds1,FastSetSlowDecrease-Zero,510000,0.7642
ds1,FastSetSlowDecrease-Zero,520000,0.7588
ds1,FastSetSlowDecrease-Zero,530000,0.7606
ds1,FastSetSlowDecrease-Zero,540000,0.7607
ds1,FastSetSlowDecrease-Zero,550000,0.7601
ds1,FastSetSlowDecrease-Zero,560000,0.7603
ds1,FastSetSlowDecrease-Zero,570000,0.7682
ds1,FastSetSlowDecrease-Zero,580000,0.7652
ds1,FastSetSlowDecrease-Zero,590000,0.776
ds1,FastSetSlowDecrease-Zero,600000,0.7799
ds1,FastSetSlowDecrease-Zero,610000,0.7736
ds1,FastSetSlowDecrease-Zero,620000,0.7608
ds1,FastSetSlowDecrease-Zero,630000,0.7594
ds1,FastSetSlowDecrease-Zero,640000,0.7736
ds1,FastSetSlowDecrease-Zero,650000,0.7635
ds1,FastSetSlowDecrease-Zero,660000,0.7596
ds1,FastSetSlowDecrease-Zero,670000,0.7514
ds1,FastSetSlowDecrease-Zero,680000,0.7539
ds1,FastSetSlowDecrease-Zero,690000,0.762
ds1,FastSetSlowDecrease-Zero,700000,0.7608
ds1,FastSetSlowDecrease-Zero,710000,0.757
ds1,FastSetSlowDecrease-Zero,720000,0.7539
ds1,FastSetSlowDecrease-Zero,730000,0.7598
ds1,FastSetSlowDecrease-Zero,740000,0.7594
ds1,FastSetSlowDecrease-Zero,750000,0.7627
ds1,FastSetSlowDecrease-Zero,760000,0.7646
ds1,FastSetSlowDecrease-Zero,770000,0.7694
ds1,FastSetSlowDecrease-Zero,780000,0.7594
ds1,FastSetSlowDecrease-Zero,790000,0.7682
ds1,FastSetSlowDecrease-Zero,800000,0.7695
ds1,FastSetSlowDecrease-Zero,810000,0.7642
ds1,FastSetSlowDecrease-Zero,820000,0.764
ds1,FastSetSlowDecrease-Zero,830000,0.744
ds1,FastSetSlowDecrease-Zero,840000,0.7299
ds1,FastSetSlowDecrease-Zero,850000,0.7468
ds1,FastSetSlowDecrease-Zero,860000,0.7594
ds1,FastSetSlowDecrease-Zero,870000,0.7582
ds1,FastSetSlowDecrease-Zero,880000,0.7499
ds1,FastSetSlowDecrease-Zero,890000,0.7588
ds1,FastSetSlowDecrease-Zero,900000,0.706
ds1,FastSetSlowDecrease-Zero,910000,0.7109
ds1,FastSetSlowDecrease-Zero,920000,0.7468
ds1,FastSetSlowDecrease-Zero,930000,0.7572
ds1,FastSetSlowDecrease-Zero,940000,0.7643
ds1,FastSetSlowDecrease-Zero,950000,0.7736
ds1,FastSetSlowDecrease-Zero,960000,0.7692
ds1,FastSetSlowDecrease-Zero,970000,0.7718
ds1,FastSetSlowDecrease-Zero,980000,0.7705
ds1,FastSetSlowDecrease-Zero,990000,0.7727
ds1,FastSetSlowDecrease-Zero,1000000,0.7513
ds1,FastSetSlowDecrease-Zero,1010000,0.7622
ds1,FastSetSlowDecrease-Zero,1020000,0.7607
ds1,FastSetSlowDecrease-Zero,1030000,0.7571
ds1,FastSetSlowDecrease-Zero,1040000,0.7607
ds1,FastSetSlowDecrease-Zero,1050000,0.7602
ds1,FastSetSlowDecrease-Zero,1060000,0.7596
ds1,FastSetSlowDecrease-Zero,1070000,0.7643
ds1,FastSetSlowDecrease-Zero,1080000,0.7801
ds1,FastSetSlowDecrease-Zero,1090000,0.7767
ds1,FastSetSlowDecrease-Zero,1100000,0.7674
ds1,FastSetSlowDecrease-Zero,1110000,0.7688
ds1,FastSetSlowDecrease-Zero,1120000,0.7639
ds1,FastSetSlowDecrease-Zero,1130000,0.7607
ds1,FastSetSlowDecrease-Zero,1140000,0.7606
ds1,FastSetSlowDecrease-Zero,1150000,0.7579
ds1,FastSetSlowDecrease-Zero,1160000,0.7615
ds1,FastSetSlowDecrease-Zero,1170000,0.7248
ds1,FastSetSlowDecrease-Zero,1180000,0.7186
ds1,FastSetSlowDecrease-Zero,1190000,0.7505
ds1,FastSetSlowDecrease-Zero,1200000,0.7434
ds1,FastSetSlowDecrease-Zero,1210000,0.7528
ds1,FastSetSlowDecrease-Zero,1220000,0.7534
ds1,FastSetSlowDecrease-Zero,1230000,0.7552
ds1,FastSetSlowDecrease-Zero,1240000,0.7601
ds1,FastSetSlowDecrease-Zero,1250000,0.7537
ds1,FastSetSlowDecrease-Zero,1260000,0.7555
ds1,FastSetSlowDecrease-Zero,1270000,0.7606
ds1,FastSetSlowDecrease-Zero,1280000,0.7656
ds1,FastSetSlowDecrease-Zero,1290000,0.7617
ds1,FastSetSlowDecrease-Zero,1300000,0.7595
ds1,FastSetSlowDecrease-Zero,1310000,0.7567
ds1,FastSetSlowDecrease-Zero,1320000,0.7479
ds1,FastSetSlowDecrease-Zero,1330000,0.7529
ds1,FastSetSlowDecrease-Zero,1340000,0.9241
ds1,FastSetSlowDecrease-Zero,1350000,0.9945
ds1,FastSetSlowDecrease-Zero,1360000,0.9982
ds1,FastSetSlowDecrease-Zero,1370000,0.9991
ds1,FastSetSlowDecrease-Zero,1380000,0.9999
ds1,FastSetSlowDecrease-Zero,1390000,0.9999
ds1,FastSetSlowDecrease-Zero,1400000,0.9997
ds1,FastSetSlowDecrease-Zero,1410000,1.0
ds1,FastSetSlowDecrease-Zero,1420000,1.0
ds1,FastSetSlowDecrease-Zero,1430000,0.9999
ds1,FastSetSlowDecrease-Zero,1440000,0.9999
ds1,FastSetSlowDecrease-Zero,1450000,1.0
ds1,FastSetSlowDecrease-Zero,1460000,1.0
ds1,FastSetSlowDecrease-Zero,1470000,1.0
ds1,FastSetSlowDecrease-Zero,1480000,1.0
ds1,FastSetSlowDecrease-Zero,1490000,1.0
ds1,FastSetSlowDecrease-Zero,1500000,1.0
ds1,FastSetSlowDecrease-Zero,1510000,1.0
ds1,FastSetSlowDecrease-Zero,1520000,1.0
ds1,FastSetSlowDecrease-Zero,1530000,1.0
ds1,FastSetSlowDecrease-Zero,1540000,1.0
ds1,FastSetSlowDecrease-Zero,1550000,1.0
ds1,FastSetSlowDecrease-Zero,1560000,1.0
ds1,FastSetSlowDecrease-Zero,1570000,1.0
ds1,FastSetSlowDecrease-Zero,1580000,1.0
ds1,FastSetSlowDecrease-Zero,1590000,1.0
ds1,FastSetSlowDecrease-Zero,1600000,1.0
ds1,FastSetSlowDecrease-Init,10000,0.7264
ds1,FastSetSlowDecrease-Init,20000,0.7511
ds1,FastSetSlowDecrease-Init,30000,0.7327
ds1,FastSetSlowDecrease-Init,40000,0.7598
ds1,FastSetSlowDecrease-Init,50000,0.7728
ds1,FastSetSlowDecrease-Init,60000,0.7692
ds1,FastSetSlowDecrease-Init,70000,0.7674
ds1,FastSetSlowDecrease-Init,80000,0.7678
ds1,FastSetSlowDecrease-Init,90000,0.7576
ds1,FastSetSlowDecrease-Init,100000,0.7534
ds1,FastSetSlowDecrease-Init,110000,0.7301
ds1,FastSetSlowDecrease-Init,120000,0.7589
ds1,FastSetSlowDecrease-Init,130000,0.7706
ds1,FastSetSlowDecrease-Init,140000,0.7601
ds1,FastSetSlowDecrease-Init,150000,0.7639
ds1,FastSetSlowDecrease-Init,160000,0.7669
ds1,FastSetSlowDecrease-Init,170000,0.7555
ds1,FastSetSlowDecrease-Init,180000,0.7622
ds1,FastSetSlowDecrease-Init,190000,0.7293
ds1,FastSetSlowDecrease-Init,200000,0.75
ds1,FastSetSlowDecrease-Init,210000,0.7611
ds1,FastSetSlowDecrease-Init,220000,0.7735
ds1,FastSetSlowDecrease-Init,230000,0.7261
ds1,FastSetSlowDecrease-Init,240000,0.7323
ds1,FastSetSlowDecrease-Init,250000,0.7447
ds1,FastSetSlowDecrease-Init,260000,0.7225
ds1,FastSetSlowDecrease-Init,270000,0.7579
ds1,FastSetSlowDecrease-Init,280000,0.7647
ds1,FastSetSlowDecrease-Init,290000,0.7798
ds1,FastSetSlowDecrease-Init,300000,0.7575
ds1,FastSetSlowDecrease-Init,310000,0.7609
ds1,FastSetSlowDecrease-Init,320000,0.7707
ds1,FastSetSlowDecrease-Init,330000,0.7584
ds1,FastSetSlowDecrease-Init,340000,0.7332
ds1,FastSetSlowDecrease-Init,350000,0.7628
ds1,FastSetSlowDecrease-Init,360000,0.7723
ds1,FastSetSlowDecrease-Init,370000,0.76
ds1,FastSetSlowDecrease-Init,380000,0.7409
ds1,FastSetSlowDecrease-Init,390000,0.7165
ds1,FastSetSlowDecrease-Init,400000,0.7256
ds1,FastSetSlowDecrease-Init,410000,0.76
ds1,FastSetSlowDecrease-Init,420000,0.7409
ds1,FastSetSlowDecrease-Init,430000,0.7477
ds1,FastSetSlowDecrease-Init,440000,0.7505
ds1,FastSetSlowDecrease-Init,450000,0.7688
ds1,FastSetSlowDecrease-Init,460000,0.7638
ds1,FastSetSlowDecrease-Init,470000,0.7706
ds1,FastSetSlowDecrease-Init,480000,0.7736
ds1,FastSetSlowDecrease-Init,490000,0.7893
ds1,FastSetSlowDecrease-Init,500000,0.7814
ds1,FastSetSlowDecrease-Init,510000,0.7655
ds1,FastSetSlowDecrease-Init,520000,0.7588
ds1,FastSetSlowDecrease-Init,530000,0.7605
ds1,FastSetSlowDecrease-Init,540000,0.7618
ds1,FastSetSlowDecrease-Init,550000,0.7626
ds1,FastSetSlowDecrease-Init,560000,0.7623
ds1,FastSetSlowDecrease-Init,570000,0.7692
ds1,FastSetSlowDecrease-Init,580000,0.7667
ds1,FastSetSlowDecrease-Init,590000,0.7785
ds1,FastSetSlowDecrease-Init,600000,0.7819
ds1,FastSetSlowDecrease-Init,610000,0.7749
ds1,FastSetSlowDecrease-Init,620000,0.7649
ds1,FastSetSlowDecrease-Init,630000,0.7649
ds1,FastSetSlowDecrease-Init,640000,0.7766
ds1,FastSetSlowDecrease-Init,650000,0.7656
ds1,FastSetSlowDecrease-Init,660000,0.7632
ds1,FastSetSlowDecrease-Init,670000,0.7517
ds1,FastSetSlowDecrease-Init,680000,0.762
ds1,FastSetSlowDecrease-Init,690000,0.7668
ds1,FastSetSlowDecrease-Init,700000,0.7621
ds1,FastSetSlowDecrease-Init,710000,0.761
ds1,FastSetSlowDecrease-Init,720000,0.7585
ds1,FastSetSlowDecrease-Init,730000,0.7632
ds1,FastSetSlowDecrease-Init,740000,0.7607
ds1,FastSetSlowDecrease-Init,750000,0.7695
ds1,FastSetSlowDecrease-Init,760000,0.7701
ds1,FastSetSlowDecrease-Init,770000,0.7742
ds1,FastSetSlowDecrease-Init,780000,0.7654
ds1,FastSetSlowDecrease-Init,790000,0.775
ds1,FastSetSlowDecrease-Init,800000,0.7777
ds1,FastSetSlowDecrease-Init,810000,0.7707
ds1,FastSetSlowDecrease-Init,820000,0.7674
ds1,FastSetSlowDecrease-Init,830000,0.7576
ds1,FastSetSlowDecrease-Init,840000,0.7456
ds1,FastSetSlowDecrease-Init,850000,0.7577
ds1,FastSetSlowDecrease-Init,860000,0.7664
ds1,FastSetSlowDecrease-Init,870000,0.7613
ds1,FastSetSlowDecrease-Init,880000,0.7567
ds1,FastSetSlowDecrease-Init,890000,0.7673
ds1,FastSetSlowDecrease-Init,900000,0.7196
ds1,FastSetSlowDecrease-Init,910000,0.7261
ds1,FastSetSlowDecrease-Init,920000,0.7516
ds1,FastSetSlowDecrease-Init,930000,0.7604
ds1,FastSetSlowDecrease-Init,940000,0.7697
ds1,FastSetSlowDecrease-Init,950000,0.7814
ds1,FastSetSlowDecrease-Init,960000,0.7794
ds1,FastSetSlowDecrease-Init,970000,0.7821
ds1,FastSetSlowDecrease-Init,980000,0.7794
ds1,FastSetSlowDecrease-Init,990000,0.7819
ds1,FastSetSlowDecrease-Init,1000000,0.761
ds1,FastSetSlowDecrease-Init,1010000,0.7762
ds1,FastSetSlowDecrease-Init,1020000,0.7722
ds1,FastSetSlowDecrease-Init,1030000,0.7716
ds1,FastSetSlowDecrease-Init,1040000,0.7743
ds1,FastSetSlowDecrease-Init,1050000,0.7732
ds1,FastSetSlowDecrease-Init,1060000,0.7741
ds1,FastSetSlowDecrease-Init,1070000,0.78
ds1,FastSetSlowDecrease-Init,1080000,0.796
ds1,FastSetSlowDecrease-Init,1090000,0.7874
ds1,FastSetSlowDecrease-Init,1100000,0.7806
ds1,FastSetSlowDecrease-Init,1110000,0.7761
ds1,FastSetSlowDecrease-Init,1120000,0.7778
ds1,FastSetSlowDecrease-Init,1130000,0.7737
ds1,FastSetSlowDecrease-Init,1140000,0.7594
ds1,FastSetSlowDecrease-Init,1150000,0.7575
ds1,FastSetSlowDecrease-Init,1160000,0.7614
ds1,FastSetSlowDecrease-Init,1170000,0.7243
ds1,FastSetSlowDecrease-Init,1180000,0.7189
ds1,FastSetSlowDecrease-Init,1190000,0.7505
ds1,FastSetSlowDecrease-Init,1200000,0.7434
ds1,FastSetSlowDecrease-Init,1210000,0.751
ds1,FastSetSlowDecrease-Init,1220000,0.7525
ds1,FastSetSlowDecrease-Init,1230000,0.7544
ds1,FastSetSlowDecrease-Init,1240000,0.7572
ds1,FastSetSlowDecrease-Init,1250000,0.7521
ds1,FastSetSlowDecrease-Init,1260000,0.7552
ds1,FastSetSlowDecrease-Init,1270000,0.7601
ds1,FastSetSlowDecrease-Init,1280000,0.7661
ds1,FastSetSlowDecrease-Init,1290000,0.7617
ds1,FastSetSlowDecrease-Init,1300000,0.7597
ds1,FastSetSlowDecrease-Init,1310000,0.7567
ds1,FastSetSlowDecrease-Init,1320000,0.7479
ds1,FastSetSlowDecrease-Init,1330000,0.7521
ds1,FastSetSlowDecrease-Init,1340000,0.9178
ds1,FastSetSlowDecrease-Init,1350000,0.9949
ds1,FastSetSlowDecrease-Init,1360000,0.9988
ds1,FastSetSlowDecrease-Init,1370000,0.9994
ds1,FastSetSlowDecrease-Init,1380000,1.0
ds1,FastSetSlowDecrease-Init,1390000,0.9999
ds1,FastSetSlowDecrease-Init,1400000,0.9997
ds1,FastSetSlowDecrease-Init,1410000,1.0
ds1,FastSetSlowDecrease-Init,1420000,1.0
ds1,FastSetSlowDecrease-Init,1430000,0.9999
ds1,FastSetSlowDecrease-Init,1440000,0.9999
ds1,FastSetSlowDecrease-Init,1450000,0.9999
ds1,FastSetSlowDecrease-Init,1460000,1.0
ds1,FastSetSlowDecrease-Init,1470000,1.0
ds1,FastSetSlowDecrease-Init,1480000,1.0
ds1,FastSetSlowDecrease-Init,1490000,1.0
ds1,FastSetSlowDecrease-Init,1500000,1.0
ds1,FastSetSlowDecrease-Init,1510000,1.0
ds1,FastSetSlowDecrease-Init,1520000,1.0
ds1,FastSetSlowDecrease-Init,1530000,1.0
ds1,FastSetSlowDecrease-Init,1540000,1.0
ds1,FastSetSlowDecrease-Init,1550000,1.0
ds1,FastSetSlowDecrease-Init,1560000,1.0
ds1,FastSetSlowDecrease-Init,1570000,1.0
ds1,FastSetSlowDecrease-Init,1580000,1.0
ds1,FastSetSlowDecrease-Init,1590000,1.0
ds1,FastSetSlowDecrease-Init,1600000,1.0
ds1,SlowIncreaseUpToALimit-Zero,10000,0.725
ds1,SlowIncreaseUpToALimit-Zero,20000,0.7516
ds1,SlowIncreaseUpToALimit-Zero,30000,0.7584
ds1,SlowIncreaseUpToALimit-Zero,40000,0.7615
ds1,SlowIncreaseUpToALimit-Zero,50000,0.779
ds1,SlowIncreaseUpToALimit-Zero,60000,0.7714
ds1,SlowIncreaseUpToALimit-Zero,70000,0.7716
ds1,SlowIncreaseUpToALimit-Zero,80000,0.779
ds1,SlowIncreaseUpToALimit-Zero,90000,0.7687
ds1,SlowIncreaseUpToALimit-Zero,100000,0.7762
ds1,SlowIncreaseUpToALimit-Zero,110000,0.7777
ds1,SlowIncreaseUpToALimit-Zero,120000,0.7833
ds1,SlowIncreaseUpToALimit-Zero,130000,0.783
ds1,SlowIncreaseUpToALimit-Zero,140000,0.7796
ds1,SlowIncreaseUpToALimit-Zero,150000,0.7756
ds1,SlowIncreaseUpToALimit-Zero,160000,0.774
ds1,SlowIncreaseUpToALimit-Zero,170000,0.7693
ds1,SlowIncreaseUpToALimit-Zero,180000,0.7769
ds1,SlowIncreaseUpToALimit-Zero,190000,0.7719
ds1,SlowIncreaseUpToALimit-Zero,200000,0.7897
ds1,SlowIncreaseUpToALimit-Zero,210000,0.7903
ds1,SlowIncreaseUpToALimit-Zero,220000,0.7893
ds1,SlowIncreaseUpToALimit-Zero,230000,0.778
ds1,SlowIncreaseUpToALimit-Zero,240000,0.7809
ds1,SlowIncreaseUpToALimit-Zero,250000,0.7684
ds1,SlowIncreaseUpToALimit-Zero,260000,0.7838
ds1,SlowIncreaseUpToALimit-Zero,270000,0.7855
ds1,SlowIncreaseUpToALimit-Zero,280000,0.782
ds1,SlowIncreaseUpToALimit-Zero,290000,0.7899
ds1,SlowIncreaseUpToALimit-Zero,300000,0.7575
ds1,SlowIncreaseUpToALimit-Zero,310000,0.7609
ds1,SlowIncreaseUpToALimit-Zero,320000,0.7707
ds1,SlowIncreaseUpToALimit-Zero,330000,0.7584
ds1,SlowIncreaseUpToALimit-Zero,340000,0.733
ds1,SlowIncreaseUpToALimit-Zero,350000,0.7631
ds1,SlowIncreaseUpToALimit-Zero,360000,0.7732
ds1,SlowIncreaseUpToALimit-Zero,370000,0.7579
ds1,SlowIncreaseUpToALimit-Zero,380000,0.7401
ds1,SlowIncreaseUpToALimit-Zero,390000,0.7166
ds1,SlowIncreaseUpToALimit-Zero,400000,0.7256
ds1,SlowIncreaseUpToALimit-Zero,410000,0.7603
ds1,SlowIncreaseUpToALimit-Zero,420000,0.74
ds1,SlowIncreaseUpToALimit-Zero,430000,0.7474
ds1,SlowIncreaseUpToALimit-Zero,440000,0.7496
ds1,SlowIncreaseUpToALimit-Zero,450000,0.7675
ds1,SlowIncreaseUpToALimit-Zero,460000,0.762
ds1,SlowIncreaseUpToALimit-Zero,470000,0.7695
ds1,SlowIncreaseUpToALimit-Zero,480000,0.7712
ds1,SlowIncreaseUpToALimit-Zero,490000,0.7876
ds1,SlowIncreaseUpToALimit-Zero,500000,0.7811
ds1,SlowIncreaseUpToALimit-Zero,510000,0.7642
ds1,SlowIncreaseUpToALimit-Zero,520000,0.7588
ds1,SlowIncreaseUpToALimit-Zero,530000,0.7606
ds1,SlowIncreaseUpToALimit-Zero,540000,0.7607
ds1,SlowIncreaseUpToALimit-Zero,550000,0.7601
ds1,SlowIncreaseUpToALimit-Zero,560000,0.7603
ds1,SlowIncreaseUpToALimit-Zero,570000,0.7682
ds1,SlowIncreaseUpToALimit-Zero,580000,0.7652
ds1,SlowIncreaseUpToALimit-Zero,590000,0.776
ds1,SlowIncreaseUpToALimit-Zero,600000,0.7799
ds1,SlowIncreaseUpToALimit-Zero,610000,0.774
ds1,SlowIncreaseUpToALimit-Zero,620000,0.7599
ds1,SlowIncreaseUpToALimit-Zero,630000,0.759
ds1,SlowIncreaseUpToALimit-Zero,640000,0.772
ds1,SlowIncreaseUpToALimit-Zero,650000,0.7632
ds1,SlowIncreaseUpToALimit-Zero,660000,0.7592
ds1,SlowIncreaseUpToALimit-Zero,670000,0.7496
ds1,SlowIncreaseUpToALimit-Zero,680000,0.7516
ds1,SlowIncreaseUpToALimit-Zero,690000,0.7614
ds1,SlowIncreaseUpToALimit-Zero,700000,0.7587
ds1,SlowIncreaseUpToALimit-Zero,710000,0.7563
ds1,SlowIncreaseUpToALimit-Zero,720000,0.7539
ds1,SlowIncreaseUpToALimit-Zero,730000,0.759
ds1,SlowIncreaseUpToALimit-Zero,740000,0.7585
ds1,SlowIncreaseUpToALimit-Zero,750000,0.7607
ds1,SlowIncreaseUpToALimit-Zero,760000,0.7625
ds1,SlowIncreaseUpToALimit-Zero,770000,0.767
ds1,SlowIncreaseUpToALimit-Zero,780000,0.7578
ds1,SlowIncreaseUpToALimit-Zero,790000,0.7678
ds1,SlowIncreaseUpToALimit-Zero,800000,0.7697
ds1,SlowIncreaseUpToALimit-Zero,810000,0.7611
ds1,SlowIncreaseUpToALimit-Zero,820000,0.761
ds1,SlowIncreaseUpToALimit-Zero,830000,0.739
ds1,SlowIncreaseUpToALimit-Zero,840000,0.7261
ds1,SlowIncreaseUpToALimit-Zero,850000,0.7442
ds1,SlowIncreaseUpToALimit-Zero,860000,0.7592
ds1,SlowIncreaseUpToALimit-Zero,870000,0.7576
ds1,SlowIncreaseUpToALimit-Zero,880000,0.747
ds1,SlowIncreaseUpToALimit-Zero,890000,0.7555
ds1,SlowIncreaseUpToALimit-Zero,900000,0.704
ds1,SlowIncreaseUpToALimit-Zero,910000,0.7109
ds1,SlowIncreaseUpToALimit-Zero,920000,0.7468
ds1,SlowIncreaseUpToALimit-Zero,930000,0.7572
ds1,SlowIncreaseUpToALimit-Zero,940000,0.7643
ds1,SlowIncreaseUpToALimit-Zero,950000,0.7736
ds1,SlowIncreaseUpToALimit-Zero,960000,0.7692
ds1,SlowIncreaseUpToALimit-Zero,970000,0.7718
ds1,SlowIncreaseUpToALimit-Zero,980000,0.7705
ds1,SlowIncreaseUpToALimit-Zero,990000,0.7727
ds1,SlowIncreaseUpToALimit-Zero,1000000,0.7513
ds1,SlowIncreaseUpToALimit-Zero,1010000,0.7612
ds1,SlowIncreaseUpToALimit-Zero,1020000,0.7592
ds1,SlowIncreaseUpToALimit-Zero,1030000,0.7561
ds1,SlowIncreaseUpToALimit-Zero,1040000,0.7596
ds1,SlowIncreaseUpToALimit-Zero,1050000,0.7594
ds1,SlowIncreaseUpToALimit-Zero,1060000,0.7584
ds1,SlowIncreaseUpToALimit-Zero,1070000,0.763
ds1,SlowIncreaseUpToALimit-Zero,1080000,0.7784
ds1,SlowIncreaseUpToALimit-Zero,1090000,0.7767
ds1,SlowIncreaseUpToALimit-Zero,1100000,0.7661
ds1,SlowIncreaseUpToALimit-Zero,1110000,0.7683
ds1,SlowIncreaseUpToALimit-Zero,1120000,0.763
ds1,SlowIncreaseUpToALimit-Zero,1130000,0.7581
ds1,SlowIncreaseUpToALimit-Zero,1140000,0.7594
ds1,SlowIncreaseUpToALimit-Zero,1150000,0.7575
ds1,SlowIncreaseUpToALimit-Zero,1160000,0.7602
ds1,SlowIncreaseUpToALimit-Zero,1170000,0.7236
ds1,SlowIncreaseUpToALimit-Zero,1180000,0.7182
ds1,SlowIncreaseUpToALimit-Zero,1190000,0.75
ds1,SlowIncreaseUpToALimit-Zero,1200000,0.7428
ds1,SlowIncreaseUpToALimit-Zero,1210000,0.751
ds1,SlowIncreaseUpToALimit-Zero,1220000,0.7525
ds1,SlowIncreaseUpToALimit-Zero,1230000,0.7547
ds1,SlowIncreaseUpToALimit-Zero,1240000,0.7553
ds1,SlowIncreaseUpToALimit-Zero,1250000,0.7506
ds1,SlowIncreaseUpToALimit-Zero,1260000,0.7535
ds1,SlowIncreaseUpToALimit-Zero,1270000,0.7583
ds1,SlowIncreaseUpToALimit-Zero,1280000,0.7655
ds1,SlowIncreaseUpToALimit-Zero,1290000,0.7604
ds1,SlowIncreaseUpToALimit-Zero,1300000,0.7568
ds1,SlowIncreaseUpToALimit-Zero,1310000,0.754
ds1,SlowIncreaseUpToALimit-Zero,1320000,0.7455
ds1,SlowIncreaseUpToALimit-Zero,1330000,0.7572
ds1,SlowIncreaseUpToALimit-Zero,1340000,0.9451
ds1,SlowIncreaseUpToALimit-Zero,1350000,0.9974
ds1,SlowIncreaseUpToALimit-Zero,1360000,0.9988
ds1,SlowIncreaseUpToALimit-Zero,1370000,0.9994
ds1,SlowIncreaseUpToALimit-Zero,1380000,1.0
ds1,SlowIncreaseUpToALimit-Zero,1390000,0.9999
ds1,SlowIncreaseUpToALimit-Zero,1400000,0.9997
ds1,SlowIncreaseUpToALimit-Zero,1410000,1.0
ds1,SlowIncreaseUpToALimit-Zero,1420000,1.0
ds1,SlowIncreaseUpToALimit-Zero,1430000,0.9999
ds1,SlowIncreaseUpToALimit-Zero,1440000,0.9999
ds1,SlowIncreaseUpToALimit-Zero,1450000,1.0
ds1,SlowIncreaseUpToALimit-Zero,1460000,1.0
ds1,SlowIncreaseUpToALimit-Zero,1470000,1.0
ds1,SlowIncreaseUpToALimit-Zero,1480000,1.0
ds1,SlowIncreaseUpToALimit-Zero,1490000,1.0
ds1,SlowIncreaseUpToALimit-Zero,1500000,1.0
ds1,SlowIncreaseUpToALimit-Zero,1510000,1.0
ds1,SlowIncreaseUpToALimit-Zero,1520000,1.0
ds1,SlowIncreaseUpToALimit-Zero,1530000,1.0
ds1,SlowIncreaseUpToALimit-Zero,1540000,1.0
ds1,SlowIncreaseUpToALimit-Zero,1550000,1.0
ds1,SlowIncreaseUpToALimit-Zero,1560000,1.0
ds1,SlowIncreaseUpToALimit-Zero,1570000,1.0
ds1,SlowIncreaseUpToALimit-Zero,1580000,1.0
ds1,SlowIncreaseUpToALimit-Zero,1590000,1.0
ds1,SlowIncreaseUpToALimit-Zero,1600000,1.0
ds1,SlowIncreaseUpToALimit-Init,10000,0.7261
ds1,SlowIncreaseUpToALimit-Init,20000,0.7488
ds1,SlowIncreaseUpToALimit-Init,30000,0.7311
ds1,SlowIncreaseUpToALimit-Init,40000,0.752
ds1,SlowIncreaseUpToALimit-Init,50000,0.7675
ds1,SlowIncreaseUpToALimit-Init,60000,0.7669
ds1,SlowIncreaseUpToALimit-Init,70000,0.7638
ds1,SlowIncreaseUpToALimit-Init,80000,0.75
ds1,SlowIncreaseUpToALimit-Init,90000,0.7491
ds1,SlowIncreaseUpToALimit-Init,100000,0.739
ds1,SlowIncreaseUpToALimit-Init,110000,0.7311
ds1,SlowIncreaseUpToALimit-Init,120000,0.7623
ds1,SlowIncreaseUpToALimit-Init,130000,0.7694
ds1,SlowIncreaseUpToALimit-Init,140000,0.7447
ds1,SlowIncreaseUpToALimit-Init,150000,0.7558
ds1,SlowIncreaseUpToALimit-Init,160000,0.7567
ds1,SlowIncreaseUpToALimit-Init,170000,0.7496
ds1,SlowIncreaseUpToALimit-Init,180000,0.7543
ds1,SlowIncreaseUpToALimit-Init,190000,0.7279
ds1,SlowIncreaseUpToALimit-Init,200000,0.7532
ds1,SlowIncreaseUpToALimit-Init,210000,0.762
ds1,SlowIncreaseUpToALimit-Init,220000,0.7673
ds1,SlowIncreaseUpToALimit-Init,230000,0.7045
ds1,SlowIncreaseUpToALimit-Init,240000,0.7306
ds1,SlowIncreaseUpToALimit-Init,250000,0.7428
ds1,SlowIncreaseUpToALimit-Init,260000,0.7199
ds1,SlowIncreaseUpToALimit-Init,270000,0.7574
ds1,SlowIncreaseUpToALimit-Init,280000,0.7638
ds1,SlowIncreaseUpToALimit-Init,290000,0.7796
ds1,SlowIncreaseUpToALimit-Init,300000,0.7668
ds1,SlowIncreaseUpToALimit-Init,310000,0.763
ds1,SlowIncreaseUpToALimit-Init,320000,0.7717
ds1,SlowIncreaseUpToALimit-Init,330000,0.7624
ds1,SlowIncreaseUpToALimit-Init,340000,0.7353
ds1,SlowIncreaseUpToALimit-Init,350000,0.7632
ds1,SlowIncreaseUpToALimit-Init,360000,0.7715
ds1,SlowIncreaseUpToALimit-Init,370000,0.7603
ds1,SlowIncreaseUpToALimit-Init,380000,0.7414
ds1,SlowIncreaseUpToALimit-Init,390000,0.7163
ds1,SlowIncreaseUpToALimit-Init,400000,0.7256
ds1,SlowIncreaseUpToALimit-Init,410000,0.7603
ds1,SlowIncreaseUpToALimit-Init,420000,0.74
ds1,SlowIncreaseUpToALimit-Init,430000,0.7474
ds1,SlowIncreaseUpToALimit-Init,440000,0.7496
ds1,SlowIncreaseUpToALimit-Init,450000,0.7675
ds1,SlowIncreaseUpToALimit-Init,460000,0.762
ds1,SlowIncreaseUpToALimit-Init,470000,0.7695
ds1,SlowIncreaseUpToALimit-Init,480000,0.7712
ds1,SlowIncreaseUpToALimit-Init,490000,0.7876
ds1,SlowIncreaseUpToALimit-Init,500000,0.7811
ds1,SlowIncreaseUpToALimit-Init,510000,0.7642
ds1,SlowIncreaseUpToALimit-Init,520000,0.7588
ds1,SlowIncreaseUpToALimit-Init,530000,0.7606
ds1,SlowIncreaseUpToALimit-Init,540000,0.7607
ds1,SlowIncreaseUpToALimit-Init,550000,0.7601
ds1,SlowIncreaseUpToALimit-Init,560000,0.7603
ds1,SlowIncreaseUpToALimit-Init,570000,0.7682
ds1,SlowIncreaseUpToALimit-Init,580000,0.7652
ds1,SlowIncreaseUpToALimit-Init,590000,0.776
ds1,SlowIncreaseUpToALimit-Init,600000,0.7799
ds1,SlowIncreaseUpToALimit-Init,610000,0.774
ds1,SlowIncreaseUpToALimit-Init,620000,0.7599
ds1,SlowIncreaseUpToALimit-Init,630000,0.759
ds1,SlowIncreaseUpToALimit-Init,640000,0.772
ds1,SlowIncreaseUpToALimit-Init,650000,0.7632
ds1,SlowIncreaseUpToALimit-Init,660000,0.7592
ds1,SlowIncreaseUpToALimit-Init,670000,0.7496
ds1,SlowIncreaseUpToALimit-Init,680000,0.7516
ds1,SlowIncreaseUpToALimit-Init,690000,0.7614
ds1,SlowIncreaseUpToALimit-Init,700000,0.7587
ds1,SlowIncreaseUpToALimit-Init,710000,0.7563
ds1,SlowIncreaseUpToALimit-Init,720000,0.7539
ds1,SlowIncreaseUpToALimit-Init,730000,0.759
ds1,SlowIncreaseUpToALimit-Init,740000,0.7585
ds1,SlowIncreaseUpToALimit-Init,750000,0.7607
ds1,SlowIncreaseUpToALimit-Init,760000,0.7625
ds1,SlowIncreaseUpToALimit-Init,770000,0.767
ds1,SlowIncreaseUpToALimit-Init,780000,0.7578
ds1,SlowIncreaseUpToALimit-Init,790000,0.7678
ds1,SlowIncreaseUpToALimit-Init,800000,0.7697
ds1,SlowIncreaseUpToALimit-Init,810000,0.7611
ds1,SlowIncreaseUpToALimit-Init,820000,0.761
ds1,SlowIncreaseUpToALimit-Init,830000,0.739
ds1,SlowIncreaseUpToALimit-Init,840000,0.7261
ds1,SlowIncreaseUpToALimit-Init,850000,0.7442
ds1,SlowIncreaseUpToALimit-Init,860000,0.7592
ds1,SlowIncreaseUpToALimit-Init,870000,0.7576
ds1,SlowIncreaseUpToALimit-Init,880000,0.747
ds1,SlowIncreaseUpToALimit-Init,890000,0.7555
ds1,SlowIncreaseUpToALimit-Init,900000,0.704
ds1,SlowIncreaseUpToALimit-Init,910000,0.7109
ds1,SlowIncreaseUpToALimit-Init,920000,0.7468
ds1,SlowIncreaseUpToALimit-Init,930000,0.7572
ds1,SlowIncreaseUpToALimit-Init,940000,0.7643
ds1,SlowIncreaseUpToALimit-Init,950000,0.7736
ds1,SlowIncreaseUpToALimit-Init,960000,0.7692
ds1,SlowIncreaseUpToALimit-Init,970000,0.7718
ds1,SlowIncreaseUpToALimit-Init,980000,0.7705
ds1,SlowIncreaseUpToALimit-Init,990000,0.7727
ds1,SlowIncreaseUpToALimit-Init,1000000,0.7513
ds1,SlowIncreaseUpToALimit-Init,1010000,0.7612
ds1,SlowIncreaseUpToALimit-Init,1020000,0.7592
ds1,SlowIncreaseUpToALimit-Init,1030000,0.7561
ds1,SlowIncreaseUpToALimit-Init,1040000,0.7596
ds1,SlowIncreaseUpToALimit-Init,1050000,0.7594
ds1,SlowIncreaseUpToALimit-Init,1060000,0.7584
ds1,SlowIncreaseUpToALimit-Init,1070000,0.763
ds1,SlowIncreaseUpToALimit-Init,1080000,0.7784
ds1,SlowIncreaseUpToALimit-Init,1090000,0.7767
ds1,SlowIncreaseUpToALimit-Init,1100000,0.7661
ds1,SlowIncreaseUpToALimit-Init,1110000,0.7683
ds1,SlowIncreaseUpToALimit-Init,1120000,0.763
ds1,SlowIncreaseUpToALimit-Init,1130000,0.7581
ds1,SlowIncreaseUpToALimit-Init,1140000,0.7594
ds1,SlowIncreaseUpToALimit-Init,1150000,0.7575
ds1,SlowIncreaseUpToALimit-Init,1160000,0.7602
ds1,SlowIncreaseUpToALimit-Init,1170000,0.7236
ds1,SlowIncreaseUpToALimit-Init,1180000,0.7182
ds1,SlowIncreaseUpToALimit-Init,1190000,0.75
ds1,SlowIncreaseUpToALimit-Init,1200000,0.7428
ds1,SlowIncreaseUpToALimit-Init,1210000,0.751
ds1,SlowIncreaseUpToALimit-Init,1220000,0.7525
ds1,SlowIncreaseUpToALimit-Init,1230000,0.7547
ds1,SlowIncreaseUpToALimit-Init,1240000,0.7553
ds1,SlowIncreaseUpToALimit-Init,1250000,0.7506
ds1,SlowIncreaseUpToALimit-Init,1260000,0.7535
ds1,SlowIncreaseUpToALimit-Init,1270000,0.7583
ds1,SlowIncreaseUpToALimit-Init,1280000,0.7655
ds1,SlowIncreaseUpToALimit-Init,1290000,0.7604
ds1,SlowIncreaseUpToALimit-Init,1300000,0.7568
ds1,SlowIncreaseUpToALimit-Init,1310000,0.754
ds1,SlowIncreaseUpToALimit-Init,1320000,0.7455
ds1,SlowIncreaseUpToALimit-Init,1330000,0.7572
ds1,SlowIncreaseUpToALimit-Init,1340000,0.9451
ds1,SlowIncreaseUpToALimit-Init,1350000,0.9974
ds1,SlowIncreaseUpToALimit-Init,1360000,0.9988
ds1,SlowIncreaseUpToALimit-Init,1370000,0.9994
ds1,SlowIncreaseUpToALimit-Init,1380000,1.0
ds1,SlowIncreaseUpToALimit-Init,1390000,0.9999
ds1,SlowIncreaseUpToALimit-Init,1400000,0.9997
ds1,SlowIncreaseUpToALimit-Init,1410000,1.0
ds1,SlowIncreaseUpToALimit-Init,1420000,1.0
ds1,SlowIncreaseUpToALimit-Init,1430000,0.9999
ds1,SlowIncreaseUpToALimit-Init,1440000,0.9999
ds1,SlowIncreaseUpToALimit-Init,1450000,1.0
ds1,SlowIncreaseUpToALimit-Init,1460000,1.0
ds1,SlowIncreaseUpToALimit-Init,1470000,1.0
ds1,SlowIncreaseUpToALimit-Init,1480000,1.0
ds1,SlowIncreaseUpToALimit-Init,1490000,1.0
ds1,SlowIncreaseUpToALimit-Init,1500000,1.0
ds1,SlowIncreaseUpToALimit-Init,1510000,1.0
ds1,SlowIncreaseUpToALimit-Init,1520000,1.0
ds1,SlowIncreaseUpToALimit-Init,1530000,1.0
ds1,SlowIncreaseUpToALimit-Init,1540000,1.0
ds1,SlowIncreaseUpToALimit-Init,1550000,1.0
ds1,SlowIncreaseUpToALimit-Init,1560000,1.0
ds1,SlowIncreaseUpToALimit-Init,1570000,1.0
ds1,SlowIncreaseUpToALimit-Init,1580000,1.0
ds1,SlowIncreaseUpToALimit-Init,1590000,1.0
ds1,SlowIncreaseUpToALimit-Init,1600000,1.0
ds1,SlowIncreaseFastReset-Zero,10000,0.725
ds1,SlowIncreaseFastReset-Zero,20000,0.7516
ds1,SlowIncreaseFastReset-Zero,30000,0.7584
ds1,SlowIncreaseFastReset-Zero,40000,0.7615
ds1,SlowIncreaseFastReset-Zero,50000,0.779
ds1,SlowIncreaseFastReset-Zero,60000,0.7714
ds1,SlowIncreaseFastReset-Zero,70000,0.7716
ds1,SlowIncreaseFastReset-Zero,80000,0.779
ds1,SlowIncreaseFastReset-Zero,90000,0.7687
ds1,SlowIncreaseFastReset-Zero,100000,0.7762
ds1,SlowIncreaseFastReset-Zero,110000,0.7777
ds1,SlowIncreaseFastReset-Zero,120000,0.7833
ds1,SlowIncreaseFastReset-Zero,130000,0.783
ds1,SlowIncreaseFastReset-Zero,140000,0.7796
ds1,SlowIncreaseFastReset-Zero,150000,0.7756
ds1,SlowIncreaseFastReset-Zero,160000,0.774
ds1,SlowIncreaseFastReset-Zero,170000,0.7693
ds1,SlowIncreaseFastReset-Zero,180000,0.7769
ds1,SlowIncreaseFastReset-Zero,190000,0.7719
ds1,SlowIncreaseFastReset-Zero,200000,0.7897
ds1,SlowIncreaseFastReset-Zero,210000,0.7903
ds1,SlowIncreaseFastReset-Zero,220000,0.7893
ds1,SlowIncreaseFastReset-Zero,230000,0.778
ds1,SlowIncreaseFastReset-Zero,240000,0.7809
ds1,SlowIncreaseFastReset-Zero,250000,0.7684
ds1,SlowIncreaseFastReset-Zero,260000,0.7838
ds1,SlowIncreaseFastReset-Zero,270000,0.7855
ds1,SlowIncreaseFastReset-Zero,280000,0.782
ds1,SlowIncreaseFastReset-Zero,290000,0.7913
ds1,SlowIncreaseFastReset-Zero,300000,0.7599
ds1,SlowIncreaseFastReset-Zero,310000,0.7617
ds1,SlowIncreaseFastReset-Zero,320000,0.7703
ds1,SlowIncreaseFastReset-Zero,330000,0.7584
ds1,SlowIncreaseFastReset-Zero,340000,0.7604
ds1,SlowIncreaseFastReset-Zero,350000,0.8006
ds1,SlowIncreaseFastReset-Zero,360000,0.7931
ds1,SlowIncreaseFastReset-Zero,370000,0.7797
ds1,SlowIncreaseFastReset-Zero,380000,0.7818
ds1,SlowIncreaseFastReset-Zero,390000,0.7446
ds1,SlowIncreaseFastReset-Zero,400000,0.7248
ds1,SlowIncreaseFastReset-Zero,410000,0.7597
ds1,SlowIncreaseFastReset-Zero,420000,0.7463
ds1,SlowIncreaseFastReset-Zero,430000,0.7504
ds1,SlowIncreaseFastReset-Zero,440000,0.7514
ds1,SlowIncreaseFastReset-Zero,450000,0.7695
ds1,SlowIncreaseFastReset-Zero,460000,0.7639
ds1,SlowIncreaseFastReset-Zero,470000,0.7717
ds1,SlowIncreaseFastReset-Zero,480000,0.7733
ds1,SlowIncreaseFastReset-Zero,490000,0.7892
ds1,SlowIncreaseFastReset-Zero,500000,0.7819
ds1,SlowIncreaseFastReset-Zero,510000,0.7651
ds1,SlowIncreaseFastReset-Zero,520000,0.7588
ds1,SlowIncreaseFastReset-Zero,530000,0.7629
ds1,SlowIncreaseFastReset-Zero,540000,0.7853
ds1,SlowIncreaseFastReset-Zero,550000,0.7859
ds1,SlowIncreaseFastReset-Zero,560000,0.7822
ds1,SlowIncreaseFastReset-Zero,570000,0.7957
ds1,SlowIncreaseFastReset-Zero,580000,0.797
ds1,SlowIncreaseFastReset-Zero,590000,0.7997
ds1,SlowIncreaseFastReset-Zero,600000,0.8043
ds1,SlowIncreaseFastReset-Zero,610000,0.7959
ds1,SlowIncreaseFastReset-Zero,620000,0.7904
ds1,SlowIncreaseFastReset-Zero,630000,0.7916
ds1,SlowIncreaseFastReset-Zero,640000,0.7965
ds1,SlowIncreaseFastReset-Zero,650000,0.7937
ds1,SlowIncreaseFastReset-Zero,660000,0.7828
ds1,SlowIncreaseFastReset-Zero,670000,0.7751
ds1,SlowIncreaseFastReset-Zero,680000,0.7939
ds1,SlowIncreaseFastReset-Zero,690000,0.7948
ds1,SlowIncreaseFastReset-Zero,700000,0.7819
ds1,SlowIncreaseFastReset-Zero,710000,0.7832
ds1,SlowIncreaseFastReset-Zero,720000,0.7805
ds1,SlowIncreaseFastReset-Zero,730000,0.7859
ds1,SlowIncreaseFastReset-Zero,740000,0.7819
ds1,SlowIncreaseFastReset-Zero,750000,0.7884
ds1,SlowIncreaseFastReset-Zero,760000,0.7922
ds1,SlowIncreaseFastReset-Zero,770000,0.7883
ds1,SlowIncreaseFastReset-Zero,780000,0.7825
ds1,SlowIncreaseFastReset-Zero,790000,0.7867
ds1,SlowIncreaseFastReset-Zero,800000,0.7959
ds1,SlowIncreaseFastReset-Zero,810000,0.7832
ds1,SlowIncreaseFastReset-Zero,820000,0.7876
ds1,SlowIncreaseFastReset-Zero,830000,0.7844
ds1,SlowIncreaseFastReset-Zero,840000,0.7847
ds1,SlowIncreaseFastReset-Zero,850000,0.7861
ds1,SlowIncreaseFastReset-Zero,860000,0.7971
ds1,SlowIncreaseFastReset-Zero,870000,0.7822
ds1,SlowIncreaseFastReset-Zero,880000,0.7807
ds1,SlowIncreaseFastReset-Zero,890000,0.7879
ds1,SlowIncreaseFastReset-Zero,900000,0.7898
ds1,SlowIncreaseFastReset-Zero,910000,0.7908
ds1,SlowIncreaseFastReset-Zero,920000,0.7905
ds1,SlowIncreaseFastReset-Zero,930000,0.794
ds1,SlowIncreaseFastReset-Zero,940000,0.7957
ds1,SlowIncreaseFastReset-Zero,950000,0.7998
ds1,SlowIncreaseFastReset-Zero,960000,0.7974
ds1,SlowIncreaseFastReset-Zero,970000,0.7924
ds1,SlowIncreaseFastReset-Zero,980000,0.7956
ds1,SlowIncreaseFastReset-Zero,990000,0.798
ds1,SlowIncreaseFastReset-Zero,1000000,0.7802
ds1,SlowIncreaseFastReset-Zero,1010000,0.7936
ds1,SlowIncreaseFastReset-Zero,1020000,0.7879
ds1,SlowIncreaseFastReset-Zero,1030000,0.7832
ds1,SlowIncreaseFastReset-Zero,1040000,0.7885
ds1,SlowIncreaseFastReset-Zero,1050000,0.7889
ds1,SlowIncreaseFastReset-Zero,1060000,0.7883
ds1,SlowIncreaseFastReset-Zero,1070000,0.7889
ds1,SlowIncreaseFastReset-Zero,1080000,0.8054
ds1,SlowIncreaseFastReset-Zero,1090000,0.7942
ds1,SlowIncreaseFastReset-Zero,1100000,0.7971
ds1,SlowIncreaseFastReset-Zero,1110000,0.7905
ds1,SlowIncreaseFastReset-Zero,1120000,0.7892
ds1,SlowIncreaseFastReset-Zero,1130000,0.7856
ds1,SlowIncreaseFastReset-Zero,1140000,0.7642
ds1,SlowIncreaseFastReset-Zero,1150000,0.7586
ds1,SlowIncreaseFastReset-Zero,1160000,0.764
ds1,SlowIncreaseFastReset-Zero,1170000,0.7269
ds1,SlowIncreaseFastReset-Zero,1180000,0.7178
ds1,SlowIncreaseFastReset-Zero,1190000,0.7503
ds1,SlowIncreaseFastReset-Zero,1200000,0.7454
ds1,SlowIncreaseFastReset-Zero,1210000,0.751
ds1,SlowIncreaseFastReset-Zero,1220000,0.7525
ds1,SlowIncreaseFastReset-Zero,1230000,0.7706
ds1,SlowIncreaseFastReset-Zero,1240000,0.7884
ds1,SlowIncreaseFastReset-Zero,1250000,0.7849
ds1,SlowIncreaseFastReset-Zero,1260000,0.7875
ds1,SlowIncreaseFastReset-Zero,1270000,0.7919
ds1,SlowIncreaseFastReset-Zero,1280000,0.7946
ds1,SlowIncreaseFastReset-Zero,1290000,0.7897
ds1,SlowIncreaseFastReset-Zero,1300000,0.7861
ds1,SlowIncreaseFastReset-Zero,1310000,0.7798
ds1,SlowIncreaseFastReset-Zero,1320000,0.782
ds1,SlowIncreaseFastReset-Zero,1330000,0.7524
ds1,SlowIncreaseFastReset-Zero,1340000,0.7253
ds1,SlowIncreaseFastReset-Zero,1350000,0.8887
ds1,SlowIncreaseFastReset-Zero,1360000,0.998
ds1,SlowIncreaseFastReset-Zero,1370000,0.9991
ds1,SlowIncreaseFastReset-Zero,1380000,0.9999
ds1,SlowIncreaseFastReset-Zero,1390000,0.9999
ds1,SlowIncreaseFastReset-Zero,1400000,0.9997
ds1,SlowIncreaseFastReset-Zero,1410000,1.0
ds1,SlowIncreaseFastReset-Zero,1420000,1.0
ds1,SlowIncreaseFastReset-Zero,1430000,0.9999
ds1,SlowIncreaseFastReset-Zero,1440000,0.9999
ds1,SlowIncreaseFastReset-Zero,1450000,0.9999
ds1,SlowIncreaseFastReset-Zero,1460000,1.0
ds1,SlowIncreaseFastReset-Zero,1470000,1.0
ds1,SlowIncreaseFastReset-Zero,1480000,1.0
ds1,SlowIncreaseFastReset-Zero,1490000,1.0
ds1,SlowIncreaseFastReset-Zero,1500000,1.0
ds1,SlowIncreaseFastReset-Zero,1510000,1.0
ds1,SlowIncreaseFastReset-Zero,1520000,1.0
ds1,SlowIncreaseFastReset-Zero,1530000,1.0
ds1,SlowIncreaseFastReset-Zero,1540000,1.0
ds1,SlowIncreaseFastReset-Zero,1550000,1.0
ds1,SlowIncreaseFastReset-Zero,1560000,1.0
ds1,SlowIncreaseFastReset-Zero,1570000,1.0
ds1,SlowIncreaseFastReset-Zero,1580000,1.0
ds1,SlowIncreaseFastReset-Zero,1590000,1.0
ds1,SlowIncreaseFastReset-Zero,1600000,1.0
ds1,SlowIncreaseFastReset-Init,10000,0.7261
ds1,SlowIncreaseFastReset-Init,20000,0.7488
ds1,SlowIncreaseFastReset-Init,30000,0.7311
ds1,SlowIncreaseFastReset-Init,40000,0.752
ds1,SlowIncreaseFastReset-Init,50000,0.7675
ds1,SlowIncreaseFastReset-Init,60000,0.7669
ds1,SlowIncreaseFastReset-Init,70000,0.7638
ds1,SlowIncreaseFastReset-Init,80000,0.75
ds1,SlowIncreaseFastReset-Init,90000,0.7491
ds1,SlowIncreaseFastReset-Init,100000,0.739
ds1,SlowIncreaseFastReset-Init,110000,0.7311
ds1,SlowIncreaseFastReset-Init,120000,0.7623
ds1,SlowIncreaseFastReset-Init,130000,0.7694
ds1,SlowIncreaseFastReset-Init,140000,0.7447
ds1,SlowIncreaseFastReset-Init,150000,0.7558
ds1,SlowIncreaseFastReset-Init,160000,0.7567
ds1,SlowIncreaseFastReset-Init,170000,0.7496
ds1,SlowIncreaseFastReset-Init,180000,0.7543
ds1,SlowIncreaseFastReset-Init,190000,0.7279
ds1,SlowIncreaseFastReset-Init,200000,0.7532
ds1,SlowIncreaseFastReset-Init,210000,0.762
ds1,SlowIncreaseFastReset-Init,220000,0.7673
ds1,SlowIncreaseFastReset-Init,230000,0.7045
ds1,SlowIncreaseFastReset-Init,240000,0.7306
ds1,SlowIncreaseFastReset-Init,250000,0.7428
ds1,SlowIncreaseFastReset-Init,260000,0.7199
ds1,SlowIncreaseFastReset-Init,270000,0.7574
ds1,SlowIncreaseFastReset-Init,280000,0.7638
ds1,SlowIncreaseFastReset-Init,290000,0.778
ds1,SlowIncreaseFastReset-Init,300000,0.7575
ds1,SlowIncreaseFastReset-Init,310000,0.7609
ds1,SlowIncreaseFastReset-Init,320000,0.7737
ds1,SlowIncreaseFastReset-Init,330000,0.7669
ds1,SlowIncreaseFastReset-Init,340000,0.7355
ds1,SlowIncreaseFastReset-Init,350000,0.7606
ds1,SlowIncreaseFastReset-Init,360000,0.769
ds1,SlowIncreaseFastReset-Init,370000,0.7623
ds1,SlowIncreaseFastReset-Init,380000,0.7402
ds1,SlowIncreaseFastReset-Init,390000,0.7162
ds1,SlowIncreaseFastReset-Init,400000,0.7256
ds1,SlowIncreaseFastReset-Init,410000,0.7596
ds1,SlowIncreaseFastReset-Init,420000,0.7623
ds1,SlowIncreaseFastReset-Init,430000,0.763
ds1,SlowIncreaseFastReset-Init,440000,0.7565
ds1,SlowIncreaseFastReset-Init,450000,0.7735
ds1,SlowIncreaseFastReset-Init,460000,0.772
ds1,SlowIncreaseFastReset-Init,470000,0.7764
ds1,SlowIncreaseFastReset-Init,480000,0.7794
ds1,SlowIncreaseFastReset-Init,490000,0.792
ds1,SlowIncreaseFastReset-Init,500000,0.7871
ds1,SlowIncreaseFastReset-Init,510000,0.7686
ds1,SlowIncreaseFastReset-Init,520000,0.7588
ds1,SlowIncreaseFastReset-Init,530000,0.762
ds1,SlowIncreaseFastReset-Init,540000,0.7734
ds1,SlowIncreaseFastReset-Init,550000,0.7719
ds1,SlowIncreaseFastReset-Init,560000,0.7727
ds1,SlowIncreaseFastReset-Init,570000,0.7813
ds1,SlowIncreaseFastReset-Init,580000,0.78
ds1,SlowIncreaseFastReset-Init,590000,0.7885
ds1,SlowIncreaseFastReset-Init,600000,0.788
ds1,SlowIncreaseFastReset-Init,610000,0.7825
ds1,SlowIncreaseFastReset-Init,620000,0.7737
ds1,SlowIncreaseFastReset-Init,630000,0.7725
ds1,SlowIncreaseFastReset-Init,640000,0.7817
ds1,SlowIncreaseFastReset-Init,650000,0.7749
ds1,SlowIncreaseFastReset-Init,660000,0.7718
ds1,SlowIncreaseFastReset-Init,670000,0.7596
ds1,SlowIncreaseFastReset-Init,680000,0.7764
ds1,SlowIncreaseFastReset-Init,690000,0.7745
ds1,SlowIncreaseFastReset-Init,700000,0.7655
ds1,SlowIncreaseFastReset-Init,710000,0.7656
ds1,SlowIncreaseFastReset-Init,720000,0.7633
ds1,SlowIncreaseFastReset-Init,730000,0.7699
ds1,SlowIncreaseFastReset-Init,740000,0.765
ds1,SlowIncreaseFastReset-Init,750000,0.7731
ds1,SlowIncreaseFastReset-Init,760000,0.7756
ds1,SlowIncreaseFastReset-Init,770000,0.7792
ds1,SlowIncreaseFastReset-Init,780000,0.7671
ds1,SlowIncreaseFastReset-Init,790000,0.7763
ds1,SlowIncreaseFastReset-Init,800000,0.7814
ds1,SlowIncreaseFastReset-Init,810000,0.7711
ds1,SlowIncreaseFastReset-Init,820000,0.7688
ds1,SlowIncreaseFastReset-Init,830000,0.7614
ds1,SlowIncreaseFastReset-Init,840000,0.7521
ds1,SlowIncreaseFastReset-Init,850000,0.7616
ds1,SlowIncreaseFastReset-Init,860000,0.7701
ds1,SlowIncreaseFastReset-Init,870000,0.7628
ds1,SlowIncreaseFastReset-Init,880000,0.7584
ds1,SlowIncreaseFastReset-Init,890000,0.7681
ds1,SlowIncreaseFastReset-Init,900000,0.7212
ds1,SlowIncreaseFastReset-Init,910000,0.7277
ds1,SlowIncreaseFastReset-Init,920000,0.7524
ds1,SlowIncreaseFastReset-Init,930000,0.7618
ds1,SlowIncreaseFastReset-Init,940000,0.7702
ds1,SlowIncreaseFastReset-Init,950000,0.7812
ds1,SlowIncreaseFastReset-Init,960000,0.7791
ds1,SlowIncreaseFastReset-Init,970000,0.7818
ds1,SlowIncreaseFastReset-Init,980000,0.7798
ds1,SlowIncreaseFastReset-Init,990000,0.7824
ds1,SlowIncreaseFastReset-Init,1000000,0.7612
ds1,SlowIncreaseFastReset-Init,1010000,0.7742
ds1,SlowIncreaseFastReset-Init,1020000,0.7717
ds1,SlowIncreaseFastReset-Init,1030000,0.7701
ds1,SlowIncreaseFastReset-Init,1040000,0.7713
ds1,SlowIncreaseFastReset-Init,1050000,0.7704
ds1,SlowIncreaseFastReset-Init,1060000,0.7733
ds1,SlowIncreaseFastReset-Init,1070000,0.7765
ds1,SlowIncreaseFastReset-Init,1080000,0.7939
ds1,SlowIncreaseFastReset-Init,1090000,0.7848
ds1,SlowIncreaseFastReset-Init,1100000,0.777
ds1,SlowIncreaseFastReset-Init,1110000,0.7735
ds1,SlowIncreaseFastReset-Init,1120000,0.7732
ds1,SlowIncreaseFastReset-Init,1130000,0.7692
ds1,SlowIncreaseFastReset-Init,1140000,0.7594
ds1,SlowIncreaseFastReset-Init,1150000,0.7575
ds1,SlowIncreaseFastReset-Init,1160000,0.7709
ds1,SlowIncreaseFastReset-Init,1170000,0.734
ds1,SlowIncreaseFastReset-Init,1180000,0.7173
ds1,SlowIncreaseFastReset-Init,1190000,0.7472
ds1,SlowIncreaseFastReset-Init,1200000,0.7477
ds1,SlowIncreaseFastReset-Init,1210000,0.751
ds1,SlowIncreaseFastReset-Init,1220000,0.7525
ds1,SlowIncreaseFastReset-Init,1230000,0.76
ds1,SlowIncreaseFastReset-Init,1240000,0.7676
ds1,SlowIncreaseFastReset-Init,1250000,0.7605
ds1,SlowIncreaseFastReset-Init,1260000,0.7707
ds1,SlowIncreaseFastReset-Init,1270000,0.7719
ds1,SlowIncreaseFastReset-Init,1280000,0.7773
ds1,SlowIncreaseFastReset-Init,1290000,0.7679
ds1,SlowIncreaseFastReset-Init,1300000,0.7657
ds1,SlowIncreaseFastReset-Init,1310000,0.7634
ds1,SlowIncreaseFastReset-Init,1320000,0.7591
ds1,SlowIncreaseFastReset-Init,1330000,0.7473
ds1,SlowIncreaseFastReset-Init,1340000,0.8524
ds1,SlowIncreaseFastReset-Init,1350000,0.9707
ds1,SlowIncreaseFastReset-Init,1360000,0.9988
ds1,SlowIncreaseFastReset-Init,1370000,0.9989
ds1,SlowIncreaseFastReset-Init,1380000,0.998
ds1,SlowIncreaseFastReset-Init,1390000,0.9998
ds1,SlowIncreaseFastReset-Init,1400000,0.9992
ds1,SlowIncreaseFastReset-Init,1410000,0.9995
ds1,SlowIncreaseFastReset-Init,1420000,0.9998
ds1,SlowIncreaseFastReset-Init,1430000,0.9998
ds1,SlowIncreaseFastReset-Init,1440000,0.9997
ds1,SlowIncreaseFastReset-Init,1450000,0.9999
ds1,SlowIncreaseFastReset-Init,1460000,1.0
ds1,SlowIncreaseFastReset-Init,1470000,0.9999
ds1,SlowIncreaseFastReset-Init,1480000,1.0
ds1,SlowIncreaseFastReset-Init,1490000,1.0
ds1,SlowIncreaseFastReset-Init,1500000,1.0
ds1,SlowIncreaseFastReset-Init,1510000,1.0
ds1,SlowIncreaseFastReset-Init,1520000,1.0
ds1,SlowIncreaseFastReset-Init,1530000,0.9998
ds1,SlowIncreaseFastReset-Init,1540000,0.9999
ds1,SlowIncreaseFastReset-Init,1550000,0.9999
ds1,SlowIncreaseFastReset-Init,1560000,1.0
ds1,SlowIncreaseFastReset-Init,1570000,1.0
ds1,SlowIncreaseFastReset-Init,1580000,1.0
ds1,SlowIncreaseFastReset-Init,1590000,1.0
ds1,SlowIncreaseFastReset-Init,1600000,1.0
ds2,accumulativeMNB,10000,0.7497
ds2,accumulativeMNB,20000,0.7696
ds2,accumulativeMNB,30000,0.7742
ds2,accumulativeMNB,40000,0.7902
ds2,accumulativeMNB,50000,0.7908
ds2,accumulativeMNB,60000,0.791
ds2,accumulativeMNB,70000,0.7945
ds2,accumulativeMNB,80000,0.7891
ds2,accumulativeMNB,90000,0.7945
ds2,accumulativeMNB,100000,0.7974
ds2,accumulativeMNB,110000,0.7963
ds2,accumulativeMNB,120000,0.799
ds2,accumulativeMNB,130000,0.7879
ds2,accumulativeMNB,140000,0.7948
ds2,accumulativeMNB,150000,0.7928
ds2,accumulativeMNB,160000,0.807
ds2,accumulativeMNB,170000,0.8032
ds2,accumulativeMNB,180000,0.7247
ds2,accumulativeMNB,190000,0.699
ds2,accumulativeMNB,200000,0.7189
ds2,accumulativeMNB,210000,0.7368
ds2,accumulativeMNB,220000,0.757
ds2,accumulativeMNB,230000,0.7664
ds2,accumulativeMNB,240000,0.7662
ds2,accumulativeMNB,250000,0.7603
ds2,accumulativeMNB,260000,0.7619
ds2,accumulativeMNB,270000,0.7666
ds2,accumulativeMNB,280000,0.7716
ds2,accumulativeMNB,290000,0.7701
ds2,accumulativeMNB,300000,0.7889
ds2,accumulativeMNB,310000,0.7819
ds2,accumulativeMNB,320000,0.7816
ds2,accumulativeMNB,330000,0.7796
ds2,accumulativeMNB,340000,0.7811
ds2,accumulativeMNB,350000,0.7828
ds2,accumulativeMNB,360000,0.7845
ds2,accumulativeMNB,370000,0.7855
ds2,accumulativeMNB,380000,0.8011
ds2,accumulativeMNB,390000,0.7957
ds2,accumulativeMNB,400000,0.7951
ds2,accumulativeMNB,410000,0.802
ds2,accumulativeMNB,420000,0.8003
ds2,accumulativeMNB,430000,0.7934
ds2,accumulativeMNB,440000,0.7523
ds2,accumulativeMNB,450000,0.77
ds2,accumulativeMNB,460000,0.7749
ds2,accumulativeMNB,470000,0.7776
ds2,accumulativeMNB,480000,0.7815
ds2,accumulativeMNB,490000,0.7828
ds2,accumulativeMNB,500000,0.7882
ds2,accumulativeMNB,510000,0.7909
ds2,accumulativeMNB,520000,0.7901
ds2,accumulativeMNB,530000,0.7953
ds2,accumulativeMNB,540000,0.7975
ds2,accumulativeMNB,550000,0.7799
ds2,accumulativeMNB,560000,0.7814
ds2,accumulativeMNB,570000,0.7907
ds2,accumulativeMNB,580000,0.7867
ds2,accumulativeMNB,590000,0.7785
ds2,accumulativeMNB,600000,0.778
ds2,accumulativeMNB,610000,0.7683
ds2,accumulativeMNB,620000,0.7841
ds2,accumulativeMNB,630000,0.7752
ds2,accumulativeMNB,640000,0.7794
ds2,accumulativeMNB,650000,0.7781
ds2,accumulativeMNB,660000,0.7764
ds2,accumulativeMNB,670000,0.7869
ds2,accumulativeMNB,680000,0.7802
ds2,accumulativeMNB,690000,0.788
ds2,accumulativeMNB,700000,0.7861
ds2,accumulativeMNB,710000,0.7876
ds2,accumulativeMNB,720000,0.796
ds2,accumulativeMNB,730000,0.7955
ds2,accumulativeMNB,740000,0.7954
ds2,accumulativeMNB,750000,0.801
ds2,accumulativeMNB,760000,0.7991
ds2,accumulativeMNB,770000,0.8016
ds2,accumulativeMNB,780000,0.7932
ds2,accumulativeMNB,790000,0.7855
ds2,accumulativeMNB,800000,0.8072
ds2,accumulativeMNB,810000,0.83
ds2,accumulativeMNB,820000,0.8375
ds2,accumulativeMNB,830000,0.8437
ds2,accumulativeMNB,840000,0.8518
ds2,accumulativeMNB,850000,0.8557
ds2,accumulativeMNB,860000,0.8554
ds2,accumulativeMNB,870000,0.8438
ds2,accumulativeMNB,880000,0.8595
ds2,accumulativeMNB,890000,0.8595
ds2,accumulativeMNB,900000,0.8575
ds2,accumulativeMNB,910000,0.8619
ds2,accumulativeMNB,920000,0.8588
ds2,accumulativeMNB,930000,0.8617
ds2,accumulativeMNB,940000,0.866
ds2,accumulativeMNB,950000,0.8628
ds2,accumulativeMNB,960000,0.8663
ds2,accumulativeMNB,970000,0.8725
ds2,accumulativeMNB,980000,0.8715
ds2,accumulativeMNB,990000,0.8605
ds2,accumulativeMNB,1000000,0.8755
ds2,accumulativeMNB,1010000,0.8798
ds2,accumulativeMNB,1020000,0.8818
ds2,accumulativeMNB,1030000,0.8948
ds2,accumulativeMNB,1040000,0.894
ds2,accumulativeMNB,1050000,0.8876
ds2,accumulativeMNB,1060000,0.8889
ds2,accumulativeMNB,1070000,0.894
ds2,accumulativeMNB,1073065,0.9279
ds2,fadingMNB,10000,0.7494
ds2,fadingMNB,20000,0.7485
ds2,fadingMNB,30000,0.7584
ds2,fadingMNB,40000,0.773
ds2,fadingMNB,50000,0.7762
ds2,fadingMNB,60000,0.7587
ds2,fadingMNB,70000,0.7678
ds2,fadingMNB,80000,0.7399
ds2,fadingMNB,90000,0.7584
ds2,fadingMNB,100000,0.78
ds2,fadingMNB,110000,0.7564
ds2,fadingMNB,120000,0.7748
ds2,fadingMNB,130000,0.7617
ds2,fadingMNB,140000,0.7691
ds2,fadingMNB,150000,0.7474
ds2,fadingMNB,160000,0.7724
ds2,fadingMNB,170000,0.7844
ds2,fadingMNB,180000,0.7324
ds2,fadingMNB,190000,0.7451
ds2,fadingMNB,200000,0.7449
ds2,fadingMNB,210000,0.749
ds2,fadingMNB,220000,0.7302
ds2,fadingMNB,230000,0.7547
ds2,fadingMNB,240000,0.7421
ds2,fadingMNB,250000,0.7498
ds2,fadingMNB,260000,0.7502
ds2,fadingMNB,270000,0.7319
ds2,fadingMNB,280000,0.7561
ds2,fadingMNB,290000,0.7587
ds2,fadingMNB,300000,0.7532
ds2,fadingMNB,310000,0.7712
ds2,fadingMNB,320000,0.78
ds2,fadingMNB,330000,0.7848
ds2,fadingMNB,340000,0.7732
ds2,fadingMNB,350000,0.7724
ds2,fadingMNB,360000,0.7722
ds2,fadingMNB,370000,0.776
ds2,fadingMNB,380000,0.7864
ds2,fadingMNB,390000,0.7967
ds2,fadingMNB,400000,0.7841
ds2,fadingMNB,410000,0.7831
ds2,fadingMNB,420000,0.7777
ds2,fadingMNB,430000,0.7783
ds2,fadingMNB,440000,0.7348
ds2,fadingMNB,450000,0.7876
ds2,fadingMNB,460000,0.7929
ds2,fadingMNB,470000,0.7968
ds2,fadingMNB,480000,0.7986
ds2,fadingMNB,490000,0.7988
ds2,fadingMNB,500000,0.7878
ds2,fadingMNB,510000,0.811
ds2,fadingMNB,520000,0.8181
ds2,fadingMNB,530000,0.7919
ds2,fadingMNB,540000,0.7796
ds2,fadingMNB,550000,0.7003
ds2,fadingMNB,560000,0.7303
ds2,fadingMNB,570000,0.7559
ds2,fadingMNB,580000,0.764
ds2,fadingMNB,590000,0.7585
ds2,fadingMNB,600000,0.7632
ds2,fadingMNB,610000,0.7485
ds2,fadingMNB,620000,0.7568
ds2,fadingMNB,630000,0.7531
ds2,fadingMNB,640000,0.7583
ds2,fadingMNB,650000,0.7563
ds2,fadingMNB,660000,0.7584
ds2,fadingMNB,670000,0.7594
ds2,fadingMNB,680000,0.7562
ds2,fadingMNB,690000,0.7683
ds2,fadingMNB,700000,0.7762
ds2,fadingMNB,710000,0.767
ds2,fadingMNB,720000,0.7418
ds2,fadingMNB,730000,0.7691
ds2,fadingMNB,740000,0.7746
ds2,fadingMNB,750000,0.7892
ds2,fadingMNB,760000,0.7793
ds2,fadingMNB,770000,0.7809
ds2,fadingMNB,780000,0.7717
ds2,fadingMNB,790000,0.7661
ds2,fadingMNB,800000,0.7889
ds2,fadingMNB,810000,0.9215
ds2,fadingMNB,820000,0.9867
ds2,fadingMNB,830000,0.996
ds2,fadingMNB,840000,0.9981
ds2,fadingMNB,850000,0.9997
ds2,fadingMNB,860000,0.9998
ds2,fadingMNB,870000,0.9997
ds2,fadingMNB,880000,0.9996
ds2,fadingMNB,890000,0.9999
ds2,fadingMNB,900000,0.9998
ds2,fadingMNB,910000,0.9998
ds2,fadingMNB,920000,0.9999
ds2,fadingMNB,930000,1.0
ds2,fadingMNB,940000,0.9999
ds2,fadingMNB,950000,1.0
ds2,fadingMNB,960000,1.0
ds2,fadingMNB,970000,1.0
ds2,fadingMNB,980000,1.0
ds2,fadingMNB,990000,1.0
ds2,fadingMNB,1000000,0.9999
ds2,fadingMNB,1010000,0.9999
ds2,fadingMNB,1020000,1.0
ds2,fadingMNB,1030000,1.0
ds2,fadingMNB,1040000,1.0
ds2,fadingMNB,1050000,1.0
ds2,fadingMNB,1060000,1.0
ds2,fadingMNB,1070000,1.0
ds2,fadingMNB,1073065,1.0
ds2,Rebuild-Zero,10000,0.7497
ds2,Rebuild-Zero,20000,0.7696
ds2,Rebuild-Zero,30000,0.7742
ds2,Rebuild-Zero,40000,0.7902
ds2,Rebuild-Zero,50000,0.7908
ds2,Rebuild-Zero,60000,0.791
ds2,Rebuild-Zero,70000,0.7945
ds2,Rebuild-Zero,80000,0.7891
ds2,Rebuild-Zero,90000,0.7945
ds2,Rebuild-Zero,100000,0.7974
ds2,Rebuild-Zero,110000,0.7963
ds2,Rebuild-Zero,120000,0.799
ds2,Rebuild-Zero,130000,0.7879
ds2,Rebuild-Zero,140000,0.7948
ds2,Rebuild-Zero,150000,0.7928
ds2,Rebuild-Zero,160000,0.807
ds2,Rebuild-Zero,170000,0.8032
ds2,Rebuild-Zero,180000,0.7249
ds2,Rebuild-Zero,190000,0.712
ds2,Rebuild-Zero,200000,0.74
ds2,Rebuild-Zero,210000,0.76
ds2,Rebuild-Zero,220000,0.7765
ds2,Rebuild-Zero,230000,0.7858
ds2,Rebuild-Zero,240000,0.7858
ds2,Rebuild-Zero,250000,0.7835
ds2,Rebuild-Zero,260000,0.7926
ds2,Rebuild-Zero,270000,0.7924
ds2,Rebuild-Zero,280000,0.7982
ds2,Rebuild-Zero,290000,0.7885
ds2,Rebuild-Zero,300000,0.7589
ds2,Rebuild-Zero,310000,0.7377
ds2,Rebuild-Zero,320000,0.6728
ds2,Rebuild-Zero,330000,0.705
ds2,Rebuild-Zero,340000,0.7358
ds2,Rebuild-Zero,350000,0.7527
ds2,Rebuild-Zero,360000,0.7612
ds2,Rebuild-Zero,370000,0.7568
ds2,Rebuild-Zero,380000,0.7822
ds2,Rebuild-Zero,390000,0.7715
ds2,Rebuild-Zero,400000,0.7838
ds2,Rebuild-Zero,410000,0.7894
ds2,Rebuild-Zero,420000,0.7939
ds2,Rebuild-Zero,430000,0.7867
ds2,Rebuild-Zero,440000,0.7571
ds2,Rebuild-Zero,450000,0.7784
ds2,Rebuild-Zero,460000,0.8109
ds2,Rebuild-Zero,470000,0.8496
ds2,Rebuild-Zero,480000,0.8495
ds2,Rebuild-Zero,490000,0.8443
ds2,Rebuild-Zero,500000,0.8185
ds2,Rebuild-Zero,510000,0.8486
ds2,Rebuild-Zero,520000,0.8699
ds2,Rebuild-Zero,530000,0.8246
ds2,Rebuild-Zero,540000,0.7708
ds2,Rebuild-Zero,550000,0.6274
ds2,Rebuild-Zero,560000,0.6703
ds2,Rebuild-Zero,570000,0.7084
ds2,Rebuild-Zero,580000,0.7144
ds2,Rebuild-Zero,590000,0.6943
ds2,Rebuild-Zero,600000,0.7146
ds2,Rebuild-Zero,610000,0.7358
ds2,Rebuild-Zero,620000,0.7567
ds2,Rebuild-Zero,630000,0.7587
ds2,Rebuild-Zero,640000,0.7635
ds2,Rebuild-Zero,650000,0.768
ds2,Rebuild-Zero,660000,0.7643
ds2,Rebuild-Zero,670000,0.7735
ds2,Rebuild-Zero,680000,0.7674
ds2,Rebuild-Zero,690000,0.7927
ds2,Rebuild-Zero,700000,0.8058
ds2,Rebuild-Zero,710000,0.8074
ds2,Rebuild-Zero,720000,0.7874
ds2,Rebuild-Zero,730000,0.7936
ds2,Rebuild-Zero,740000,0.807
ds2,Rebuild-Zero,750000,0.8187
ds2,Rebuild-Zero,760000,0.8119
ds2,Rebuild-Zero,770000,0.8082
ds2,Rebuild-Zero,780000,0.7847
ds2,Rebuild-Zero,790000,0.7882
ds2,Rebuild-Zero,800000,0.8303
ds2,Rebuild-Zero,810000,0.9558
ds2,Rebuild-Zero,820000,0.9632
ds2,Rebuild-Zero,830000,0.9704
ds2,Rebuild-Zero,840000,0.974
ds2,Rebuild-Zero,850000,0.979
ds2,Rebuild-Zero,860000,0.9827
ds2,Rebuild-Zero,870000,0.9838
ds2,Rebuild-Zero,880000,0.983
ds2,Rebuild-Zero,890000,0.9875
ds2,Rebuild-Zero,900000,0.9886
ds2,Rebuild-Zero,910000,0.9912
ds2,Rebuild-Zero,920000,0.9899
ds2,Rebuild-Zero,930000,0.9877
ds2,Rebuild-Zero,940000,0.9942
ds2,Rebuild-Zero,950000,0.9929
ds2,Rebuild-Zero,960000,0.9925
ds2,Rebuild-Zero,970000,0.9918
ds2,Rebuild-Zero,980000,0.9946
ds2,Rebuild-Zero,990000,0.9943
ds2,Rebuild-Zero,1000000,0.9937
ds2,Rebuild-Zero,1010000,0.9935
ds2,Rebuild-Zero,1020000,0.9942
ds2,Rebuild-Zero,1030000,0.9958
ds2,Rebuild-Zero,1040000,0.9951
ds2,Rebuild-Zero,1050000,0.995
ds2,Rebuild-Zero,1060000,0.9948
ds2,Rebuild-Zero,1070000,0.9953
ds2,Rebuild-Zero,1073065,0.99837
ds2,Rebuild-Init,10000,0.7493
ds2,Rebuild-Init,20000,0.7496
ds2,Rebuild-Init,30000,0.7608
ds2,Rebuild-Init,40000,0.7762
ds2,Rebuild-Init,50000,0.7778
ds2,Rebuild-Init,60000,0.7622
ds2,Rebuild-Init,70000,0.77
ds2,Rebuild-Init,80000,0.7428
ds2,Rebuild-Init,90000,0.7588
ds2,Rebuild-Init,100000,0.7799
ds2,Rebuild-Init,110000,0.7608
ds2,Rebuild-Init,120000,0.7767
ds2,Rebuild-Init,130000,0.7665
ds2,Rebuild-Init,140000,0.7727
ds2,Rebuild-Init,150000,0.749
ds2,Rebuild-Init,160000,0.774
ds2,Rebuild-Init,170000,0.7849
ds2,Rebuild-Init,180000,0.7339
ds2,Rebuild-Init,190000,0.7431
ds2,Rebuild-Init,200000,0.7488
ds2,Rebuild-Init,210000,0.7604
ds2,Rebuild-Init,220000,0.7454
ds2,Rebuild-Init,230000,0.7688
ds2,Rebuild-Init,240000,0.7562
ds2,Rebuild-Init,250000,0.7629
ds2,Rebuild-Init,260000,0.7671
ds2,Rebuild-Init,270000,0.7461
ds2,Rebuild-Init,280000,0.772
ds2,Rebuild-Init,290000,0.7732
ds2,Rebuild-Init,300000,0.7396
ds2,Rebuild-Init,310000,0.7478
ds2,Rebuild-Init,320000,0.7136
ds2,Rebuild-Init,330000,0.7377
ds2,Rebuild-Init,340000,0.7461
ds2,Rebuild-Init,350000,0.7487
ds2,Rebuild-Init,360000,0.7609
ds2,Rebuild-Init,370000,0.7643
ds2,Rebuild-Init,380000,0.7795
ds2,Rebuild-Init,390000,0.7863
ds2,Rebuild-Init,400000,0.7814
ds2,Rebuild-Init,410000,0.7832
ds2,Rebuild-Init,420000,0.7806
ds2,Rebuild-Init,430000,0.7783
ds2,Rebuild-Init,440000,0.7434
ds2,Rebuild-Init,450000,0.7839
ds2,Rebuild-Init,460000,0.8042
ds2,Rebuild-Init,470000,0.8485
ds2,Rebuild-Init,480000,0.8491
ds2,Rebuild-Init,490000,0.8449
ds2,Rebuild-Init,500000,0.8126
ds2,Rebuild-Init,510000,0.8412
ds2,Rebuild-Init,520000,0.8558
ds2,Rebuild-Init,530000,0.8181
ds2,Rebuild-Init,540000,0.7687
ds2,Rebuild-Init,550000,0.6558
ds2,Rebuild-Init,560000,0.6808
ds2,Rebuild-Init,570000,0.7167
ds2,Rebuild-Init,580000,0.7232
ds2,Rebuild-Init,590000,0.7103
ds2,Rebuild-Init,600000,0.7262
ds2,Rebuild-Init,610000,0.7377
ds2,Rebuild-Init,620000,0.7554
ds2,Rebuild-Init,630000,0.7601
ds2,Rebuild-Init,640000,0.7648
ds2,Rebuild-Init,650000,0.7653
ds2,Rebuild-Init,660000,0.7638
ds2,Rebuild-Init,670000,0.7696
ds2,Rebuild-Init,680000,0.7585
ds2,Rebuild-Init,690000,0.7889
ds2,Rebuild-Init,700000,0.7995
ds2,Rebuild-Init,710000,0.797
ds2,Rebuild-Init,720000,0.7674
ds2,Rebuild-Init,730000,0.7865
ds2,Rebuild-Init,740000,0.7984
ds2,Rebuild-Init,750000,0.813
ds2,Rebuild-Init,760000,0.8043
ds2,Rebuild-Init,770000,0.8024
ds2,Rebuild-Init,780000,0.7843
ds2,Rebuild-Init,790000,0.7757
ds2,Rebuild-Init,800000,0.8261
ds2,Rebuild-Init,810000,0.9805
ds2,Rebuild-Init,820000,0.9968
ds2,Rebuild-Init,830000,0.9986
ds2,Rebuild-Init,840000,0.9988
ds2,Rebuild-Init,850000,0.9999
ds2,Rebuild-Init,860000,0.9997
ds2,Rebuild-Init,870000,0.9998
ds2,Rebuild-Init,880000,0.9999
ds2,Rebuild-Init,890000,1.0
ds2,Rebuild-Init,900000,0.9999
ds2,Rebuild-Init,910000,0.9998
ds2,Rebuild-Init,920000,0.9998
ds2,Rebuild-Init,930000,1.0
ds2,Rebuild-Init,940000,1.0
ds2,Rebuild-Init,950000,1.0
ds2,Rebuild-Init,960000,1.0
ds2,Rebuild-Init,970000,1.0
ds2,Rebuild-Init,980000,1.0
ds2,Rebuild-Init,990000,1.0
ds2,Rebuild-Init,1000000,0.9998
ds2,Rebuild-Init,1010000,0.9999
ds2,Rebuild-Init,1020000,1.0
ds2,Rebuild-Init,1030000,1.0
ds2,Rebuild-Init,1040000,1.0
ds2,Rebuild-Init,1050000,1.0
ds2,Rebuild-Init,1060000,1.0
ds2,Rebuild-Init,1070000,1.0
ds2,Rebuild-Init,1073065,1.0
ds2,FastSetFastReset-Zero,10000,0.7497
ds2,FastSetFastReset-Zero,20000,0.7696
ds2,FastSetFastReset-Zero,30000,0.7742
ds2,FastSetFastReset-Zero,40000,0.7902
ds2,FastSetFastReset-Zero,50000,0.7908
ds2,FastSetFastReset-Zero,60000,0.791
ds2,FastSetFastReset-Zero,70000,0.7945
ds2,FastSetFastReset-Zero,80000,0.7891
ds2,FastSetFastReset-Zero,90000,0.7945
ds2,FastSetFastReset-Zero,100000,0.7974
ds2,FastSetFastReset-Zero,110000,0.7963
ds2,FastSetFastReset-Zero,120000,0.799
ds2,FastSetFastReset-Zero,130000,0.7879
ds2,FastSetFastReset-Zero,140000,0.7948
ds2,FastSetFastReset-Zero,150000,0.7928
ds2,FastSetFastReset-Zero,160000,0.807
ds2,FastSetFastReset-Zero,170000,0.8032
ds2,FastSetFastReset-Zero,180000,0.7247
ds2,FastSetFastReset-Zero,190000,0.699
ds2,FastSetFastReset-Zero,200000,0.7189
ds2,FastSetFastReset-Zero,210000,0.7368
ds2,FastSetFastReset-Zero,220000,0.757
ds2,FastSetFastReset-Zero,230000,0.7664
ds2,FastSetFastReset-Zero,240000,0.7662
ds2,FastSetFastReset-Zero,250000,0.7603
ds2,FastSetFastReset-Zero,260000,0.7619
ds2,FastSetFastReset-Zero,270000,0.7666
ds2,FastSetFastReset-Zero,280000,0.7716
ds2,FastSetFastReset-Zero,290000,0.7701
ds2,FastSetFastReset-Zero,300000,0.7889
ds2,FastSetFastReset-Zero,310000,0.7819
ds2,FastSetFastReset-Zero,320000,0.7816
ds2,FastSetFastReset-Zero,330000,0.7796
ds2,FastSetFastReset-Zero,340000,0.7811
ds2,FastSetFastReset-Zero,350000,0.7828
ds2,FastSetFastReset-Zero,360000,0.7845
ds2,FastSetFastReset-Zero,370000,0.7855
ds2,FastSetFastReset-Zero,380000,0.8011
ds2,FastSetFastReset-Zero,390000,0.7957
ds2,FastSetFastReset-Zero,400000,0.7951
ds2,FastSetFastReset-Zero,410000,0.802
ds2,FastSetFastReset-Zero,420000,0.8003
ds2,FastSetFastReset-Zero,430000,0.7934
ds2,FastSetFastReset-Zero,440000,0.7523
ds2,FastSetFastReset-Zero,450000,0.77
ds2,FastSetFastReset-Zero,460000,0.7749
ds2,FastSetFastReset-Zero,470000,0.7776
ds2,FastSetFastReset-Zero,480000,0.7815
ds2,FastSetFastReset-Zero,490000,0.7828
ds2,FastSetFastReset-Zero,500000,0.7882
ds2,FastSetFastReset-Zero,510000,0.7909
ds2,FastSetFastReset-Zero,520000,0.7901
ds2,FastSetFastReset-Zero,530000,0.7953
ds2,FastSetFastReset-Zero,540000,0.7975
ds2,FastSetFastReset-Zero,550000,0.7799
ds2,FastSetFastReset-Zero,560000,0.7814
ds2,FastSetFastReset-Zero,570000,0.7907
ds2,FastSetFastReset-Zero,580000,0.7867
ds2,FastSetFastReset-Zero,590000,0.7785
ds2,FastSetFastReset-Zero,600000,0.778
ds2,FastSetFastReset-Zero,610000,0.7683
ds2,FastSetFastReset-Zero,620000,0.7841
ds2,FastSetFastReset-Zero,630000,0.7752
ds2,FastSetFastReset-Zero,640000,0.7794
ds2,FastSetFastReset-Zero,650000,0.7781
ds2,FastSetFastReset-Zero,660000,0.7764
ds2,FastSetFastReset-Zero,670000,0.7869
ds2,FastSetFastReset-Zero,680000,0.7802
ds2,FastSetFastReset-Zero,690000,0.788
ds2,FastSetFastReset-Zero,700000,0.7861
ds2,FastSetFastReset-Zero,710000,0.7876
ds2,FastSetFastReset-Zero,720000,0.796
ds2,FastSetFastReset-Zero,730000,0.7955
ds2,FastSetFastReset-Zero,740000,0.7954
ds2,FastSetFastReset-Zero,750000,0.801
ds2,FastSetFastReset-Zero,760000,0.7991
ds2,FastSetFastReset-Zero,770000,0.8016
ds2,FastSetFastReset-Zero,780000,0.7932
ds2,FastSetFastReset-Zero,790000,0.7855
ds2,FastSetFastReset-Zero,800000,0.8072
ds2,FastSetFastReset-Zero,810000,0.83
ds2,FastSetFastReset-Zero,820000,0.8375
ds2,FastSetFastReset-Zero,830000,0.8437
ds2,FastSetFastReset-Zero,840000,0.8518
ds2,FastSetFastReset-Zero,850000,0.8557
ds2,FastSetFastReset-Zero,860000,0.8554
ds2,FastSetFastReset-Zero,870000,0.8438
ds2,FastSetFastReset-Zero,880000,0.8595
ds2,FastSetFastReset-Zero,890000,0.8595
ds2,FastSetFastReset-Zero,900000,0.8575
ds2,FastSetFastReset-Zero,910000,0.9999
ds2,FastSetFastReset-Zero,920000,0.9999
ds2,FastSetFastReset-Zero,930000,1.0
ds2,FastSetFastReset-Zero,940000,1.0
ds2,FastSetFastReset-Zero,950000,1.0
ds2,FastSetFastReset-Zero,960000,1.0
ds2,FastSetFastReset-Zero,970000,1.0
ds2,FastSetFastReset-Zero,980000,1.0
ds2,FastSetFastReset-Zero,990000,1.0
ds2,FastSetFastReset-Zero,1000000,1.0
ds2,FastSetFastReset-Zero,1010000,0.8798
ds2,FastSetFastReset-Zero,1020000,0.8818
ds2,FastSetFastReset-Zero,1030000,0.8948
ds2,FastSetFastReset-Zero,1040000,0.894
ds2,FastSetFastReset-Zero,1050000,0.8876
ds2,FastSetFastReset-Zero,1060000,0.8889
ds2,FastSetFastReset-Zero,1070000,0.894
ds2,FastSetFastReset-Zero,1073065,0.9279
ds2,FastSetFastReset-Init,10000,0.7499
ds2,FastSetFastReset-Init,20000,0.7518
ds2,FastSetFastReset-Init,30000,0.7637
ds2,FastSetFastReset-Init,40000,0.7806
ds2,FastSetFastReset-Init,50000,0.7803
ds2,FastSetFastReset-Init,60000,0.7738
ds2,FastSetFastReset-Init,70000,0.7768
ds2,FastSetFastReset-Init,80000,0.7511
ds2,FastSetFastReset-Init,90000,0.7592
ds2,FastSetFastReset-Init,100000,0.7807
ds2,FastSetFastReset-Init,110000,0.7714
ds2,FastSetFastReset-Init,120000,0.7793
ds2,FastSetFastReset-Init,130000,0.775
ds2,FastSetFastReset-Init,140000,0.7778
ds2,FastSetFastReset-Init,150000,0.7502
ds2,FastSetFastReset-Init,160000,0.7725
ds2,FastSetFastReset-Init,170000,0.7856
ds2,FastSetFastReset-Init,180000,0.7419
ds2,FastSetFastReset-Init,190000,0.7475
ds2,FastSetFastReset-Init,200000,0.7483
ds2,FastSetFastReset-Init,210000,0.7388
ds2,FastSetFastReset-Init,220000,0.7398
ds2,FastSetFastReset-Init,230000,0.7534
ds2,FastSetFastReset-Init,240000,0.7395
ds2,FastSetFastReset-Init,250000,0.744
ds2,FastSetFastReset-Init,260000,0.7444
ds2,FastSetFastReset-Init,270000,0.7325
ds2,FastSetFastReset-Init,280000,0.7557
ds2,FastSetFastReset-Init,290000,0.7547
ds2,FastSetFastReset-Init,300000,0.7556
ds2,FastSetFastReset-Init,310000,0.7708
ds2,FastSetFastReset-Init,320000,0.783
ds2,FastSetFastReset-Init,330000,0.7853
ds2,FastSetFastReset-Init,340000,0.7741
ds2,FastSetFastReset-Init,350000,0.7761
ds2,FastSetFastReset-Init,360000,0.7788
ds2,FastSetFastReset-Init,370000,0.7835
ds2,FastSetFastReset-Init,380000,0.7925
ds2,FastSetFastReset-Init,390000,0.8004
ds2,FastSetFastReset-Init,400000,0.7871
ds2,FastSetFastReset-Init,410000,0.7909
ds2,FastSetFastReset-Init,420000,0.7897
ds2,FastSetFastReset-Init,430000,0.7852
ds2,FastSetFastReset-Init,440000,0.734
ds2,FastSetFastReset-Init,450000,0.791
ds2,FastSetFastReset-Init,460000,0.8013
ds2,FastSetFastReset-Init,470000,0.8047
ds2,FastSetFastReset-Init,480000,0.8067
ds2,FastSetFastReset-Init,490000,0.793
ds2,FastSetFastReset-Init,500000,0.7826
ds2,FastSetFastReset-Init,510000,0.8091
ds2,FastSetFastReset-Init,520000,0.8177
ds2,FastSetFastReset-Init,530000,0.7922
ds2,FastSetFastReset-Init,540000,0.78
ds2,FastSetFastReset-Init,550000,0.7131
ds2,FastSetFastReset-Init,560000,0.7281
ds2,FastSetFastReset-Init,570000,0.7537
ds2,FastSetFastReset-Init,580000,0.766
ds2,FastSetFastReset-Init,590000,0.7631
ds2,FastSetFastReset-Init,600000,0.7686
ds2,FastSetFastReset-Init,610000,0.7587
ds2,FastSetFastReset-Init,620000,0.7606
ds2,FastSetFastReset-Init,630000,0.7449
ds2,FastSetFastReset-Init,640000,0.7569
ds2,FastSetFastReset-Init,650000,0.7659
ds2,FastSetFastReset-Init,660000,0.7663
ds2,FastSetFastReset-Init,670000,0.769
ds2,FastSetFastReset-Init,680000,0.7635
ds2,FastSetFastReset-Init,690000,0.7691
ds2,FastSetFastReset-Init,700000,0.7738
ds2,FastSetFastReset-Init,710000,0.7644
ds2,FastSetFastReset-Init,720000,0.74
ds2,FastSetFastReset-Init,730000,0.7657
ds2,FastSetFastReset-Init,740000,0.7735
ds2,FastSetFastReset-Init,750000,0.7894
ds2,FastSetFastReset-Init,760000,0.7785
ds2,FastSetFastReset-Init,770000,0.7878
ds2,FastSetFastReset-Init,780000,0.7779
ds2,FastSetFastReset-Init,790000,0.7738
ds2,FastSetFastReset-Init,800000,0.7931
ds2,FastSetFastReset-Init,810000,0.9512
ds2,FastSetFastReset-Init,820000,0.9746
ds2,FastSetFastReset-Init,830000,0.978
ds2,FastSetFastReset-Init,840000,0.9891
ds2,FastSetFastReset-Init,850000,0.9958
ds2,FastSetFastReset-Init,860000,0.999
ds2,FastSetFastReset-Init,870000,0.9992
ds2,FastSetFastReset-Init,880000,0.9986
ds2,FastSetFastReset-Init,890000,0.9997
ds2,FastSetFastReset-Init,900000,0.9994
ds2,FastSetFastReset-Init,910000,0.9996
ds2,FastSetFastReset-Init,920000,0.9996
ds2,FastSetFastReset-Init,930000,0.9999
ds2,FastSetFastReset-Init,940000,0.9999
ds2,FastSetFastReset-Init,950000,1.0
ds2,FastSetFastReset-Init,960000,0.9999
ds2,FastSetFastReset-Init,970000,1.0
ds2,FastSetFastReset-Init,980000,1.0
ds2,FastSetFastReset-Init,990000,1.0
ds2,FastSetFastReset-Init,1000000,0.9998
ds2,FastSetFastReset-Init,1010000,0.9998
ds2,FastSetFastReset-Init,1020000,1.0
ds2,FastSetFastReset-Init,1030000,0.9998
ds2,FastSetFastReset-Init,1040000,1.0
ds2,FastSetFastReset-Init,1050000,1.0
ds2,FastSetFastReset-Init,1060000,1.0
ds2,FastSetFastReset-Init,1070000,1.0
ds2,FastSetFastReset-Init,1073065,1.0
ds2,FastSetSlowDecrease-Zero,10000,0.7497
ds2,FastSetSlowDecrease-Zero,20000,0.7696
ds2,FastSetSlowDecrease-Zero,30000,0.7742
ds2,FastSetSlowDecrease-Zero,40000,0.7902
ds2,FastSetSlowDecrease-Zero,50000,0.7908
ds2,FastSetSlowDecrease-Zero,60000,0.791
ds2,FastSetSlowDecrease-Zero,70000,0.7945
ds2,FastSetSlowDecrease-Zero,80000,0.7891
ds2,FastSetSlowDecrease-Zero,90000,0.7945
ds2,FastSetSlowDecrease-Zero,100000,0.7974
ds2,FastSetSlowDecrease-Zero,110000,0.7963
ds2,FastSetSlowDecrease-Zero,120000,0.799
ds2,FastSetSlowDecrease-Zero,130000,0.7879
ds2,FastSetSlowDecrease-Zero,140000,0.7948
ds2,FastSetSlowDecrease-Zero,150000,0.7928
ds2,FastSetSlowDecrease-Zero,160000,0.807
ds2,FastSetSlowDecrease-Zero,170000,0.8032
ds2,FastSetSlowDecrease-Zero,180000,0.7247
ds2,FastSetSlowDecrease-Zero,190000,0.699
ds2,FastSetSlowDecrease-Zero,200000,0.7189
ds2,FastSetSlowDecrease-Zero,210000,0.7368
ds2,FastSetSlowDecrease-Zero,220000,0.757
ds2,FastSetSlowDecrease-Zero,230000,0.7664
ds2,FastSetSlowDecrease-Zero,240000,0.7662
ds2,FastSetSlowDecrease-Zero,250000,0.7603
ds2,FastSetSlowDecrease-Zero,260000,0.7619
ds2,FastSetSlowDecrease-Zero,270000,0.7666
ds2,FastSetSlowDecrease-Zero,280000,0.7716
ds2,FastSetSlowDecrease-Zero,290000,0.7701
ds2,FastSetSlowDecrease-Zero,300000,0.7889
ds2,FastSetSlowDecrease-Zero,310000,0.7819
ds2,FastSetSlowDecrease-Zero,320000,0.7816
ds2,FastSetSlowDecrease-Zero,330000,0.7796
ds2,FastSetSlowDecrease-Zero,340000,0.7811
ds2,FastSetSlowDecrease-Zero,350000,0.7828
ds2,FastSetSlowDecrease-Zero,360000,0.7845
ds2,FastSetSlowDecrease-Zero,370000,0.7855
ds2,FastSetSlowDecrease-Zero,380000,0.8011
ds2,FastSetSlowDecrease-Zero,390000,0.7957
ds2,FastSetSlowDecrease-Zero,400000,0.7951
ds2,FastSetSlowDecrease-Zero,410000,0.802
ds2,FastSetSlowDecrease-Zero,420000,0.8003
ds2,FastSetSlowDecrease-Zero,430000,0.7934
ds2,FastSetSlowDecrease-Zero,440000,0.7523
ds2,FastSetSlowDecrease-Zero,450000,0.77
ds2,FastSetSlowDecrease-Zero,460000,0.7749
ds2,FastSetSlowDecrease-Zero,470000,0.7776
ds2,FastSetSlowDecrease-Zero,480000,0.7815
ds2,FastSetSlowDecrease-Zero,490000,0.7828
ds2,FastSetSlowDecrease-Zero,500000,0.7882
ds2,FastSetSlowDecrease-Zero,510000,0.7909
ds2,FastSetSlowDecrease-Zero,520000,0.7901
ds2,FastSetSlowDecrease-Zero,530000,0.7953
ds2,FastSetSlowDecrease-Zero,540000,0.7975
ds2,FastSetSlowDecrease-Zero,550000,0.7799
ds2,FastSetSlowDecrease-Zero,560000,0.7814
ds2,FastSetSlowDecrease-Zero,570000,0.7907
ds2,FastSetSlowDecrease-Zero,580000,0.7867
ds2,FastSetSlowDecrease-Zero,590000,0.7785
ds2,FastSetSlowDecrease-Zero,600000,0.778
ds2,FastSetSlowDecrease-Zero,610000,0.7683
ds2,FastSetSlowDecrease-Zero,620000,0.7841
ds2,FastSetSlowDecrease-Zero,630000,0.7752
ds2,FastSetSlowDecrease-Zero,640000,0.7794
ds2,FastSetSlowDecrease-Zero,650000,0.7781
ds2,FastSetSlowDecrease-Zero,660000,0.7764
ds2,FastSetSlowDecrease-Zero,670000,0.7869
ds2,FastSetSlowDecrease-Zero,680000,0.7802
ds2,FastSetSlowDecrease-Zero,690000,0.788
ds2,FastSetSlowDecrease-Zero,700000,0.7861
ds2,FastSetSlowDecrease-Zero,710000,0.7876
ds2,FastSetSlowDecrease-Zero,720000,0.796
ds2,FastSetSlowDecrease-Zero,730000,0.7955
ds2,FastSetSlowDecrease-Zero,740000,0.7954
ds2,FastSetSlowDecrease-Zero,750000,0.801
ds2,FastSetSlowDecrease-Zero,760000,0.7991
ds2,FastSetSlowDecrease-Zero,770000,0.8016
ds2,FastSetSlowDecrease-Zero,780000,0.7932
ds2,FastSetSlowDecrease-Zero,790000,0.7855
ds2,FastSetSlowDecrease-Zero,800000,0.8072
ds2,FastSetSlowDecrease-Zero,810000,0.83
ds2,FastSetSlowDecrease-Zero,820000,0.8375
ds2,FastSetSlowDecrease-Zero,830000,0.8437
ds2,FastSetSlowDecrease-Zero,840000,0.8518
ds2,FastSetSlowDecrease-Zero,850000,0.8557
ds2,FastSetSlowDecrease-Zero,860000,0.8554
ds2,FastSetSlowDecrease-Zero,870000,0.8438
ds2,FastSetSlowDecrease-Zero,880000,0.8595
ds2,FastSetSlowDecrease-Zero,890000,0.8595
ds2,FastSetSlowDecrease-Zero,900000,0.8575
ds2,FastSetSlowDecrease-Zero,910000,0.9999
ds2,FastSetSlowDecrease-Zero,920000,0.9999
ds2,FastSetSlowDecrease-Zero,930000,1.0
ds2,FastSetSlowDecrease-Zero,940000,1.0
ds2,FastSetSlowDecrease-Zero,950000,1.0
ds2,FastSetSlowDecrease-Zero,960000,1.0
ds2,FastSetSlowDecrease-Zero,970000,1.0
ds2,FastSetSlowDecrease-Zero,980000,1.0
ds2,FastSetSlowDecrease-Zero,990000,1.0
ds2,FastSetSlowDecrease-Zero,1000000,1.0
ds2,FastSetSlowDecrease-Zero,1010000,1.0
ds2,FastSetSlowDecrease-Zero,1020000,1.0
ds2,FastSetSlowDecrease-Zero,1030000,1.0
ds2,FastSetSlowDecrease-Zero,1040000,1.0
ds2,FastSetSlowDecrease-Zero,1050000,1.0
ds2,FastSetSlowDecrease-Zero,1060000,1.0
ds2,FastSetSlowDecrease-Zero,1070000,1.0
ds2,FastSetSlowDecrease-Zero,1073065,1.0
ds2,FastSetSlowDecrease-Init,10000,0.7499
ds2,FastSetSlowDecrease-Init,20000,0.7518
ds2,FastSetSlowDecrease-Init,30000,0.7637
ds2,FastSetSlowDecrease-Init,40000,0.7806
ds2,FastSetSlowDecrease-Init,50000,0.7803
ds2,FastSetSlowDecrease-Init,60000,0.7738
ds2,FastSetSlowDecrease-Init,70000,0.7768
ds2,FastSetSlowDecrease-Init,80000,0.7511
ds2,FastSetSlowDecrease-Init,90000,0.7592
ds2,FastSetSlowDecrease-Init,100000,0.7807
ds2,FastSetSlowDecrease-Init,110000,0.7714
ds2,FastSetSlowDecrease-Init,120000,0.7793
ds2,FastSetSlowDecrease-Init,130000,0.775
ds2,FastSetSlowDecrease-Init,140000,0.7778
ds2,FastSetSlowDecrease-Init,150000,0.7502
ds2,FastSetSlowDecrease-Init,160000,0.7725
ds2,FastSetSlowDecrease-Init,170000,0.7856
ds2,FastSetSlowDecrease-Init,180000,0.7419
ds2,FastSetSlowDecrease-Init,190000,0.7475
ds2,FastSetSlowDecrease-Init,200000,0.7506
ds2,FastSetSlowDecrease-Init,210000,0.7506
ds2,FastSetSlowDecrease-Init,220000,0.7247
ds2,FastSetSlowDecrease-Init,230000,0.7545
ds2,FastSetSlowDecrease-Init,240000,0.7455
ds2,FastSetSlowDecrease-Init,250000,0.7548
ds2,FastSetSlowDecrease-Init,260000,0.7532
ds2,FastSetSlowDecrease-Init,270000,0.7348
ds2,FastSetSlowDecrease-Init,280000,0.7499
ds2,FastSetSlowDecrease-Init,290000,0.7604
ds2,FastSetSlowDecrease-Init,300000,0.7516
ds2,FastSetSlowDecrease-Init,310000,0.7701
ds2,FastSetSlowDecrease-Init,320000,0.783
ds2,FastSetSlowDecrease-Init,330000,0.7853
ds2,FastSetSlowDecrease-Init,340000,0.7721
ds2,FastSetSlowDecrease-Init,350000,0.7635
ds2,FastSetSlowDecrease-Init,360000,0.7668
ds2,FastSetSlowDecrease-Init,370000,0.7733
ds2,FastSetSlowDecrease-Init,380000,0.7803
ds2,FastSetSlowDecrease-Init,390000,0.7968
ds2,FastSetSlowDecrease-Init,400000,0.7824
ds2,FastSetSlowDecrease-Init,410000,0.778
ds2,FastSetSlowDecrease-Init,420000,0.7741
ds2,FastSetSlowDecrease-Init,430000,0.7735
ds2,FastSetSlowDecrease-Init,440000,0.7358
ds2,FastSetSlowDecrease-Init,450000,0.791
ds2,FastSetSlowDecrease-Init,460000,0.8013
ds2,FastSetSlowDecrease-Init,470000,0.8047
ds2,FastSetSlowDecrease-Init,480000,0.8067
ds2,FastSetSlowDecrease-Init,490000,0.8013
ds2,FastSetSlowDecrease-Init,500000,0.7896
ds2,FastSetSlowDecrease-Init,510000,0.8121
ds2,FastSetSlowDecrease-Init,520000,0.8212
ds2,FastSetSlowDecrease-Init,530000,0.7912
ds2,FastSetSlowDecrease-Init,540000,0.7783
ds2,FastSetSlowDecrease-Init,550000,0.6956
ds2,FastSetSlowDecrease-Init,560000,0.7281
ds2,FastSetSlowDecrease-Init,570000,0.7537
ds2,FastSetSlowDecrease-Init,580000,0.7584
ds2,FastSetSlowDecrease-Init,590000,0.7526
ds2,FastSetSlowDecrease-Init,600000,0.7568
ds2,FastSetSlowDecrease-Init,610000,0.74
ds2,FastSetSlowDecrease-Init,620000,0.7501
ds2,FastSetSlowDecrease-Init,630000,0.7449
ds2,FastSetSlowDecrease-Init,640000,0.7515
ds2,FastSetSlowDecrease-Init,650000,0.7468
ds2,FastSetSlowDecrease-Init,660000,0.7509
ds2,FastSetSlowDecrease-Init,670000,0.7524
ds2,FastSetSlowDecrease-Init,680000,0.7523
ds2,FastSetSlowDecrease-Init,690000,0.7685
ds2,FastSetSlowDecrease-Init,700000,0.7738
ds2,FastSetSlowDecrease-Init,710000,0.7655
ds2,FastSetSlowDecrease-Init,720000,0.7428
ds2,FastSetSlowDecrease-Init,730000,0.7716
ds2,FastSetSlowDecrease-Init,740000,0.7718
ds2,FastSetSlowDecrease-Init,750000,0.7883
ds2,FastSetSlowDecrease-Init,760000,0.7764
ds2,FastSetSlowDecrease-Init,770000,0.7762
ds2,FastSetSlowDecrease-Init,780000,0.7683
ds2,FastSetSlowDecrease-Init,790000,0.7611
ds2,FastSetSlowDecrease-Init,800000,0.791
ds2,FastSetSlowDecrease-Init,810000,0.9512
ds2,FastSetSlowDecrease-Init,820000,0.9976
ds2,FastSetSlowDecrease-Init,830000,0.9985
ds2,FastSetSlowDecrease-Init,840000,0.9993
ds2,FastSetSlowDecrease-Init,850000,1.0
ds2,FastSetSlowDecrease-Init,860000,0.9999
ds2,FastSetSlowDecrease-Init,870000,0.9998
ds2,FastSetSlowDecrease-Init,880000,0.9999
ds2,FastSetSlowDecrease-Init,890000,1.0
ds2,FastSetSlowDecrease-Init,900000,0.9999
ds2,FastSetSlowDecrease-Init,910000,0.9999
ds2,FastSetSlowDecrease-Init,920000,0.9999
ds2,FastSetSlowDecrease-Init,930000,1.0
ds2,FastSetSlowDecrease-Init,940000,1.0
ds2,FastSetSlowDecrease-Init,950000,1.0
ds2,FastSetSlowDecrease-Init,960000,1.0
ds2,FastSetSlowDecrease-Init,970000,1.0
ds2,FastSetSlowDecrease-Init,980000,1.0
ds2,FastSetSlowDecrease-Init,990000,1.0
ds2,FastSetSlowDecrease-Init,1000000,0.9999
ds2,FastSetSlowDecrease-Init,1010000,0.9999
ds2,FastSetSlowDecrease-Init,1020000,1.0
ds2,FastSetSlowDecrease-Init,1030000,1.0
ds2,FastSetSlowDecrease-Init,1040000,1.0
ds2,FastSetSlowDecrease-Init,1050000,1.0
ds2,FastSetSlowDecrease-Init,1060000,1.0
ds2,FastSetSlowDecrease-Init,1070000,1.0
ds2,FastSetSlowDecrease-Init,1073065,1.0
ds2,SlowIncreaseUpToALimit-Zero,10000,0.7497
ds2,SlowIncreaseUpToALimit-Zero,20000,0.7696
ds2,SlowIncreaseUpToALimit-Zero,30000,0.7742
ds2,SlowIncreaseUpToALimit-Zero,40000,0.7902
ds2,SlowIncreaseUpToALimit-Zero,50000,0.7908
ds2,SlowIncreaseUpToALimit-Zero,60000,0.791
ds2,SlowIncreaseUpToALimit-Zero,70000,0.7945
ds2,SlowIncreaseUpToALimit-Zero,80000,0.7891
ds2,SlowIncreaseUpToALimit-Zero,90000,0.7945
ds2,SlowIncreaseUpToALimit-Zero,100000,0.7974
ds2,SlowIncreaseUpToALimit-Zero,110000,0.7963
ds2,SlowIncreaseUpToALimit-Zero,120000,0.799
ds2,SlowIncreaseUpToALimit-Zero,130000,0.7879
ds2,SlowIncreaseUpToALimit-Zero,140000,0.7948
ds2,SlowIncreaseUpToALimit-Zero,150000,0.7928
ds2,SlowIncreaseUpToALimit-Zero,160000,0.807
ds2,SlowIncreaseUpToALimit-Zero,170000,0.8032
ds2,SlowIncreaseUpToALimit-Zero,180000,0.7399
ds2,SlowIncreaseUpToALimit-Zero,190000,0.733
ds2,SlowIncreaseUpToALimit-Zero,200000,0.7356
ds2,SlowIncreaseUpToALimit-Zero,210000,0.7349
ds2,SlowIncreaseUpToALimit-Zero,220000,0.7481
ds2,SlowIncreaseUpToALimit-Zero,230000,0.7545
ds2,SlowIncreaseUpToALimit-Zero,240000,0.7393
ds2,SlowIncreaseUpToALimit-Zero,250000,0.7404
ds2,SlowIncreaseUpToALimit-Zero,260000,0.7416
ds2,SlowIncreaseUpToALimit-Zero,270000,0.7346
ds2,SlowIncreaseUpToALimit-Zero,280000,0.7542
ds2,SlowIncreaseUpToALimit-Zero,290000,0.7528
ds2,SlowIncreaseUpToALimit-Zero,300000,0.7602
ds2,SlowIncreaseUpToALimit-Zero,310000,0.7698
ds2,SlowIncreaseUpToALimit-Zero,320000,0.7784
ds2,SlowIncreaseUpToALimit-Zero,330000,0.7878
ds2,SlowIncreaseUpToALimit-Zero,340000,0.7744
ds2,SlowIncreaseUpToALimit-Zero,350000,0.7751
ds2,SlowIncreaseUpToALimit-Zero,360000,0.7754
ds2,SlowIncreaseUpToALimit-Zero,370000,0.7798
ds2,SlowIncreaseUpToALimit-Zero,380000,0.7918
ds2,SlowIncreaseUpToALimit-Zero,390000,0.799
ds2,SlowIncreaseUpToALimit-Zero,400000,0.7854
ds2,SlowIncreaseUpToALimit-Zero,410000,0.7893
ds2,SlowIncreaseUpToALimit-Zero,420000,0.7857
ds2,SlowIncreaseUpToALimit-Zero,430000,0.7836
ds2,SlowIncreaseUpToALimit-Zero,440000,0.7332
ds2,SlowIncreaseUpToALimit-Zero,450000,0.7876
ds2,SlowIncreaseUpToALimit-Zero,460000,0.7929
ds2,SlowIncreaseUpToALimit-Zero,470000,0.8018
ds2,SlowIncreaseUpToALimit-Zero,480000,0.8036
ds2,SlowIncreaseUpToALimit-Zero,490000,0.8017
ds2,SlowIncreaseUpToALimit-Zero,500000,0.7878
ds2,SlowIncreaseUpToALimit-Zero,510000,0.8103
ds2,SlowIncreaseUpToALimit-Zero,520000,0.8197
ds2,SlowIncreaseUpToALimit-Zero,530000,0.7908
ds2,SlowIncreaseUpToALimit-Zero,540000,0.7796
ds2,SlowIncreaseUpToALimit-Zero,550000,0.6964
ds2,SlowIncreaseUpToALimit-Zero,560000,0.7281
ds2,SlowIncreaseUpToALimit-Zero,570000,0.7537
ds2,SlowIncreaseUpToALimit-Zero,580000,0.7574
ds2,SlowIncreaseUpToALimit-Zero,590000,0.7522
ds2,SlowIncreaseUpToALimit-Zero,600000,0.7543
ds2,SlowIncreaseUpToALimit-Zero,610000,0.7388
ds2,SlowIncreaseUpToALimit-Zero,620000,0.7484
ds2,SlowIncreaseUpToALimit-Zero,630000,0.7449
ds2,SlowIncreaseUpToALimit-Zero,640000,0.7517
ds2,SlowIncreaseUpToALimit-Zero,650000,0.7461
ds2,SlowIncreaseUpToALimit-Zero,660000,0.7497
ds2,SlowIncreaseUpToALimit-Zero,670000,0.7507
ds2,SlowIncreaseUpToALimit-Zero,680000,0.7513
ds2,SlowIncreaseUpToALimit-Zero,690000,0.7683
ds2,SlowIncreaseUpToALimit-Zero,700000,0.7738
ds2,SlowIncreaseUpToALimit-Zero,710000,0.7655
ds2,SlowIncreaseUpToALimit-Zero,720000,0.7426
ds2,SlowIncreaseUpToALimit-Zero,730000,0.772
ds2,SlowIncreaseUpToALimit-Zero,740000,0.7709
ds2,SlowIncreaseUpToALimit-Zero,750000,0.7873
ds2,SlowIncreaseUpToALimit-Zero,760000,0.7739
ds2,SlowIncreaseUpToALimit-Zero,770000,0.7759
ds2,SlowIncreaseUpToALimit-Zero,780000,0.769
ds2,SlowIncreaseUpToALimit-Zero,790000,0.7594
ds2,SlowIncreaseUpToALimit-Zero,800000,0.7912
ds2,SlowIncreaseUpToALimit-Zero,810000,0.9512
ds2,SlowIncreaseUpToALimit-Zero,820000,0.9976
ds2,SlowIncreaseUpToALimit-Zero,830000,0.9986
ds2,SlowIncreaseUpToALimit-Zero,840000,0.9995
ds2,SlowIncreaseUpToALimit-Zero,850000,1.0
ds2,SlowIncreaseUpToALimit-Zero,860000,0.9999
ds2,SlowIncreaseUpToALimit-Zero,870000,0.9998
ds2,SlowIncreaseUpToALimit-Zero,880000,0.9999
ds2,SlowIncreaseUpToALimit-Zero,890000,1.0
ds2,SlowIncreaseUpToALimit-Zero,900000,1.0
ds2,SlowIncreaseUpToALimit-Zero,910000,0.9999
ds2,SlowIncreaseUpToALimit-Zero,920000,1.0
ds2,SlowIncreaseUpToALimit-Zero,930000,1.0
ds2,SlowIncreaseUpToALimit-Zero,940000,1.0
ds2,SlowIncreaseUpToALimit-Zero,950000,1.0
ds2,SlowIncreaseUpToALimit-Zero,960000,1.0
ds2,SlowIncreaseUpToALimit-Zero,970000,1.0
ds2,SlowIncreaseUpToALimit-Zero,980000,1.0
ds2,SlowIncreaseUpToALimit-Zero,990000,1.0
ds2,SlowIncreaseUpToALimit-Zero,1000000,1.0
ds2,SlowIncreaseUpToALimit-Zero,1010000,1.0
ds2,SlowIncreaseUpToALimit-Zero,1020000,1.0
ds2,SlowIncreaseUpToALimit-Zero,1030000,1.0
ds2,SlowIncreaseUpToALimit-Zero,1040000,1.0
ds2,SlowIncreaseUpToALimit-Zero,1050000,1.0
ds2,SlowIncreaseUpToALimit-Zero,1060000,1.0
ds2,SlowIncreaseUpToALimit-Zero,1070000,1.0
ds2,SlowIncreaseUpToALimit-Zero,1073065,1.0
ds2,SlowIncreaseUpToALimit-Init,10000,0.7505
ds2,SlowIncreaseUpToALimit-Init,20000,0.7514
ds2,SlowIncreaseUpToALimit-Init,30000,0.7625
ds2,SlowIncreaseUpToALimit-Init,40000,0.7778
ds2,SlowIncreaseUpToALimit-Init,50000,0.7794
ds2,SlowIncreaseUpToALimit-Init,60000,0.7663
ds2,SlowIncreaseUpToALimit-Init,70000,0.7745
ds2,SlowIncreaseUpToALimit-Init,80000,0.7463
ds2,SlowIncreaseUpToALimit-Init,90000,0.7592
ds2,SlowIncreaseUpToALimit-Init,100000,0.7812
ds2,SlowIncreaseUpToALimit-Init,110000,0.765
ds2,SlowIncreaseUpToALimit-Init,120000,0.7775
ds2,SlowIncreaseUpToALimit-Init,130000,0.7714
ds2,SlowIncreaseUpToALimit-Init,140000,0.7744
ds2,SlowIncreaseUpToALimit-Init,150000,0.7484
ds2,SlowIncreaseUpToALimit-Init,160000,0.7729
ds2,SlowIncreaseUpToALimit-Init,170000,0.7847
ds2,SlowIncreaseUpToALimit-Init,180000,0.7359
ds2,SlowIncreaseUpToALimit-Init,190000,0.7451
ds2,SlowIncreaseUpToALimit-Init,200000,0.7449
ds2,SlowIncreaseUpToALimit-Init,210000,0.749
ds2,SlowIncreaseUpToALimit-Init,220000,0.7302
ds2,SlowIncreaseUpToALimit-Init,230000,0.7547
ds2,SlowIncreaseUpToALimit-Init,240000,0.7421
ds2,SlowIncreaseUpToALimit-Init,250000,0.7498
ds2,SlowIncreaseUpToALimit-Init,260000,0.7502
ds2,SlowIncreaseUpToALimit-Init,270000,0.7319
ds2,SlowIncreaseUpToALimit-Init,280000,0.7561
ds2,SlowIncreaseUpToALimit-Init,290000,0.7587
ds2,SlowIncreaseUpToALimit-Init,300000,0.7532
ds2,SlowIncreaseUpToALimit-Init,310000,0.7702
ds2,SlowIncreaseUpToALimit-Init,320000,0.7827
ds2,SlowIncreaseUpToALimit-Init,330000,0.7855
ds2,SlowIncreaseUpToALimit-Init,340000,0.7724
ds2,SlowIncreaseUpToALimit-Init,350000,0.7677
ds2,SlowIncreaseUpToALimit-Init,360000,0.7687
ds2,SlowIncreaseUpToALimit-Init,370000,0.7731
ds2,SlowIncreaseUpToALimit-Init,380000,0.7831
ds2,SlowIncreaseUpToALimit-Init,390000,0.7964
ds2,SlowIncreaseUpToALimit-Init,400000,0.7825
ds2,SlowIncreaseUpToALimit-Init,410000,0.7784
ds2,SlowIncreaseUpToALimit-Init,420000,0.7739
ds2,SlowIncreaseUpToALimit-Init,430000,0.7728
ds2,SlowIncreaseUpToALimit-Init,440000,0.7357
ds2,SlowIncreaseUpToALimit-Init,450000,0.791
ds2,SlowIncreaseUpToALimit-Init,460000,0.8013
ds2,SlowIncreaseUpToALimit-Init,470000,0.8047
ds2,SlowIncreaseUpToALimit-Init,480000,0.8067
ds2,SlowIncreaseUpToALimit-Init,490000,0.8015
ds2,SlowIncreaseUpToALimit-Init,500000,0.7897
ds2,SlowIncreaseUpToALimit-Init,510000,0.8102
ds2,SlowIncreaseUpToALimit-Init,520000,0.8228
ds2,SlowIncreaseUpToALimit-Init,530000,0.791
ds2,SlowIncreaseUpToALimit-Init,540000,0.7797
ds2,SlowIncreaseUpToALimit-Init,550000,0.6932
ds2,SlowIncreaseUpToALimit-Init,560000,0.7281
ds2,SlowIncreaseUpToALimit-Init,570000,0.7537
ds2,SlowIncreaseUpToALimit-Init,580000,0.7574
ds2,SlowIncreaseUpToALimit-Init,590000,0.7522
ds2,SlowIncreaseUpToALimit-Init,600000,0.7543
ds2,SlowIncreaseUpToALimit-Init,610000,0.7388
ds2,SlowIncreaseUpToALimit-Init,620000,0.7484
ds2,SlowIncreaseUpToALimit-Init,630000,0.7449
ds2,SlowIncreaseUpToALimit-Init,640000,0.7517
ds2,SlowIncreaseUpToALimit-Init,650000,0.7461
ds2,SlowIncreaseUpToALimit-Init,660000,0.7497
ds2,SlowIncreaseUpToALimit-Init,670000,0.7507
ds2,SlowIncreaseUpToALimit-Init,680000,0.7513
ds2,SlowIncreaseUpToALimit-Init,690000,0.7683
ds2,SlowIncreaseUpToALimit-Init,700000,0.7738
ds2,SlowIncreaseUpToALimit-Init,710000,0.7655
ds2,SlowIncreaseUpToALimit-Init,720000,0.7426
ds2,SlowIncreaseUpToALimit-Init,730000,0.772
ds2,SlowIncreaseUpToALimit-Init,740000,0.7709
ds2,SlowIncreaseUpToALimit-Init,750000,0.7873
ds2,SlowIncreaseUpToALimit-Init,760000,0.7739
ds2,SlowIncreaseUpToALimit-Init,770000,0.7759
ds2,SlowIncreaseUpToALimit-Init,780000,0.769
ds2,SlowIncreaseUpToALimit-Init,790000,0.7594
ds2,SlowIncreaseUpToALimit-Init,800000,0.7912
ds2,SlowIncreaseUpToALimit-Init,810000,0.9512
ds2,SlowIncreaseUpToALimit-Init,820000,0.9976
ds2,SlowIncreaseUpToALimit-Init,830000,0.9986
ds2,SlowIncreaseUpToALimit-Init,840000,0.9995
ds2,SlowIncreaseUpToALimit-Init,850000,1.0
ds2,SlowIncreaseUpToALimit-Init,860000,0.9999
ds2,SlowIncreaseUpToALimit-Init,870000,0.9998
ds2,SlowIncreaseUpToALimit-Init,880000,0.9999
ds2,SlowIncreaseUpToALimit-Init,890000,1.0
ds2,SlowIncreaseUpToALimit-Init,900000,1.0
ds2,SlowIncreaseUpToALimit-Init,910000,0.9999
ds2,SlowIncreaseUpToALimit-Init,920000,1.0
ds2,SlowIncreaseUpToALimit-Init,930000,1.0
ds2,SlowIncreaseUpToALimit-Init,940000,1.0
ds2,SlowIncreaseUpToALimit-Init,950000,1.0
ds2,SlowIncreaseUpToALimit-Init,960000,1.0
ds2,SlowIncreaseUpToALimit-Init,970000,1.0
ds2,SlowIncreaseUpToALimit-Init,980000,1.0
ds2,SlowIncreaseUpToALimit-Init,990000,1.0
ds2,SlowIncreaseUpToALimit-Init,1000000,1.0
ds2,SlowIncreaseUpToALimit-Init,1010000,1.0
ds2,SlowIncreaseUpToALimit-Init,1020000,1.0
ds2,SlowIncreaseUpToALimit-Init,1030000,1.0
ds2,SlowIncreaseUpToALimit-Init,1040000,1.0
ds2,SlowIncreaseUpToALimit-Init,1050000,1.0
ds2,SlowIncreaseUpToALimit-Init,1060000,1.0
ds2,SlowIncreaseUpToALimit-Init,1070000,1.0
ds2,SlowIncreaseUpToALimit-Init,1073065,1.0
ds2,SlowIncreaseFastReset-Zero,10000,0.7497
ds2,SlowIncreaseFastReset-Zero,20000,0.7696
ds2,SlowIncreaseFastReset-Zero,30000,0.7742
ds2,SlowIncreaseFastReset-Zero,40000,0.7902
ds2,SlowIncreaseFastReset-Zero,50000,0.7908
ds2,SlowIncreaseFastReset-Zero,60000,0.791
ds2,SlowIncreaseFastReset-Zero,70000,0.7945
ds2,SlowIncreaseFastReset-Zero,80000,0.7891
ds2,SlowIncreaseFastReset-Zero,90000,0.7945
ds2,SlowIncreaseFastReset-Zero,100000,0.7974
ds2,SlowIncreaseFastReset-Zero,110000,0.7963
ds2,SlowIncreaseFastReset-Zero,120000,0.799
ds2,SlowIncreaseFastReset-Zero,130000,0.7879
ds2,SlowIncreaseFastReset-Zero,140000,0.7948
ds2,SlowIncreaseFastReset-Zero,150000,0.7928
ds2,SlowIncreaseFastReset-Zero,160000,0.807
ds2,SlowIncreaseFastReset-Zero,170000,0.8032
ds2,SlowIncreaseFastReset-Zero,180000,0.7382
ds2,SlowIncreaseFastReset-Zero,190000,0.7418
ds2,SlowIncreaseFastReset-Zero,200000,0.7394
ds2,SlowIncreaseFastReset-Zero,210000,0.7431
ds2,SlowIncreaseFastReset-Zero,220000,0.737
ds2,SlowIncreaseFastReset-Zero,230000,0.7533
ds2,SlowIncreaseFastReset-Zero,240000,0.7413
ds2,SlowIncreaseFastReset-Zero,250000,0.7449
ds2,SlowIncreaseFastReset-Zero,260000,0.7475
ds2,SlowIncreaseFastReset-Zero,270000,0.7301
ds2,SlowIncreaseFastReset-Zero,280000,0.7573
ds2,SlowIncreaseFastReset-Zero,290000,0.7556
ds2,SlowIncreaseFastReset-Zero,300000,0.7544
ds2,SlowIncreaseFastReset-Zero,310000,0.7697
ds2,SlowIncreaseFastReset-Zero,320000,0.7827
ds2,SlowIncreaseFastReset-Zero,330000,0.7855
ds2,SlowIncreaseFastReset-Zero,340000,0.7724
ds2,SlowIncreaseFastReset-Zero,350000,0.7677
ds2,SlowIncreaseFastReset-Zero,360000,0.7687
ds2,SlowIncreaseFastReset-Zero,370000,0.7731
ds2,SlowIncreaseFastReset-Zero,380000,0.7831
ds2,SlowIncreaseFastReset-Zero,390000,0.7964
ds2,SlowIncreaseFastReset-Zero,400000,0.7825
ds2,SlowIncreaseFastReset-Zero,410000,0.7784
ds2,SlowIncreaseFastReset-Zero,420000,0.7739
ds2,SlowIncreaseFastReset-Zero,430000,0.7728
ds2,SlowIncreaseFastReset-Zero,440000,0.7357
ds2,SlowIncreaseFastReset-Zero,450000,0.791
ds2,SlowIncreaseFastReset-Zero,460000,0.8013
ds2,SlowIncreaseFastReset-Zero,470000,0.7857
ds2,SlowIncreaseFastReset-Zero,480000,0.7815
ds2,SlowIncreaseFastReset-Zero,490000,0.7828
ds2,SlowIncreaseFastReset-Zero,500000,0.7882
ds2,SlowIncreaseFastReset-Zero,510000,0.7909
ds2,SlowIncreaseFastReset-Zero,520000,0.7901
ds2,SlowIncreaseFastReset-Zero,530000,0.7953
ds2,SlowIncreaseFastReset-Zero,540000,0.7975
ds2,SlowIncreaseFastReset-Zero,550000,0.7799
ds2,SlowIncreaseFastReset-Zero,560000,0.7306
ds2,SlowIncreaseFastReset-Zero,570000,0.7584
ds2,SlowIncreaseFastReset-Zero,580000,0.7648
ds2,SlowIncreaseFastReset-Zero,590000,0.7632
ds2,SlowIncreaseFastReset-Zero,600000,0.7672
ds2,SlowIncreaseFastReset-Zero,610000,0.7548
ds2,SlowIncreaseFastReset-Zero,620000,0.7604
ds2,SlowIncreaseFastReset-Zero,630000,0.7487
ds2,SlowIncreaseFastReset-Zero,640000,0.755
ds2,SlowIncreaseFastReset-Zero,650000,0.7513
ds2,SlowIncreaseFastReset-Zero,660000,0.7539
ds2,SlowIncreaseFastReset-Zero,670000,0.7547
ds2,SlowIncreaseFastReset-Zero,680000,0.7536
ds2,SlowIncreaseFastReset-Zero,690000,0.7686
ds2,SlowIncreaseFastReset-Zero,700000,0.7738
ds2,SlowIncreaseFastReset-Zero,710000,0.7833
ds2,SlowIncreaseFastReset-Zero,720000,0.796
ds2,SlowIncreaseFastReset-Zero,730000,0.7955
ds2,SlowIncreaseFastReset-Zero,740000,0.7954
ds2,SlowIncreaseFastReset-Zero,750000,0.801
ds2,SlowIncreaseFastReset-Zero,760000,0.7991
ds2,SlowIncreaseFastReset-Zero,770000,0.8016
ds2,SlowIncreaseFastReset-Zero,780000,0.7932
ds2,SlowIncreaseFastReset-Zero,790000,0.7855
ds2,SlowIncreaseFastReset-Zero,800000,0.7956
ds2,SlowIncreaseFastReset-Zero,810000,0.9044
ds2,SlowIncreaseFastReset-Zero,820000,0.969
ds2,SlowIncreaseFastReset-Zero,830000,0.9884
ds2,SlowIncreaseFastReset-Zero,840000,0.9948
ds2,SlowIncreaseFastReset-Zero,850000,0.9987
ds2,SlowIncreaseFastReset-Zero,860000,0.9996
ds2,SlowIncreaseFastReset-Zero,870000,0.9996
ds2,SlowIncreaseFastReset-Zero,880000,0.9993
ds2,SlowIncreaseFastReset-Zero,890000,0.9999
ds2,SlowIncreaseFastReset-Zero,900000,0.9996
ds2,SlowIncreaseFastReset-Zero,910000,0.9998
ds2,SlowIncreaseFastReset-Zero,920000,0.9998
ds2,SlowIncreaseFastReset-Zero,930000,1.0
ds2,SlowIncreaseFastReset-Zero,940000,0.9999
ds2,SlowIncreaseFastReset-Zero,950000,1.0
ds2,SlowIncreaseFastReset-Zero,960000,1.0
ds2,SlowIncreaseFastReset-Zero,970000,1.0
ds2,SlowIncreaseFastReset-Zero,980000,1.0
ds2,SlowIncreaseFastReset-Zero,990000,1.0
ds2,SlowIncreaseFastReset-Zero,1000000,0.9998
ds2,SlowIncreaseFastReset-Zero,1010000,0.9999
ds2,SlowIncreaseFastReset-Zero,1020000,1.0
ds2,SlowIncreaseFastReset-Zero,1030000,0.9999
ds2,SlowIncreaseFastReset-Zero,1040000,1.0
ds2,SlowIncreaseFastReset-Zero,1050000,1.0
ds2,SlowIncreaseFastReset-Zero,1060000,1.0
ds2,SlowIncreaseFastReset-Zero,1070000,1.0
ds2,SlowIncreaseFastReset-Zero,1073065,1.0
ds2,SlowIncreaseFastReset-Init,10000,0.7505
ds2,SlowIncreaseFastReset-Init,20000,0.7514
ds2,SlowIncreaseFastReset-Init,30000,0.7625
ds2,SlowIncreaseFastReset-Init,40000,0.7778
ds2,SlowIncreaseFastReset-Init,50000,0.7794
ds2,SlowIncreaseFastReset-Init,60000,0.7663
ds2,SlowIncreaseFastReset-Init,70000,0.7745
ds2,SlowIncreaseFastReset-Init,80000,0.7463
ds2,SlowIncreaseFastReset-Init,90000,0.7592
ds2,SlowIncreaseFastReset-Init,100000,0.7812
ds2,SlowIncreaseFastReset-Init,110000,0.765
ds2,SlowIncreaseFastReset-Init,120000,0.7775
ds2,SlowIncreaseFastReset-Init,130000,0.7714
ds2,SlowIncreaseFastReset-Init,140000,0.7744
ds2,SlowIncreaseFastReset-Init,150000,0.7484
ds2,SlowIncreaseFastReset-Init,160000,0.7729
ds2,SlowIncreaseFastReset-Init,170000,0.7847
ds2,SlowIncreaseFastReset-Init,180000,0.7377
ds2,SlowIncreaseFastReset-Init,190000,0.7463
ds2,SlowIncreaseFastReset-Init,200000,0.747
ds2,SlowIncreaseFastReset-Init,210000,0.7526
ds2,SlowIncreaseFastReset-Init,220000,0.7256
ds2,SlowIncreaseFastReset-Init,230000,0.7545
ds2,SlowIncreaseFastReset-Init,240000,0.7449
ds2,SlowIncreaseFastReset-Init,250000,0.7528
ds2,SlowIncreaseFastReset-Init,260000,0.7524
ds2,SlowIncreaseFastReset-Init,270000,0.7339
ds2,SlowIncreaseFastReset-Init,280000,0.7496
ds2,SlowIncreaseFastReset-Init,290000,0.7606
ds2,SlowIncreaseFastReset-Init,300000,0.752
ds2,SlowIncreaseFastReset-Init,310000,0.7694
ds2,SlowIncreaseFastReset-Init,320000,0.783
ds2,SlowIncreaseFastReset-Init,330000,0.7853
ds2,SlowIncreaseFastReset-Init,340000,0.7744
ds2,SlowIncreaseFastReset-Init,350000,0.7751
ds2,SlowIncreaseFastReset-Init,360000,0.7754
ds2,SlowIncreaseFastReset-Init,370000,0.7798
ds2,SlowIncreaseFastReset-Init,380000,0.7918
ds2,SlowIncreaseFastReset-Init,390000,0.799
ds2,SlowIncreaseFastReset-Init,400000,0.7854
ds2,SlowIncreaseFastReset-Init,410000,0.7893
ds2,SlowIncreaseFastReset-Init,420000,0.7857
ds2,SlowIncreaseFastReset-Init,430000,0.7836
ds2,SlowIncreaseFastReset-Init,440000,0.7332
ds2,SlowIncreaseFastReset-Init,450000,0.7917
ds2,SlowIncreaseFastReset-Init,460000,0.7978
ds2,SlowIncreaseFastReset-Init,470000,0.8043
ds2,SlowIncreaseFastReset-Init,480000,0.8067
ds2,SlowIncreaseFastReset-Init,490000,0.7963
ds2,SlowIncreaseFastReset-Init,500000,0.7835
ds2,SlowIncreaseFastReset-Init,510000,0.8102
ds2,SlowIncreaseFastReset-Init,520000,0.82
ds2,SlowIncreaseFastReset-Init,530000,0.7922
ds2,SlowIncreaseFastReset-Init,540000,0.7797
ds2,SlowIncreaseFastReset-Init,550000,0.7052
ds2,SlowIncreaseFastReset-Init,560000,0.7274
ds2,SlowIncreaseFastReset-Init,570000,0.7553
ds2,SlowIncreaseFastReset-Init,580000,0.7604
ds2,SlowIncreaseFastReset-Init,590000,0.7548
ds2,SlowIncreaseFastReset-Init,600000,0.7578
ds2,SlowIncreaseFastReset-Init,610000,0.7421
ds2,SlowIncreaseFastReset-Init,620000,0.7511
ds2,SlowIncreaseFastReset-Init,630000,0.7449
ds2,SlowIncreaseFastReset-Init,640000,0.7555
ds2,SlowIncreaseFastReset-Init,650000,0.7637
ds2,SlowIncreaseFastReset-Init,660000,0.7627
ds2,SlowIncreaseFastReset-Init,670000,0.7664
ds2,SlowIncreaseFastReset-Init,680000,0.7604
ds2,SlowIncreaseFastReset-Init,690000,0.7678
ds2,SlowIncreaseFastReset-Init,700000,0.7745
ds2,SlowIncreaseFastReset-Init,710000,0.7645
ds2,SlowIncreaseFastReset-Init,720000,0.7422
ds2,SlowIncreaseFastReset-Init,730000,0.7707
ds2,SlowIncreaseFastReset-Init,740000,0.7718
ds2,SlowIncreaseFastReset-Init,750000,0.7889
ds2,SlowIncreaseFastReset-Init,760000,0.7778
ds2,SlowIncreaseFastReset-Init,770000,0.7764
ds2,SlowIncreaseFastReset-Init,780000,0.7685
ds2,SlowIncreaseFastReset-Init,790000,0.7616
ds2,SlowIncreaseFastReset-Init,800000,0.7913
ds2,SlowIncreaseFastReset-Init,810000,0.9512
ds2,SlowIncreaseFastReset-Init,820000,0.984
ds2,SlowIncreaseFastReset-Init,830000,0.9884
ds2,SlowIncreaseFastReset-Init,840000,0.9948
ds2,SlowIncreaseFastReset-Init,850000,0.9987
ds2,SlowIncreaseFastReset-Init,860000,0.9996
ds2,SlowIncreaseFastReset-Init,870000,0.9996
ds2,SlowIncreaseFastReset-Init,880000,0.9993
ds2,SlowIncreaseFastReset-Init,890000,0.9999
ds2,SlowIncreaseFastReset-Init,900000,0.9996
ds2,SlowIncreaseFastReset-Init,910000,0.9998
ds2,SlowIncreaseFastReset-Init,920000,0.9998
ds2,SlowIncreaseFastReset-Init,930000,1.0
ds2,SlowIncreaseFastReset-Init,940000,0.9999
ds2,SlowIncreaseFastReset-Init,950000,1.0
ds2,SlowIncreaseFastReset-Init,960000,1.0
ds2,SlowIncreaseFastReset-Init,970000,1.0
ds2,SlowIncreaseFastReset-Init,980000,1.0
ds2,SlowIncreaseFastReset-Init,990000,1.0
ds2,SlowIncreaseFastReset-Init,1000000,0.9998
ds2,SlowIncreaseFastReset-Init,1010000,0.9999
ds2,SlowIncreaseFastReset-Init,1020000,1.0
ds2,SlowIncreaseFastReset-Init,1030000,0.9999
ds2,SlowIncreaseFastReset-Init,1040000,1.0
ds2,SlowIncreaseFastReset-Init,1050000,1.0
ds2,SlowIncreaseFastReset-Init,1060000,1.0
ds2,SlowIncreaseFastReset-Init,1070000,1.0
ds2,SlowIncreaseFastReset-Init,1073065,1.0
