stream,config,end_idx,accuracy
s_label_flip_seed0,accumulativeMNB,500,0.596
s_label_flip_seed0,accumulativeMNB,1000,0.664
s_label_flip_seed0,accumulativeMNB,1500,0.652
s_label_flip_seed0,accumulativeMNB,2000,0.692
s_label_flip_seed0,accumulativeMNB,2500,0.706
s_label_flip_seed0,accumulativeMNB,3000,0.75
s_label_flip_seed0,accumulativeMNB,3500,0.73
s_label_flip_seed0,accumulativeMNB,4000,0.714
s_label_flip_seed0,accumulativeMNB,4500,0.738
s_label_flip_seed0,accumulativeMNB,5000,0.702
s_label_flip_seed0,accumulativeMNB,5500,0.712
s_label_flip_seed0,accumulativeMNB,6000,0.738
s_label_flip_seed0,accumulativeMNB,6500,0.75
s_label_flip_seed0,accumulativeMNB,7000,0.734
s_label_flip_seed0,accumulativeMNB,7500,0.754
s_label_flip_seed0,accumulativeMNB,8000,0.728
s_label_flip_seed0,accumulativeMNB,8500,0.762
s_label_flip_seed0,accumulativeMNB,9000,0.74
s_label_flip_seed0,accumulativeMNB,9500,0.746
s_label_flip_seed0,accumulativeMNB,10000,0.744
s_label_flip_seed0,accumulativeMNB,10500,0.798
s_label_flip_seed0,accumulativeMNB,11000,0.738
s_label_flip_seed0,accumulativeMNB,11500,0.738
s_label_flip_seed0,accumulativeMNB,12000,0.734
s_label_flip_seed0,accumulativeMNB,12500,0.724
s_label_flip_seed0,accumulativeMNB,13000,0.754
s_label_flip_seed0,accumulativeMNB,13500,0.748
s_label_flip_seed0,accumulativeMNB,14000,0.746
s_label_flip_seed0,accumulativeMNB,14500,0.756
s_label_flip_seed0,accumulativeMNB,15000,0.764
s_label_flip_seed0,accumulativeMNB,15500,0.764
s_label_flip_seed0,accumulativeMNB,16000,0.732
s_label_flip_seed0,accumulativeMNB,16500,0.73
s_label_flip_seed0,accumulativeMNB,17000,0.726
s_label_flip_seed0,accumulativeMNB,17500,0.746
s_label_flip_seed0,accumulativeMNB,18000,0.77
s_label_flip_seed0,accumulativeMNB,18500,0.778
s_label_flip_seed0,accumulativeMNB,19000,0.72
s_label_flip_seed0,accumulativeMNB,19500,0.754
s_label_flip_seed0,accumulativeMNB,20000,0.726
s_label_flip_seed0,accumulativeMNB,20500,0.73
s_label_flip_seed0,accumulativeMNB,21000,0.754
s_label_flip_seed0,accumulativeMNB,21500,0.792
s_label_flip_seed0,accumulativeMNB,22000,0.774
s_label_flip_seed0,accumulativeMNB,22500,0.77
s_label_flip_seed0,accumulativeMNB,23000,0.774
s_label_flip_seed0,accumulativeMNB,23500,0.738
s_label_flip_seed0,accumulativeMNB,24000,0.766
s_label_flip_seed0,accumulativeMNB,24500,0.758
s_label_flip_seed0,accumulativeMNB,25000,0.748
s_label_flip_seed0,accumulativeMNB,25500,0.758
s_label_flip_seed0,accumulativeMNB,26000,0.768
s_label_flip_seed0,accumulativeMNB,26500,0.748
s_label_flip_seed0,accumulativeMNB,27000,0.722
s_label_flip_seed0,accumulativeMNB,27500,0.768
s_label_flip_seed0,accumulativeMNB,28000,0.734
s_label_flip_seed0,accumulativeMNB,28500,0.774
s_label_flip_seed0,accumulativeMNB,29000,0.766
s_label_flip_seed0,accumulativeMNB,29500,0.746
s_label_flip_seed0,accumulativeMNB,30000,0.738
s_label_flip_seed0,accumulativeMNB,30500,0.764
s_label_flip_seed0,accumulativeMNB,31000,0.722
s_label_flip_seed0,accumulativeMNB,31500,0.768
s_label_flip_seed0,accumulativeMNB,32000,0.748
s_label_flip_seed0,accumulativeMNB,32500,0.738
s_label_flip_seed0,accumulativeMNB,33000,0.79
s_label_flip_seed0,accumulativeMNB,33500,0.77
s_label_flip_seed0,accumulativeMNB,34000,0.756
s_label_flip_seed0,accumulativeMNB,34500,0.754
s_label_flip_seed0,accumulativeMNB,35000,0.776
s_label_flip_seed0,accumulativeMNB,35500,0.776
s_label_flip_seed0,accumulativeMNB,36000,0.762
s_label_flip_seed0,accumulativeMNB,36500,0.764
s_label_flip_seed0,accumulativeMNB,37000,0.726
s_label_flip_seed0,accumulativeMNB,37500,0.766
s_label_flip_seed0,accumulativeMNB,38000,0.72
s_label_flip_seed0,accumulativeMNB,38500,0.76
s_label_flip_seed0,accumulativeMNB,39000,0.75
s_label_flip_seed0,accumulativeMNB,39500,0.79
s_label_flip_seed0,accumulativeMNB,40000,0.77
s_label_flip_seed0,accumulativeMNB,40500,0.25
s_label_flip_seed0,accumulativeMNB,41000,0.244
s_label_flip_seed0,accumulativeMNB,41500,0.218
s_label_flip_seed0,accumulativeMNB,42000,0.238
s_label_flip_seed0,accumulativeMNB,42500,0.268
s_label_flip_seed0,accumulativeMNB,43000,0.234
s_label_flip_seed0,accumulativeMNB,43500,0.246
s_label_flip_seed0,accumulativeMNB,44000,0.196
s_label_flip_seed0,accumulativeMNB,44500,0.27
s_label_flip_seed0,accumulativeMNB,45000,0.236
s_label_flip_seed0,accumulativeMNB,45500,0.258
s_label_flip_seed0,accumulativeMNB,46000,0.276
s_label_flip_seed0,accumulativeMNB,46500,0.212
s_label_flip_seed0,accumulativeMNB,47000,0.228
s_label_flip_seed0,accumulativeMNB,47500,0.254
s_label_flip_seed0,accumulativeMNB,48000,0.282
s_label_flip_seed0,accumulativeMNB,48500,0.27
s_label_flip_seed0,accumulativeMNB,49000,0.26
s_label_flip_seed0,accumulativeMNB,49500,0.26
s_label_flip_seed0,accumulativeMNB,50000,0.296
s_label_flip_seed0,accumulativeMNB,50500,0.252
s_label_flip_seed0,accumulativeMNB,51000,0.266
s_label_flip_seed0,accumulativeMNB,51500,0.242
s_label_flip_seed0,accumulativeMNB,52000,0.236
s_label_flip_seed0,accumulativeMNB,52500,0.226
s_label_flip_seed0,accumulativeMNB,53000,0.258
s_label_flip_seed0,accumulativeMNB,53500,0.264
s_label_flip_seed0,accumulativeMNB,54000,0.282
s_label_flip_seed0,accumulativeMNB,54500,0.276
s_label_flip_seed0,accumulativeMNB,55000,0.26
s_label_flip_seed0,accumulativeMNB,55500,0.28
s_label_flip_seed0,accumulativeMNB,56000,0.28
s_label_flip_seed0,accumulativeMNB,56500,0.294
s_label_flip_seed0,accumulativeMNB,57000,0.272
s_label_flip_seed0,accumulativeMNB,57500,0.3
s_label_flip_seed0,accumulativeMNB,58000,0.318
s_label_flip_seed0,accumulativeMNB,58500,0.318
s_label_flip_seed0,accumulativeMNB,59000,0.284
s_label_flip_seed0,accumulativeMNB,59500,0.31
s_label_flip_seed0,accumulativeMNB,60000,0.308
s_label_flip_seed0,accumulativeMNB,60500,0.324
s_label_flip_seed0,accumulativeMNB,61000,0.296
s_label_flip_seed0,accumulativeMNB,61500,0.34
s_label_flip_seed0,accumulativeMNB,62000,0.314
s_label_flip_seed0,accumulativeMNB,62500,0.362
s_label_flip_seed0,accumulativeMNB,63000,0.296
s_label_flip_seed0,accumulativeMNB,63500,0.324
s_label_flip_seed0,accumulativeMNB,64000,0.336
s_label_flip_seed0,accumulativeMNB,64500,0.334
s_label_flip_seed0,accumulativeMNB,65000,0.33
s_label_flip_seed0,accumulativeMNB,65500,0.308
s_label_flip_seed0,accumulativeMNB,66000,0.328
s_label_flip_seed0,accumulativeMNB,66500,0.354
s_label_flip_seed0,accumulativeMNB,67000,0.332
s_label_flip_seed0,accumulativeMNB,67500,0.322
s_label_flip_seed0,accumulativeMNB,68000,0.332
s_label_flip_seed0,accumulativeMNB,68500,0.376
s_label_flip_seed0,accumulativeMNB,69000,0.358
s_label_flip_seed0,accumulativeMNB,69500,0.324
s_label_flip_seed0,accumulativeMNB,70000,0.39
s_label_flip_seed0,accumulativeMNB,70500,0.348
s_label_flip_seed0,accumulativeMNB,71000,0.372
s_label_flip_seed0,accumulativeMNB,71500,0.392
s_label_flip_seed0,accumulativeMNB,72000,0.39
s_label_flip_seed0,accumulativeMNB,72500,0.386
s_label_flip_seed0,accumulativeMNB,73000,0.376
s_label_flip_seed0,accumulativeMNB,73500,0.38
s_label_flip_seed0,accumulativeMNB,74000,0.458
s_label_flip_seed0,accumulativeMNB,74500,0.402
s_label_flip_seed0,accumulativeMNB,75000,0.442
s_label_flip_seed0,accumulativeMNB,75500,0.452
s_label_flip_seed0,accumulativeMNB,76000,0.46
s_label_flip_seed0,accumulativeMNB,76500,0.484
s_label_flip_seed0,accumulativeMNB,77000,0.456
s_label_flip_seed0,accumulativeMNB,77500,0.47
s_label_flip_seed0,accumulativeMNB,78000,0.436
s_label_flip_seed0,accumulativeMNB,78500,0.48
s_label_flip_seed0,accumulativeMNB,79000,0.516
s_label_flip_seed0,accumulativeMNB,79500,0.45
s_label_flip_seed0,accumulativeMNB,80000,0.512
s_label_flip_seed0,fadingMNB,500,0.596
s_label_flip_seed0,fadingMNB,1000,0.668
s_label_flip_seed0,fadingMNB,1500,0.652
s_label_flip_seed0,fadingMNB,2000,0.692
s_label_flip_seed0,fadingMNB,2500,0.704
s_label_flip_seed0,fadingMNB,3000,0.75
s_label_flip_seed0,fadingMNB,3500,0.72
s_label_flip_seed0,fadingMNB,4000,0.71
s_label_flip_seed0,fadingMNB,4500,0.738
s_label_flip_seed0,fadingMNB,5000,0.702
s_label_flip_seed0,fadingMNB,5500,0.72
s_label_flip_seed0,fadingMNB,6000,0.74
s_label_flip_seed0,fadingMNB,6500,0.748
s_label_flip_seed0,fadingMNB,7000,0.744
s_label_flip_seed0,fadingMNB,7500,0.752
s_label_flip_seed0,fadingMNB,8000,0.718
s_label_flip_seed0,fadingMNB,8500,0.756
s_label_flip_seed0,fadingMNB,9000,0.742
s_label_flip_seed0,fadingMNB,9500,0.742
s_label_flip_seed0,fadingMNB,10000,0.742
s_label_flip_seed0,fadingMNB,10500,0.8
s_label_flip_seed0,fadingMNB,11000,0.738
s_label_flip_seed0,fadingMNB,11500,0.74
s_label_flip_seed0,fadingMNB,12000,0.74
s_label_flip_seed0,fadingMNB,12500,0.726
s_label_flip_seed0,fadingMNB,13000,0.76
s_label_flip_seed0,fadingMNB,13500,0.756
s_label_flip_seed0,fadingMNB,14000,0.758
s_label_flip_seed0,fadingMNB,14500,0.76
s_label_flip_seed0,fadingMNB,15000,0.762
s_label_flip_seed0,fadingMNB,15500,0.768
s_label_flip_seed0,fadingMNB,16000,0.734
s_label_flip_seed0,fadingMNB,16500,0.734
s_label_flip_seed0,fadingMNB,17000,0.742
s_label_flip_seed0,fadingMNB,17500,0.756
s_label_flip_seed0,fadingMNB,18000,0.772
s_label_flip_seed0,fadingMNB,18500,0.768
s_label_flip_seed0,fadingMNB,19000,0.724
s_label_flip_seed0,fadingMNB,19500,0.738
s_label_flip_seed0,fadingMNB,20000,0.728
s_label_flip_seed0,fadingMNB,20500,0.738
s_label_flip_seed0,fadingMNB,21000,0.754
s_label_flip_seed0,fadingMNB,21500,0.786
s_label_flip_seed0,fadingMNB,22000,0.77
s_label_flip_seed0,fadingMNB,22500,0.78
s_label_flip_seed0,fadingMNB,23000,0.78
s_label_flip_seed0,fadingMNB,23500,0.756
s_label_flip_seed0,fadingMNB,24000,0.76
s_label_flip_seed0,fadingMNB,24500,0.756
s_label_flip_seed0,fadingMNB,25000,0.74
s_label_flip_seed0,fadingMNB,25500,0.754
s_label_flip_seed0,fadingMNB,26000,0.76
s_label_flip_seed0,fadingMNB,26500,0.764
s_label_flip_seed0,fadingMNB,27000,0.722
s_label_flip_seed0,fadingMNB,27500,0.754
s_label_flip_seed0,fadingMNB,28000,0.734
s_label_flip_seed0,fadingMNB,28500,0.766
s_label_flip_seed0,fadingMNB,29000,0.772
s_label_flip_seed0,fadingMNB,29500,0.744
s_label_flip_seed0,fadingMNB,30000,0.754
s_label_flip_seed0,fadingMNB,30500,0.764
s_label_flip_seed0,fadingMNB,31000,0.726
s_label_flip_seed0,fadingMNB,31500,0.772
s_label_flip_seed0,fadingMNB,32000,0.736
s_label_flip_seed0,fadingMNB,32500,0.738
s_label_flip_seed0,fadingMNB,33000,0.784
s_label_flip_seed0,fadingMNB,33500,0.768
s_label_flip_seed0,fadingMNB,34000,0.762
s_label_flip_seed0,fadingMNB,34500,0.756
s_label_flip_seed0,fadingMNB,35000,0.776
s_label_flip_seed0,fadingMNB,35500,0.77
s_label_flip_seed0,fadingMNB,36000,0.758
s_label_flip_seed0,fadingMNB,36500,0.744
s_label_flip_seed0,fadingMNB,37000,0.736
s_label_flip_seed0,fadingMNB,37500,0.766
s_label_flip_seed0,fadingMNB,38000,0.73
s_label_flip_seed0,fadingMNB,38500,0.762
s_label_flip_seed0,fadingMNB,39000,0.738
s_label_flip_seed0,fadingMNB,39500,0.8
s_label_flip_seed0,fadingMNB,40000,0.764
s_label_flip_seed0,fadingMNB,40500,0.236
s_label_flip_seed0,fadingMNB,41000,0.244
s_label_flip_seed0,fadingMNB,41500,0.216
s_label_flip_seed0,fadingMNB,42000,0.244
s_label_flip_seed0,fadingMNB,42500,0.274
s_label_flip_seed0,fadingMNB,43000,0.242
s_label_flip_seed0,fadingMNB,43500,0.258
s_label_flip_seed0,fadingMNB,44000,0.202
s_label_flip_seed0,fadingMNB,44500,0.274
s_label_flip_seed0,fadingMNB,45000,0.236
s_label_flip_seed0,fadingMNB,45500,0.254
s_label_flip_seed0,fadingMNB,46000,0.286
s_label_flip_seed0,fadingMNB,46500,0.23
s_label_flip_seed0,fadingMNB,47000,0.256
s_label_flip_seed0,fadingMNB,47500,0.262
s_label_flip_seed0,fadingMNB,48000,0.316
s_label_flip_seed0,fadingMNB,48500,0.282
s_label_flip_seed0,fadingMNB,49000,0.278
s_label_flip_seed0,fadingMNB,49500,0.266
s_label_flip_seed0,fadingMNB,50000,0.306
s_label_flip_seed0,fadingMNB,50500,0.252
s_label_flip_seed0,fadingMNB,51000,0.278
s_label_flip_seed0,fadingMNB,51500,0.282
s_label_flip_seed0,fadingMNB,52000,0.262
s_label_flip_seed0,fadingMNB,52500,0.28
s_label_flip_seed0,fadingMNB,53000,0.304
s_label_flip_seed0,fadingMNB,53500,0.302
s_label_flip_seed0,fadingMNB,54000,0.334
s_label_flip_seed0,fadingMNB,54500,0.324
s_label_flip_seed0,fadingMNB,55000,0.29
s_label_flip_seed0,fadingMNB,55500,0.288
s_label_flip_seed0,fadingMNB,56000,0.318
s_label_flip_seed0,fadingMNB,56500,0.334
s_label_flip_seed0,fadingMNB,57000,0.32
s_label_flip_seed0,fadingMNB,57500,0.344
s_label_flip_seed0,fadingMNB,58000,0.328
s_label_flip_seed0,fadingMNB,58500,0.36
s_label_flip_seed0,fadingMNB,59000,0.326
s_label_flip_seed0,fadingMNB,59500,0.324
s_label_flip_seed0,fadingMNB,60000,0.348
s_label_flip_seed0,fadingMNB,60500,0.39
s_label_flip_seed0,fadingMNB,61000,0.356
s_label_flip_seed0,fadingMNB,61500,0.364
s_label_flip_seed0,fadingMNB,62000,0.384
s_label_flip_seed0,fadingMNB,62500,0.376
s_label_flip_seed0,fadingMNB,63000,0.352
s_label_flip_seed0,fadingMNB,63500,0.42
s_label_flip_seed0,fadingMNB,64000,0.414
s_label_flip_seed0,fadingMNB,64500,0.366
s_label_flip_seed0,fadingMNB,65000,0.4
s_label_flip_seed0,fadingMNB,65500,0.348
s_label_flip_seed0,fadingMNB,66000,0.41
s_label_flip_seed0,fadingMNB,66500,0.442
s_label_flip_seed0,fadingMNB,67000,0.418
s_label_flip_seed0,fadingMNB,67500,0.416
s_label_flip_seed0,fadingMNB,68000,0.406
s_label_flip_seed0,fadingMNB,68500,0.456
s_label_flip_seed0,fadingMNB,69000,0.442
s_label_flip_seed0,fadingMNB,69500,0.4
s_label_flip_seed0,fadingMNB,70000,0.452
s_label_flip_seed0,fadingMNB,70500,0.42
s_label_flip_seed0,fadingMNB,71000,0.486
s_label_flip_seed0,fadingMNB,71500,0.49
s_label_flip_seed0,fadingMNB,72000,0.478
s_label_flip_seed0,fadingMNB,72500,0.466
s_label_flip_seed0,fadingMNB,73000,0.45
s_label_flip_seed0,fadingMNB,73500,0.482
s_label_flip_seed0,fadingMNB,74000,0.496
s_label_flip_seed0,fadingMNB,74500,0.468
s_label_flip_seed0,fadingMNB,75000,0.506
s_label_flip_seed0,fadingMNB,75500,0.548
s_label_flip_seed0,fadingMNB,76000,0.49
s_label_flip_seed0,fadingMNB,76500,0.556
s_label_flip_seed0,fadingMNB,77000,0.56
s_label_flip_seed0,fadingMNB,77500,0.548
s_label_flip_seed0,fadingMNB,78000,0.51
s_label_flip_seed0,fadingMNB,78500,0.536
s_label_flip_seed0,fadingMNB,79000,0.558
s_label_flip_seed0,fadingMNB,79500,0.522
s_label_flip_seed0,fadingMNB,80000,0.546
s_label_flip_seed0,baseline,500,0.596
s_label_flip_seed0,baseline,1000,0.664
s_label_flip_seed0,baseline,1500,0.652
s_label_flip_seed0,baseline,2000,0.692
s_label_flip_seed0,baseline,2500,0.706
s_label_flip_seed0,baseline,3000,0.75
s_label_flip_seed0,baseline,3500,0.73
s_label_flip_seed0,baseline,4000,0.714
s_label_flip_seed0,baseline,4500,0.738
s_label_flip_seed0,baseline,5000,0.702
s_label_flip_seed0,baseline,5500,0.712
s_label_flip_seed0,baseline,6000,0.738
s_label_flip_seed0,baseline,6500,0.75
s_label_flip_seed0,baseline,7000,0.734
s_label_flip_seed0,baseline,7500,0.754
s_label_flip_seed0,baseline,8000,0.728
s_label_flip_seed0,baseline,8500,0.762
s_label_flip_seed0,baseline,9000,0.74
s_label_flip_seed0,baseline,9500,0.746
s_label_flip_seed0,baseline,10000,0.744
s_label_flip_seed0,baseline,10500,0.798
s_label_flip_seed0,baseline,11000,0.738
s_label_flip_seed0,baseline,11500,0.738
s_label_flip_seed0,baseline,12000,0.734
s_label_flip_seed0,baseline,12500,0.724
s_label_flip_seed0,baseline,13000,0.754
s_label_flip_seed0,baseline,13500,0.748
s_label_flip_seed0,baseline,14000,0.746
s_label_flip_seed0,baseline,14500,0.756
s_label_flip_seed0,baseline,15000,0.764
s_label_flip_seed0,baseline,15500,0.764
s_label_flip_seed0,baseline,16000,0.732
s_label_flip_seed0,baseline,16500,0.73
s_label_flip_seed0,baseline,17000,0.726
s_label_flip_seed0,baseline,17500,0.746
s_label_flip_seed0,baseline,18000,0.77
s_label_flip_seed0,baseline,18500,0.778
s_label_flip_seed0,baseline,19000,0.72
s_label_flip_seed0,baseline,19500,0.754
s_label_flip_seed0,baseline,20000,0.726
s_label_flip_seed0,baseline,20500,0.73
s_label_flip_seed0,baseline,21000,0.754
s_label_flip_seed0,baseline,21500,0.792
s_label_flip_seed0,baseline,22000,0.774
s_label_flip_seed0,baseline,22500,0.77
s_label_flip_seed0,baseline,23000,0.774
s_label_flip_seed0,baseline,23500,0.738
s_label_flip_seed0,baseline,24000,0.766
s_label_flip_seed0,baseline,24500,0.714
s_label_flip_seed0,baseline,25000,0.728
s_label_flip_seed0,baseline,25500,0.71
s_label_flip_seed0,baseline,26000,0.746
s_label_flip_seed0,baseline,26500,0.758
s_label_flip_seed0,baseline,27000,0.714
s_label_flip_seed0,baseline,27500,0.736
s_label_flip_seed0,baseline,28000,0.728
s_label_flip_seed0,baseline,28500,0.744
s_label_flip_seed0,baseline,29000,0.738
s_label_flip_seed0,baseline,29500,0.738
s_label_flip_seed0,baseline,30000,0.744
s_label_flip_seed0,baseline,30500,0.742
s_label_flip_seed0,baseline,31000,0.714
s_label_flip_seed0,baseline,31500,0.762
s_label_flip_seed0,baseline,32000,0.746
s_label_flip_seed0,baseline,32500,0.724
s_label_flip_seed0,baseline,33000,0.752
s_label_flip_seed0,baseline,33500,0.758
s_label_flip_seed0,baseline,34000,0.762
s_label_flip_seed0,baseline,34500,0.744
s_label_flip_seed0,baseline,35000,0.758
s_label_flip_seed0,baseline,35500,0.758
s_label_flip_seed0,baseline,36000,0.75
s_label_flip_seed0,baseline,36500,0.762
s_label_flip_seed0,baseline,37000,0.724
s_label_flip_seed0,baseline,37500,0.748
s_label_flip_seed0,baseline,38000,0.72
s_label_flip_seed0,baseline,38500,0.75
s_label_flip_seed0,baseline,39000,0.736
s_label_flip_seed0,baseline,39500,0.78
s_label_flip_seed0,baseline,40000,0.75
s_label_flip_seed0,baseline,40500,0.274
s_label_flip_seed0,baseline,41000,0.256
s_label_flip_seed0,baseline,41500,0.256
s_label_flip_seed0,baseline,42000,0.27
s_label_flip_seed0,baseline,42500,0.28
s_label_flip_seed0,baseline,43000,0.27
s_label_flip_seed0,baseline,43500,0.264
s_label_flip_seed0,baseline,44000,0.23
s_label_flip_seed0,baseline,44500,0.71
s_label_flip_seed0,baseline,45000,0.746
s_label_flip_seed0,baseline,45500,0.746
s_label_flip_seed0,baseline,46000,0.712
s_label_flip_seed0,baseline,46500,0.75
s_label_flip_seed0,baseline,47000,0.784
s_label_flip_seed0,baseline,47500,0.754
s_label_flip_seed0,baseline,48000,0.73
s_label_flip_seed0,baseline,48500,0.752
s_label_flip_seed0,baseline,49000,0.746
s_label_flip_seed0,baseline,49500,0.756
s_label_flip_seed0,baseline,50000,0.754
s_label_flip_seed0,baseline,50500,0.746
s_label_flip_seed0,baseline,51000,0.76
s_label_flip_seed0,baseline,51500,0.766
s_label_flip_seed0,baseline,52000,0.756
s_label_flip_seed0,baseline,52500,0.766
s_label_flip_seed0,baseline,53000,0.72
s_label_flip_seed0,baseline,53500,0.752
s_label_flip_seed0,baseline,54000,0.726
s_label_flip_seed0,baseline,54500,0.778
s_label_flip_seed0,baseline,55000,0.774
s_label_flip_seed0,baseline,55500,0.762
s_label_flip_seed0,baseline,56000,0.754
s_label_flip_seed0,baseline,56500,0.75
s_label_flip_seed0,baseline,57000,0.762
s_label_flip_seed0,baseline,57500,0.734
s_label_flip_seed0,baseline,58000,0.73
s_label_flip_seed0,baseline,58500,0.762
s_label_flip_seed0,baseline,59000,0.716
s_label_flip_seed0,baseline,59500,0.736
s_label_flip_seed0,baseline,60000,0.768
s_label_flip_seed0,baseline,60500,0.756
s_label_flip_seed0,baseline,61000,0.756
s_label_flip_seed0,baseline,61500,0.742
s_label_flip_seed0,baseline,62000,0.76
s_label_flip_seed0,baseline,62500,0.718
s_label_flip_seed0,baseline,63000,0.706
s_label_flip_seed0,baseline,63500,0.792
s_label_flip_seed0,baseline,64000,0.744
s_label_flip_seed0,baseline,64500,0.762
s_label_flip_seed0,baseline,65000,0.77
s_label_flip_seed0,baseline,65500,0.744
s_label_flip_seed0,baseline,66000,0.784
s_label_flip_seed0,baseline,66500,0.75
s_label_flip_seed0,baseline,67000,0.768
s_label_flip_seed0,baseline,67500,0.724
s_label_flip_seed0,baseline,68000,0.742
s_label_flip_seed0,baseline,68500,0.74
s_label_flip_seed0,baseline,69000,0.756
s_label_flip_seed0,baseline,69500,0.704
s_label_flip_seed0,baseline,70000,0.744
s_label_flip_seed0,baseline,70500,0.768
s_label_flip_seed0,baseline,71000,0.776
s_label_flip_seed0,baseline,71500,0.766
s_label_flip_seed0,baseline,72000,0.756
s_label_flip_seed0,baseline,72500,0.798
s_label_flip_seed0,baseline,73000,0.782
s_label_flip_seed0,baseline,73500,0.77
s_label_flip_seed0,baseline,74000,0.778
s_label_flip_seed0,baseline,74500,0.738
s_label_flip_seed0,baseline,75000,0.766
s_label_flip_seed0,baseline,75500,0.778
s_label_flip_seed0,baseline,76000,0.786
s_label_flip_seed0,baseline,76500,0.768
s_label_flip_seed0,baseline,77000,0.79
s_label_flip_seed0,baseline,77500,0.774
s_label_flip_seed0,baseline,78000,0.782
s_label_flip_seed0,baseline,78500,0.728
s_label_flip_seed0,baseline,79000,0.738
s_label_flip_seed0,baseline,79500,0.744
s_label_flip_seed0,baseline,80000,0.766
s_label_flip_seed0,enhanced-adwin_only,500,0.596
s_label_flip_seed0,enhanced-adwin_only,1000,0.664
s_label_flip_seed0,enhanced-adwin_only,1500,0.652
s_label_flip_seed0,enhanced-adwin_only,2000,0.692
s_label_flip_seed0,enhanced-adwin_only,2500,0.706
s_label_flip_seed0,enhanced-adwin_only,3000,0.75
s_label_flip_seed0,enhanced-adwin_only,3500,0.73
s_label_flip_seed0,enhanced-adwin_only,4000,0.714
s_label_flip_seed0,enhanced-adwin_only,4500,0.738
s_label_flip_seed0,enhanced-adwin_only,5000,0.702
s_label_flip_seed0,enhanced-adwin_only,5500,0.712
s_label_flip_seed0,enhanced-adwin_only,6000,0.738
s_label_flip_seed0,enhanced-adwin_only,6500,0.75
s_label_flip_seed0,enhanced-adwin_only,7000,0.734
s_label_flip_seed0,enhanced-adwin_only,7500,0.754
s_label_flip_seed0,enhanced-adwin_only,8000,0.728
s_label_flip_seed0,enhanced-adwin_only,8500,0.762
s_label_flip_seed0,enhanced-adwin_only,9000,0.74
s_label_flip_seed0,enhanced-adwin_only,9500,0.746
s_label_flip_seed0,enhanced-adwin_only,10000,0.744
s_label_flip_seed0,enhanced-adwin_only,10500,0.798
s_label_flip_seed0,enhanced-adwin_only,11000,0.738
s_label_flip_seed0,enhanced-adwin_only,11500,0.738
s_label_flip_seed0,enhanced-adwin_only,12000,0.734
s_label_flip_seed0,enhanced-adwin_only,12500,0.724
s_label_flip_seed0,enhanced-adwin_only,13000,0.754
s_label_flip_seed0,enhanced-adwin_only,13500,0.748
s_label_flip_seed0,enhanced-adwin_only,14000,0.746
s_label_flip_seed0,enhanced-adwin_only,14500,0.756
s_label_flip_seed0,enhanced-adwin_only,15000,0.764
s_label_flip_seed0,enhanced-adwin_only,15500,0.764
s_label_flip_seed0,enhanced-adwin_only,16000,0.732
s_label_flip_seed0,enhanced-adwin_only,16500,0.73
s_label_flip_seed0,enhanced-adwin_only,17000,0.726
s_label_flip_seed0,enhanced-adwin_only,17500,0.746
s_label_flip_seed0,enhanced-adwin_only,18000,0.77
s_label_flip_seed0,enhanced-adwin_only,18500,0.778
s_label_flip_seed0,enhanced-adwin_only,19000,0.72
s_label_flip_seed0,enhanced-adwin_only,19500,0.754
s_label_flip_seed0,enhanced-adwin_only,20000,0.726
s_label_flip_seed0,enhanced-adwin_only,20500,0.73
s_label_flip_seed0,enhanced-adwin_only,21000,0.754
s_label_flip_seed0,enhanced-adwin_only,21500,0.792
s_label_flip_seed0,enhanced-adwin_only,22000,0.774
s_label_flip_seed0,enhanced-adwin_only,22500,0.77
s_label_flip_seed0,enhanced-adwin_only,23000,0.774
s_label_flip_seed0,enhanced-adwin_only,23500,0.738
s_label_flip_seed0,enhanced-adwin_only,24000,0.766
s_label_flip_seed0,enhanced-adwin_only,24500,0.758
s_label_flip_seed0,enhanced-adwin_only,25000,0.748
s_label_flip_seed0,enhanced-adwin_only,25500,0.758
s_label_flip_seed0,enhanced-adwin_only,26000,0.768
s_label_flip_seed0,enhanced-adwin_only,26500,0.748
s_label_flip_seed0,enhanced-adwin_only,27000,0.722
s_label_flip_seed0,enhanced-adwin_only,27500,0.768
s_label_flip_seed0,enhanced-adwin_only,28000,0.734
s_label_flip_seed0,enhanced-adwin_only,28500,0.774
s_label_flip_seed0,enhanced-adwin_only,29000,0.766
s_label_flip_seed0,enhanced-adwin_only,29500,0.746
s_label_flip_seed0,enhanced-adwin_only,30000,0.738
s_label_flip_seed0,enhanced-adwin_only,30500,0.764
s_label_flip_seed0,enhanced-adwin_only,31000,0.722
s_label_flip_seed0,enhanced-adwin_only,31500,0.768
s_label_flip_seed0,enhanced-adwin_only,32000,0.748
s_label_flip_seed0,enhanced-adwin_only,32500,0.738
s_label_flip_seed0,enhanced-adwin_only,33000,0.79
s_label_flip_seed0,enhanced-adwin_only,33500,0.77
s_label_flip_seed0,enhanced-adwin_only,34000,0.756
s_label_flip_seed0,enhanced-adwin_only,34500,0.754
s_label_flip_seed0,enhanced-adwin_only,35000,0.776
s_label_flip_seed0,enhanced-adwin_only,35500,0.776
s_label_flip_seed0,enhanced-adwin_only,36000,0.762
s_label_flip_seed0,enhanced-adwin_only,36500,0.764
s_label_flip_seed0,enhanced-adwin_only,37000,0.726
s_label_flip_seed0,enhanced-adwin_only,37500,0.766
s_label_flip_seed0,enhanced-adwin_only,38000,0.72
s_label_flip_seed0,enhanced-adwin_only,38500,0.76
s_label_flip_seed0,enhanced-adwin_only,39000,0.75
s_label_flip_seed0,enhanced-adwin_only,39500,0.79
s_label_flip_seed0,enhanced-adwin_only,40000,0.77
s_label_flip_seed0,enhanced-adwin_only,40500,0.414
s_label_flip_seed0,enhanced-adwin_only,41000,0.48
s_label_flip_seed0,enhanced-adwin_only,41500,0.534
s_label_flip_seed0,enhanced-adwin_only,42000,0.618
s_label_flip_seed0,enhanced-adwin_only,42500,0.63
s_label_flip_seed0,enhanced-adwin_only,43000,0.648
s_label_flip_seed0,enhanced-adwin_only,43500,0.646
s_label_flip_seed0,enhanced-adwin_only,44000,0.686
s_label_flip_seed0,enhanced-adwin_only,44500,0.698
s_label_flip_seed0,enhanced-adwin_only,45000,0.71
s_label_flip_seed0,enhanced-adwin_only,45500,0.724
s_label_flip_seed0,enhanced-adwin_only,46000,0.682
s_label_flip_seed0,enhanced-adwin_only,46500,0.72
s_label_flip_seed0,enhanced-adwin_only,47000,0.766
s_label_flip_seed0,enhanced-adwin_only,47500,0.718
s_label_flip_seed0,enhanced-adwin_only,48000,0.706
s_label_flip_seed0,enhanced-adwin_only,48500,0.716
s_label_flip_seed0,enhanced-adwin_only,49000,0.726
s_label_flip_seed0,enhanced-adwin_only,49500,0.724
s_label_flip_seed0,enhanced-adwin_only,50000,0.75
s_label_flip_seed0,enhanced-adwin_only,50500,0.74
s_label_flip_seed0,enhanced-adwin_only,51000,0.75
s_label_flip_seed0,enhanced-adwin_only,51500,0.756
s_label_flip_seed0,enhanced-adwin_only,52000,0.75
s_label_flip_seed0,enhanced-adwin_only,52500,0.768
s_label_flip_seed0,enhanced-adwin_only,53000,0.698
s_label_flip_seed0,enhanced-adwin_only,53500,0.75
s_label_flip_seed0,enhanced-adwin_only,54000,0.718
s_label_flip_seed0,enhanced-adwin_only,54500,0.762
s_label_flip_seed0,enhanced-adwin_only,55000,0.77
s_label_flip_seed0,enhanced-adwin_only,55500,0.746
s_label_flip_seed0,enhanced-adwin_only,56000,0.754
s_label_flip_seed0,enhanced-adwin_only,56500,0.742
s_label_flip_seed0,enhanced-adwin_only,57000,0.754
s_label_flip_seed0,enhanced-adwin_only,57500,0.724
s_label_flip_seed0,enhanced-adwin_only,58000,0.728
s_label_flip_seed0,enhanced-adwin_only,58500,0.754
s_label_flip_seed0,enhanced-adwin_only,59000,0.724
s_label_flip_seed0,enhanced-adwin_only,59500,0.74
s_label_flip_seed0,enhanced-adwin_only,60000,0.754
s_label_flip_seed0,enhanced-adwin_only,60500,0.748
s_label_flip_seed0,enhanced-adwin_only,61000,0.752
s_label_flip_seed0,enhanced-adwin_only,61500,0.732
s_label_flip_seed0,enhanced-adwin_only,62000,0.756
s_label_flip_seed0,enhanced-adwin_only,62500,0.716
s_label_flip_seed0,enhanced-adwin_only,63000,0.712
s_label_flip_seed0,enhanced-adwin_only,63500,0.784
s_label_flip_seed0,enhanced-adwin_only,64000,0.732
s_label_flip_seed0,enhanced-adwin_only,64500,0.75
s_label_flip_seed0,enhanced-adwin_only,65000,0.766
s_label_flip_seed0,enhanced-adwin_only,65500,0.74
s_label_flip_seed0,enhanced-adwin_only,66000,0.78
s_label_flip_seed0,enhanced-adwin_only,66500,0.744
s_label_flip_seed0,enhanced-adwin_only,67000,0.76
s_label_flip_seed0,enhanced-adwin_only,67500,0.722
s_label_flip_seed0,enhanced-adwin_only,68000,0.74
s_label_flip_seed0,enhanced-adwin_only,68500,0.728
s_label_flip_seed0,enhanced-adwin_only,69000,0.748
s_label_flip_seed0,enhanced-adwin_only,69500,0.702
s_label_flip_seed0,enhanced-adwin_only,70000,0.748
s_label_flip_seed0,enhanced-adwin_only,70500,0.772
s_label_flip_seed0,enhanced-adwin_only,71000,0.772
s_label_flip_seed0,enhanced-adwin_only,71500,0.764
s_label_flip_seed0,enhanced-adwin_only,72000,0.754
s_label_flip_seed0,enhanced-adwin_only,72500,0.804
s_label_flip_seed0,enhanced-adwin_only,73000,0.782
s_label_flip_seed0,enhanced-adwin_only,73500,0.766
s_label_flip_seed0,enhanced-adwin_only,74000,0.77
s_label_flip_seed0,enhanced-adwin_only,74500,0.74
s_label_flip_seed0,enhanced-adwin_only,75000,0.76
s_label_flip_seed0,enhanced-adwin_only,75500,0.772
s_label_flip_seed0,enhanced-adwin_only,76000,0.784
s_label_flip_seed0,enhanced-adwin_only,76500,0.768
s_label_flip_seed0,enhanced-adwin_only,77000,0.798
s_label_flip_seed0,enhanced-adwin_only,77500,0.774
s_label_flip_seed0,enhanced-adwin_only,78000,0.774
s_label_flip_seed0,enhanced-adwin_only,78500,0.722
s_label_flip_seed0,enhanced-adwin_only,79000,0.738
s_label_flip_seed0,enhanced-adwin_only,79500,0.746
s_label_flip_seed0,enhanced-adwin_only,80000,0.774
s_label_flip_seed0,enhanced-or,500,0.596
s_label_flip_seed0,enhanced-or,1000,0.664
s_label_flip_seed0,enhanced-or,1500,0.652
s_label_flip_seed0,enhanced-or,2000,0.692
s_label_flip_seed0,enhanced-or,2500,0.706
s_label_flip_seed0,enhanced-or,3000,0.75
s_label_flip_seed0,enhanced-or,3500,0.73
s_label_flip_seed0,enhanced-or,4000,0.714
s_label_flip_seed0,enhanced-or,4500,0.738
s_label_flip_seed0,enhanced-or,5000,0.702
s_label_flip_seed0,enhanced-or,5500,0.712
s_label_flip_seed0,enhanced-or,6000,0.738
s_label_flip_seed0,enhanced-or,6500,0.75
s_label_flip_seed0,enhanced-or,7000,0.734
s_label_flip_seed0,enhanced-or,7500,0.754
s_label_flip_seed0,enhanced-or,8000,0.728
s_label_flip_seed0,enhanced-or,8500,0.762
s_label_flip_seed0,enhanced-or,9000,0.74
s_label_flip_seed0,enhanced-or,9500,0.746
s_label_flip_seed0,enhanced-or,10000,0.744
s_label_flip_seed0,enhanced-or,10500,0.798
s_label_flip_seed0,enhanced-or,11000,0.738
s_label_flip_seed0,enhanced-or,11500,0.738
s_label_flip_seed0,enhanced-or,12000,0.734
s_label_flip_seed0,enhanced-or,12500,0.724
s_label_flip_seed0,enhanced-or,13000,0.754
s_label_flip_seed0,enhanced-or,13500,0.748
s_label_flip_seed0,enhanced-or,14000,0.746
s_label_flip_seed0,enhanced-or,14500,0.756
s_label_flip_seed0,enhanced-or,15000,0.764
s_label_flip_seed0,enhanced-or,15500,0.764
s_label_flip_seed0,enhanced-or,16000,0.732
s_label_flip_seed0,enhanced-or,16500,0.73
s_label_flip_seed0,enhanced-or,17000,0.726
s_label_flip_seed0,enhanced-or,17500,0.746
s_label_flip_seed0,enhanced-or,18000,0.77
s_label_flip_seed0,enhanced-or,18500,0.778
s_label_flip_seed0,enhanced-or,19000,0.72
s_label_flip_seed0,enhanced-or,19500,0.754
s_label_flip_seed0,enhanced-or,20000,0.726
s_label_flip_seed0,enhanced-or,20500,0.73
s_label_flip_seed0,enhanced-or,21000,0.754
s_label_flip_seed0,enhanced-or,21500,0.792
s_label_flip_seed0,enhanced-or,22000,0.774
s_label_flip_seed0,enhanced-or,22500,0.77
s_label_flip_seed0,enhanced-or,23000,0.774
s_label_flip_seed0,enhanced-or,23500,0.738
s_label_flip_seed0,enhanced-or,24000,0.766
s_label_flip_seed0,enhanced-or,24500,0.714
s_label_flip_seed0,enhanced-or,25000,0.728
s_label_flip_seed0,enhanced-or,25500,0.71
s_label_flip_seed0,enhanced-or,26000,0.746
s_label_flip_seed0,enhanced-or,26500,0.758
s_label_flip_seed0,enhanced-or,27000,0.714
s_label_flip_seed0,enhanced-or,27500,0.736
s_label_flip_seed0,enhanced-or,28000,0.728
s_label_flip_seed0,enhanced-or,28500,0.744
s_label_flip_seed0,enhanced-or,29000,0.738
s_label_flip_seed0,enhanced-or,29500,0.738
s_label_flip_seed0,enhanced-or,30000,0.744
s_label_flip_seed0,enhanced-or,30500,0.742
s_label_flip_seed0,enhanced-or,31000,0.714
s_label_flip_seed0,enhanced-or,31500,0.762
s_label_flip_seed0,enhanced-or,32000,0.746
s_label_flip_seed0,enhanced-or,32500,0.724
s_label_flip_seed0,enhanced-or,33000,0.752
s_label_flip_seed0,enhanced-or,33500,0.758
s_label_flip_seed0,enhanced-or,34000,0.762
s_label_flip_seed0,enhanced-or,34500,0.744
s_label_flip_seed0,enhanced-or,35000,0.758
s_label_flip_seed0,enhanced-or,35500,0.758
s_label_flip_seed0,enhanced-or,36000,0.75
s_label_flip_seed0,enhanced-or,36500,0.762
s_label_flip_seed0,enhanced-or,37000,0.724
s_label_flip_seed0,enhanced-or,37500,0.748
s_label_flip_seed0,enhanced-or,38000,0.72
s_label_flip_seed0,enhanced-or,38500,0.75
s_label_flip_seed0,enhanced-or,39000,0.736
s_label_flip_seed0,enhanced-or,39500,0.78
s_label_flip_seed0,enhanced-or,40000,0.75
s_label_flip_seed0,enhanced-or,40500,0.414
s_label_flip_seed0,enhanced-or,41000,0.48
s_label_flip_seed0,enhanced-or,41500,0.534
s_label_flip_seed0,enhanced-or,42000,0.618
s_label_flip_seed0,enhanced-or,42500,0.63
s_label_flip_seed0,enhanced-or,43000,0.648
s_label_flip_seed0,enhanced-or,43500,0.646
s_label_flip_seed0,enhanced-or,44000,0.686
s_label_flip_seed0,enhanced-or,44500,0.71
s_label_flip_seed0,enhanced-or,45000,0.746
s_label_flip_seed0,enhanced-or,45500,0.746
s_label_flip_seed0,enhanced-or,46000,0.712
s_label_flip_seed0,enhanced-or,46500,0.75
s_label_flip_seed0,enhanced-or,47000,0.784
s_label_flip_seed0,enhanced-or,47500,0.754
s_label_flip_seed0,enhanced-or,48000,0.73
s_label_flip_seed0,enhanced-or,48500,0.752
s_label_flip_seed0,enhanced-or,49000,0.746
s_label_flip_seed0,enhanced-or,49500,0.756
s_label_flip_seed0,enhanced-or,50000,0.754
s_label_flip_seed0,enhanced-or,50500,0.746
s_label_flip_seed0,enhanced-or,51000,0.76
s_label_flip_seed0,enhanced-or,51500,0.766
s_label_flip_seed0,enhanced-or,52000,0.756
s_label_flip_seed0,enhanced-or,52500,0.766
s_label_flip_seed0,enhanced-or,53000,0.72
s_label_flip_seed0,enhanced-or,53500,0.752
s_label_flip_seed0,enhanced-or,54000,0.726
s_label_flip_seed0,enhanced-or,54500,0.778
s_label_flip_seed0,enhanced-or,55000,0.774
s_label_flip_seed0,enhanced-or,55500,0.762
s_label_flip_seed0,enhanced-or,56000,0.754
s_label_flip_seed0,enhanced-or,56500,0.75
s_label_flip_seed0,enhanced-or,57000,0.762
s_label_flip_seed0,enhanced-or,57500,0.734
s_label_flip_seed0,enhanced-or,58000,0.73
s_label_flip_seed0,enhanced-or,58500,0.762
s_label_flip_seed0,enhanced-or,59000,0.716
s_label_flip_seed0,enhanced-or,59500,0.736
s_label_flip_seed0,enhanced-or,60000,0.768
s_label_flip_seed0,enhanced-or,60500,0.756
s_label_flip_seed0,enhanced-or,61000,0.756
s_label_flip_seed0,enhanced-or,61500,0.742
s_label_flip_seed0,enhanced-or,62000,0.76
s_label_flip_seed0,enhanced-or,62500,0.718
s_label_flip_seed0,enhanced-or,63000,0.706
s_label_flip_seed0,enhanced-or,63500,0.792
s_label_flip_seed0,enhanced-or,64000,0.744
s_label_flip_seed0,enhanced-or,64500,0.762
s_label_flip_seed0,enhanced-or,65000,0.77
s_label_flip_seed0,enhanced-or,65500,0.744
s_label_flip_seed0,enhanced-or,66000,0.784
s_label_flip_seed0,enhanced-or,66500,0.75
s_label_flip_seed0,enhanced-or,67000,0.768
s_label_flip_seed0,enhanced-or,67500,0.724
s_label_flip_seed0,enhanced-or,68000,0.742
s_label_flip_seed0,enhanced-or,68500,0.74
s_label_flip_seed0,enhanced-or,69000,0.756
s_label_flip_seed0,enhanced-or,69500,0.704
s_label_flip_seed0,enhanced-or,70000,0.744
s_label_flip_seed0,enhanced-or,70500,0.768
s_label_flip_seed0,enhanced-or,71000,0.776
s_label_flip_seed0,enhanced-or,71500,0.766
s_label_flip_seed0,enhanced-or,72000,0.756
s_label_flip_seed0,enhanced-or,72500,0.798
s_label_flip_seed0,enhanced-or,73000,0.782
s_label_flip_seed0,enhanced-or,73500,0.77
s_label_flip_seed0,enhanced-or,74000,0.778
s_label_flip_seed0,enhanced-or,74500,0.738
s_label_flip_seed0,enhanced-or,75000,0.766
s_label_flip_seed0,enhanced-or,75500,0.778
s_label_flip_seed0,enhanced-or,76000,0.786
s_label_flip_seed0,enhanced-or,76500,0.768
s_label_flip_seed0,enhanced-or,77000,0.79
s_label_flip_seed0,enhanced-or,77500,0.774
s_label_flip_seed0,enhanced-or,78000,0.782
s_label_flip_seed0,enhanced-or,78500,0.728
s_label_flip_seed0,enhanced-or,79000,0.738
s_label_flip_seed0,enhanced-or,79500,0.744
s_label_flip_seed0,enhanced-or,80000,0.766
s_label_flip_seed0,enhanced-and,500,0.596
s_label_flip_seed0,enhanced-and,1000,0.664
s_label_flip_seed0,enhanced-and,1500,0.652
s_label_flip_seed0,enhanced-and,2000,0.692
s_label_flip_seed0,enhanced-and,2500,0.706
s_label_flip_seed0,enhanced-and,3000,0.75
s_label_flip_seed0,enhanced-and,3500,0.73
s_label_flip_seed0,enhanced-and,4000,0.714
s_label_flip_seed0,enhanced-and,4500,0.738
s_label_flip_seed0,enhanced-and,5000,0.702
s_label_flip_seed0,enhanced-and,5500,0.712
s_label_flip_seed0,enhanced-and,6000,0.738
s_label_flip_seed0,enhanced-and,6500,0.75
s_label_flip_seed0,enhanced-and,7000,0.734
s_label_flip_seed0,enhanced-and,7500,0.754
s_label_flip_seed0,enhanced-and,8000,0.728
s_label_flip_seed0,enhanced-and,8500,0.762
s_label_flip_seed0,enhanced-and,9000,0.74
s_label_flip_seed0,enhanced-and,9500,0.746
s_label_flip_seed0,enhanced-and,10000,0.744
s_label_flip_seed0,enhanced-and,10500,0.798
s_label_flip_seed0,enhanced-and,11000,0.738
s_label_flip_seed0,enhanced-and,11500,0.738
s_label_flip_seed0,enhanced-and,12000,0.734
s_label_flip_seed0,enhanced-and,12500,0.724
s_label_flip_seed0,enhanced-and,13000,0.754
s_label_flip_seed0,enhanced-and,13500,0.748
s_label_flip_seed0,enhanced-and,14000,0.746
s_label_flip_seed0,enhanced-and,14500,0.756
s_label_flip_seed0,enhanced-and,15000,0.764
s_label_flip_seed0,enhanced-and,15500,0.764
s_label_flip_seed0,enhanced-and,16000,0.732
s_label_flip_seed0,enhanced-and,16500,0.73
s_label_flip_seed0,enhanced-and,17000,0.726
s_label_flip_seed0,enhanced-and,17500,0.746
s_label_flip_seed0,enhanced-and,18000,0.77
s_label_flip_seed0,enhanced-and,18500,0.778
s_label_flip_seed0,enhanced-and,19000,0.72
s_label_flip_seed0,enhanced-and,19500,0.754
s_label_flip_seed0,enhanced-and,20000,0.726
s_label_flip_seed0,enhanced-and,20500,0.73
s_label_flip_seed0,enhanced-and,21000,0.754
s_label_flip_seed0,enhanced-and,21500,0.792
s_label_flip_seed0,enhanced-and,22000,0.774
s_label_flip_seed0,enhanced-and,22500,0.77
s_label_flip_seed0,enhanced-and,23000,0.774
s_label_flip_seed0,enhanced-and,23500,0.738
s_label_flip_seed0,enhanced-and,24000,0.766
s_label_flip_seed0,enhanced-and,24500,0.758
s_label_flip_seed0,enhanced-and,25000,0.748
s_label_flip_seed0,enhanced-and,25500,0.758
s_label_flip_seed0,enhanced-and,26000,0.768
s_label_flip_seed0,enhanced-and,26500,0.748
s_label_flip_seed0,enhanced-and,27000,0.722
s_label_flip_seed0,enhanced-and,27500,0.768
s_label_flip_seed0,enhanced-and,28000,0.734
s_label_flip_seed0,enhanced-and,28500,0.774
s_label_flip_seed0,enhanced-and,29000,0.766
s_label_flip_seed0,enhanced-and,29500,0.746
s_label_flip_seed0,enhanced-and,30000,0.738
s_label_flip_seed0,enhanced-and,30500,0.764
s_label_flip_seed0,enhanced-and,31000,0.722
s_label_flip_seed0,enhanced-and,31500,0.768
s_label_flip_seed0,enhanced-and,32000,0.748
s_label_flip_seed0,enhanced-and,32500,0.738
s_label_flip_seed0,enhanced-and,33000,0.79
s_label_flip_seed0,enhanced-and,33500,0.77
s_label_flip_seed0,enhanced-and,34000,0.756
s_label_flip_seed0,enhanced-and,34500,0.754
s_label_flip_seed0,enhanced-and,35000,0.776
s_label_flip_seed0,enhanced-and,35500,0.776
s_label_flip_seed0,enhanced-and,36000,0.762
s_label_flip_seed0,enhanced-and,36500,0.764
s_label_flip_seed0,enhanced-and,37000,0.726
s_label_flip_seed0,enhanced-and,37500,0.766
s_label_flip_seed0,enhanced-and,38000,0.72
s_label_flip_seed0,enhanced-and,38500,0.76
s_label_flip_seed0,enhanced-and,39000,0.75
s_label_flip_seed0,enhanced-and,39500,0.79
s_label_flip_seed0,enhanced-and,40000,0.77
s_label_flip_seed0,enhanced-and,40500,0.414
s_label_flip_seed0,enhanced-and,41000,0.48
s_label_flip_seed0,enhanced-and,41500,0.534
s_label_flip_seed0,enhanced-and,42000,0.618
s_label_flip_seed0,enhanced-and,42500,0.63
s_label_flip_seed0,enhanced-and,43000,0.648
s_label_flip_seed0,enhanced-and,43500,0.646
s_label_flip_seed0,enhanced-and,44000,0.686
s_label_flip_seed0,enhanced-and,44500,0.71
s_label_flip_seed0,enhanced-and,45000,0.746
s_label_flip_seed0,enhanced-and,45500,0.746
s_label_flip_seed0,enhanced-and,46000,0.712
s_label_flip_seed0,enhanced-and,46500,0.75
s_label_flip_seed0,enhanced-and,47000,0.784
s_label_flip_seed0,enhanced-and,47500,0.754
s_label_flip_seed0,enhanced-and,48000,0.73
s_label_flip_seed0,enhanced-and,48500,0.752
s_label_flip_seed0,enhanced-and,49000,0.746
s_label_flip_seed0,enhanced-and,49500,0.756
s_label_flip_seed0,enhanced-and,50000,0.754
s_label_flip_seed0,enhanced-and,50500,0.746
s_label_flip_seed0,enhanced-and,51000,0.76
s_label_flip_seed0,enhanced-and,51500,0.766
s_label_flip_seed0,enhanced-and,52000,0.756
s_label_flip_seed0,enhanced-and,52500,0.766
s_label_flip_seed0,enhanced-and,53000,0.72
s_label_flip_seed0,enhanced-and,53500,0.752
s_label_flip_seed0,enhanced-and,54000,0.726
s_label_flip_seed0,enhanced-and,54500,0.778
s_label_flip_seed0,enhanced-and,55000,0.774
s_label_flip_seed0,enhanced-and,55500,0.762
s_label_flip_seed0,enhanced-and,56000,0.754
s_label_flip_seed0,enhanced-and,56500,0.75
s_label_flip_seed0,enhanced-and,57000,0.762
s_label_flip_seed0,enhanced-and,57500,0.734
s_label_flip_seed0,enhanced-and,58000,0.73
s_label_flip_seed0,enhanced-and,58500,0.762
s_label_flip_seed0,enhanced-and,59000,0.716
s_label_flip_seed0,enhanced-and,59500,0.736
s_label_flip_seed0,enhanced-and,60000,0.768
s_label_flip_seed0,enhanced-and,60500,0.756
s_label_flip_seed0,enhanced-and,61000,0.756
s_label_flip_seed0,enhanced-and,61500,0.742
s_label_flip_seed0,enhanced-and,62000,0.76
s_label_flip_seed0,enhanced-and,62500,0.718
s_label_flip_seed0,enhanced-and,63000,0.706
s_label_flip_seed0,enhanced-and,63500,0.792
s_label_flip_seed0,enhanced-and,64000,0.744
s_label_flip_seed0,enhanced-and,64500,0.762
s_label_flip_seed0,enhanced-and,65000,0.77
s_label_flip_seed0,enhanced-and,65500,0.744
s_label_flip_seed0,enhanced-and,66000,0.784
s_label_flip_seed0,enhanced-and,66500,0.75
s_label_flip_seed0,enhanced-and,67000,0.768
s_label_flip_seed0,enhanced-and,67500,0.724
s_label_flip_seed0,enhanced-and,68000,0.742
s_label_flip_seed0,enhanced-and,68500,0.74
s_label_flip_seed0,enhanced-and,69000,0.756
s_label_flip_seed0,enhanced-and,69500,0.704
s_label_flip_seed0,enhanced-and,70000,0.744
s_label_flip_seed0,enhanced-and,70500,0.768
s_label_flip_seed0,enhanced-and,71000,0.776
s_label_flip_seed0,enhanced-and,71500,0.766
s_label_flip_seed0,enhanced-and,72000,0.756
s_label_flip_seed0,enhanced-and,72500,0.798
s_label_flip_seed0,enhanced-and,73000,0.782
s_label_flip_seed0,enhanced-and,73500,0.77
s_label_flip_seed0,enhanced-and,74000,0.778
s_label_flip_seed0,enhanced-and,74500,0.738
s_label_flip_seed0,enhanced-and,75000,0.766
s_label_flip_seed0,enhanced-and,75500,0.778
s_label_flip_seed0,enhanced-and,76000,0.786
s_label_flip_seed0,enhanced-and,76500,0.768
s_label_flip_seed0,enhanced-and,77000,0.79
s_label_flip_seed0,enhanced-and,77500,0.774
s_label_flip_seed0,enhanced-and,78000,0.782
s_label_flip_seed0,enhanced-and,78500,0.728
s_label_flip_seed0,enhanced-and,79000,0.738
s_label_flip_seed0,enhanced-and,79500,0.744
s_label_flip_seed0,enhanced-and,80000,0.766
s_label_flip_topic_seed0,accumulativeMNB,500,0.582
s_label_flip_topic_seed0,accumulativeMNB,1000,0.604
s_label_flip_topic_seed0,accumulativeMNB,1500,0.696
s_label_flip_topic_seed0,accumulativeMNB,2000,0.688
s_label_flip_topic_seed0,accumulativeMNB,2500,0.68
s_label_flip_topic_seed0,accumulativeMNB,3000,0.71
s_label_flip_topic_seed0,accumulativeMNB,3500,0.716
s_label_flip_topic_seed0,accumulativeMNB,4000,0.736
s_label_flip_topic_seed0,accumulativeMNB,4500,0.722
s_label_flip_topic_seed0,accumulativeMNB,5000,0.698
s_label_flip_topic_seed0,accumulativeMNB,5500,0.698
s_label_flip_topic_seed0,accumulativeMNB,6000,0.726
s_label_flip_topic_seed0,accumulativeMNB,6500,0.712
s_label_flip_topic_seed0,accumulativeMNB,7000,0.714
s_label_flip_topic_seed0,accumulativeMNB,7500,0.7
s_label_flip_topic_seed0,accumulativeMNB,8000,0.74
s_label_flip_topic_seed0,accumulativeMNB,8500,0.746
s_label_flip_topic_seed0,accumulativeMNB,9000,0.724
s_label_flip_topic_seed0,accumulativeMNB,9500,0.686
s_label_flip_topic_seed0,accumulativeMNB,10000,0.734
s_label_flip_topic_seed0,accumulativeMNB,10500,0.714
s_label_flip_topic_seed0,accumulativeMNB,11000,0.742
s_label_flip_topic_seed0,accumulativeMNB,11500,0.72
s_label_flip_topic_seed0,accumulativeMNB,12000,0.808
s_label_flip_topic_seed0,accumulativeMNB,12500,0.716
s_label_flip_topic_seed0,accumulativeMNB,13000,0.726
s_label_flip_topic_seed0,accumulativeMNB,13500,0.708
s_label_flip_topic_seed0,accumulativeMNB,14000,0.768
s_label_flip_topic_seed0,accumulativeMNB,14500,0.718
s_label_flip_topic_seed0,accumulativeMNB,15000,0.706
s_label_flip_topic_seed0,accumulativeMNB,15500,0.728
s_label_flip_topic_seed0,accumulativeMNB,16000,0.732
s_label_flip_topic_seed0,accumulativeMNB,16500,0.716
s_label_flip_topic_seed0,accumulativeMNB,17000,0.736
s_label_flip_topic_seed0,accumulativeMNB,17500,0.74
s_label_flip_topic_seed0,accumulativeMNB,18000,0.73
s_label_flip_topic_seed0,accumulativeMNB,18500,0.724
s_label_flip_topic_seed0,accumulativeMNB,19000,0.724
s_label_flip_topic_seed0,accumulativeMNB,19500,0.708
s_label_flip_topic_seed0,accumulativeMNB,20000,0.716
s_label_flip_topic_seed0,accumulativeMNB,20500,0.712
s_label_flip_topic_seed0,accumulativeMNB,21000,0.736
s_label_flip_topic_seed0,accumulativeMNB,21500,0.722
s_label_flip_topic_seed0,accumulativeMNB,22000,0.734
s_label_flip_topic_seed0,accumulativeMNB,22500,0.736
s_label_flip_topic_seed0,accumulativeMNB,23000,0.768
s_label_flip_topic_seed0,accumulativeMNB,23500,0.706
s_label_flip_topic_seed0,accumulativeMNB,24000,0.716
s_label_flip_topic_seed0,accumulativeMNB,24500,0.736
s_label_flip_topic_seed0,accumulativeMNB,25000,0.746
s_label_flip_topic_seed0,accumulativeMNB,25500,0.71
s_label_flip_topic_seed0,accumulativeMNB,26000,0.732
s_label_flip_topic_seed0,accumulativeMNB,26500,0.72
s_label_flip_topic_seed0,accumulativeMNB,27000,0.748
s_label_flip_topic_seed0,accumulativeMNB,27500,0.732
s_label_flip_topic_seed0,accumulativeMNB,28000,0.698
s_label_flip_topic_seed0,accumulativeMNB,28500,0.742
s_label_flip_topic_seed0,accumulativeMNB,29000,0.716
s_label_flip_topic_seed0,accumulativeMNB,29500,0.73
s_label_flip_topic_seed0,accumulativeMNB,30000,0.718
s_label_flip_topic_seed0,accumulativeMNB,30500,0.732
s_label_flip_topic_seed0,accumulativeMNB,31000,0.748
s_label_flip_topic_seed0,accumulativeMNB,31500,0.722
s_label_flip_topic_seed0,accumulativeMNB,32000,0.73
s_label_flip_topic_seed0,accumulativeMNB,32500,0.746
s_label_flip_topic_seed0,accumulativeMNB,33000,0.708
s_label_flip_topic_seed0,accumulativeMNB,33500,0.762
s_label_flip_topic_seed0,accumulativeMNB,34000,0.726
s_label_flip_topic_seed0,accumulativeMNB,34500,0.742
s_label_flip_topic_seed0,accumulativeMNB,35000,0.722
s_label_flip_topic_seed0,accumulativeMNB,35500,0.732
s_label_flip_topic_seed0,accumulativeMNB,36000,0.738
s_label_flip_topic_seed0,accumulativeMNB,36500,0.75
s_label_flip_topic_seed0,accumulativeMNB,37000,0.762
s_label_flip_topic_seed0,accumulativeMNB,37500,0.74
s_label_flip_topic_seed0,accumulativeMNB,38000,0.744
s_label_flip_topic_seed0,accumulativeMNB,38500,0.726
s_label_flip_topic_seed0,accumulativeMNB,39000,0.738
s_label_flip_topic_seed0,accumulativeMNB,39500,0.734
s_label_flip_topic_seed0,accumulativeMNB,40000,0.726
s_label_flip_topic_seed0,accumulativeMNB,40500,0.5
s_label_flip_topic_seed0,accumulativeMNB,41000,0.49
s_label_flip_topic_seed0,accumulativeMNB,41500,0.492
s_label_flip_topic_seed0,accumulativeMNB,42000,0.552
s_label_flip_topic_seed0,accumulativeMNB,42500,0.506
s_label_flip_topic_seed0,accumulativeMNB,43000,0.518
s_label_flip_topic_seed0,accumulativeMNB,43500,0.544
s_label_flip_topic_seed0,accumulativeMNB,44000,0.518
s_label_flip_topic_seed0,accumulativeMNB,44500,0.486
s_label_flip_topic_seed0,accumulativeMNB,45000,0.506
s_label_flip_topic_seed0,accumulativeMNB,45500,0.532
s_label_flip_topic_seed0,accumulativeMNB,46000,0.534
s_label_flip_topic_seed0,accumulativeMNB,46500,0.54
s_label_flip_topic_seed0,accumulativeMNB,47000,0.49
s_label_flip_topic_seed0,accumulativeMNB,47500,0.496
s_label_flip_topic_seed0,accumulativeMNB,48000,0.492
s_label_flip_topic_seed0,accumulativeMNB,48500,0.528
s_label_flip_topic_seed0,accumulativeMNB,49000,0.552
s_label_flip_topic_seed0,accumulativeMNB,49500,0.502
s_label_flip_topic_seed0,accumulativeMNB,50000,0.516
s_label_flip_topic_seed0,accumulativeMNB,50500,0.536
s_label_flip_topic_seed0,accumulativeMNB,51000,0.508
s_label_flip_topic_seed0,accumulativeMNB,51500,0.568
s_label_flip_topic_seed0,accumulativeMNB,52000,0.49
s_label_flip_topic_seed0,accumulativeMNB,52500,0.522
s_label_flip_topic_seed0,accumulativeMNB,53000,0.516
s_label_flip_topic_seed0,accumulativeMNB,53500,0.514
s_label_flip_topic_seed0,accumulativeMNB,54000,0.51
s_label_flip_topic_seed0,accumulativeMNB,54500,0.528
s_label_flip_topic_seed0,accumulativeMNB,55000,0.536
s_label_flip_topic_seed0,accumulativeMNB,55500,0.522
s_label_flip_topic_seed0,accumulativeMNB,56000,0.466
s_label_flip_topic_seed0,accumulativeMNB,56500,0.52
s_label_flip_topic_seed0,accumulativeMNB,57000,0.564
s_label_flip_topic_seed0,accumulativeMNB,57500,0.554
s_label_flip_topic_seed0,accumulativeMNB,58000,0.484
s_label_flip_topic_seed0,accumulativeMNB,58500,0.504
s_label_flip_topic_seed0,accumulativeMNB,59000,0.49
s_label_flip_topic_seed0,accumulativeMNB,59500,0.552
s_label_flip_topic_seed0,accumulativeMNB,60000,0.524
s_label_flip_topic_seed0,accumulativeMNB,60500,0.534
s_label_flip_topic_seed0,accumulativeMNB,61000,0.522
s_label_flip_topic_seed0,accumulativeMNB,61500,0.512
s_label_flip_topic_seed0,accumulativeMNB,62000,0.54
s_label_flip_topic_seed0,accumulativeMNB,62500,0.524
s_label_flip_topic_seed0,accumulativeMNB,63000,0.524
s_label_flip_topic_seed0,accumulativeMNB,63500,0.486
s_label_flip_topic_seed0,accumulativeMNB,64000,0.526
s_label_flip_topic_seed0,accumulativeMNB,64500,0.478
s_label_flip_topic_seed0,accumulativeMNB,65000,0.536
s_label_flip_topic_seed0,accumulativeMNB,65500,0.504
s_label_flip_topic_seed0,accumulativeMNB,66000,0.538
s_label_flip_topic_seed0,accumulativeMNB,66500,0.504
s_label_flip_topic_seed0,accumulativeMNB,67000,0.49
s_label_flip_topic_seed0,accumulativeMNB,67500,0.514
s_label_flip_topic_seed0,accumulativeMNB,68000,0.514
s_label_flip_topic_seed0,accumulativeMNB,68500,0.516
s_label_flip_topic_seed0,accumulativeMNB,69000,0.552
s_label_flip_topic_seed0,accumulativeMNB,69500,0.524
s_label_flip_topic_seed0,accumulativeMNB,70000,0.48
s_label_flip_topic_seed0,accumulativeMNB,70500,0.546
s_label_flip_topic_seed0,accumulativeMNB,71000,0.508
s_label_flip_topic_seed0,accumulativeMNB,71500,0.512
s_label_flip_topic_seed0,accumulativeMNB,72000,0.524
s_label_flip_topic_seed0,accumulativeMNB,72500,0.546
s_label_flip_topic_seed0,accumulativeMNB,73000,0.482
s_label_flip_topic_seed0,accumulativeMNB,73500,0.514
s_label_flip_topic_seed0,accumulativeMNB,74000,0.51
s_label_flip_topic_seed0,accumulativeMNB,74500,0.56
s_label_flip_topic_seed0,accumulativeMNB,75000,0.558
s_label_flip_topic_seed0,accumulativeMNB,75500,0.518
s_label_flip_topic_seed0,accumulativeMNB,76000,0.53
s_label_flip_topic_seed0,accumulativeMNB,76500,0.518
s_label_flip_topic_seed0,accumulativeMNB,77000,0.508
s_label_flip_topic_seed0,accumulativeMNB,77500,0.526
s_label_flip_topic_seed0,accumulativeMNB,78000,0.49
s_label_flip_topic_seed0,accumulativeMNB,78500,0.514
s_label_flip_topic_seed0,accumulativeMNB,79000,0.524
s_label_flip_topic_seed0,accumulativeMNB,79500,0.552
s_label_flip_topic_seed0,accumulativeMNB,80000,0.522
s_label_flip_topic_seed0,fadingMNB,500,0.582
s_label_flip_topic_seed0,fadingMNB,1000,0.604
s_label_flip_topic_seed0,fadingMNB,1500,0.694
s_label_flip_topic_seed0,fadingMNB,2000,0.688
s_label_flip_topic_seed0,fadingMNB,2500,0.682
s_label_flip_topic_seed0,fadingMNB,3000,0.71
s_label_flip_topic_seed0,fadingMNB,3500,0.718
s_label_flip_topic_seed0,fadingMNB,4000,0.734
s_label_flip_topic_seed0,fadingMNB,4500,0.722
s_label_flip_topic_seed0,fadingMNB,5000,0.698
s_label_flip_topic_seed0,fadingMNB,5500,0.694
s_label_flip_topic_seed0,fadingMNB,6000,0.736
s_label_flip_topic_seed0,fadingMNB,6500,0.708
s_label_flip_topic_seed0,fadingMNB,7000,0.72
s_label_flip_topic_seed0,fadingMNB,7500,0.7
s_label_flip_topic_seed0,fadingMNB,8000,0.734
s_label_flip_topic_seed0,fadingMNB,8500,0.744
s_label_flip_topic_seed0,fadingMNB,9000,0.724
s_label_flip_topic_seed0,fadingMNB,9500,0.692
s_label_flip_topic_seed0,fadingMNB,10000,0.742
s_label_flip_topic_seed0,fadingMNB,10500,0.72
s_label_flip_topic_seed0,fadingMNB,11000,0.74
s_label_flip_topic_seed0,fadingMNB,11500,0.714
s_label_flip_topic_seed0,fadingMNB,12000,0.798
s_label_flip_topic_seed0,fadingMNB,12500,0.722
s_label_flip_topic_seed0,fadingMNB,13000,0.73
s_label_flip_topic_seed0,fadingMNB,13500,0.714
s_label_flip_topic_seed0,fadingMNB,14000,0.776
s_label_flip_topic_seed0,fadingMNB,14500,0.736
s_label_flip_topic_seed0,fadingMNB,15000,0.71
s_label_flip_topic_seed0,fadingMNB,15500,0.732
s_label_flip_topic_seed0,fadingMNB,16000,0.728
s_label_flip_topic_seed0,fadingMNB,16500,0.702
s_label_flip_topic_seed0,fadingMNB,17000,0.734
s_label_flip_topic_seed0,fadingMNB,17500,0.754
s_label_flip_topic_seed0,fadingMNB,18000,0.728
s_label_flip_topic_seed0,fadingMNB,18500,0.722
s_label_flip_topic_seed0,fadingMNB,19000,0.726
s_label_flip_topic_seed0,fadingMNB,19500,0.708
s_label_flip_topic_seed0,fadingMNB,20000,0.716
s_label_flip_topic_seed0,fadingMNB,20500,0.714
s_label_flip_topic_seed0,fadingMNB,21000,0.728
s_label_flip_topic_seed0,fadingMNB,21500,0.724
s_label_flip_topic_seed0,fadingMNB,22000,0.738
s_label_flip_topic_seed0,fadingMNB,22500,0.748
s_label_flip_topic_seed0,fadingMNB,23000,0.778
s_label_flip_topic_seed0,fadingMNB,23500,0.702
s_label_flip_topic_seed0,fadingMNB,24000,0.728
s_label_flip_topic_seed0,fadingMNB,24500,0.74
s_label_flip_topic_seed0,fadingMNB,25000,0.736
s_label_flip_topic_seed0,fadingMNB,25500,0.712
s_label_flip_topic_seed0,fadingMNB,26000,0.72
s_label_flip_topic_seed0,fadingMNB,26500,0.724
s_label_flip_topic_seed0,fadingMNB,27000,0.734
s_label_flip_topic_seed0,fadingMNB,27500,0.74
s_label_flip_topic_seed0,fadingMNB,28000,0.71
s_label_flip_topic_seed0,fadingMNB,28500,0.744
s_label_flip_topic_seed0,fadingMNB,29000,0.738
s_label_flip_topic_seed0,fadingMNB,29500,0.712
s_label_flip_topic_seed0,fadingMNB,30000,0.712
s_label_flip_topic_seed0,fadingMNB,30500,0.728
s_label_flip_topic_seed0,fadingMNB,31000,0.754
s_label_flip_topic_seed0,fadingMNB,31500,0.73
s_label_flip_topic_seed0,fadingMNB,32000,0.718
s_label_flip_topic_seed0,fadingMNB,32500,0.75
s_label_flip_topic_seed0,fadingMNB,33000,0.704
s_label_flip_topic_seed0,fadingMNB,33500,0.748
s_label_flip_topic_seed0,fadingMNB,34000,0.728
s_label_flip_topic_seed0,fadingMNB,34500,0.756
s_label_flip_topic_seed0,fadingMNB,35000,0.718
s_label_flip_topic_seed0,fadingMNB,35500,0.738
s_label_flip_topic_seed0,fadingMNB,36000,0.74
s_label_flip_topic_seed0,fadingMNB,36500,0.758
s_label_flip_topic_seed0,fadingMNB,37000,0.754
s_label_flip_topic_seed0,fadingMNB,37500,0.742
s_label_flip_topic_seed0,fadingMNB,38000,0.724
s_label_flip_topic_seed0,fadingMNB,38500,0.726
s_label_flip_topic_seed0,fadingMNB,39000,0.724
s_label_flip_topic_seed0,fadingMNB,39500,0.736
s_label_flip_topic_seed0,fadingMNB,40000,0.722
s_label_flip_topic_seed0,fadingMNB,40500,0.504
s_label_flip_topic_seed0,fadingMNB,41000,0.508
s_label_flip_topic_seed0,fadingMNB,41500,0.494
s_label_flip_topic_seed0,fadingMNB,42000,0.544
s_label_flip_topic_seed0,fadingMNB,42500,0.526
s_label_flip_topic_seed0,fadingMNB,43000,0.528
s_label_flip_topic_seed0,fadingMNB,43500,0.558
s_label_flip_topic_seed0,fadingMNB,44000,0.52
s_label_flip_topic_seed0,fadingMNB,44500,0.492
s_label_flip_topic_seed0,fadingMNB,45000,0.502
s_label_flip_topic_seed0,fadingMNB,45500,0.538
s_label_flip_topic_seed0,fadingMNB,46000,0.508
s_label_flip_topic_seed0,fadingMNB,46500,0.524
s_label_flip_topic_seed0,fadingMNB,47000,0.504
s_label_flip_topic_seed0,fadingMNB,47500,0.488
s_label_flip_topic_seed0,fadingMNB,48000,0.492
s_label_flip_topic_seed0,fadingMNB,48500,0.55
s_label_flip_topic_seed0,fadingMNB,49000,0.536
s_label_flip_topic_seed0,fadingMNB,49500,0.488
s_label_flip_topic_seed0,fadingMNB,50000,0.508
s_label_flip_topic_seed0,fadingMNB,50500,0.53
s_label_flip_topic_seed0,fadingMNB,51000,0.492
s_label_flip_topic_seed0,fadingMNB,51500,0.572
s_label_flip_topic_seed0,fadingMNB,52000,0.508
s_label_flip_topic_seed0,fadingMNB,52500,0.53
s_label_flip_topic_seed0,fadingMNB,53000,0.496
s_label_flip_topic_seed0,fadingMNB,53500,0.514
s_label_flip_topic_seed0,fadingMNB,54000,0.516
s_label_flip_topic_seed0,fadingMNB,54500,0.522
s_label_flip_topic_seed0,fadingMNB,55000,0.534
s_label_flip_topic_seed0,fadingMNB,55500,0.514
s_label_flip_topic_seed0,fadingMNB,56000,0.484
s_label_flip_topic_seed0,fadingMNB,56500,0.526
s_label_flip_topic_seed0,fadingMNB,57000,0.58
s_label_flip_topic_seed0,fadingMNB,57500,0.562
s_label_flip_topic_seed0,fadingMNB,58000,0.488
s_label_flip_topic_seed0,fadingMNB,58500,0.5
s_label_flip_topic_seed0,fadingMNB,59000,0.488
s_label_flip_topic_seed0,fadingMNB,59500,0.53
s_label_flip_topic_seed0,fadingMNB,60000,0.534
s_label_flip_topic_seed0,fadingMNB,60500,0.534
s_label_flip_topic_seed0,fadingMNB,61000,0.518
s_label_flip_topic_seed0,fadingMNB,61500,0.512
s_label_flip_topic_seed0,fadingMNB,62000,0.53
s_label_flip_topic_seed0,fadingMNB,62500,0.53
s_label_flip_topic_seed0,fadingMNB,63000,0.524
s_label_flip_topic_seed0,fadingMNB,63500,0.466
s_label_flip_topic_seed0,fadingMNB,64000,0.53
s_label_flip_topic_seed0,fadingMNB,64500,0.488
s_label_flip_topic_seed0,fadingMNB,65000,0.514
s_label_flip_topic_seed0,fadingMNB,65500,0.528
s_label_flip_topic_seed0,fadingMNB,66000,0.522
s_label_flip_topic_seed0,fadingMNB,66500,0.5
s_label_flip_topic_seed0,fadingMNB,67000,0.508
s_label_flip_topic_seed0,fadingMNB,67500,0.532
s_label_flip_topic_seed0,fadingMNB,68000,0.524
s_label_flip_topic_seed0,fadingMNB,68500,0.504
s_label_flip_topic_seed0,fadingMNB,69000,0.56
s_label_flip_topic_seed0,fadingMNB,69500,0.508
s_label_flip_topic_seed0,fadingMNB,70000,0.49
s_label_flip_topic_seed0,fadingMNB,70500,0.542
s_label_flip_topic_seed0,fadingMNB,71000,0.504
s_label_flip_topic_seed0,fadingMNB,71500,0.53
s_label_flip_topic_seed0,fadingMNB,72000,0.528
s_label_flip_topic_seed0,fadingMNB,72500,0.536
s_label_flip_topic_seed0,fadingMNB,73000,0.494
s_label_flip_topic_seed0,fadingMNB,73500,0.514
s_label_flip_topic_seed0,fadingMNB,74000,0.53
s_label_flip_topic_seed0,fadingMNB,74500,0.55
s_label_flip_topic_seed0,fadingMNB,75000,0.588
s_label_flip_topic_seed0,fadingMNB,75500,0.528
s_label_flip_topic_seed0,fadingMNB,76000,0.53
s_label_flip_topic_seed0,fadingMNB,76500,0.54
s_label_flip_topic_seed0,fadingMNB,77000,0.522
s_label_flip_topic_seed0,fadingMNB,77500,0.544
s_label_flip_topic_seed0,fadingMNB,78000,0.502
s_label_flip_topic_seed0,fadingMNB,78500,0.502
s_label_flip_topic_seed0,fadingMNB,79000,0.508
s_label_flip_topic_seed0,fadingMNB,79500,0.564
s_label_flip_topic_seed0,fadingMNB,80000,0.51
s_label_flip_topic_seed0,baseline,500,0.582
s_label_flip_topic_seed0,baseline,1000,0.604
s_label_flip_topic_seed0,baseline,1500,0.696
s_label_flip_topic_seed0,baseline,2000,0.688
s_label_flip_topic_seed0,baseline,2500,0.68
s_label_flip_topic_seed0,baseline,3000,0.71
s_label_flip_topic_seed0,baseline,3500,0.716
s_label_flip_topic_seed0,baseline,4000,0.736
s_label_flip_topic_seed0,baseline,4500,0.722
s_label_flip_topic_seed0,baseline,5000,0.698
s_label_flip_topic_seed0,baseline,5500,0.698
s_label_flip_topic_seed0,baseline,6000,0.726
s_label_flip_topic_seed0,baseline,6500,0.712
s_label_flip_topic_seed0,baseline,7000,0.714
s_label_flip_topic_seed0,baseline,7500,0.7
s_label_flip_topic_seed0,baseline,8000,0.74
s_label_flip_topic_seed0,baseline,8500,0.746
s_label_flip_topic_seed0,baseline,9000,0.724
s_label_flip_topic_seed0,baseline,9500,0.686
s_label_flip_topic_seed0,baseline,10000,0.734
s_label_flip_topic_seed0,baseline,10500,0.714
s_label_flip_topic_seed0,baseline,11000,0.742
s_label_flip_topic_seed0,baseline,11500,0.72
s_label_flip_topic_seed0,baseline,12000,0.808
s_label_flip_topic_seed0,baseline,12500,0.716
s_label_flip_topic_seed0,baseline,13000,0.726
s_label_flip_topic_seed0,baseline,13500,0.708
s_label_flip_topic_seed0,baseline,14000,0.768
s_label_flip_topic_seed0,baseline,14500,0.718
s_label_flip_topic_seed0,baseline,15000,0.706
s_label_flip_topic_seed0,baseline,15500,0.728
s_label_flip_topic_seed0,baseline,16000,0.732
s_label_flip_topic_seed0,baseline,16500,0.716
s_label_flip_topic_seed0,baseline,17000,0.736
s_label_flip_topic_seed0,baseline,17500,0.74
s_label_flip_topic_seed0,baseline,18000,0.73
s_label_flip_topic_seed0,baseline,18500,0.724
s_label_flip_topic_seed0,baseline,19000,0.724
s_label_flip_topic_seed0,baseline,19500,0.708
s_label_flip_topic_seed0,baseline,20000,0.716
s_label_flip_topic_seed0,baseline,20500,0.676
s_label_flip_topic_seed0,baseline,21000,0.706
s_label_flip_topic_seed0,baseline,21500,0.724
s_label_flip_topic_seed0,baseline,22000,0.736
s_label_flip_topic_seed0,baseline,22500,0.73
s_label_flip_topic_seed0,baseline,23000,0.766
s_label_flip_topic_seed0,baseline,23500,0.688
s_label_flip_topic_seed0,baseline,24000,0.712
s_label_flip_topic_seed0,baseline,24500,0.722
s_label_flip_topic_seed0,baseline,25000,0.7
s_label_flip_topic_seed0,baseline,25500,0.692
s_label_flip_topic_seed0,baseline,26000,0.704
s_label_flip_topic_seed0,baseline,26500,0.706
s_label_flip_topic_seed0,baseline,27000,0.736
s_label_flip_topic_seed0,baseline,27500,0.732
s_label_flip_topic_seed0,baseline,28000,0.704
s_label_flip_topic_seed0,baseline,28500,0.714
s_label_flip_topic_seed0,baseline,29000,0.71
s_label_flip_topic_seed0,baseline,29500,0.7
s_label_flip_topic_seed0,baseline,30000,0.708
s_label_flip_topic_seed0,baseline,30500,0.726
s_label_flip_topic_seed0,baseline,31000,0.736
s_label_flip_topic_seed0,baseline,31500,0.73
s_label_flip_topic_seed0,baseline,32000,0.712
s_label_flip_topic_seed0,baseline,32500,0.75
s_label_flip_topic_seed0,baseline,33000,0.702
s_label_flip_topic_seed0,baseline,33500,0.744
s_label_flip_topic_seed0,baseline,34000,0.728
s_label_flip_topic_seed0,baseline,34500,0.74
s_label_flip_topic_seed0,baseline,35000,0.712
s_label_flip_topic_seed0,baseline,35500,0.722
s_label_flip_topic_seed0,baseline,36000,0.722
s_label_flip_topic_seed0,baseline,36500,0.748
s_label_flip_topic_seed0,baseline,37000,0.738
s_label_flip_topic_seed0,baseline,37500,0.736
s_label_flip_topic_seed0,baseline,38000,0.726
s_label_flip_topic_seed0,baseline,38500,0.706
s_label_flip_topic_seed0,baseline,39000,0.718
s_label_flip_topic_seed0,baseline,39500,0.718
s_label_flip_topic_seed0,baseline,40000,0.718
s_label_flip_topic_seed0,baseline,40500,0.474
s_label_flip_topic_seed0,baseline,41000,0.5
s_label_flip_topic_seed0,baseline,41500,0.484
s_label_flip_topic_seed0,baseline,42000,0.554
s_label_flip_topic_seed0,baseline,42500,0.518
s_label_flip_topic_seed0,baseline,43000,0.516
s_label_flip_topic_seed0,baseline,43500,0.546
s_label_flip_topic_seed0,baseline,44000,0.512
s_label_flip_topic_seed0,baseline,44500,0.49
s_label_flip_topic_seed0,baseline,45000,0.518
s_label_flip_topic_seed0,baseline,45500,0.52
s_label_flip_topic_seed0,baseline,46000,0.536
s_label_flip_topic_seed0,baseline,46500,0.534
s_label_flip_topic_seed0,baseline,47000,0.528
s_label_flip_topic_seed0,baseline,47500,0.516
s_label_flip_topic_seed0,baseline,48000,0.494
s_label_flip_topic_seed0,baseline,48500,0.55
s_label_flip_topic_seed0,baseline,49000,0.538
s_label_flip_topic_seed0,baseline,49500,0.51
s_label_flip_topic_seed0,baseline,50000,0.508
s_label_flip_topic_seed0,baseline,50500,0.568
s_label_flip_topic_seed0,baseline,51000,0.534
s_label_flip_topic_seed0,baseline,51500,0.58
s_label_flip_topic_seed0,baseline,52000,0.518
s_label_flip_topic_seed0,baseline,52500,0.532
s_label_flip_topic_seed0,baseline,53000,0.508
s_label_flip_topic_seed0,baseline,53500,0.546
s_label_flip_topic_seed0,baseline,54000,0.552
s_label_flip_topic_seed0,baseline,54500,0.536
s_label_flip_topic_seed0,baseline,55000,0.532
s_label_flip_topic_seed0,baseline,55500,0.53
s_label_flip_topic_seed0,baseline,56000,0.502
s_label_flip_topic_seed0,baseline,56500,0.548
s_label_flip_topic_seed0,baseline,57000,0.58
s_label_flip_topic_seed0,baseline,57500,0.562
s_label_flip_topic_seed0,baseline,58000,0.522
s_label_flip_topic_seed0,baseline,58500,0.52
s_label_flip_topic_seed0,baseline,59000,0.524
s_label_flip_topic_seed0,baseline,59500,0.576
s_label_flip_topic_seed0,baseline,60000,0.548
s_label_flip_topic_seed0,baseline,60500,0.534
s_label_flip_topic_seed0,baseline,61000,0.53
s_label_flip_topic_seed0,baseline,61500,0.542
s_label_flip_topic_seed0,baseline,62000,0.54
s_label_flip_topic_seed0,baseline,62500,0.536
s_label_flip_topic_seed0,baseline,63000,0.536
s_label_flip_topic_seed0,baseline,63500,0.508
s_label_flip_topic_seed0,baseline,64000,0.542
s_label_flip_topic_seed0,baseline,64500,0.546
s_label_flip_topic_seed0,baseline,65000,0.536
s_label_flip_topic_seed0,baseline,65500,0.506
s_label_flip_topic_seed0,baseline,66000,0.55
s_label_flip_topic_seed0,baseline,66500,0.538
s_label_flip_topic_seed0,baseline,67000,0.534
s_label_flip_topic_seed0,baseline,67500,0.556
s_label_flip_topic_seed0,baseline,68000,0.542
s_label_flip_topic_seed0,baseline,68500,0.56
s_label_flip_topic_seed0,baseline,69000,0.566
s_label_flip_topic_seed0,baseline,69500,0.56
s_label_flip_topic_seed0,baseline,70000,0.564
s_label_flip_topic_seed0,baseline,70500,0.54
s_label_flip_topic_seed0,baseline,71000,0.532
s_label_flip_topic_seed0,baseline,71500,0.548
s_label_flip_topic_seed0,baseline,72000,0.548
s_label_flip_topic_seed0,baseline,72500,0.532
s_label_flip_topic_seed0,baseline,73000,0.548
s_label_flip_topic_seed0,baseline,73500,0.536
s_label_flip_topic_seed0,baseline,74000,0.536
s_label_flip_topic_seed0,baseline,74500,0.558
s_label_flip_topic_seed0,baseline,75000,0.558
s_label_flip_topic_seed0,baseline,75500,0.546
s_label_flip_topic_seed0,baseline,76000,0.572
s_label_flip_topic_seed0,baseline,76500,0.572
s_label_flip_topic_seed0,baseline,77000,0.536
s_label_flip_topic_seed0,baseline,77500,0.564
s_label_flip_topic_seed0,baseline,78000,0.526
s_label_flip_topic_seed0,baseline,78500,0.558
s_label_flip_topic_seed0,baseline,79000,0.564
s_label_flip_topic_seed0,baseline,79500,0.564
s_label_flip_topic_seed0,baseline,80000,0.576
s_label_flip_topic_seed0,enhanced-adwin_only,500,0.582
s_label_flip_topic_seed0,enhanced-adwin_only,1000,0.604
s_label_flip_topic_seed0,enhanced-adwin_only,1500,0.696
s_label_flip_topic_seed0,enhanced-adwin_only,2000,0.688
s_label_flip_topic_seed0,enhanced-adwin_only,2500,0.68
s_label_flip_topic_seed0,enhanced-adwin_only,3000,0.71
s_label_flip_topic_seed0,enhanced-adwin_only,3500,0.716
s_label_flip_topic_seed0,enhanced-adwin_only,4000,0.736
s_label_flip_topic_seed0,enhanced-adwin_only,4500,0.722
s_label_flip_topic_seed0,enhanced-adwin_only,5000,0.698
s_label_flip_topic_seed0,enhanced-adwin_only,5500,0.698
s_label_flip_topic_seed0,enhanced-adwin_only,6000,0.726
s_label_flip_topic_seed0,enhanced-adwin_only,6500,0.712
s_label_flip_topic_seed0,enhanced-adwin_only,7000,0.714
s_label_flip_topic_seed0,enhanced-adwin_only,7500,0.7
s_label_flip_topic_seed0,enhanced-adwin_only,8000,0.74
s_label_flip_topic_seed0,enhanced-adwin_only,8500,0.746
s_label_flip_topic_seed0,enhanced-adwin_only,9000,0.724
s_label_flip_topic_seed0,enhanced-adwin_only,9500,0.686
s_label_flip_topic_seed0,enhanced-adwin_only,10000,0.734
s_label_flip_topic_seed0,enhanced-adwin_only,10500,0.714
s_label_flip_topic_seed0,enhanced-adwin_only,11000,0.742
s_label_flip_topic_seed0,enhanced-adwin_only,11500,0.72
s_label_flip_topic_seed0,enhanced-adwin_only,12000,0.808
s_label_flip_topic_seed0,enhanced-adwin_only,12500,0.716
s_label_flip_topic_seed0,enhanced-adwin_only,13000,0.726
s_label_flip_topic_seed0,enhanced-adwin_only,13500,0.708
s_label_flip_topic_seed0,enhanced-adwin_only,14000,0.768
s_label_flip_topic_seed0,enhanced-adwin_only,14500,0.718
s_label_flip_topic_seed0,enhanced-adwin_only,15000,0.706
s_label_flip_topic_seed0,enhanced-adwin_only,15500,0.728
s_label_flip_topic_seed0,enhanced-adwin_only,16000,0.732
s_label_flip_topic_seed0,enhanced-adwin_only,16500,0.716
s_label_flip_topic_seed0,enhanced-adwin_only,17000,0.736
s_label_flip_topic_seed0,enhanced-adwin_only,17500,0.74
s_label_flip_topic_seed0,enhanced-adwin_only,18000,0.73
s_label_flip_topic_seed0,enhanced-adwin_only,18500,0.724
s_label_flip_topic_seed0,enhanced-adwin_only,19000,0.724
s_label_flip_topic_seed0,enhanced-adwin_only,19500,0.708
s_label_flip_topic_seed0,enhanced-adwin_only,20000,0.716
s_label_flip_topic_seed0,enhanced-adwin_only,20500,0.712
s_label_flip_topic_seed0,enhanced-adwin_only,21000,0.736
s_label_flip_topic_seed0,enhanced-adwin_only,21500,0.722
s_label_flip_topic_seed0,enhanced-adwin_only,22000,0.734
s_label_flip_topic_seed0,enhanced-adwin_only,22500,0.736
s_label_flip_topic_seed0,enhanced-adwin_only,23000,0.768
s_label_flip_topic_seed0,enhanced-adwin_only,23500,0.706
s_label_flip_topic_seed0,enhanced-adwin_only,24000,0.716
s_label_flip_topic_seed0,enhanced-adwin_only,24500,0.736
s_label_flip_topic_seed0,enhanced-adwin_only,25000,0.746
s_label_flip_topic_seed0,enhanced-adwin_only,25500,0.71
s_label_flip_topic_seed0,enhanced-adwin_only,26000,0.732
s_label_flip_topic_seed0,enhanced-adwin_only,26500,0.72
s_label_flip_topic_seed0,enhanced-adwin_only,27000,0.748
s_label_flip_topic_seed0,enhanced-adwin_only,27500,0.732
s_label_flip_topic_seed0,enhanced-adwin_only,28000,0.698
s_label_flip_topic_seed0,enhanced-adwin_only,28500,0.742
s_label_flip_topic_seed0,enhanced-adwin_only,29000,0.716
s_label_flip_topic_seed0,enhanced-adwin_only,29500,0.73
s_label_flip_topic_seed0,enhanced-adwin_only,30000,0.718
s_label_flip_topic_seed0,enhanced-adwin_only,30500,0.732
s_label_flip_topic_seed0,enhanced-adwin_only,31000,0.748
s_label_flip_topic_seed0,enhanced-adwin_only,31500,0.722
s_label_flip_topic_seed0,enhanced-adwin_only,32000,0.73
s_label_flip_topic_seed0,enhanced-adwin_only,32500,0.746
s_label_flip_topic_seed0,enhanced-adwin_only,33000,0.708
s_label_flip_topic_seed0,enhanced-adwin_only,33500,0.762
s_label_flip_topic_seed0,enhanced-adwin_only,34000,0.726
s_label_flip_topic_seed0,enhanced-adwin_only,34500,0.742
s_label_flip_topic_seed0,enhanced-adwin_only,35000,0.722
s_label_flip_topic_seed0,enhanced-adwin_only,35500,0.732
s_label_flip_topic_seed0,enhanced-adwin_only,36000,0.738
s_label_flip_topic_seed0,enhanced-adwin_only,36500,0.75
s_label_flip_topic_seed0,enhanced-adwin_only,37000,0.762
s_label_flip_topic_seed0,enhanced-adwin_only,37500,0.74
s_label_flip_topic_seed0,enhanced-adwin_only,38000,0.744
s_label_flip_topic_seed0,enhanced-adwin_only,38500,0.726
s_label_flip_topic_seed0,enhanced-adwin_only,39000,0.738
s_label_flip_topic_seed0,enhanced-adwin_only,39500,0.734
s_label_flip_topic_seed0,enhanced-adwin_only,40000,0.726
s_label_flip_topic_seed0,enhanced-adwin_only,40500,0.504
s_label_flip_topic_seed0,enhanced-adwin_only,41000,0.494
s_label_flip_topic_seed0,enhanced-adwin_only,41500,0.528
s_label_flip_topic_seed0,enhanced-adwin_only,42000,0.54
s_label_flip_topic_seed0,enhanced-adwin_only,42500,0.536
s_label_flip_topic_seed0,enhanced-adwin_only,43000,0.528
s_label_flip_topic_seed0,enhanced-adwin_only,43500,0.554
s_label_flip_topic_seed0,enhanced-adwin_only,44000,0.53
s_label_flip_topic_seed0,enhanced-adwin_only,44500,0.498
s_label_flip_topic_seed0,enhanced-adwin_only,45000,0.522
s_label_flip_topic_seed0,enhanced-adwin_only,45500,0.546
s_label_flip_topic_seed0,enhanced-adwin_only,46000,0.558
s_label_flip_topic_seed0,enhanced-adwin_only,46500,0.556
s_label_flip_topic_seed0,enhanced-adwin_only,47000,0.572
s_label_flip_topic_seed0,enhanced-adwin_only,47500,0.556
s_label_flip_topic_seed0,enhanced-adwin_only,48000,0.53
s_label_flip_topic_seed0,enhanced-adwin_only,48500,0.534
s_label_flip_topic_seed0,enhanced-adwin_only,49000,0.546
s_label_flip_topic_seed0,enhanced-adwin_only,49500,0.546
s_label_flip_topic_seed0,enhanced-adwin_only,50000,0.528
s_label_flip_topic_seed0,enhanced-adwin_only,50500,0.56
s_label_flip_topic_seed0,enhanced-adwin_only,51000,0.538
s_label_flip_topic_seed0,enhanced-adwin_only,51500,0.582
s_label_flip_topic_seed0,enhanced-adwin_only,52000,0.552
s_label_flip_topic_seed0,enhanced-adwin_only,52500,0.53
s_label_flip_topic_seed0,enhanced-adwin_only,53000,0.554
s_label_flip_topic_seed0,enhanced-adwin_only,53500,0.552
s_label_flip_topic_seed0,enhanced-adwin_only,54000,0.566
s_label_flip_topic_seed0,enhanced-adwin_only,54500,0.572
s_label_flip_topic_seed0,enhanced-adwin_only,55000,0.526
s_label_flip_topic_seed0,enhanced-adwin_only,55500,0.546
s_label_flip_topic_seed0,enhanced-adwin_only,56000,0.524
s_label_flip_topic_seed0,enhanced-adwin_only,56500,0.564
s_label_flip_topic_seed0,enhanced-adwin_only,57000,0.548
s_label_flip_topic_seed0,enhanced-adwin_only,57500,0.564
s_label_flip_topic_seed0,enhanced-adwin_only,58000,0.58
s_label_flip_topic_seed0,enhanced-adwin_only,58500,0.56
s_label_flip_topic_seed0,enhanced-adwin_only,59000,0.586
s_label_flip_topic_seed0,enhanced-adwin_only,59500,0.57
s_label_flip_topic_seed0,enhanced-adwin_only,60000,0.598
s_label_flip_topic_seed0,enhanced-adwin_only,60500,0.56
s_label_flip_topic_seed0,enhanced-adwin_only,61000,0.54
s_label_flip_topic_seed0,enhanced-adwin_only,61500,0.562
s_label_flip_topic_seed0,enhanced-adwin_only,62000,0.606
s_label_flip_topic_seed0,enhanced-adwin_only,62500,0.574
s_label_flip_topic_seed0,enhanced-adwin_only,63000,0.566
s_label_flip_topic_seed0,enhanced-adwin_only,63500,0.55
s_label_flip_topic_seed0,enhanced-adwin_only,64000,0.532
s_label_flip_topic_seed0,enhanced-adwin_only,64500,0.586
s_label_flip_topic_seed0,enhanced-adwin_only,65000,0.552
s_label_flip_topic_seed0,enhanced-adwin_only,65500,0.528
s_label_flip_topic_seed0,enhanced-adwin_only,66000,0.55
s_label_flip_topic_seed0,enhanced-adwin_only,66500,0.568
s_label_flip_topic_seed0,enhanced-adwin_only,67000,0.54
s_label_flip_topic_seed0,enhanced-adwin_only,67500,0.55
s_label_flip_topic_seed0,enhanced-adwin_only,68000,0.56
s_label_flip_topic_seed0,enhanced-adwin_only,68500,0.556
s_label_flip_topic_seed0,enhanced-adwin_only,69000,0.566
s_label_flip_topic_seed0,enhanced-adwin_only,69500,0.568
s_label_flip_topic_seed0,enhanced-adwin_only,70000,0.594
s_label_flip_topic_seed0,enhanced-adwin_only,70500,0.554
s_label_flip_topic_seed0,enhanced-adwin_only,71000,0.56
s_label_flip_topic_seed0,enhanced-adwin_only,71500,0.564
s_label_flip_topic_seed0,enhanced-adwin_only,72000,0.558
s_label_flip_topic_seed0,enhanced-adwin_only,72500,0.576
s_label_flip_topic_seed0,enhanced-adwin_only,73000,0.554
s_label_flip_topic_seed0,enhanced-adwin_only,73500,0.532
s_label_flip_topic_seed0,enhanced-adwin_only,74000,0.576
s_label_flip_topic_seed0,enhanced-adwin_only,74500,0.586
s_label_flip_topic_seed0,enhanced-adwin_only,75000,0.574
s_label_flip_topic_seed0,enhanced-adwin_only,75500,0.566
s_label_flip_topic_seed0,enhanced-adwin_only,76000,0.542
s_label_flip_topic_seed0,enhanced-adwin_only,76500,0.578
s_label_flip_topic_seed0,enhanced-adwin_only,77000,0.564
s_label_flip_topic_seed0,enhanced-adwin_only,77500,0.584
s_label_flip_topic_seed0,enhanced-adwin_only,78000,0.558
s_label_flip_topic_seed0,enhanced-adwin_only,78500,0.576
s_label_flip_topic_seed0,enhanced-adwin_only,79000,0.586
s_label_flip_topic_seed0,enhanced-adwin_only,79500,0.562
s_label_flip_topic_seed0,enhanced-adwin_only,80000,0.56
s_label_flip_topic_seed0,enhanced-or,500,0.582
s_label_flip_topic_seed0,enhanced-or,1000,0.604
s_label_flip_topic_seed0,enhanced-or,1500,0.696
s_label_flip_topic_seed0,enhanced-or,2000,0.688
s_label_flip_topic_seed0,enhanced-or,2500,0.68
s_label_flip_topic_seed0,enhanced-or,3000,0.71
s_label_flip_topic_seed0,enhanced-or,3500,0.716
s_label_flip_topic_seed0,enhanced-or,4000,0.736
s_label_flip_topic_seed0,enhanced-or,4500,0.722
s_label_flip_topic_seed0,enhanced-or,5000,0.698
s_label_flip_topic_seed0,enhanced-or,5500,0.698
s_label_flip_topic_seed0,enhanced-or,6000,0.726
s_label_flip_topic_seed0,enhanced-or,6500,0.712
s_label_flip_topic_seed0,enhanced-or,7000,0.714
s_label_flip_topic_seed0,enhanced-or,7500,0.7
s_label_flip_topic_seed0,enhanced-or,8000,0.74
s_label_flip_topic_seed0,enhanced-or,8500,0.746
s_label_flip_topic_seed0,enhanced-or,9000,0.724
s_label_flip_topic_seed0,enhanced-or,9500,0.686
s_label_flip_topic_seed0,enhanced-or,10000,0.734
s_label_flip_topic_seed0,enhanced-or,10500,0.714
s_label_flip_topic_seed0,enhanced-or,11000,0.742
s_label_flip_topic_seed0,enhanced-or,11500,0.72
s_label_flip_topic_seed0,enhanced-or,12000,0.808
s_label_flip_topic_seed0,enhanced-or,12500,0.716
s_label_flip_topic_seed0,enhanced-or,13000,0.726
s_label_flip_topic_seed0,enhanced-or,13500,0.708
s_label_flip_topic_seed0,enhanced-or,14000,0.768
s_label_flip_topic_seed0,enhanced-or,14500,0.718
s_label_flip_topic_seed0,enhanced-or,15000,0.706
s_label_flip_topic_seed0,enhanced-or,15500,0.728
s_label_flip_topic_seed0,enhanced-or,16000,0.732
s_label_flip_topic_seed0,enhanced-or,16500,0.716
s_label_flip_topic_seed0,enhanced-or,17000,0.736
s_label_flip_topic_seed0,enhanced-or,17500,0.74
s_label_flip_topic_seed0,enhanced-or,18000,0.73
s_label_flip_topic_seed0,enhanced-or,18500,0.724
s_label_flip_topic_seed0,enhanced-or,19000,0.724
s_label_flip_topic_seed0,enhanced-or,19500,0.708
s_label_flip_topic_seed0,enhanced-or,20000,0.716
s_label_flip_topic_seed0,enhanced-or,20500,0.676
s_label_flip_topic_seed0,enhanced-or,21000,0.706
s_label_flip_topic_seed0,enhanced-or,21500,0.724
s_label_flip_topic_seed0,enhanced-or,22000,0.736
s_label_flip_topic_seed0,enhanced-or,22500,0.73
s_label_flip_topic_seed0,enhanced-or,23000,0.766
s_label_flip_topic_seed0,enhanced-or,23500,0.688
s_label_flip_topic_seed0,enhanced-or,24000,0.712
s_label_flip_topic_seed0,enhanced-or,24500,0.722
s_label_flip_topic_seed0,enhanced-or,25000,0.7
s_label_flip_topic_seed0,enhanced-or,25500,0.692
s_label_flip_topic_seed0,enhanced-or,26000,0.704
s_label_flip_topic_seed0,enhanced-or,26500,0.706
s_label_flip_topic_seed0,enhanced-or,27000,0.736
s_label_flip_topic_seed0,enhanced-or,27500,0.732
s_label_flip_topic_seed0,enhanced-or,28000,0.704
s_label_flip_topic_seed0,enhanced-or,28500,0.714
s_label_flip_topic_seed0,enhanced-or,29000,0.71
s_label_flip_topic_seed0,enhanced-or,29500,0.7
s_label_flip_topic_seed0,enhanced-or,30000,0.708
s_label_flip_topic_seed0,enhanced-or,30500,0.726
s_label_flip_topic_seed0,enhanced-or,31000,0.736
s_label_flip_topic_seed0,enhanced-or,31500,0.73
s_label_flip_topic_seed0,enhanced-or,32000,0.712
s_label_flip_topic_seed0,enhanced-or,32500,0.75
s_label_flip_topic_seed0,enhanced-or,33000,0.702
s_label_flip_topic_seed0,enhanced-or,33500,0.744
s_label_flip_topic_seed0,enhanced-or,34000,0.728
s_label_flip_topic_seed0,enhanced-or,34500,0.74
s_label_flip_topic_seed0,enhanced-or,35000,0.712
s_label_flip_topic_seed0,enhanced-or,35500,0.722
s_label_flip_topic_seed0,enhanced-or,36000,0.722
s_label_flip_topic_seed0,enhanced-or,36500,0.748
s_label_flip_topic_seed0,enhanced-or,37000,0.738
s_label_flip_topic_seed0,enhanced-or,37500,0.736
s_label_flip_topic_seed0,enhanced-or,38000,0.726
s_label_flip_topic_seed0,enhanced-or,38500,0.706
s_label_flip_topic_seed0,enhanced-or,39000,0.718
s_label_flip_topic_seed0,enhanced-or,39500,0.718
s_label_flip_topic_seed0,enhanced-or,40000,0.718
s_label_flip_topic_seed0,enhanced-or,40500,0.494
s_label_flip_topic_seed0,enhanced-or,41000,0.478
s_label_flip_topic_seed0,enhanced-or,41500,0.508
s_label_flip_topic_seed0,enhanced-or,42000,0.566
s_label_flip_topic_seed0,enhanced-or,42500,0.54
s_label_flip_topic_seed0,enhanced-or,43000,0.54
s_label_flip_topic_seed0,enhanced-or,43500,0.534
s_label_flip_topic_seed0,enhanced-or,44000,0.542
s_label_flip_topic_seed0,enhanced-or,44500,0.498
s_label_flip_topic_seed0,enhanced-or,45000,0.526
s_label_flip_topic_seed0,enhanced-or,45500,0.542
s_label_flip_topic_seed0,enhanced-or,46000,0.548
s_label_flip_topic_seed0,enhanced-or,46500,0.544
s_label_flip_topic_seed0,enhanced-or,47000,0.574
s_label_flip_topic_seed0,enhanced-or,47500,0.53
s_label_flip_topic_seed0,enhanced-or,48000,0.536
s_label_flip_topic_seed0,enhanced-or,48500,0.53
s_label_flip_topic_seed0,enhanced-or,49000,0.536
s_label_flip_topic_seed0,enhanced-or,49500,0.534
s_label_flip_topic_seed0,enhanced-or,50000,0.554
s_label_flip_topic_seed0,enhanced-or,50500,0.546
s_label_flip_topic_seed0,enhanced-or,51000,0.542
s_label_flip_topic_seed0,enhanced-or,51500,0.58
s_label_flip_topic_seed0,enhanced-or,52000,0.546
s_label_flip_topic_seed0,enhanced-or,52500,0.558
s_label_flip_topic_seed0,enhanced-or,53000,0.546
s_label_flip_topic_seed0,enhanced-or,53500,0.546
s_label_flip_topic_seed0,enhanced-or,54000,0.57
s_label_flip_topic_seed0,enhanced-or,54500,0.564
s_label_flip_topic_seed0,enhanced-or,55000,0.538
s_label_flip_topic_seed0,enhanced-or,55500,0.546
s_label_flip_topic_seed0,enhanced-or,56000,0.53
s_label_flip_topic_seed0,enhanced-or,56500,0.564
s_label_flip_topic_seed0,enhanced-or,57000,0.556
s_label_flip_topic_seed0,enhanced-or,57500,0.554
s_label_flip_topic_seed0,enhanced-or,58000,0.572
s_label_flip_topic_seed0,enhanced-or,58500,0.542
s_label_flip_topic_seed0,enhanced-or,59000,0.58
s_label_flip_topic_seed0,enhanced-or,59500,0.578
s_label_flip_topic_seed0,enhanced-or,60000,0.61
s_label_flip_topic_seed0,enhanced-or,60500,0.564
s_label_flip_topic_seed0,enhanced-or,61000,0.544
s_label_flip_topic_seed0,enhanced-or,61500,0.546
s_label_flip_topic_seed0,enhanced-or,62000,0.582
s_label_flip_topic_seed0,enhanced-or,62500,0.582
s_label_flip_topic_seed0,enhanced-or,63000,0.546
s_label_flip_topic_seed0,enhanced-or,63500,0.534
s_label_flip_topic_seed0,enhanced-or,64000,0.526
s_label_flip_topic_seed0,enhanced-or,64500,0.58
s_label_flip_topic_seed0,enhanced-or,65000,0.558
s_label_flip_topic_seed0,enhanced-or,65500,0.522
s_label_flip_topic_seed0,enhanced-or,66000,0.552
s_label_flip_topic_seed0,enhanced-or,66500,0.558
s_label_flip_topic_seed0,enhanced-or,67000,0.54
s_label_flip_topic_seed0,enhanced-or,67500,0.556
s_label_flip_topic_seed0,enhanced-or,68000,0.542
s_label_flip_topic_seed0,enhanced-or,68500,0.564
s_label_flip_topic_seed0,enhanced-or,69000,0.574
s_label_flip_topic_seed0,enhanced-or,69500,0.57
s_label_flip_topic_seed0,enhanced-or,70000,0.59
s_label_flip_topic_seed0,enhanced-or,70500,0.542
s_label_flip_topic_seed0,enhanced-or,71000,0.56
s_label_flip_topic_seed0,enhanced-or,71500,0.544
s_label_flip_topic_seed0,enhanced-or,72000,0.578
s_label_flip_topic_seed0,enhanced-or,72500,0.578
s_label_flip_topic_seed0,enhanced-or,73000,0.542
s_label_flip_topic_seed0,enhanced-or,73500,0.54
s_label_flip_topic_seed0,enhanced-or,74000,0.59
s_label_flip_topic_seed0,enhanced-or,74500,0.588
s_label_flip_topic_seed0,enhanced-or,75000,0.588
s_label_flip_topic_seed0,enhanced-or,75500,0.56
s_label_flip_topic_seed0,enhanced-or,76000,0.552
s_label_flip_topic_seed0,enhanced-or,76500,0.58
s_label_flip_topic_seed0,enhanced-or,77000,0.554
s_label_flip_topic_seed0,enhanced-or,77500,0.598
s_label_flip_topic_seed0,enhanced-or,78000,0.56
s_label_flip_topic_seed0,enhanced-or,78500,0.568
s_label_flip_topic_seed0,enhanced-or,79000,0.578
s_label_flip_topic_seed0,enhanced-or,79500,0.564
s_label_flip_topic_seed0,enhanced-or,80000,0.56
s_label_flip_topic_seed0,enhanced-and,500,0.582
s_label_flip_topic_seed0,enhanced-and,1000,0.604
s_label_flip_topic_seed0,enhanced-and,1500,0.696
s_label_flip_topic_seed0,enhanced-and,2000,0.688
s_label_flip_topic_seed0,enhanced-and,2500,0.68
s_label_flip_topic_seed0,enhanced-and,3000,0.71
s_label_flip_topic_seed0,enhanced-and,3500,0.716
s_label_flip_topic_seed0,enhanced-and,4000,0.736
s_label_flip_topic_seed0,enhanced-and,4500,0.722
s_label_flip_topic_seed0,enhanced-and,5000,0.698
s_label_flip_topic_seed0,enhanced-and,5500,0.698
s_label_flip_topic_seed0,enhanced-and,6000,0.726
s_label_flip_topic_seed0,enhanced-and,6500,0.712
s_label_flip_topic_seed0,enhanced-and,7000,0.714
s_label_flip_topic_seed0,enhanced-and,7500,0.7
s_label_flip_topic_seed0,enhanced-and,8000,0.74
s_label_flip_topic_seed0,enhanced-and,8500,0.746
s_label_flip_topic_seed0,enhanced-and,9000,0.724
s_label_flip_topic_seed0,enhanced-and,9500,0.686
s_label_flip_topic_seed0,enhanced-and,10000,0.734
s_label_flip_topic_seed0,enhanced-and,10500,0.714
s_label_flip_topic_seed0,enhanced-and,11000,0.742
s_label_flip_topic_seed0,enhanced-and,11500,0.72
s_label_flip_topic_seed0,enhanced-and,12000,0.808
s_label_flip_topic_seed0,enhanced-and,12500,0.716
s_label_flip_topic_seed0,enhanced-and,13000,0.726
s_label_flip_topic_seed0,enhanced-and,13500,0.708
s_label_flip_topic_seed0,enhanced-and,14000,0.768
s_label_flip_topic_seed0,enhanced-and,14500,0.718
s_label_flip_topic_seed0,enhanced-and,15000,0.706
s_label_flip_topic_seed0,enhanced-and,15500,0.728
s_label_flip_topic_seed0,enhanced-and,16000,0.732
s_label_flip_topic_seed0,enhanced-and,16500,0.716
s_label_flip_topic_seed0,enhanced-and,17000,0.736
s_label_flip_topic_seed0,enhanced-and,17500,0.74
s_label_flip_topic_seed0,enhanced-and,18000,0.73
s_label_flip_topic_seed0,enhanced-and,18500,0.724
s_label_flip_topic_seed0,enhanced-and,19000,0.724
s_label_flip_topic_seed0,enhanced-and,19500,0.708
s_label_flip_topic_seed0,enhanced-and,20000,0.716
s_label_flip_topic_seed0,enhanced-and,20500,0.712
s_label_flip_topic_seed0,enhanced-and,21000,0.736
s_label_flip_topic_seed0,enhanced-and,21500,0.722
s_label_flip_topic_seed0,enhanced-and,22000,0.734
s_label_flip_topic_seed0,enhanced-and,22500,0.736
s_label_flip_topic_seed0,enhanced-and,23000,0.768
s_label_flip_topic_seed0,enhanced-and,23500,0.706
s_label_flip_topic_seed0,enhanced-and,24000,0.716
s_label_flip_topic_seed0,enhanced-and,24500,0.736
s_label_flip_topic_seed0,enhanced-and,25000,0.746
s_label_flip_topic_seed0,enhanced-and,25500,0.71
s_label_flip_topic_seed0,enhanced-and,26000,0.732
s_label_flip_topic_seed0,enhanced-and,26500,0.72
s_label_flip_topic_seed0,enhanced-and,27000,0.748
s_label_flip_topic_seed0,enhanced-and,27500,0.732
s_label_flip_topic_seed0,enhanced-and,28000,0.698
s_label_flip_topic_seed0,enhanced-and,28500,0.742
s_label_flip_topic_seed0,enhanced-and,29000,0.716
s_label_flip_topic_seed0,enhanced-and,29500,0.73
s_label_flip_topic_seed0,enhanced-and,30000,0.718
s_label_flip_topic_seed0,enhanced-and,30500,0.732
s_label_flip_topic_seed0,enhanced-and,31000,0.748
s_label_flip_topic_seed0,enhanced-and,31500,0.722
s_label_flip_topic_seed0,enhanced-and,32000,0.73
s_label_flip_topic_seed0,enhanced-and,32500,0.746
s_label_flip_topic_seed0,enhanced-and,33000,0.708
s_label_flip_topic_seed0,enhanced-and,33500,0.762
s_label_flip_topic_seed0,enhanced-and,34000,0.726
s_label_flip_topic_seed0,enhanced-and,34500,0.742
s_label_flip_topic_seed0,enhanced-and,35000,0.722
s_label_flip_topic_seed0,enhanced-and,35500,0.732
s_label_flip_topic_seed0,enhanced-and,36000,0.738
s_label_flip_topic_seed0,enhanced-and,36500,0.75
s_label_flip_topic_seed0,enhanced-and,37000,0.762
s_label_flip_topic_seed0,enhanced-and,37500,0.74
s_label_flip_topic_seed0,enhanced-and,38000,0.744
s_label_flip_topic_seed0,enhanced-and,38500,0.726
s_label_flip_topic_seed0,enhanced-and,39000,0.738
s_label_flip_topic_seed0,enhanced-and,39500,0.734
s_label_flip_topic_seed0,enhanced-and,40000,0.726
s_label_flip_topic_seed0,enhanced-and,40500,0.504
s_label_flip_topic_seed0,enhanced-and,41000,0.494
s_label_flip_topic_seed0,enhanced-and,41500,0.528
s_label_flip_topic_seed0,enhanced-and,42000,0.54
s_label_flip_topic_seed0,enhanced-and,42500,0.536
s_label_flip_topic_seed0,enhanced-and,43000,0.528
s_label_flip_topic_seed0,enhanced-and,43500,0.554
s_label_flip_topic_seed0,enhanced-and,44000,0.53
s_label_flip_topic_seed0,enhanced-and,44500,0.506
s_label_flip_topic_seed0,enhanced-and,45000,0.506
s_label_flip_topic_seed0,enhanced-and,45500,0.562
s_label_flip_topic_seed0,enhanced-and,46000,0.548
s_label_flip_topic_seed0,enhanced-and,46500,0.56
s_label_flip_topic_seed0,enhanced-and,47000,0.57
s_label_flip_topic_seed0,enhanced-and,47500,0.55
s_label_flip_topic_seed0,enhanced-and,48000,0.52
s_label_flip_topic_seed0,enhanced-and,48500,0.546
s_label_flip_topic_seed0,enhanced-and,49000,0.512
s_label_flip_topic_seed0,enhanced-and,49500,0.548
s_label_flip_topic_seed0,enhanced-and,50000,0.526
s_label_flip_topic_seed0,enhanced-and,50500,0.54
s_label_flip_topic_seed0,enhanced-and,51000,0.548
s_label_flip_topic_seed0,enhanced-and,51500,0.592
s_label_flip_topic_seed0,enhanced-and,52000,0.556
s_label_flip_topic_seed0,enhanced-and,52500,0.54
s_label_flip_topic_seed0,enhanced-and,53000,0.57
s_label_flip_topic_seed0,enhanced-and,53500,0.564
s_label_flip_topic_seed0,enhanced-and,54000,0.55
s_label_flip_topic_seed0,enhanced-and,54500,0.562
s_label_flip_topic_seed0,enhanced-and,55000,0.53
s_label_flip_topic_seed0,enhanced-and,55500,0.544
s_label_flip_topic_seed0,enhanced-and,56000,0.53
s_label_flip_topic_seed0,enhanced-and,56500,0.558
s_label_flip_topic_seed0,enhanced-and,57000,0.558
s_label_flip_topic_seed0,enhanced-and,57500,0.572
s_label_flip_topic_seed0,enhanced-and,58000,0.592
s_label_flip_topic_seed0,enhanced-and,58500,0.57
s_label_flip_topic_seed0,enhanced-and,59000,0.576
s_label_flip_topic_seed0,enhanced-and,59500,0.564
s_label_flip_topic_seed0,enhanced-and,60000,0.596
s_label_flip_topic_seed0,enhanced-and,60500,0.572
s_label_flip_topic_seed0,enhanced-and,61000,0.556
s_label_flip_topic_seed0,enhanced-and,61500,0.564
s_label_flip_topic_seed0,enhanced-and,62000,0.608
s_label_flip_topic_seed0,enhanced-and,62500,0.564
s_label_flip_topic_seed0,enhanced-and,63000,0.57
s_label_flip_topic_seed0,enhanced-and,63500,0.552
s_label_flip_topic_seed0,enhanced-and,64000,0.538
s_label_flip_topic_seed0,enhanced-and,64500,0.59
s_label_flip_topic_seed0,enhanced-and,65000,0.574
s_label_flip_topic_seed0,enhanced-and,65500,0.528
s_label_flip_topic_seed0,enhanced-and,66000,0.562
s_label_flip_topic_seed0,enhanced-and,66500,0.576
s_label_flip_topic_seed0,enhanced-and,67000,0.55
s_label_flip_topic_seed0,enhanced-and,67500,0.556
s_label_flip_topic_seed0,enhanced-and,68000,0.562
s_label_flip_topic_seed0,enhanced-and,68500,0.538
s_label_flip_topic_seed0,enhanced-and,69000,0.548
s_label_flip_topic_seed0,enhanced-and,69500,0.574
s_label_flip_topic_seed0,enhanced-and,70000,0.58
s_label_flip_topic_seed0,enhanced-and,70500,0.56
s_label_flip_topic_seed0,enhanced-and,71000,0.564
s_label_flip_topic_seed0,enhanced-and,71500,0.568
s_label_flip_topic_seed0,enhanced-and,72000,0.552
s_label_flip_topic_seed0,enhanced-and,72500,0.556
s_label_flip_topic_seed0,enhanced-and,73000,0.55
s_label_flip_topic_seed0,enhanced-and,73500,0.53
s_label_flip_topic_seed0,enhanced-and,74000,0.57
s_label_flip_topic_seed0,enhanced-and,74500,0.576
s_label_flip_topic_seed0,enhanced-and,75000,0.58
s_label_flip_topic_seed0,enhanced-and,75500,0.566
s_label_flip_topic_seed0,enhanced-and,76000,0.53
s_label_flip_topic_seed0,enhanced-and,76500,0.582
s_label_flip_topic_seed0,enhanced-and,77000,0.56
s_label_flip_topic_seed0,enhanced-and,77500,0.596
s_label_flip_topic_seed0,enhanced-and,78000,0.558
s_label_flip_topic_seed0,enhanced-and,78500,0.59
s_label_flip_topic_seed0,enhanced-and,79000,0.594
s_label_flip_topic_seed0,enhanced-and,79500,0.568
s_label_flip_topic_seed0,enhanced-and,80000,0.568
ds1,accumulativeMNB,10000,0.725
ds1,accumulativeMNB,20000,0.7516
ds1,accumulativeMNB,30000,0.7584
ds1,accumulativeMNB,40000,0.7615
ds1,accumulativeMNB,50000,0.779
ds1,accumulativeMNB,60000,0.7714
ds1,accumulativeMNB,70000,0.7716
ds1,accumulativeMNB,80000,0.779
ds1,accumulativeMNB,90000,0.7687
ds1,accumulativeMNB,100000,0.7762
ds1,accumulativeMNB,110000,0.7777
ds1,accumulativeMNB,120000,0.7833
ds1,accumulativeMNB,130000,0.783
ds1,accumulativeMNB,140000,0.7796
ds1,accumulativeMNB,150000,0.7756
ds1,accumulativeMNB,160000,0.774
ds1,accumulativeMNB,170000,0.7693
ds1,accumulativeMNB,180000,0.7769
ds1,accumulativeMNB,190000,0.7719
ds1,accumulativeMNB,200000,0.7897
ds1,accumulativeMNB,210000,0.7903
ds1,accumulativeMNB,220000,0.7893
ds1,accumulativeMNB,230000,0.778
ds1,accumulativeMNB,240000,0.7809
ds1,accumulativeMNB,250000,0.7684
ds1,accumulativeMNB,260000,0.7838
ds1,accumulativeMNB,270000,0.7855
ds1,accumulativeMNB,280000,0.782
ds1,accumulativeMNB,290000,0.7977
ds1,accumulativeMNB,300000,0.796
ds1,accumulativeMNB,310000,0.7903
ds1,accumulativeMNB,320000,0.7842
ds1,accumulativeMNB,330000,0.7817
ds1,accumulativeMNB,340000,0.7833
ds1,accumulativeMNB,350000,0.8006
ds1,accumulativeMNB,360000,0.7931
ds1,accumulativeMNB,370000,0.7797
ds1,accumulativeMNB,380000,0.7818
ds1,accumulativeMNB,390000,0.7851
ds1,accumulativeMNB,400000,0.7817
ds1,accumulativeMNB,410000,0.7908
ds1,accumulativeMNB,420000,0.7886
ds1,accumulativeMNB,430000,0.7858
ds1,accumulativeMNB,440000,0.7753
ds1,accumulativeMNB,450000,0.7951
ds1,accumulativeMNB,460000,0.7885
ds1,accumulativeMNB,470000,0.7878
ds1,accumulativeMNB,480000,0.7866
ds1,accumulativeMNB,490000,0.8025
ds1,accumulativeMNB,500000,0.7933
ds1,accumulativeMNB,510000,0.7897
ds1,accumulativeMNB,520000,0.7811
ds1,accumulativeMNB,530000,0.7839
ds1,accumulativeMNB,540000,0.7853
ds1,accumulativeMNB,550000,0.7859
ds1,accumulativeMNB,560000,0.7822
ds1,accumulativeMNB,570000,0.7957
ds1,accumulativeMNB,580000,0.797
ds1,accumulativeMNB,590000,0.7997
ds1,accumulativeMNB,600000,0.8043
ds1,accumulativeMNB,610000,0.7959
ds1,accumulativeMNB,620000,0.7904
ds1,accumulativeMNB,630000,0.7916
ds1,accumulativeMNB,640000,0.7965
ds1,accumulativeMNB,650000,0.7937
ds1,accumulativeMNB,660000,0.7828
ds1,accumulativeMNB,670000,0.7751
ds1,accumulativeMNB,680000,0.7939
ds1,accumulativeMNB,690000,0.7948
ds1,accumulativeMNB,700000,0.7819
ds1,accumulativeMNB,710000,0.7832
ds1,accumulativeMNB,720000,0.7805
ds1,accumulativeMNB,730000,0.7859
ds1,accumulativeMNB,740000,0.7819
ds1,accumulativeMNB,750000,0.7884
ds1,accumulativeMNB,760000,0.7922
ds1,accumulativeMNB,770000,0.7883
ds1,accumulativeMNB,780000,0.7825
ds1,accumulativeMNB,790000,0.7867
ds1,accumulativeMNB,800000,0.7959
ds1,accumulativeMNB,810000,0.7832
ds1,accumulativeMNB,820000,0.7876
ds1,accumulativeMNB,830000,0.7844
ds1,accumulativeMNB,840000,0.7847
ds1,accumulativeMNB,850000,0.7861
ds1,accumulativeMNB,860000,0.7971
ds1,accumulativeMNB,870000,0.7822
ds1,accumulativeMNB,880000,0.7807
ds1,accumulativeMNB,890000,0.7879
ds1,accumulativeMNB,900000,0.7898
ds1,accumulativeMNB,910000,0.7908
ds1,accumulativeMNB,920000,0.7905
ds1,accumulativeMNB,930000,0.794
ds1,accumulativeMNB,940000,0.7957
ds1,accumulativeMNB,950000,0.7998
ds1,accumulativeMNB,960000,0.7974
ds1,accumulativeMNB,970000,0.7924
ds1,accumulativeMNB,980000,0.7956
ds1,accumulativeMNB,990000,0.798
ds1,accumulativeMNB,1000000,0.7802
ds1,accumulativeMNB,1010000,0.7936
ds1,accumulativeMNB,1020000,0.7879
ds1,accumulativeMNB,1030000,0.7832
ds1,accumulativeMNB,1040000,0.7885
ds1,accumulativeMNB,1050000,0.7889
ds1,accumulativeMNB,1060000,0.7883
ds1,accumulativeMNB,1070000,0.7889
ds1,accumulativeMNB,1080000,0.8054
ds1,accumulativeMNB,1090000,0.7942
ds1,accumulativeMNB,1100000,0.7971
ds1,accumulativeMNB,1110000,0.7905
ds1,accumulativeMNB,1120000,0.7892
ds1,accumulativeMNB,1130000,0.7887
ds1,accumulativeMNB,1140000,0.7876
ds1,accumulativeMNB,1150000,0.7833
ds1,accumulativeMNB,1160000,0.7827
ds1,accumulativeMNB,1170000,0.7838
ds1,accumulativeMNB,1180000,0.7909
ds1,accumulativeMNB,1190000,0.7914
ds1,accumulativeMNB,1200000,0.7734
ds1,accumulativeMNB,1210000,0.7857
ds1,accumulativeMNB,1220000,0.7815
ds1,accumulativeMNB,1230000,0.7796
ds1,accumulativeMNB,1240000,0.7884
ds1,accumulativeMNB,1250000,0.7849
ds1,accumulativeMNB,1260000,0.7875
ds1,accumulativeMNB,1270000,0.7919
ds1,accumulativeMNB,1280000,0.7946
ds1,accumulativeMNB,1290000,0.7897
ds1,accumulativeMNB,1300000,0.7861
ds1,accumulativeMNB,1310000,0.7798
ds1,accumulativeMNB,1320000,0.782
ds1,accumulativeMNB,1330000,0.7524
ds1,accumulativeMNB,1340000,0.7253
ds1,accumulativeMNB,1350000,0.7289
ds1,accumulativeMNB,1360000,0.7418
ds1,accumulativeMNB,1370000,0.7518
ds1,accumulativeMNB,1380000,0.7616
ds1,accumulativeMNB,1390000,0.7488
ds1,accumulativeMNB,1400000,0.7488
ds1,accumulativeMNB,1410000,0.7663
ds1,accumulativeMNB,1420000,0.7575
ds1,accumulativeMNB,1430000,0.7592
ds1,accumulativeMNB,1440000,0.77
ds1,accumulativeMNB,1450000,0.7592
ds1,accumulativeMNB,1460000,0.7651
ds1,accumulativeMNB,1470000,0.7676
ds1,accumulativeMNB,1480000,0.7711
ds1,accumulativeMNB,1490000,0.7745
ds1,accumulativeMNB,1500000,0.7842
ds1,accumulativeMNB,1510000,0.7818
ds1,accumulativeMNB,1520000,0.773
ds1,accumulativeMNB,1530000,0.7808
ds1,accumulativeMNB,1540000,0.7907
ds1,accumulativeMNB,1550000,0.7947
ds1,accumulativeMNB,1560000,0.8125
ds1,accumulativeMNB,1570000,0.8042
ds1,accumulativeMNB,1580000,0.7947
ds1,accumulativeMNB,1590000,0.7997
ds1,accumulativeMNB,1600000,0.8206
ds1,fadingMNB,10000,0.7261
ds1,fadingMNB,20000,0.7488
ds1,fadingMNB,30000,0.7311
ds1,fadingMNB,40000,0.752
ds1,fadingMNB,50000,0.7675
ds1,fadingMNB,60000,0.7669
ds1,fadingMNB,70000,0.7638
ds1,fadingMNB,80000,0.75
ds1,fadingMNB,90000,0.7491
ds1,fadingMNB,100000,0.739
ds1,fadingMNB,110000,0.7311
ds1,fadingMNB,120000,0.7623
ds1,fadingMNB,130000,0.7694
ds1,fadingMNB,140000,0.7447
ds1,fadingMNB,150000,0.7558
ds1,fadingMNB,160000,0.7567
ds1,fadingMNB,170000,0.7496
ds1,fadingMNB,180000,0.7543
ds1,fadingMNB,190000,0.7279
ds1,fadingMNB,200000,0.7532
ds1,fadingMNB,210000,0.762
ds1,fadingMNB,220000,0.7673
ds1,fadingMNB,230000,0.7045
ds1,fadingMNB,240000,0.7306
ds1,fadingMNB,250000,0.7428
ds1,fadingMNB,260000,0.7199
ds1,fadingMNB,270000,0.7574
ds1,fadingMNB,280000,0.7638
ds1,fadingMNB,290000,0.7817
ds1,fadingMNB,300000,0.7755
ds1,fadingMNB,310000,0.7676
ds1,fadingMNB,320000,0.7737
ds1,fadingMNB,330000,0.7669
ds1,fadingMNB,340000,0.7355
ds1,fadingMNB,350000,0.7606
ds1,fadingMNB,360000,0.769
ds1,fadingMNB,370000,0.7623
ds1,fadingMNB,380000,0.7402
ds1,fadingMNB,390000,0.7189
ds1,fadingMNB,400000,0.723
ds1,fadingMNB,410000,0.7562
ds1,fadingMNB,420000,0.7623
ds1,fadingMNB,430000,0.763
ds1,fadingMNB,440000,0.7565
ds1,fadingMNB,450000,0.7735
ds1,fadingMNB,460000,0.772
ds1,fadingMNB,470000,0.7764
ds1,fadingMNB,480000,0.7794
ds1,fadingMNB,490000,0.792
ds1,fadingMNB,500000,0.7871
ds1,fadingMNB,510000,0.7736
ds1,fadingMNB,520000,0.7661
ds1,fadingMNB,530000,0.7728
ds1,fadingMNB,540000,0.7734
ds1,fadingMNB,550000,0.7719
ds1,fadingMNB,560000,0.7727
ds1,fadingMNB,570000,0.7813
ds1,fadingMNB,580000,0.78
ds1,fadingMNB,590000,0.7885
ds1,fadingMNB,600000,0.788
ds1,fadingMNB,610000,0.7825
ds1,fadingMNB,620000,0.7737
ds1,fadingMNB,630000,0.7725
ds1,fadingMNB,640000,0.7817
ds1,fadingMNB,650000,0.7749
ds1,fadingMNB,660000,0.7718
ds1,fadingMNB,670000,0.7596
ds1,fadingMNB,680000,0.7764
ds1,fadingMNB,690000,0.7745
ds1,fadingMNB,700000,0.7655
ds1,fadingMNB,710000,0.7656
ds1,fadingMNB,720000,0.7633
ds1,fadingMNB,730000,0.7699
ds1,fadingMNB,740000,0.765
ds1,fadingMNB,750000,0.7731
ds1,fadingMNB,760000,0.7756
ds1,fadingMNB,770000,0.7792
ds1,fadingMNB,780000,0.7671
ds1,fadingMNB,790000,0.7763
ds1,fadingMNB,800000,0.7814
ds1,fadingMNB,810000,0.7711
ds1,fadingMNB,820000,0.7688
ds1,fadingMNB,830000,0.7614
ds1,fadingMNB,840000,0.7521
ds1,fadingMNB,850000,0.7616
ds1,fadingMNB,860000,0.7701
ds1,fadingMNB,870000,0.7628
ds1,fadingMNB,880000,0.7584
ds1,fadingMNB,890000,0.7681
ds1,fadingMNB,900000,0.7212
ds1,fadingMNB,910000,0.7277
ds1,fadingMNB,920000,0.7524
ds1,fadingMNB,930000,0.7618
ds1,fadingMNB,940000,0.7702
ds1,fadingMNB,950000,0.7812
ds1,fadingMNB,960000,0.7791
ds1,fadingMNB,970000,0.7818
ds1,fadingMNB,980000,0.7798
ds1,fadingMNB,990000,0.7824
ds1,fadingMNB,1000000,0.7612
ds1,fadingMNB,1010000,0.7742
ds1,fadingMNB,1020000,0.7717
ds1,fadingMNB,1030000,0.7701
ds1,fadingMNB,1040000,0.7713
ds1,fadingMNB,1050000,0.7704
ds1,fadingMNB,1060000,0.7733
ds1,fadingMNB,1070000,0.7765
ds1,fadingMNB,1080000,0.7939
ds1,fadingMNB,1090000,0.7848
ds1,fadingMNB,1100000,0.777
ds1,fadingMNB,1110000,0.7735
ds1,fadingMNB,1120000,0.7732
ds1,fadingMNB,1130000,0.7713
ds1,fadingMNB,1140000,0.7713
ds1,fadingMNB,1150000,0.767
ds1,fadingMNB,1160000,0.7734
ds1,fadingMNB,1170000,0.734
ds1,fadingMNB,1180000,0.7173
ds1,fadingMNB,1190000,0.7472
ds1,fadingMNB,1200000,0.7477
ds1,fadingMNB,1210000,0.7548
ds1,fadingMNB,1220000,0.7576
ds1,fadingMNB,1230000,0.7629
ds1,fadingMNB,1240000,0.7676
ds1,fadingMNB,1250000,0.7605
ds1,fadingMNB,1260000,0.7707
ds1,fadingMNB,1270000,0.7719
ds1,fadingMNB,1280000,0.7773
ds1,fadingMNB,1290000,0.7679
ds1,fadingMNB,1300000,0.7657
ds1,fadingMNB,1310000,0.7634
ds1,fadingMNB,1320000,0.7591
ds1,fadingMNB,1330000,0.7473
ds1,fadingMNB,1340000,0.8524
ds1,fadingMNB,1350000,0.9483
ds1,fadingMNB,1360000,0.9837
ds1,fadingMNB,1370000,0.9938
ds1,fadingMNB,1380000,0.998
ds1,fadingMNB,1390000,0.9998
ds1,fadingMNB,1400000,0.9992
ds1,fadingMNB,1410000,0.9995
ds1,fadingMNB,1420000,0.9998
ds1,fadingMNB,1430000,0.9998
ds1,fadingMNB,1440000,0.9997
ds1,fadingMNB,1450000,0.9999
ds1,fadingMNB,1460000,1.0
ds1,fadingMNB,1470000,0.9999
ds1,fadingMNB,1480000,1.0
ds1,fadingMNB,1490000,1.0
ds1,fadingMNB,1500000,1.0
ds1,fadingMNB,1510000,1.0
ds1,fadingMNB,1520000,1.0
ds1,fadingMNB,1530000,0.9998
ds1,fadingMNB,1540000,0.9999
ds1,fadingMNB,1550000,0.9999
ds1,fadingMNB,1560000,1.0
ds1,fadingMNB,1570000,1.0
ds1,fadingMNB,1580000,1.0
ds1,fadingMNB,1590000,1.0
ds1,fadingMNB,1600000,1.0
ds1,baseline,10000,0.725
ds1,baseline,20000,0.7516
ds1,baseline,30000,0.7584
ds1,baseline,40000,0.7615
ds1,baseline,50000,0.779
ds1,baseline,60000,0.7714
ds1,baseline,70000,0.7716
ds1,baseline,80000,0.779
ds1,baseline,90000,0.7687
ds1,baseline,100000,0.7762
ds1,baseline,110000,0.7777
ds1,baseline,120000,0.7833
ds1,baseline,130000,0.783
ds1,baseline,140000,0.7796
ds1,baseline,150000,0.7756
ds1,baseline,160000,0.774
ds1,baseline,170000,0.7693
ds1,baseline,180000,0.7769
ds1,baseline,190000,0.7719
ds1,baseline,200000,0.7897
ds1,baseline,210000,0.7903
ds1,baseline,220000,0.7893
ds1,baseline,230000,0.778
ds1,baseline,240000,0.7809
ds1,baseline,250000,0.7684
ds1,baseline,260000,0.7838
ds1,baseline,270000,0.7855
ds1,baseline,280000,0.782
ds1,baseline,290000,0.7967
ds1,baseline,300000,0.7947
ds1,baseline,310000,0.7862
ds1,baseline,320000,0.7759
ds1,baseline,330000,0.7503
ds1,baseline,340000,0.766
ds1,baseline,350000,0.7986
ds1,baseline,360000,0.7897
ds1,baseline,370000,0.7688
ds1,baseline,380000,0.7682
ds1,baseline,390000,0.7707
ds1,baseline,400000,0.7733
ds1,baseline,410000,0.789
ds1,baseline,420000,0.7839
ds1,baseline,430000,0.7783
ds1,baseline,440000,0.77
ds1,baseline,450000,0.7871
ds1,baseline,460000,0.7835
ds1,baseline,470000,0.7816
ds1,baseline,480000,0.7882
ds1,baseline,490000,0.803
ds1,baseline,500000,0.7945
ds1,baseline,510000,0.7766
ds1,baseline,520000,0.7687
ds1,baseline,530000,0.7771
ds1,baseline,540000,0.7786
ds1,baseline,550000,0.7817
ds1,baseline,560000,0.7783
ds1,baseline,570000,0.7918
ds1,baseline,580000,0.7901
ds1,baseline,590000,0.7995
ds1,baseline,600000,0.8014
ds1,baseline,610000,0.7935
ds1,baseline,620000,0.7835
ds1,baseline,630000,0.7817
ds1,baseline,640000,0.7892
ds1,baseline,650000,0.7817
ds1,baseline,660000,0.7794
ds1,baseline,670000,0.7727
ds1,baseline,680000,0.7952
ds1,baseline,690000,0.7928
ds1,baseline,700000,0.7797
ds1,baseline,710000,0.7775
ds1,baseline,720000,0.7738
ds1,baseline,730000,0.7832
ds1,baseline,740000,0.7813
ds1,baseline,750000,0.7867
ds1,baseline,760000,0.7885
ds1,baseline,770000,0.7902
ds1,baseline,780000,0.7821
ds1,baseline,790000,0.7868
ds1,baseline,800000,0.7932
ds1,baseline,810000,0.7819
ds1,baseline,820000,0.7851
ds1,baseline,830000,0.7822
ds1,baseline,840000,0.7836
ds1,baseline,850000,0.7799
ds1,baseline,860000,0.7978
ds1,baseline,870000,0.7832
ds1,baseline,880000,0.7765
ds1,baseline,890000,0.783
ds1,baseline,900000,0.7862
ds1,baseline,910000,0.7888
ds1,baseline,920000,0.79
ds1,baseline,930000,0.7896
ds1,baseline,940000,0.7922
ds1,baseline,950000,0.8018
ds1,baseline,960000,0.793
ds1,baseline,970000,0.7948
ds1,baseline,980000,0.7942
ds1,baseline,990000,0.793
ds1,baseline,1000000,0.779
ds1,baseline,1010000,0.7899
ds1,baseline,1020000,0.7849
ds1,baseline,1030000,0.7828
ds1,baseline,1040000,0.7865
ds1,baseline,1050000,0.7869
ds1,baseline,1060000,0.7874
ds1,baseline,1070000,0.7897
ds1,baseline,1080000,0.8094
ds1,baseline,1090000,0.7964
ds1,baseline,1100000,0.797
ds1,baseline,1110000,0.7854
ds1,baseline,1120000,0.7864
ds1,baseline,1130000,0.7867
ds1,baseline,1140000,0.7749
ds1,baseline,1150000,0.7716
ds1,baseline,1160000,0.7784
ds1,baseline,1170000,0.7762
ds1,baseline,1180000,0.7804
ds1,baseline,1190000,0.7871
ds1,baseline,1200000,0.7708
ds1,baseline,1210000,0.7658
ds1,baseline,1220000,0.7576
ds1,baseline,1230000,0.7653
ds1,baseline,1240000,0.7728
ds1,baseline,1250000,0.7673
ds1,baseline,1260000,0.7728
ds1,baseline,1270000,0.776
ds1,baseline,1280000,0.7854
ds1,baseline,1290000,0.7769
ds1,baseline,1300000,0.7773
ds1,baseline,1310000,0.7721
ds1,baseline,1320000,0.7718
ds1,baseline,1330000,0.7389
ds1,baseline,1340000,0.7523
ds1,baseline,1350000,0.8086
ds1,baseline,1360000,0.8618
ds1,baseline,1370000,0.8831
ds1,baseline,1380000,0.9073
ds1,baseline,1390000,0.912
ds1,baseline,1400000,0.9169
ds1,baseline,1410000,0.9291
ds1,baseline,1420000,0.9401
ds1,baseline,1430000,0.948
ds1,baseline,1440000,0.9474
ds1,baseline,1450000,0.9494
ds1,baseline,1460000,0.957
ds1,baseline,1470000,0.9578
ds1,baseline,1480000,0.9643
ds1,baseline,1490000,0.9647
ds1,baseline,1500000,0.9686
ds1,baseline,1510000,0.9695
ds1,baseline,1520000,0.9703
ds1,baseline,1530000,0.9728
ds1,baseline,1540000,0.9743
ds1,baseline,1550000,0.9772
ds1,baseline,1560000,0.9799
ds1,baseline,1570000,0.9795
ds1,baseline,1580000,0.9804
ds1,baseline,1590000,0.9777
ds1,baseline,1600000,0.9854
ds1,enhanced-adwin_only,10000,0.725
ds1,enhanced-adwin_only,20000,0.7516
ds1,enhanced-adwin_only,30000,0.7584
ds1,enhanced-adwin_only,40000,0.7615
ds1,enhanced-adwin_only,50000,0.779
ds1,enhanced-adwin_only,60000,0.7714
ds1,enhanced-adwin_only,70000,0.7716
ds1,enhanced-adwin_only,80000,0.779
ds1,enhanced-adwin_only,90000,0.7687
ds1,enhanced-adwin_only,100000,0.7762
ds1,enhanced-adwin_only,110000,0.7777
ds1,enhanced-adwin_only,120000,0.7833
ds1,enhanced-adwin_only,130000,0.783
ds1,enhanced-adwin_only,140000,0.7796
ds1,enhanced-adwin_only,150000,0.7756
ds1,enhanced-adwin_only,160000,0.774
ds1,enhanced-adwin_only,170000,0.7693
ds1,enhanced-adwin_only,180000,0.7769
ds1,enhanced-adwin_only,190000,0.7719
ds1,enhanced-adwin_only,200000,0.7897
ds1,enhanced-adwin_only,210000,0.7903
ds1,enhanced-adwin_only,220000,0.7893
ds1,enhanced-adwin_only,230000,0.778
ds1,enhanced-adwin_only,240000,0.7809
ds1,enhanced-adwin_only,250000,0.7684
ds1,enhanced-adwin_only,260000,0.7838
ds1,enhanced-adwin_only,270000,0.7855
ds1,enhanced-adwin_only,280000,0.782
ds1,enhanced-adwin_only,290000,0.7977
ds1,enhanced-adwin_only,300000,0.796
ds1,enhanced-adwin_only,310000,0.7903
ds1,enhanced-adwin_only,320000,0.7842
ds1,enhanced-adwin_only,330000,0.7817
ds1,enhanced-adwin_only,340000,0.7833
ds1,enhanced-adwin_only,350000,0.8006
ds1,enhanced-adwin_only,360000,0.7931
ds1,enhanced-adwin_only,370000,0.7797
ds1,enhanced-adwin_only,380000,0.7818
ds1,enhanced-adwin_only,390000,0.7851
ds1,enhanced-adwin_only,400000,0.7817
ds1,enhanced-adwin_only,410000,0.7908
ds1,enhanced-adwin_only,420000,0.7886
ds1,enhanced-adwin_only,430000,0.7857
ds1,enhanced-adwin_only,440000,0.7517
ds1,enhanced-adwin_only,450000,0.7718
ds1,enhanced-adwin_only,460000,0.7768
ds1,enhanced-adwin_only,470000,0.7782
ds1,enhanced-adwin_only,480000,0.7818
ds1,enhanced-adwin_only,490000,0.797
ds1,enhanced-adwin_only,500000,0.7905
ds1,enhanced-adwin_only,510000,0.7796
ds1,enhanced-adwin_only,520000,0.7764
ds1,enhanced-adwin_only,530000,0.7795
ds1,enhanced-adwin_only,540000,0.7809
ds1,enhanced-adwin_only,550000,0.7852
ds1,enhanced-adwin_only,560000,0.7756
ds1,enhanced-adwin_only,570000,0.7894
ds1,enhanced-adwin_only,580000,0.7948
ds1,enhanced-adwin_only,590000,0.7985
ds1,enhanced-adwin_only,600000,0.7993
ds1,enhanced-adwin_only,610000,0.793
ds1,enhanced-adwin_only,620000,0.7852
ds1,enhanced-adwin_only,630000,0.7846
ds1,enhanced-adwin_only,640000,0.7897
ds1,enhanced-adwin_only,650000,0.7836
ds1,enhanced-adwin_only,660000,0.7763
ds1,enhanced-adwin_only,670000,0.7696
ds1,enhanced-adwin_only,680000,0.7739
ds1,enhanced-adwin_only,690000,0.7787
ds1,enhanced-adwin_only,700000,0.7718
ds1,enhanced-adwin_only,710000,0.7702
ds1,enhanced-adwin_only,720000,0.7702
ds1,enhanced-adwin_only,730000,0.7806
ds1,enhanced-adwin_only,740000,0.7767
ds1,enhanced-adwin_only,750000,0.7796
ds1,enhanced-adwin_only,760000,0.7819
ds1,enhanced-adwin_only,770000,0.7849
ds1,enhanced-adwin_only,780000,0.7751
ds1,enhanced-adwin_only,790000,0.7847
ds1,enhanced-adwin_only,800000,0.7871
ds1,enhanced-adwin_only,810000,0.7786
ds1,enhanced-adwin_only,820000,0.7794
ds1,enhanced-adwin_only,830000,0.7363
ds1,enhanced-adwin_only,840000,0.7511
ds1,enhanced-adwin_only,850000,0.7626
ds1,enhanced-adwin_only,860000,0.7746
ds1,enhanced-adwin_only,870000,0.7638
ds1,enhanced-adwin_only,880000,0.7642
ds1,enhanced-adwin_only,890000,0.7764
ds1,enhanced-adwin_only,900000,0.7776
ds1,enhanced-adwin_only,910000,0.7793
ds1,enhanced-adwin_only,920000,0.7817
ds1,enhanced-adwin_only,930000,0.7826
ds1,enhanced-adwin_only,940000,0.7812
ds1,enhanced-adwin_only,950000,0.7937
ds1,enhanced-adwin_only,960000,0.789
ds1,enhanced-adwin_only,970000,0.7902
ds1,enhanced-adwin_only,980000,0.7863
ds1,enhanced-adwin_only,990000,0.7893
ds1,enhanced-adwin_only,1000000,0.7784
ds1,enhanced-adwin_only,1010000,0.7861
ds1,enhanced-adwin_only,1020000,0.7845
ds1,enhanced-adwin_only,1030000,0.7785
ds1,enhanced-adwin_only,1040000,0.7809
ds1,enhanced-adwin_only,1050000,0.7821
ds1,enhanced-adwin_only,1060000,0.7839
ds1,enhanced-adwin_only,1070000,0.7876
ds1,enhanced-adwin_only,1080000,0.8042
ds1,enhanced-adwin_only,1090000,0.7924
ds1,enhanced-adwin_only,1100000,0.7939
ds1,enhanced-adwin_only,1110000,0.784
ds1,enhanced-adwin_only,1120000,0.7847
ds1,enhanced-adwin_only,1130000,0.785
ds1,enhanced-adwin_only,1140000,0.7844
ds1,enhanced-adwin_only,1150000,0.7764
ds1,enhanced-adwin_only,1160000,0.7797
ds1,enhanced-adwin_only,1170000,0.7784
ds1,enhanced-adwin_only,1180000,0.7855
ds1,enhanced-adwin_only,1190000,0.7915
ds1,enhanced-adwin_only,1200000,0.7737
ds1,enhanced-adwin_only,1210000,0.7813
ds1,enhanced-adwin_only,1220000,0.7771
ds1,enhanced-adwin_only,1230000,0.7639
ds1,enhanced-adwin_only,1240000,0.7664
ds1,enhanced-adwin_only,1250000,0.765
ds1,enhanced-adwin_only,1260000,0.7696
ds1,enhanced-adwin_only,1270000,0.7735
ds1,enhanced-adwin_only,1280000,0.7822
ds1,enhanced-adwin_only,1290000,0.7752
ds1,enhanced-adwin_only,1300000,0.7728
ds1,enhanced-adwin_only,1310000,0.7713
ds1,enhanced-adwin_only,1320000,0.7708
ds1,enhanced-adwin_only,1330000,0.7978
ds1,enhanced-adwin_only,1340000,0.9441
ds1,enhanced-adwin_only,1350000,0.9782
ds1,enhanced-adwin_only,1360000,0.9827
ds1,enhanced-adwin_only,1370000,0.9904
ds1,enhanced-adwin_only,1380000,0.9943
ds1,enhanced-adwin_only,1390000,0.9951
ds1,enhanced-adwin_only,1400000,0.9952
ds1,enhanced-adwin_only,1410000,0.9953
ds1,enhanced-adwin_only,1420000,0.9965
ds1,enhanced-adwin_only,1430000,0.9978
ds1,enhanced-adwin_only,1440000,0.9972
ds1,enhanced-adwin_only,1450000,0.9959
ds1,enhanced-adwin_only,1460000,0.9979
ds1,enhanced-adwin_only,1470000,0.998
ds1,enhanced-adwin_only,1480000,0.9979
ds1,enhanced-adwin_only,1490000,0.9966
ds1,enhanced-adwin_only,1500000,0.9978
ds1,enhanced-adwin_only,1510000,0.9985
ds1,enhanced-adwin_only,1520000,0.9986
ds1,enhanced-adwin_only,1530000,0.9985
ds1,enhanced-adwin_only,1540000,0.997
ds1,enhanced-adwin_only,1550000,0.9984
ds1,enhanced-adwin_only,1560000,0.9989
ds1,enhanced-adwin_only,1570000,0.9983
ds1,enhanced-adwin_only,1580000,0.9986
ds1,enhanced-adwin_only,1590000,0.9974
ds1,enhanced-adwin_only,1600000,0.9983
ds1,enhanced-or,10000,0.725
ds1,enhanced-or,20000,0.7516
ds1,enhanced-or,30000,0.7584
ds1,enhanced-or,40000,0.7615
ds1,enhanced-or,50000,0.779
ds1,enhanced-or,60000,0.7714
ds1,enhanced-or,70000,0.7716
ds1,enhanced-or,80000,0.779
ds1,enhanced-or,90000,0.7687
ds1,enhanced-or,100000,0.7762
ds1,enhanced-or,110000,0.7777
ds1,enhanced-or,120000,0.7833
ds1,enhanced-or,130000,0.783
ds1,enhanced-or,140000,0.7796
ds1,enhanced-or,150000,0.7756
ds1,enhanced-or,160000,0.774
ds1,enhanced-or,170000,0.7693
ds1,enhanced-or,180000,0.7769
ds1,enhanced-or,190000,0.7719
ds1,enhanced-or,200000,0.7897
ds1,enhanced-or,210000,0.7903
ds1,enhanced-or,220000,0.7893
ds1,enhanced-or,230000,0.778
ds1,enhanced-or,240000,0.7809
ds1,enhanced-or,250000,0.7684
ds1,enhanced-or,260000,0.7838
ds1,enhanced-or,270000,0.7855
ds1,enhanced-or,280000,0.782
ds1,enhanced-or,290000,0.7967
ds1,enhanced-or,300000,0.7947
ds1,enhanced-or,310000,0.7862
ds1,enhanced-or,320000,0.7759
ds1,enhanced-or,330000,0.7492
ds1,enhanced-or,340000,0.7643
ds1,enhanced-or,350000,0.794
ds1,enhanced-or,360000,0.7857
ds1,enhanced-or,370000,0.7669
ds1,enhanced-or,380000,0.7639
ds1,enhanced-or,390000,0.7705
ds1,enhanced-or,400000,0.7733
ds1,enhanced-or,410000,0.789
ds1,enhanced-or,420000,0.7839
ds1,enhanced-or,430000,0.7784
ds1,enhanced-or,440000,0.7432
ds1,enhanced-or,450000,0.7714
ds1,enhanced-or,460000,0.7737
ds1,enhanced-or,470000,0.7798
ds1,enhanced-or,480000,0.78
ds1,enhanced-or,490000,0.7954
ds1,enhanced-or,500000,0.7915
ds1,enhanced-or,510000,0.7739
ds1,enhanced-or,520000,0.7583
ds1,enhanced-or,530000,0.7685
ds1,enhanced-or,540000,0.7759
ds1,enhanced-or,550000,0.7799
ds1,enhanced-or,560000,0.7714
ds1,enhanced-or,570000,0.7913
ds1,enhanced-or,580000,0.7869
ds1,enhanced-or,590000,0.7984
ds1,enhanced-or,600000,0.7983
ds1,enhanced-or,610000,0.7902
ds1,enhanced-or,620000,0.7829
ds1,enhanced-or,630000,0.7789
ds1,enhanced-or,640000,0.7899
ds1,enhanced-or,650000,0.7807
ds1,enhanced-or,660000,0.7803
ds1,enhanced-or,670000,0.7662
ds1,enhanced-or,680000,0.7772
ds1,enhanced-or,690000,0.7794
ds1,enhanced-or,700000,0.7716
ds1,enhanced-or,710000,0.7712
ds1,enhanced-or,720000,0.7704
ds1,enhanced-or,730000,0.7808
ds1,enhanced-or,740000,0.7762
ds1,enhanced-or,750000,0.7785
ds1,enhanced-or,760000,0.7823
ds1,enhanced-or,770000,0.7839
ds1,enhanced-or,780000,0.7746
ds1,enhanced-or,790000,0.7845
ds1,enhanced-or,800000,0.7874
ds1,enhanced-or,810000,0.7786
ds1,enhanced-or,820000,0.7799
ds1,enhanced-or,830000,0.7351
ds1,enhanced-or,840000,0.7506
ds1,enhanced-or,850000,0.7627
ds1,enhanced-or,860000,0.7745
ds1,enhanced-or,870000,0.7633
ds1,enhanced-or,880000,0.7645
ds1,enhanced-or,890000,0.7769
ds1,enhanced-or,900000,0.777
ds1,enhanced-or,910000,0.7785
ds1,enhanced-or,920000,0.7813
ds1,enhanced-or,930000,0.7827
ds1,enhanced-or,940000,0.7817
ds1,enhanced-or,950000,0.7935
ds1,enhanced-or,960000,0.7889
ds1,enhanced-or,970000,0.7899
ds1,enhanced-or,980000,0.7861
ds1,enhanced-or,990000,0.7892
ds1,enhanced-or,1000000,0.7781
ds1,enhanced-or,1010000,0.7864
ds1,enhanced-or,1020000,0.785
ds1,enhanced-or,1030000,0.7781
ds1,enhanced-or,1040000,0.7806
ds1,enhanced-or,1050000,0.7819
ds1,enhanced-or,1060000,0.7839
ds1,enhanced-or,1070000,0.7876
ds1,enhanced-or,1080000,0.8041
ds1,enhanced-or,1090000,0.7924
ds1,enhanced-or,1100000,0.7939
ds1,enhanced-or,1110000,0.7838
ds1,enhanced-or,1120000,0.7851
ds1,enhanced-or,1130000,0.7848
ds1,enhanced-or,1140000,0.7749
ds1,enhanced-or,1150000,0.77
ds1,enhanced-or,1160000,0.7681
ds1,enhanced-or,1170000,0.77
ds1,enhanced-or,1180000,0.7678
ds1,enhanced-or,1190000,0.7746
ds1,enhanced-or,1200000,0.7631
ds1,enhanced-or,1210000,0.7658
ds1,enhanced-or,1220000,0.7576
ds1,enhanced-or,1230000,0.7653
ds1,enhanced-or,1240000,0.7728
ds1,enhanced-or,1250000,0.7673
ds1,enhanced-or,1260000,0.7728
ds1,enhanced-or,1270000,0.776
ds1,enhanced-or,1280000,0.7854
ds1,enhanced-or,1290000,0.7769
ds1,enhanced-or,1300000,0.7773
ds1,enhanced-or,1310000,0.7721
ds1,enhanced-or,1320000,0.7718
ds1,enhanced-or,1330000,0.7979
ds1,enhanced-or,1340000,0.946
ds1,enhanced-or,1350000,0.989
ds1,enhanced-or,1360000,1.0
ds1,enhanced-or,1370000,1.0
ds1,enhanced-or,1380000,1.0
ds1,enhanced-or,1390000,1.0
ds1,enhanced-or,1400000,1.0
ds1,enhanced-or,1410000,1.0
ds1,enhanced-or,1420000,1.0
ds1,enhanced-or,1430000,1.0
ds1,enhanced-or,1440000,1.0
ds1,enhanced-or,1450000,1.0
ds1,enhanced-or,1460000,1.0
ds1,enhanced-or,1470000,1.0
ds1,enhanced-or,1480000,1.0
ds1,enhanced-or,1490000,1.0
ds1,enhanced-or,1500000,1.0
ds1,enhanced-or,1510000,1.0
ds1,enhanced-or,1520000,1.0
ds1,enhanced-or,1530000,1.0
ds1,enhanced-or,1540000,1.0
ds1,enhanced-or,1550000,1.0
ds1,enhanced-or,1560000,1.0
ds1,enhanced-or,1570000,1.0
ds1,enhanced-or,1580000,1.0
ds1,enhanced-or,1590000,1.0
ds1,enhanced-or,1600000,1.0
ds1,enhanced-and,10000,0.725
ds1,enhanced-and,20000,0.7516
ds1,enhanced-and,30000,0.7584
ds1,enhanced-and,40000,0.7615
ds1,enhanced-and,50000,0.779
ds1,enhanced-and,60000,0.7714
ds1,enhanced-and,70000,0.7716
ds1,enhanced-and,80000,0.779
ds1,enhanced-and,90000,0.7687
ds1,enhanced-and,100000,0.7762
ds1,enhanced-and,110000,0.7777
ds1,enhanced-and,120000,0.7833
ds1,enhanced-and,130000,0.783
ds1,enhanced-and,140000,0.7796
ds1,enhanced-and,150000,0.7756
ds1,enhanced-and,160000,0.774
ds1,enhanced-and,170000,0.7693
ds1,enhanced-and,180000,0.7769
ds1,enhanced-and,190000,0.7719
ds1,enhanced-and,200000,0.7897
ds1,enhanced-and,210000,0.7903
ds1,enhanced-and,220000,0.7893
ds1,enhanced-and,230000,0.778
ds1,enhanced-and,240000,0.7809
ds1,enhanced-and,250000,0.7684
ds1,enhanced-and,260000,0.7838
ds1,enhanced-and,270000,0.7855
ds1,enhanced-and,280000,0.782
ds1,enhanced-and,290000,0.7977
ds1,enhanced-and,300000,0.796
ds1,enhanced-and,310000,0.7903
ds1,enhanced-and,320000,0.7842
ds1,enhanced-and,330000,0.7817
ds1,enhanced-and,340000,0.7833
ds1,enhanced-and,350000,0.8006
ds1,enhanced-and,360000,0.7931
ds1,enhanced-and,370000,0.7797
ds1,enhanced-and,380000,0.7818
ds1,enhanced-and,390000,0.7851
ds1,enhanced-and,400000,0.7817
ds1,enhanced-and,410000,0.7908
ds1,enhanced-and,420000,0.7886
ds1,enhanced-and,430000,0.7857
ds1,enhanced-and,440000,0.759
ds1,enhanced-and,450000,0.7851
ds1,enhanced-and,460000,0.7767
ds1,enhanced-and,470000,0.7787
ds1,enhanced-and,480000,0.7893
ds1,enhanced-and,490000,0.7974
ds1,enhanced-and,500000,0.79
ds1,enhanced-and,510000,0.7821
ds1,enhanced-and,520000,0.7757
ds1,enhanced-and,530000,0.7829
ds1,enhanced-and,540000,0.7822
ds1,enhanced-and,550000,0.7873
ds1,enhanced-and,560000,0.7773
ds1,enhanced-and,570000,0.7898
ds1,enhanced-and,580000,0.7938
ds1,enhanced-and,590000,0.7978
ds1,enhanced-and,600000,0.801
ds1,enhanced-and,610000,0.7929
ds1,enhanced-and,620000,0.7845
ds1,enhanced-and,630000,0.7862
ds1,enhanced-and,640000,0.7897
ds1,enhanced-and,650000,0.7851
ds1,enhanced-and,660000,0.7778
ds1,enhanced-and,670000,0.7685
ds1,enhanced-and,680000,0.7867
ds1,enhanced-and,690000,0.7899
ds1,enhanced-and,700000,0.7763
ds1,enhanced-and,710000,0.7798
ds1,enhanced-and,720000,0.7739
ds1,enhanced-and,730000,0.783
ds1,enhanced-and,740000,0.7785
ds1,enhanced-and,750000,0.7848
ds1,enhanced-and,760000,0.7864
ds1,enhanced-and,770000,0.7881
ds1,enhanced-and,780000,0.7834
ds1,enhanced-and,790000,0.7847
ds1,enhanced-and,800000,0.7952
ds1,enhanced-and,810000,0.7808
ds1,enhanced-and,820000,0.7826
ds1,enhanced-and,830000,0.7783
ds1,enhanced-and,840000,0.779
ds1,enhanced-and,850000,0.7776
ds1,enhanced-and,860000,0.7958
ds1,enhanced-and,870000,0.7811
ds1,enhanced-and,880000,0.7757
ds1,enhanced-and,890000,0.7828
ds1,enhanced-and,900000,0.7866
ds1,enhanced-and,910000,0.7897
ds1,enhanced-and,920000,0.7553
ds1,enhanced-and,930000,0.7587
ds1,enhanced-and,940000,0.7705
ds1,enhanced-and,950000,0.7835
ds1,enhanced-and,960000,0.7831
ds1,enhanced-and,970000,0.789
ds1,enhanced-and,980000,0.7879
ds1,enhanced-and,990000,0.7854
ds1,enhanced-and,1000000,0.7752
ds1,enhanced-and,1010000,0.7868
ds1,enhanced-and,1020000,0.7804
ds1,enhanced-and,1030000,0.7779
ds1,enhanced-and,1040000,0.7812
ds1,enhanced-and,1050000,0.7783
ds1,enhanced-and,1060000,0.7815
ds1,enhanced-and,1070000,0.7865
ds1,enhanced-and,1080000,0.8016
ds1,enhanced-and,1090000,0.7906
ds1,enhanced-and,1100000,0.7916
ds1,enhanced-and,1110000,0.7814
ds1,enhanced-and,1120000,0.7808
ds1,enhanced-and,1130000,0.7828
ds1,enhanced-and,1140000,0.7827
ds1,enhanced-and,1150000,0.7764
ds1,enhanced-and,1160000,0.7782
ds1,enhanced-and,1170000,0.7752
ds1,enhanced-and,1180000,0.7844
ds1,enhanced-and,1190000,0.7875
ds1,enhanced-and,1200000,0.7738
ds1,enhanced-and,1210000,0.781
ds1,enhanced-and,1220000,0.7788
ds1,enhanced-and,1230000,0.7766
ds1,enhanced-and,1240000,0.7829
ds1,enhanced-and,1250000,0.7776
ds1,enhanced-and,1260000,0.7876
ds1,enhanced-and,1270000,0.7843
ds1,enhanced-and,1280000,0.7938
ds1,enhanced-and,1290000,0.7879
ds1,enhanced-and,1300000,0.7833
ds1,enhanced-and,1310000,0.7813
ds1,enhanced-and,1320000,0.7775
ds1,enhanced-and,1330000,0.7704
ds1,enhanced-and,1340000,0.8806
ds1,enhanced-and,1350000,0.9688
ds1,enhanced-and,1360000,1.0
ds1,enhanced-and,1370000,1.0
ds1,enhanced-and,1380000,1.0
ds1,enhanced-and,1390000,1.0
ds1,enhanced-and,1400000,1.0
ds1,enhanced-and,1410000,1.0
ds1,enhanced-and,1420000,1.0
ds1,enhanced-and,1430000,1.0
ds1,enhanced-and,1440000,1.0
ds1,enhanced-and,1450000,1.0
ds1,enhanced-and,1460000,1.0
ds1,enhanced-and,1470000,1.0
ds1,enhanced-and,1480000,1.0
ds1,enhanced-and,1490000,1.0
ds1,enhanced-and,1500000,1.0
ds1,enhanced-and,1510000,1.0
ds1,enhanced-and,1520000,1.0
ds1,enhanced-and,1530000,1.0
ds1,enhanced-and,1540000,1.0
ds1,enhanced-and,1550000,1.0
ds1,enhanced-and,1560000,1.0
ds1,enhanced-and,1570000,1.0
ds1,enhanced-and,1580000,1.0
ds1,enhanced-and,1590000,1.0
ds1,enhanced-and,1600000,1.0
