stream,seed,model,end_idx,accuracy
ds1,0,accumulativeMNB,10000,0.725
ds1,0,accumulativeMNB,20000,0.7516
ds1,0,accumulativeMNB,30000,0.7584
ds1,0,accumulativeMNB,40000,0.7615
ds1,0,accumulativeMNB,50000,0.779
ds1,0,accumulativeMNB,60000,0.7714
ds1,0,accumulativeMNB,70000,0.7716
ds1,0,accumulativeMNB,80000,0.779
ds1,0,accumulativeMNB,90000,0.7687
ds1,0,accumulativeMNB,100000,0.7762
ds1,0,accumulativeMNB,110000,0.7777
ds1,0,accumulativeMNB,120000,0.7833
ds1,0,accumulativeMNB,130000,0.783
ds1,0,accumulativeMNB,140000,0.7796
ds1,0,accumulativeMNB,150000,0.7756
ds1,0,accumulativeMNB,160000,0.774
ds1,0,accumulativeMNB,170000,0.7693
ds1,0,accumulativeMNB,180000,0.7769
ds1,0,accumulativeMNB,190000,0.7719
ds1,0,accumulativeMNB,200000,0.7897
ds1,0,accumulativeMNB,210000,0.7903
ds1,0,accumulativeMNB,220000,0.7893
ds1,0,accumulativeMNB,230000,0.778
ds1,0,accumulativeMNB,240000,0.7809
ds1,0,accumulativeMNB,250000,0.7684
ds1,0,accumulativeMNB,260000,0.7838
ds1,0,accumulativeMNB,270000,0.7855
ds1,0,accumulativeMNB,280000,0.782
ds1,0,accumulativeMNB,290000,0.7977
ds1,0,accumulativeMNB,300000,0.796
ds1,0,accumulativeMNB,310000,0.7903
ds1,0,accumulativeMNB,320000,0.7842
ds1,0,accumulativeMNB,330000,0.7817
ds1,0,accumulativeMNB,340000,0.7833
ds1,0,accumulativeMNB,350000,0.8006
ds1,0,accumulativeMNB,360000,0.7931
ds1,0,accumulativeMNB,370000,0.7797
ds1,0,accumulativeMNB,380000,0.7818
ds1,0,accumulativeMNB,390000,0.7851
ds1,0,accumulativeMNB,400000,0.7817
ds1,0,accumulativeMNB,410000,0.7908
ds1,0,accumulativeMNB,420000,0.7886
ds1,0,accumulativeMNB,430000,0.7858
ds1,0,accumulativeMNB,440000,0.7753
ds1,0,accumulativeMNB,450000,0.7951
ds1,0,accumulativeMNB,460000,0.7885
ds1,0,accumulativeMNB,470000,0.7878
ds1,0,accumulativeMNB,480000,0.7866
ds1,0,accumulativeMNB,490000,0.8025
ds1,0,accumulativeMNB,500000,0.7933
ds1,0,accumulativeMNB,510000,0.7897
ds1,0,accumulativeMNB,520000,0.7811
ds1,0,accumulativeMNB,530000,0.7839
ds1,0,accumulativeMNB,540000,0.7853
ds1,0,accumulativeMNB,550000,0.7859
ds1,0,accumulativeMNB,560000,0.7822
ds1,0,accumulativeMNB,570000,0.7957
ds1,0,accumulativeMNB,580000,0.797
ds1,0,accumulativeMNB,590000,0.7997
ds1,0,accumulativeMNB,600000,0.8043
ds1,0,accumulativeMNB,610000,0.7959
ds1,0,accumulativeMNB,620000,0.7904
ds1,0,accumulativeMNB,630000,0.7916
ds1,0,accumulativeMNB,640000,0.7965
ds1,0,accumulativeMNB,650000,0.7937
ds1,0,accumulativeMNB,660000,0.7828
ds1,0,accumulativeMNB,670000,0.7751
ds1,0,accumulativeMNB,680000,0.7939
ds1,0,accumulativeMNB,690000,0.7948
ds1,0,accumulativeMNB,700000,0.7819
ds1,0,accumulativeMNB,710000,0.7832
ds1,0,accumulativeMNB,720000,0.7805
ds1,0,accumulativeMNB,730000,0.7859
ds1,0,accumulativeMNB,740000,0.7819
ds1,0,accumulativeMNB,750000,0.7884
ds1,0,accumulativeMNB,760000,0.7922
ds1,0,accumulativeMNB,770000,0.7883
ds1,0,accumulativeMNB,780000,0.7825
ds1,0,accumulativeMNB,790000,0.7867
ds1,0,accumulativeMNB,800000,0.7959
ds1,0,accumulativeMNB,810000,0.7832
ds1,0,accumulativeMNB,820000,0.7876
ds1,0,accumulativeMNB,830000,0.7844
ds1,0,accumulativeMNB,840000,0.7847
ds1,0,accumulativeMNB,850000,0.7861
ds1,0,accumulativeMNB,860000,0.7971
ds1,0,accumulativeMNB,870000,0.7822
ds1,0,accumulativeMNB,880000,0.7807
ds1,0,accumulativeMNB,890000,0.7879
ds1,0,accumulativeMNB,900000,0.7898
ds1,0,accumulativeMNB,910000,0.7908
ds1,0,accumulativeMNB,920000,0.7905
ds1,0,accumulativeMNB,930000,0.794
ds1,0,accumulativeMNB,940000,0.7957
ds1,0,accumulativeMNB,950000,0.7998
ds1,0,accumulativeMNB,960000,0.7974
ds1,0,accumulativeMNB,970000,0.7924
ds1,0,accumulativeMNB,980000,0.7956
ds1,0,accumulativeMNB,990000,0.798
ds1,0,accumulativeMNB,1000000,0.7802
ds1,0,accumulativeMNB,1010000,0.7936
ds1,0,accumulativeMNB,1020000,0.7879
ds1,0,accumulativeMNB,1030000,0.7832
ds1,0,accumulativeMNB,1040000,0.7885
ds1,0,accumulativeMNB,1050000,0.7889
ds1,0,accumulativeMNB,1060000,0.7883
ds1,0,accumulativeMNB,1070000,0.7889
ds1,0,accumulativeMNB,1080000,0.8054
ds1,0,accumulativeMNB,1090000,0.7942
ds1,0,accumulativeMNB,1100000,0.7971
ds1,0,accumulativeMNB,1110000,0.7905
ds1,0,accumulativeMNB,1120000,0.7892
ds1,0,accumulativeMNB,1130000,0.7887
ds1,0,accumulativeMNB,1140000,0.7876
ds1,0,accumulativeMNB,1150000,0.7833
ds1,0,accumulativeMNB,1160000,0.7827
ds1,0,accumulativeMNB,1170000,0.7838
ds1,0,accumulativeMNB,1180000,0.7909
ds1,0,accumulativeMNB,1190000,0.7914
ds1,0,accumulativeMNB,1200000,0.7734
ds1,0,accumulativeMNB,1210000,0.7857
ds1,0,accumulativeMNB,1220000,0.7815
ds1,0,accumulativeMNB,1230000,0.7796
ds1,0,accumulativeMNB,1240000,0.7884
ds1,0,accumulativeMNB,1250000,0.7849
ds1,0,accumulativeMNB,1260000,0.7875
ds1,0,accumulativeMNB,1270000,0.7919
ds1,0,accumulativeMNB,1280000,0.7946
ds1,0,accumulativeMNB,1290000,0.7897
ds1,0,accumulativeMNB,1300000,0.7861
ds1,0,accumulativeMNB,1310000,0.7798
ds1,0,accumulativeMNB,1320000,0.782
ds1,0,accumulativeMNB,1330000,0.7524
ds1,0,accumulativeMNB,1340000,0.7253
ds1,0,accumulativeMNB,1350000,0.7289
ds1,0,accumulativeMNB,1360000,0.7418
ds1,0,accumulativeMNB,1370000,0.7518
ds1,0,accumulativeMNB,1380000,0.7616
ds1,0,accumulativeMNB,1390000,0.7488
ds1,0,accumulativeMNB,1400000,0.7488
ds1,0,accumulativeMNB,1410000,0.7663
ds1,0,accumulativeMNB,1420000,0.7575
ds1,0,accumulativeMNB,1430000,0.7592
ds1,0,accumulativeMNB,1440000,0.77
ds1,0,accumulativeMNB,1450000,0.7592
ds1,0,accumulativeMNB,1460000,0.7651
ds1,0,accumulativeMNB,1470000,0.7676
ds1,0,accumulativeMNB,1480000,0.7711
ds1,0,accumulativeMNB,1490000,0.7745
ds1,0,accumulativeMNB,1500000,0.7842
ds1,0,accumulativeMNB,1510000,0.7818
ds1,0,accumulativeMNB,1520000,0.773
ds1,0,accumulativeMNB,1530000,0.7808
ds1,0,accumulativeMNB,1540000,0.7907
ds1,0,accumulativeMNB,1550000,0.7947
ds1,0,accumulativeMNB,1560000,0.8125
ds1,0,accumulativeMNB,1570000,0.8042
ds1,0,accumulativeMNB,1580000,0.7947
ds1,0,accumulativeMNB,1590000,0.7997
ds1,0,accumulativeMNB,1600000,0.8206
ds1,0,fadingMNB,10000,0.7261
ds1,0,fadingMNB,20000,0.7488
ds1,0,fadingMNB,30000,0.7311
ds1,0,fadingMNB,40000,0.752
ds1,0,fadingMNB,50000,0.7675
ds1,0,fadingMNB,60000,0.7669
ds1,0,fadingMNB,70000,0.7638
ds1,0,fadingMNB,80000,0.75
ds1,0,fadingMNB,90000,0.7491
ds1,0,fadingMNB,100000,0.739
ds1,0,fadingMNB,110000,0.7311
ds1,0,fadingMNB,120000,0.7623
ds1,0,fadingMNB,130000,0.7694
ds1,0,fadingMNB,140000,0.7447
ds1,0,fadingMNB,150000,0.7558
ds1,0,fadingMNB,160000,0.7567
ds1,0,fadingMNB,170000,0.7496
ds1,0,fadingMNB,180000,0.7543
ds1,0,fadingMNB,190000,0.7279
ds1,0,fadingMNB,200000,0.7532
ds1,0,fadingMNB,210000,0.762
ds1,0,fadingMNB,220000,0.7673
ds1,0,fadingMNB,230000,0.7045
ds1,0,fadingMNB,240000,0.7306
ds1,0,fadingMNB,250000,0.7428
ds1,0,fadingMNB,260000,0.7199
ds1,0,fadingMNB,270000,0.7574
ds1,0,fadingMNB,280000,0.7638
ds1,0,fadingMNB,290000,0.7817
ds1,0,fadingMNB,300000,0.7755
ds1,0,fadingMNB,310000,0.7676
ds1,0,fadingMNB,320000,0.7737
ds1,0,fadingMNB,330000,0.7669
ds1,0,fadingMNB,340000,0.7355
ds1,0,fadingMNB,350000,0.7606
ds1,0,fadingMNB,360000,0.769
ds1,0,fadingMNB,370000,0.7623
ds1,0,fadingMNB,380000,0.7402
ds1,0,fadingMNB,390000,0.7189
ds1,0,fadingMNB,400000,0.723
ds1,0,fadingMNB,410000,0.7562
ds1,0,fadingMNB,420000,0.7623
ds1,0,fadingMNB,430000,0.763
ds1,0,fadingMNB,440000,0.7565
ds1,0,fadingMNB,450000,0.7735
ds1,0,fadingMNB,460000,0.772
ds1,0,fadingMNB,470000,0.7764
ds1,0,fadingMNB,480000,0.7794
ds1,0,fadingMNB,490000,0.792
ds1,0,fadingMNB,500000,0.7871
ds1,0,fadingMNB,510000,0.7736
ds1,0,fadingMNB,520000,0.7661
ds1,0,fadingMNB,530000,0.7728
ds1,0,fadingMNB,540000,0.7734
ds1,0,fadingMNB,550000,0.7719
ds1,0,fadingMNB,560000,0.7727
ds1,0,fadingMNB,570000,0.7813
ds1,0,fadingMNB,580000,0.78
ds1,0,fadingMNB,590000,0.7885
ds1,0,fadingMNB,600000,0.788
ds1,0,fadingMNB,610000,0.7825
ds1,0,fadingMNB,620000,0.7737
ds1,0,fadingMNB,630000,0.7725
ds1,0,fadingMNB,640000,0.7817
ds1,0,fadingMNB,650000,0.7749
ds1,0,fadingMNB,660000,0.7718
ds1,0,fadingMNB,670000,0.7596
ds1,0,fadingMNB,680000,0.7764
ds1,0,fadingMNB,690000,0.7745
ds1,0,fadingMNB,700000,0.7655
ds1,0,fadingMNB,710000,0.7656
ds1,0,fadingMNB,720000,0.7633
ds1,0,fadingMNB,730000,0.7699
ds1,0,fadingMNB,740000,0.765
ds1,0,fadingMNB,750000,0.7731
ds1,0,fadingMNB,760000,0.7756
ds1,0,fadingMNB,770000,0.7792
ds1,0,fadingMNB,780000,0.7671
ds1,0,fadingMNB,790000,0.7763
ds1,0,fadingMNB,800000,0.7814
ds1,0,fadingMNB,810000,0.7711
ds1,0,fadingMNB,820000,0.7688
ds1,0,fadingMNB,830000,0.7614
ds1,0,fadingMNB,840000,0.7521
ds1,0,fadingMNB,850000,0.7616
ds1,0,fadingMNB,860000,0.7701
ds1,0,fadingMNB,870000,0.7628
ds1,0,fadingMNB,880000,0.7584
ds1,0,fadingMNB,890000,0.7681
ds1,0,fadingMNB,900000,0.7212
ds1,0,fadingMNB,910000,0.7277
ds1,0,fadingMNB,920000,0.7524
ds1,0,fadingMNB,930000,0.7618
ds1,0,fadingMNB,940000,0.7702
ds1,0,fadingMNB,950000,0.7812
ds1,0,fadingMNB,960000,0.7791
ds1,0,fadingMNB,970000,0.7818
ds1,0,fadingMNB,980000,0.7798
ds1,0,fadingMNB,990000,0.7824
ds1,0,fadingMNB,1000000,0.7612
ds1,0,fadingMNB,1010000,0.7742
ds1,0,fadingMNB,1020000,0.7717
ds1,0,fadingMNB,1030000,0.7701
ds1,0,fadingMNB,1040000,0.7713
ds1,0,fadingMNB,1050000,0.7704
ds1,0,fadingMNB,1060000,0.7733
ds1,0,fadingMNB,1070000,0.7765
ds1,0,fadingMNB,1080000,0.7939
ds1,0,fadingMNB,1090000,0.7848
ds1,0,fadingMNB,1100000,0.777
ds1,0,fadingMNB,1110000,0.7735
ds1,0,fadingMNB,1120000,0.7732
ds1,0,fadingMNB,1130000,0.7713
ds1,0,fadingMNB,1140000,0.7713
ds1,0,fadingMNB,1150000,0.767
ds1,0,fadingMNB,1160000,0.7734
ds1,0,fadingMNB,1170000,0.734
ds1,0,fadingMNB,1180000,0.7173
ds1,0,fadingMNB,1190000,0.7472
ds1,0,fadingMNB,1200000,0.7477
ds1,0,fadingMNB,1210000,0.7548
ds1,0,fadingMNB,1220000,0.7576
ds1,0,fadingMNB,1230000,0.7629
ds1,0,fadingMNB,1240000,0.7676
ds1,0,fadingMNB,1250000,0.7605
ds1,0,fadingMNB,1260000,0.7707
ds1,0,fadingMNB,1270000,0.7719
ds1,0,fadingMNB,1280000,0.7773
ds1,0,fadingMNB,1290000,0.7679
ds1,0,fadingMNB,1300000,0.7657
ds1,0,fadingMNB,1310000,0.7634
ds1,0,fadingMNB,1320000,0.7591
ds1,0,fadingMNB,1330000,0.7473
ds1,0,fadingMNB,1340000,0.8524
ds1,0,fadingMNB,1350000,0.9483
ds1,0,fadingMNB,1360000,0.9837
ds1,0,fadingMNB,1370000,0.9938
ds1,0,fadingMNB,1380000,0.998
ds1,0,fadingMNB,1390000,0.9998
ds1,0,fadingMNB,1400000,0.9992
ds1,0,fadingMNB,1410000,0.9995
ds1,0,fadingMNB,1420000,0.9998
ds1,0,fadingMNB,1430000,0.9998
ds1,0,fadingMNB,1440000,0.9997
ds1,0,fadingMNB,1450000,0.9999
ds1,0,fadingMNB,1460000,1.0
ds1,0,fadingMNB,1470000,0.9999
ds1,0,fadingMNB,1480000,1.0
ds1,0,fadingMNB,1490000,1.0
ds1,0,fadingMNB,1500000,1.0
ds1,0,fadingMNB,1510000,1.0
ds1,0,fadingMNB,1520000,1.0
ds1,0,fadingMNB,1530000,0.9998
ds1,0,fadingMNB,1540000,0.9999
ds1,0,fadingMNB,1550000,0.9999
ds1,0,fadingMNB,1560000,1.0
ds1,0,fadingMNB,1570000,1.0
ds1,0,fadingMNB,1580000,1.0
ds1,0,fadingMNB,1590000,1.0
ds1,0,fadingMNB,1600000,1.0
ds1,0,baseline-Rebuild,10000,0.725
ds1,0,baseline-Rebuild,20000,0.7516
ds1,0,baseline-Rebuild,30000,0.7584
ds1,0,baseline-Rebuild,40000,0.7615
ds1,0,baseline-Rebuild,50000,0.779
ds1,0,baseline-Rebuild,60000,0.7714
ds1,0,baseline-Rebuild,70000,0.7716
ds1,0,baseline-Rebuild,80000,0.779
ds1,0,baseline-Rebuild,90000,0.7687
ds1,0,baseline-Rebuild,100000,0.7762
ds1,0,baseline-Rebuild,110000,0.7777
ds1,0,baseline-Rebuild,120000,0.7833
ds1,0,baseline-Rebuild,130000,0.783
ds1,0,baseline-Rebuild,140000,0.7796
ds1,0,baseline-Rebuild,150000,0.7756
ds1,0,baseline-Rebuild,160000,0.774
ds1,0,baseline-Rebuild,170000,0.7693
ds1,0,baseline-Rebuild,180000,0.7769
ds1,0,baseline-Rebuild,190000,0.7719
ds1,0,baseline-Rebuild,200000,0.7897
ds1,0,baseline-Rebuild,210000,0.7903
ds1,0,baseline-Rebuild,220000,0.7893
ds1,0,baseline-Rebuild,230000,0.778
ds1,0,baseline-Rebuild,240000,0.7809
ds1,0,baseline-Rebuild,250000,0.7684
ds1,0,baseline-Rebuild,260000,0.7838
ds1,0,baseline-Rebuild,270000,0.7855
ds1,0,baseline-Rebuild,280000,0.782
ds1,0,baseline-Rebuild,290000,0.7967
ds1,0,baseline-Rebuild,300000,0.7947
ds1,0,baseline-Rebuild,310000,0.7862
ds1,0,baseline-Rebuild,320000,0.7759
ds1,0,baseline-Rebuild,330000,0.7503
ds1,0,baseline-Rebuild,340000,0.766
ds1,0,baseline-Rebuild,350000,0.7986
ds1,0,baseline-Rebuild,360000,0.7897
ds1,0,baseline-Rebuild,370000,0.7688
ds1,0,baseline-Rebuild,380000,0.7682
ds1,0,baseline-Rebuild,390000,0.7707
ds1,0,baseline-Rebuild,400000,0.7733
ds1,0,baseline-Rebuild,410000,0.789
ds1,0,baseline-Rebuild,420000,0.7839
ds1,0,baseline-Rebuild,430000,0.7783
ds1,0,baseline-Rebuild,440000,0.77
ds1,0,baseline-Rebuild,450000,0.7871
ds1,0,baseline-Rebuild,460000,0.7835
ds1,0,baseline-Rebuild,470000,0.7816
ds1,0,baseline-Rebuild,480000,0.7882
ds1,0,baseline-Rebuild,490000,0.803
ds1,0,baseline-Rebuild,500000,0.7945
ds1,0,baseline-Rebuild,510000,0.7766
ds1,0,baseline-Rebuild,520000,0.7687
ds1,0,baseline-Rebuild,530000,0.7771
ds1,0,baseline-Rebuild,540000,0.7786
ds1,0,baseline-Rebuild,550000,0.7817
ds1,0,baseline-Rebuild,560000,0.7783
ds1,0,baseline-Rebuild,570000,0.7918
ds1,0,baseline-Rebuild,580000,0.7901
ds1,0,baseline-Rebuild,590000,0.7995
ds1,0,baseline-Rebuild,600000,0.8014
ds1,0,baseline-Rebuild,610000,0.7935
ds1,0,baseline-Rebuild,620000,0.7835
ds1,0,baseline-Rebuild,630000,0.7817
ds1,0,baseline-Rebuild,640000,0.7892
ds1,0,baseline-Rebuild,650000,0.7817
ds1,0,baseline-Rebuild,660000,0.7794
ds1,0,baseline-Rebuild,670000,0.7727
ds1,0,baseline-Rebuild,680000,0.7952
ds1,0,baseline-Rebuild,690000,0.7928
ds1,0,baseline-Rebuild,700000,0.7797
ds1,0,baseline-Rebuild,710000,0.7775
ds1,0,baseline-Rebuild,720000,0.7738
ds1,0,baseline-Rebuild,730000,0.7832
ds1,0,baseline-Rebuild,740000,0.7813
ds1,0,baseline-Rebuild,750000,0.7867
ds1,0,baseline-Rebuild,760000,0.7885
ds1,0,baseline-Rebuild,770000,0.7902
ds1,0,baseline-Rebuild,780000,0.7821
ds1,0,baseline-Rebuild,790000,0.7868
ds1,0,baseline-Rebuild,800000,0.7932
ds1,0,baseline-Rebuild,810000,0.7819
ds1,0,baseline-Rebuild,820000,0.7851
ds1,0,baseline-Rebuild,830000,0.7822
ds1,0,baseline-Rebuild,840000,0.7836
ds1,0,baseline-Rebuild,850000,0.7799
ds1,0,baseline-Rebuild,860000,0.7978
ds1,0,baseline-Rebuild,870000,0.7832
ds1,0,baseline-Rebuild,880000,0.7765
ds1,0,baseline-Rebuild,890000,0.783
ds1,0,baseline-Rebuild,900000,0.7862
ds1,0,baseline-Rebuild,910000,0.7888
ds1,0,baseline-Rebuild,920000,0.79
ds1,0,baseline-Rebuild,930000,0.7896
ds1,0,baseline-Rebuild,940000,0.7922
ds1,0,baseline-Rebuild,950000,0.8018
ds1,0,baseline-Rebuild,960000,0.793
ds1,0,baseline-Rebuild,970000,0.7948
ds1,0,baseline-Rebuild,980000,0.7942
ds1,0,baseline-Rebuild,990000,0.793
ds1,0,baseline-Rebuild,1000000,0.779
ds1,0,baseline-Rebuild,1010000,0.7899
ds1,0,baseline-Rebuild,1020000,0.7849
ds1,0,baseline-Rebuild,1030000,0.7828
ds1,0,baseline-Rebuild,1040000,0.7865
ds1,0,baseline-Rebuild,1050000,0.7869
ds1,0,baseline-Rebuild,1060000,0.7874
ds1,0,baseline-Rebuild,1070000,0.7897
ds1,0,baseline-Rebuild,1080000,0.8094
ds1,0,baseline-Rebuild,1090000,0.7964
ds1,0,baseline-Rebuild,1100000,0.797
ds1,0,baseline-Rebuild,1110000,0.7854
ds1,0,baseline-Rebuild,1120000,0.7864
ds1,0,baseline-Rebuild,1130000,0.7867
ds1,0,baseline-Rebuild,1140000,0.7749
ds1,0,baseline-Rebuild,1150000,0.7716
ds1,0,baseline-Rebuild,1160000,0.7784
ds1,0,baseline-Rebuild,1170000,0.7762
ds1,0,baseline-Rebuild,1180000,0.7804
ds1,0,baseline-Rebuild,1190000,0.7871
ds1,0,baseline-Rebuild,1200000,0.7708
ds1,0,baseline-Rebuild,1210000,0.7658
ds1,0,baseline-Rebuild,1220000,0.7576
ds1,0,baseline-Rebuild,1230000,0.7653
ds1,0,baseline-Rebuild,1240000,0.7728
ds1,0,baseline-Rebuild,1250000,0.7673
ds1,0,baseline-Rebuild,1260000,0.7728
ds1,0,baseline-Rebuild,1270000,0.776
ds1,0,baseline-Rebuild,1280000,0.7854
ds1,0,baseline-Rebuild,1290000,0.7769
ds1,0,baseline-Rebuild,1300000,0.7773
ds1,0,baseline-Rebuild,1310000,0.7721
ds1,0,baseline-Rebuild,1320000,0.7718
ds1,0,baseline-Rebuild,1330000,0.7389
ds1,0,baseline-Rebuild,1340000,0.7523
ds1,0,baseline-Rebuild,1350000,0.8086
ds1,0,baseline-Rebuild,1360000,0.8618
ds1,0,baseline-Rebuild,1370000,0.8831
ds1,0,baseline-Rebuild,1380000,0.9073
ds1,0,baseline-Rebuild,1390000,0.912
ds1,0,baseline-Rebuild,1400000,0.9169
ds1,0,baseline-Rebuild,1410000,0.9291
ds1,0,baseline-Rebuild,1420000,0.9401
ds1,0,baseline-Rebuild,1430000,0.948
ds1,0,baseline-Rebuild,1440000,0.9474
ds1,0,baseline-Rebuild,1450000,0.9494
ds1,0,baseline-Rebuild,1460000,0.957
ds1,0,baseline-Rebuild,1470000,0.9578
ds1,0,baseline-Rebuild,1480000,0.9643
ds1,0,baseline-Rebuild,1490000,0.9647
ds1,0,baseline-Rebuild,1500000,0.9686
ds1,0,baseline-Rebuild,1510000,0.9695
ds1,0,baseline-Rebuild,1520000,0.9703
ds1,0,baseline-Rebuild,1530000,0.9728
ds1,0,baseline-Rebuild,1540000,0.9743
ds1,0,baseline-Rebuild,1550000,0.9772
ds1,0,baseline-Rebuild,1560000,0.9799
ds1,0,baseline-Rebuild,1570000,0.9795
ds1,0,baseline-Rebuild,1580000,0.9804
ds1,0,baseline-Rebuild,1590000,0.9777
ds1,0,baseline-Rebuild,1600000,0.9854
ds1,0,baseline-SIFR,10000,0.725
ds1,0,baseline-SIFR,20000,0.7516
ds1,0,baseline-SIFR,30000,0.7584
ds1,0,baseline-SIFR,40000,0.7615
ds1,0,baseline-SIFR,50000,0.779
ds1,0,baseline-SIFR,60000,0.7714
ds1,0,baseline-SIFR,70000,0.7716
ds1,0,baseline-SIFR,80000,0.779
ds1,0,baseline-SIFR,90000,0.7687
ds1,0,baseline-SIFR,100000,0.7762
ds1,0,baseline-SIFR,110000,0.7777
ds1,0,baseline-SIFR,120000,0.7833
ds1,0,baseline-SIFR,130000,0.783
ds1,0,baseline-SIFR,140000,0.7796
ds1,0,baseline-SIFR,150000,0.7756
ds1,0,baseline-SIFR,160000,0.774
ds1,0,baseline-SIFR,170000,0.7693
ds1,0,baseline-SIFR,180000,0.7769
ds1,0,baseline-SIFR,190000,0.7719
ds1,0,baseline-SIFR,200000,0.7897
ds1,0,baseline-SIFR,210000,0.7903
ds1,0,baseline-SIFR,220000,0.7893
ds1,0,baseline-SIFR,230000,0.778
ds1,0,baseline-SIFR,240000,0.7809
ds1,0,baseline-SIFR,250000,0.7684
ds1,0,baseline-SIFR,260000,0.7838
ds1,0,baseline-SIFR,270000,0.7855
ds1,0,baseline-SIFR,280000,0.782
ds1,0,baseline-SIFR,290000,0.7913
ds1,0,baseline-SIFR,300000,0.7599
ds1,0,baseline-SIFR,310000,0.7617
ds1,0,baseline-SIFR,320000,0.7703
ds1,0,baseline-SIFR,330000,0.7584
ds1,0,baseline-SIFR,340000,0.7604
ds1,0,baseline-SIFR,350000,0.8006
ds1,0,baseline-SIFR,360000,0.7931
ds1,0,baseline-SIFR,370000,0.7797
ds1,0,baseline-SIFR,380000,0.7818
ds1,0,baseline-SIFR,390000,0.7446
ds1,0,baseline-SIFR,400000,0.7248
ds1,0,baseline-SIFR,410000,0.7597
ds1,0,baseline-SIFR,420000,0.7463
ds1,0,baseline-SIFR,430000,0.7504
ds1,0,baseline-SIFR,440000,0.7514
ds1,0,baseline-SIFR,450000,0.7695
ds1,0,baseline-SIFR,460000,0.7639
ds1,0,baseline-SIFR,470000,0.7717
ds1,0,baseline-SIFR,480000,0.7733
ds1,0,baseline-SIFR,490000,0.7892
ds1,0,baseline-SIFR,500000,0.7819
ds1,0,baseline-SIFR,510000,0.7651
ds1,0,baseline-SIFR,520000,0.7588
ds1,0,baseline-SIFR,530000,0.7629
ds1,0,baseline-SIFR,540000,0.7853
ds1,0,baseline-SIFR,550000,0.7859
ds1,0,baseline-SIFR,560000,0.7822
ds1,0,baseline-SIFR,570000,0.7957
ds1,0,baseline-SIFR,580000,0.797
ds1,0,baseline-SIFR,590000,0.7997
ds1,0,baseline-SIFR,600000,0.8043
ds1,0,baseline-SIFR,610000,0.7959
ds1,0,baseline-SIFR,620000,0.7904
ds1,0,baseline-SIFR,630000,0.7916
ds1,0,baseline-SIFR,640000,0.7965
ds1,0,baseline-SIFR,650000,0.7937
ds1,0,baseline-SIFR,660000,0.7828
ds1,0,baseline-SIFR,670000,0.7751
ds1,0,baseline-SIFR,680000,0.7939
ds1,0,baseline-SIFR,690000,0.7948
ds1,0,baseline-SIFR,700000,0.7819
ds1,0,baseline-SIFR,710000,0.7832
ds1,0,baseline-SIFR,720000,0.7805
ds1,0,baseline-SIFR,730000,0.7859
ds1,0,baseline-SIFR,740000,0.7819
ds1,0,baseline-SIFR,750000,0.7884
ds1,0,baseline-SIFR,760000,0.7922
ds1,0,baseline-SIFR,770000,0.7883
ds1,0,baseline-SIFR,780000,0.7825
ds1,0,baseline-SIFR,790000,0.7867
ds1,0,baseline-SIFR,800000,0.7959
ds1,0,baseline-SIFR,810000,0.7832
ds1,0,baseline-SIFR,820000,0.7876
ds1,0,baseline-SIFR,830000,0.7844
ds1,0,baseline-SIFR,840000,0.7847
ds1,0,baseline-SIFR,850000,0.7861
ds1,0,baseline-SIFR,860000,0.7971
ds1,0,baseline-SIFR,870000,0.7822
ds1,0,baseline-SIFR,880000,0.7807
ds1,0,baseline-SIFR,890000,0.7879
ds1,0,baseline-SIFR,900000,0.7898
ds1,0,baseline-SIFR,910000,0.7908
ds1,0,baseline-SIFR,920000,0.7905
ds1,0,baseline-SIFR,930000,0.794
ds1,0,baseline-SIFR,940000,0.7957
ds1,0,baseline-SIFR,950000,0.7998
ds1,0,baseline-SIFR,960000,0.7974
ds1,0,baseline-SIFR,970000,0.7924
ds1,0,baseline-SIFR,980000,0.7956
ds1,0,baseline-SIFR,990000,0.798
ds1,0,baseline-SIFR,1000000,0.7802
ds1,0,baseline-SIFR,1010000,0.7936
ds1,0,baseline-SIFR,1020000,0.7879
ds1,0,baseline-SIFR,1030000,0.7832
ds1,0,baseline-SIFR,1040000,0.7885
ds1,0,baseline-SIFR,1050000,0.7889
ds1,0,baseline-SIFR,1060000,0.7883
ds1,0,baseline-SIFR,1070000,0.7889
ds1,0,baseline-SIFR,1080000,0.8054
ds1,0,baseline-SIFR,1090000,0.7942
ds1,0,baseline-SIFR,1100000,0.7971
ds1,0,baseline-SIFR,1110000,0.7905
ds1,0,baseline-SIFR,1120000,0.7892
ds1,0,baseline-SIFR,1130000,0.7856
ds1,0,baseline-SIFR,1140000,0.7642
ds1,0,baseline-SIFR,1150000,0.7586
ds1,0,baseline-SIFR,1160000,0.764
ds1,0,baseline-SIFR,1170000,0.7269
ds1,0,baseline-SIFR,1180000,0.7178
ds1,0,baseline-SIFR,1190000,0.7503
ds1,0,baseline-SIFR,1200000,0.7454
ds1,0,baseline-SIFR,1210000,0.751
ds1,0,baseline-SIFR,1220000,0.7525
ds1,0,baseline-SIFR,1230000,0.7706
ds1,0,baseline-SIFR,1240000,0.7884
ds1,0,baseline-SIFR,1250000,0.7849
ds1,0,baseline-SIFR,1260000,0.7875
ds1,0,baseline-SIFR,1270000,0.7919
ds1,0,baseline-SIFR,1280000,0.7946
ds1,0,baseline-SIFR,1290000,0.7897
ds1,0,baseline-SIFR,1300000,0.7861
ds1,0,baseline-SIFR,1310000,0.7798
ds1,0,baseline-SIFR,1320000,0.782
ds1,0,baseline-SIFR,1330000,0.7524
ds1,0,baseline-SIFR,1340000,0.7253
ds1,0,baseline-SIFR,1350000,0.8887
ds1,0,baseline-SIFR,1360000,0.998
ds1,0,baseline-SIFR,1370000,0.9991
ds1,0,baseline-SIFR,1380000,0.9999
ds1,0,baseline-SIFR,1390000,0.9999
ds1,0,baseline-SIFR,1400000,0.9997
ds1,0,baseline-SIFR,1410000,1.0
ds1,0,baseline-SIFR,1420000,1.0
ds1,0,baseline-SIFR,1430000,0.9999
ds1,0,baseline-SIFR,1440000,0.9999
ds1,0,baseline-SIFR,1450000,0.9999
ds1,0,baseline-SIFR,1460000,1.0
ds1,0,baseline-SIFR,1470000,1.0
ds1,0,baseline-SIFR,1480000,1.0
ds1,0,baseline-SIFR,1490000,1.0
ds1,0,baseline-SIFR,1500000,1.0
ds1,0,baseline-SIFR,1510000,1.0
ds1,0,baseline-SIFR,1520000,1.0
ds1,0,baseline-SIFR,1530000,1.0
ds1,0,baseline-SIFR,1540000,1.0
ds1,0,baseline-SIFR,1550000,1.0
ds1,0,baseline-SIFR,1560000,1.0
ds1,0,baseline-SIFR,1570000,1.0
ds1,0,baseline-SIFR,1580000,1.0
ds1,0,baseline-SIFR,1590000,1.0
ds1,0,baseline-SIFR,1600000,1.0
ds1,0,enhanced-adwin_only,10000,0.725
ds1,0,enhanced-adwin_only,20000,0.7516
ds1,0,enhanced-adwin_only,30000,0.7584
ds1,0,enhanced-adwin_only,40000,0.7615
ds1,0,enhanced-adwin_only,50000,0.779
ds1,0,enhanced-adwin_only,60000,0.7714
ds1,0,enhanced-adwin_only,70000,0.7716
ds1,0,enhanced-adwin_only,80000,0.779
ds1,0,enhanced-adwin_only,90000,0.7687
ds1,0,enhanced-adwin_only,100000,0.7762
ds1,0,enhanced-adwin_only,110000,0.7777
ds1,0,enhanced-adwin_only,120000,0.7833
ds1,0,enhanced-adwin_only,130000,0.783
ds1,0,enhanced-adwin_only,140000,0.7796
ds1,0,enhanced-adwin_only,150000,0.7756
ds1,0,enhanced-adwin_only,160000,0.774
ds1,0,enhanced-adwin_only,170000,0.7693
ds1,0,enhanced-adwin_only,180000,0.7769
ds1,0,enhanced-adwin_only,190000,0.7719
ds1,0,enhanced-adwin_only,200000,0.7897
ds1,0,enhanced-adwin_only,210000,0.7903
ds1,0,enhanced-adwin_only,220000,0.7893
ds1,0,enhanced-adwin_only,230000,0.778
ds1,0,enhanced-adwin_only,240000,0.7809
ds1,0,enhanced-adwin_only,250000,0.7684
ds1,0,enhanced-adwin_only,260000,0.7838
ds1,0,enhanced-adwin_only,270000,0.7855
ds1,0,enhanced-adwin_only,280000,0.782
ds1,0,enhanced-adwin_only,290000,0.7977
ds1,0,enhanced-adwin_only,300000,0.796
ds1,0,enhanced-adwin_only,310000,0.7903
ds1,0,enhanced-adwin_only,320000,0.7842
ds1,0,enhanced-adwin_only,330000,0.7817
ds1,0,enhanced-adwin_only,340000,0.7833
ds1,0,enhanced-adwin_only,350000,0.8006
ds1,0,enhanced-adwin_only,360000,0.7931
ds1,0,enhanced-adwin_only,370000,0.7797
ds1,0,enhanced-adwin_only,380000,0.7818
ds1,0,enhanced-adwin_only,390000,0.7851
ds1,0,enhanced-adwin_only,400000,0.7677
ds1,0,enhanced-adwin_only,410000,0.7783
ds1,0,enhanced-adwin_only,420000,0.78
ds1,0,enhanced-adwin_only,430000,0.7742
ds1,0,enhanced-adwin_only,440000,0.733
ds1,0,enhanced-adwin_only,450000,0.7716
ds1,0,enhanced-adwin_only,460000,0.7728
ds1,0,enhanced-adwin_only,470000,0.7759
ds1,0,enhanced-adwin_only,480000,0.7796
ds1,0,enhanced-adwin_only,490000,0.7948
ds1,0,enhanced-adwin_only,500000,0.7928
ds1,0,enhanced-adwin_only,510000,0.7788
ds1,0,enhanced-adwin_only,520000,0.7611
ds1,0,enhanced-adwin_only,530000,0.766
ds1,0,enhanced-adwin_only,540000,0.776
ds1,0,enhanced-adwin_only,550000,0.7802
ds1,0,enhanced-adwin_only,560000,0.7729
ds1,0,enhanced-adwin_only,570000,0.7905
ds1,0,enhanced-adwin_only,580000,0.7884
ds1,0,enhanced-adwin_only,590000,0.7978
ds1,0,enhanced-adwin_only,600000,0.7998
ds1,0,enhanced-adwin_only,610000,0.7909
ds1,0,enhanced-adwin_only,620000,0.7842
ds1,0,enhanced-adwin_only,630000,0.7632
ds1,0,enhanced-adwin_only,640000,0.778
ds1,0,enhanced-adwin_only,650000,0.781
ds1,0,enhanced-adwin_only,660000,0.7744
ds1,0,enhanced-adwin_only,670000,0.7586
ds1,0,enhanced-adwin_only,680000,0.7733
ds1,0,enhanced-adwin_only,690000,0.7762
ds1,0,enhanced-adwin_only,700000,0.7725
ds1,0,enhanced-adwin_only,710000,0.77
ds1,0,enhanced-adwin_only,720000,0.7683
ds1,0,enhanced-adwin_only,730000,0.7797
ds1,0,enhanced-adwin_only,740000,0.7752
ds1,0,enhanced-adwin_only,750000,0.7796
ds1,0,enhanced-adwin_only,760000,0.7831
ds1,0,enhanced-adwin_only,770000,0.7853
ds1,0,enhanced-adwin_only,780000,0.7747
ds1,0,enhanced-adwin_only,790000,0.784
ds1,0,enhanced-adwin_only,800000,0.7871
ds1,0,enhanced-adwin_only,810000,0.7773
ds1,0,enhanced-adwin_only,820000,0.7781
ds1,0,enhanced-adwin_only,830000,0.7339
ds1,0,enhanced-adwin_only,840000,0.7506
ds1,0,enhanced-adwin_only,850000,0.7621
ds1,0,enhanced-adwin_only,860000,0.7745
ds1,0,enhanced-adwin_only,870000,0.7629
ds1,0,enhanced-adwin_only,880000,0.7644
ds1,0,enhanced-adwin_only,890000,0.7769
ds1,0,enhanced-adwin_only,900000,0.7768
ds1,0,enhanced-adwin_only,910000,0.7789
ds1,0,enhanced-adwin_only,920000,0.7816
ds1,0,enhanced-adwin_only,930000,0.7826
ds1,0,enhanced-adwin_only,940000,0.7816
ds1,0,enhanced-adwin_only,950000,0.7933
ds1,0,enhanced-adwin_only,960000,0.7891
ds1,0,enhanced-adwin_only,970000,0.79
ds1,0,enhanced-adwin_only,980000,0.786
ds1,0,enhanced-adwin_only,990000,0.7891
ds1,0,enhanced-adwin_only,1000000,0.7781
ds1,0,enhanced-adwin_only,1010000,0.7864
ds1,0,enhanced-adwin_only,1020000,0.785
ds1,0,enhanced-adwin_only,1030000,0.7781
ds1,0,enhanced-adwin_only,1040000,0.7808
ds1,0,enhanced-adwin_only,1050000,0.7819
ds1,0,enhanced-adwin_only,1060000,0.7841
ds1,0,enhanced-adwin_only,1070000,0.7876
ds1,0,enhanced-adwin_only,1080000,0.8041
ds1,0,enhanced-adwin_only,1090000,0.7922
ds1,0,enhanced-adwin_only,1100000,0.794
ds1,0,enhanced-adwin_only,1110000,0.7839
ds1,0,enhanced-adwin_only,1120000,0.785
ds1,0,enhanced-adwin_only,1130000,0.785
ds1,0,enhanced-adwin_only,1140000,0.7845
ds1,0,enhanced-adwin_only,1150000,0.7764
ds1,0,enhanced-adwin_only,1160000,0.7797
ds1,0,enhanced-adwin_only,1170000,0.7686
ds1,0,enhanced-adwin_only,1180000,0.7669
ds1,0,enhanced-adwin_only,1190000,0.7776
ds1,0,enhanced-adwin_only,1200000,0.7621
ds1,0,enhanced-adwin_only,1210000,0.7718
ds1,0,enhanced-adwin_only,1220000,0.7677
ds1,0,enhanced-adwin_only,1230000,0.775
ds1,0,enhanced-adwin_only,1240000,0.7773
ds1,0,enhanced-adwin_only,1250000,0.778
ds1,0,enhanced-adwin_only,1260000,0.7756
ds1,0,enhanced-adwin_only,1270000,0.7782
ds1,0,enhanced-adwin_only,1280000,0.7901
ds1,0,enhanced-adwin_only,1290000,0.7801
ds1,0,enhanced-adwin_only,1300000,0.7794
ds1,0,enhanced-adwin_only,1310000,0.7752
ds1,0,enhanced-adwin_only,1320000,0.7602
ds1,0,enhanced-adwin_only,1330000,0.8628
ds1,0,enhanced-adwin_only,1340000,0.9979
ds1,0,enhanced-adwin_only,1350000,0.9991
ds1,0,enhanced-adwin_only,1360000,0.998
ds1,0,enhanced-adwin_only,1370000,0.9984
ds1,0,enhanced-adwin_only,1380000,0.9992
ds1,0,enhanced-adwin_only,1390000,0.9995
ds1,0,enhanced-adwin_only,1400000,0.9993
ds1,0,enhanced-adwin_only,1410000,0.9989
ds1,0,enhanced-adwin_only,1420000,0.9995
ds1,0,enhanced-adwin_only,1430000,0.9997
ds1,0,enhanced-adwin_only,1440000,0.9989
ds1,0,enhanced-adwin_only,1450000,0.9987
ds1,0,enhanced-adwin_only,1460000,0.9998
ds1,0,enhanced-adwin_only,1470000,0.9994
ds1,0,enhanced-adwin_only,1480000,0.9995
ds1,0,enhanced-adwin_only,1490000,0.9993
ds1,0,enhanced-adwin_only,1500000,0.9993
ds1,0,enhanced-adwin_only,1510000,0.9995
ds1,0,enhanced-adwin_only,1520000,0.9997
ds1,0,enhanced-adwin_only,1530000,0.9995
ds1,0,enhanced-adwin_only,1540000,0.9986
ds1,0,enhanced-adwin_only,1550000,0.9993
ds1,0,enhanced-adwin_only,1560000,0.9996
ds1,0,enhanced-adwin_only,1570000,0.9999
ds1,0,enhanced-adwin_only,1580000,0.9996
ds1,0,enhanced-adwin_only,1590000,0.9991
ds1,0,enhanced-adwin_only,1600000,0.9994
ds1,0,enhanced-or,10000,0.725
ds1,0,enhanced-or,20000,0.7516
ds1,0,enhanced-or,30000,0.7584
ds1,0,enhanced-or,40000,0.7615
ds1,0,enhanced-or,50000,0.779
ds1,0,enhanced-or,60000,0.7714
ds1,0,enhanced-or,70000,0.7716
ds1,0,enhanced-or,80000,0.779
ds1,0,enhanced-or,90000,0.7687
ds1,0,enhanced-or,100000,0.7762
ds1,0,enhanced-or,110000,0.7777
ds1,0,enhanced-or,120000,0.7833
ds1,0,enhanced-or,130000,0.783
ds1,0,enhanced-or,140000,0.7796
ds1,0,enhanced-or,150000,0.7756
ds1,0,enhanced-or,160000,0.774
ds1,0,enhanced-or,170000,0.7693
ds1,0,enhanced-or,180000,0.7769
ds1,0,enhanced-or,190000,0.7719
ds1,0,enhanced-or,200000,0.7897
ds1,0,enhanced-or,210000,0.7903
ds1,0,enhanced-or,220000,0.7893
ds1,0,enhanced-or,230000,0.778
ds1,0,enhanced-or,240000,0.7809
ds1,0,enhanced-or,250000,0.7684
ds1,0,enhanced-or,260000,0.7838
ds1,0,enhanced-or,270000,0.7855
ds1,0,enhanced-or,280000,0.782
ds1,0,enhanced-or,290000,0.7967
ds1,0,enhanced-or,300000,0.7947
ds1,0,enhanced-or,310000,0.7862
ds1,0,enhanced-or,320000,0.7742
ds1,0,enhanced-or,330000,0.7494
ds1,0,enhanced-or,340000,0.7625
ds1,0,enhanced-or,350000,0.7962
ds1,0,enhanced-or,360000,0.7885
ds1,0,enhanced-or,370000,0.7644
ds1,0,enhanced-or,380000,0.7642
ds1,0,enhanced-or,390000,0.7695
ds1,0,enhanced-or,400000,0.7733
ds1,0,enhanced-or,410000,0.789
ds1,0,enhanced-or,420000,0.7584
ds1,0,enhanced-or,430000,0.7535
ds1,0,enhanced-or,440000,0.7555
ds1,0,enhanced-or,450000,0.7824
ds1,0,enhanced-or,460000,0.7771
ds1,0,enhanced-or,470000,0.7781
ds1,0,enhanced-or,480000,0.7801
ds1,0,enhanced-or,490000,0.7973
ds1,0,enhanced-or,500000,0.7887
ds1,0,enhanced-or,510000,0.776
ds1,0,enhanced-or,520000,0.7595
ds1,0,enhanced-or,530000,0.769
ds1,0,enhanced-or,540000,0.7763
ds1,0,enhanced-or,550000,0.78
ds1,0,enhanced-or,560000,0.7712
ds1,0,enhanced-or,570000,0.7913
ds1,0,enhanced-or,580000,0.7872
ds1,0,enhanced-or,590000,0.7982
ds1,0,enhanced-or,600000,0.7986
ds1,0,enhanced-or,610000,0.7896
ds1,0,enhanced-or,620000,0.7778
ds1,0,enhanced-or,630000,0.7422
ds1,0,enhanced-or,640000,0.7702
ds1,0,enhanced-or,650000,0.7746
ds1,0,enhanced-or,660000,0.7704
ds1,0,enhanced-or,670000,0.7585
ds1,0,enhanced-or,680000,0.7724
ds1,0,enhanced-or,690000,0.7765
ds1,0,enhanced-or,700000,0.774
ds1,0,enhanced-or,710000,0.7696
ds1,0,enhanced-or,720000,0.768
ds1,0,enhanced-or,730000,0.7806
ds1,0,enhanced-or,740000,0.7746
ds1,0,enhanced-or,750000,0.7799
ds1,0,enhanced-or,760000,0.7824
ds1,0,enhanced-or,770000,0.7854
ds1,0,enhanced-or,780000,0.7756
ds1,0,enhanced-or,790000,0.7838
ds1,0,enhanced-or,800000,0.7867
ds1,0,enhanced-or,810000,0.7774
ds1,0,enhanced-or,820000,0.7789
ds1,0,enhanced-or,830000,0.731
ds1,0,enhanced-or,840000,0.7518
ds1,0,enhanced-or,850000,0.7634
ds1,0,enhanced-or,860000,0.7755
ds1,0,enhanced-or,870000,0.7633
ds1,0,enhanced-or,880000,0.7652
ds1,0,enhanced-or,890000,0.7767
ds1,0,enhanced-or,900000,0.7768
ds1,0,enhanced-or,910000,0.7784
ds1,0,enhanced-or,920000,0.7813
ds1,0,enhanced-or,930000,0.7828
ds1,0,enhanced-or,940000,0.7819
ds1,0,enhanced-or,950000,0.7935
ds1,0,enhanced-or,960000,0.789
ds1,0,enhanced-or,970000,0.7902
ds1,0,enhanced-or,980000,0.7862
ds1,0,enhanced-or,990000,0.7895
ds1,0,enhanced-or,1000000,0.778
ds1,0,enhanced-or,1010000,0.7863
ds1,0,enhanced-or,1020000,0.7848
ds1,0,enhanced-or,1030000,0.7782
ds1,0,enhanced-or,1040000,0.781
ds1,0,enhanced-or,1050000,0.7819
ds1,0,enhanced-or,1060000,0.784
ds1,0,enhanced-or,1070000,0.7876
ds1,0,enhanced-or,1080000,0.8041
ds1,0,enhanced-or,1090000,0.7925
ds1,0,enhanced-or,1100000,0.7945
ds1,0,enhanced-or,1110000,0.784
ds1,0,enhanced-or,1120000,0.7847
ds1,0,enhanced-or,1130000,0.7845
ds1,0,enhanced-or,1140000,0.7718
ds1,0,enhanced-or,1150000,0.7685
ds1,0,enhanced-or,1160000,0.7705
ds1,0,enhanced-or,1170000,0.772
ds1,0,enhanced-or,1180000,0.7703
ds1,0,enhanced-or,1190000,0.776
ds1,0,enhanced-or,1200000,0.7658
ds1,0,enhanced-or,1210000,0.7658
ds1,0,enhanced-or,1220000,0.7538
ds1,0,enhanced-or,1230000,0.7596
ds1,0,enhanced-or,1240000,0.7659
ds1,0,enhanced-or,1250000,0.7642
ds1,0,enhanced-or,1260000,0.7698
ds1,0,enhanced-or,1270000,0.7745
ds1,0,enhanced-or,1280000,0.7832
ds1,0,enhanced-or,1290000,0.7737
ds1,0,enhanced-or,1300000,0.7741
ds1,0,enhanced-or,1310000,0.7703
ds1,0,enhanced-or,1320000,0.7699
ds1,0,enhanced-or,1330000,0.7653
ds1,0,enhanced-or,1340000,0.8778
ds1,0,enhanced-or,1350000,0.9689
ds1,0,enhanced-or,1360000,1.0
ds1,0,enhanced-or,1370000,1.0
ds1,0,enhanced-or,1380000,1.0
ds1,0,enhanced-or,1390000,1.0
ds1,0,enhanced-or,1400000,1.0
ds1,0,enhanced-or,1410000,1.0
ds1,0,enhanced-or,1420000,1.0
ds1,0,enhanced-or,1430000,1.0
ds1,0,enhanced-or,1440000,1.0
ds1,0,enhanced-or,1450000,1.0
ds1,0,enhanced-or,1460000,1.0
ds1,0,enhanced-or,1470000,1.0
ds1,0,enhanced-or,1480000,1.0
ds1,0,enhanced-or,1490000,1.0
ds1,0,enhanced-or,1500000,1.0
ds1,0,enhanced-or,1510000,1.0
ds1,0,enhanced-or,1520000,1.0
ds1,0,enhanced-or,1530000,1.0
ds1,0,enhanced-or,1540000,1.0
ds1,0,enhanced-or,1550000,1.0
ds1,0,enhanced-or,1560000,1.0
ds1,0,enhanced-or,1570000,1.0
ds1,0,enhanced-or,1580000,1.0
ds1,0,enhanced-or,1590000,1.0
ds1,0,enhanced-or,1600000,1.0
ds1,0,enhanced-and,10000,0.725
ds1,0,enhanced-and,20000,0.7516
ds1,0,enhanced-and,30000,0.7584
ds1,0,enhanced-and,40000,0.7615
ds1,0,enhanced-and,50000,0.779
ds1,0,enhanced-and,60000,0.7714
ds1,0,enhanced-and,70000,0.7716
ds1,0,enhanced-and,80000,0.779
ds1,0,enhanced-and,90000,0.7687
ds1,0,enhanced-and,100000,0.7762
ds1,0,enhanced-and,110000,0.7777
ds1,0,enhanced-and,120000,0.7833
ds1,0,enhanced-and,130000,0.783
ds1,0,enhanced-and,140000,0.7796
ds1,0,enhanced-and,150000,0.7756
ds1,0,enhanced-and,160000,0.774
ds1,0,enhanced-and,170000,0.7693
ds1,0,enhanced-and,180000,0.7769
ds1,0,enhanced-and,190000,0.7719
ds1,0,enhanced-and,200000,0.7897
ds1,0,enhanced-and,210000,0.7903
ds1,0,enhanced-and,220000,0.7893
ds1,0,enhanced-and,230000,0.778
ds1,0,enhanced-and,240000,0.7809
ds1,0,enhanced-and,250000,0.7684
ds1,0,enhanced-and,260000,0.7838
ds1,0,enhanced-and,270000,0.7855
ds1,0,enhanced-and,280000,0.782
ds1,0,enhanced-and,290000,0.7977
ds1,0,enhanced-and,300000,0.796
ds1,0,enhanced-and,310000,0.7903
ds1,0,enhanced-and,320000,0.7842
ds1,0,enhanced-and,330000,0.7817
ds1,0,enhanced-and,340000,0.7833
ds1,0,enhanced-and,350000,0.8006
ds1,0,enhanced-and,360000,0.7931
ds1,0,enhanced-and,370000,0.7797
ds1,0,enhanced-and,380000,0.7818
ds1,0,enhanced-and,390000,0.7851
ds1,0,enhanced-and,400000,0.7677
ds1,0,enhanced-and,410000,0.7792
ds1,0,enhanced-and,420000,0.7447
ds1,0,enhanced-and,430000,0.7558
ds1,0,enhanced-and,440000,0.7619
ds1,0,enhanced-and,450000,0.7851
ds1,0,enhanced-and,460000,0.7611
ds1,0,enhanced-and,470000,0.7676
ds1,0,enhanced-and,480000,0.775
ds1,0,enhanced-and,490000,0.7946
ds1,0,enhanced-and,500000,0.7934
ds1,0,enhanced-and,510000,0.7688
ds1,0,enhanced-and,520000,0.7603
ds1,0,enhanced-and,530000,0.7667
ds1,0,enhanced-and,540000,0.7749
ds1,0,enhanced-and,550000,0.7782
ds1,0,enhanced-and,560000,0.7733
ds1,0,enhanced-and,570000,0.7899
ds1,0,enhanced-and,580000,0.7878
ds1,0,enhanced-and,590000,0.7969
ds1,0,enhanced-and,600000,0.7992
ds1,0,enhanced-and,610000,0.7903
ds1,0,enhanced-and,620000,0.784
ds1,0,enhanced-and,630000,0.7418
ds1,0,enhanced-and,640000,0.7649
ds1,0,enhanced-and,650000,0.7739
ds1,0,enhanced-and,660000,0.7746
ds1,0,enhanced-and,670000,0.7603
ds1,0,enhanced-and,680000,0.7853
ds1,0,enhanced-and,690000,0.7899
ds1,0,enhanced-and,700000,0.7763
ds1,0,enhanced-and,710000,0.7798
ds1,0,enhanced-and,720000,0.7739
ds1,0,enhanced-and,730000,0.783
ds1,0,enhanced-and,740000,0.7785
ds1,0,enhanced-and,750000,0.7848
ds1,0,enhanced-and,760000,0.7864
ds1,0,enhanced-and,770000,0.7881
ds1,0,enhanced-and,780000,0.7834
ds1,0,enhanced-and,790000,0.7847
ds1,0,enhanced-and,800000,0.7952
ds1,0,enhanced-and,810000,0.7808
ds1,0,enhanced-and,820000,0.7826
ds1,0,enhanced-and,830000,0.7343
ds1,0,enhanced-and,840000,0.75
ds1,0,enhanced-and,850000,0.7731
ds1,0,enhanced-and,860000,0.7938
ds1,0,enhanced-and,870000,0.7764
ds1,0,enhanced-and,880000,0.7726
ds1,0,enhanced-and,890000,0.7794
ds1,0,enhanced-and,900000,0.7812
ds1,0,enhanced-and,910000,0.7872
ds1,0,enhanced-and,920000,0.7856
ds1,0,enhanced-and,930000,0.7865
ds1,0,enhanced-and,940000,0.7845
ds1,0,enhanced-and,950000,0.7988
ds1,0,enhanced-and,960000,0.791
ds1,0,enhanced-and,970000,0.7911
ds1,0,enhanced-and,980000,0.7891
ds1,0,enhanced-and,990000,0.7949
ds1,0,enhanced-and,1000000,0.768
ds1,0,enhanced-and,1010000,0.7753
ds1,0,enhanced-and,1020000,0.7735
ds1,0,enhanced-and,1030000,0.7726
ds1,0,enhanced-and,1040000,0.7793
ds1,0,enhanced-and,1050000,0.777
ds1,0,enhanced-and,1060000,0.7801
ds1,0,enhanced-and,1070000,0.7849
ds1,0,enhanced-and,1080000,0.8044
ds1,0,enhanced-and,1090000,0.7933
ds1,0,enhanced-and,1100000,0.7912
ds1,0,enhanced-and,1110000,0.7828
ds1,0,enhanced-and,1120000,0.7818
ds1,0,enhanced-and,1130000,0.7787
ds1,0,enhanced-and,1140000,0.7749
ds1,0,enhanced-and,1150000,0.7716
ds1,0,enhanced-and,1160000,0.7784
ds1,0,enhanced-and,1170000,0.7762
ds1,0,enhanced-and,1180000,0.7804
ds1,0,enhanced-and,1190000,0.7871
ds1,0,enhanced-and,1200000,0.7708
ds1,0,enhanced-and,1210000,0.7773
ds1,0,enhanced-and,1220000,0.7731
ds1,0,enhanced-and,1230000,0.7749
ds1,0,enhanced-and,1240000,0.779
ds1,0,enhanced-and,1250000,0.78
ds1,0,enhanced-and,1260000,0.7827
ds1,0,enhanced-and,1270000,0.7848
ds1,0,enhanced-and,1280000,0.793
ds1,0,enhanced-and,1290000,0.7854
ds1,0,enhanced-and,1300000,0.7795
ds1,0,enhanced-and,1310000,0.7786
ds1,0,enhanced-and,1320000,0.7762
ds1,0,enhanced-and,1330000,0.8819
ds1,0,enhanced-and,1340000,0.9994
ds1,0,enhanced-and,1350000,0.999
ds1,0,enhanced-and,1360000,1.0
ds1,0,enhanced-and,1370000,1.0
ds1,0,enhanced-and,1380000,1.0
ds1,0,enhanced-and,1390000,1.0
ds1,0,enhanced-and,1400000,1.0
ds1,0,enhanced-and,1410000,1.0
ds1,0,enhanced-and,1420000,1.0
ds1,0,enhanced-and,1430000,1.0
ds1,0,enhanced-and,1440000,1.0
ds1,0,enhanced-and,1450000,1.0
ds1,0,enhanced-and,1460000,1.0
ds1,0,enhanced-and,1470000,1.0
ds1,0,enhanced-and,1480000,1.0
ds1,0,enhanced-and,1490000,1.0
ds1,0,enhanced-and,1500000,1.0
ds1,0,enhanced-and,1510000,1.0
ds1,0,enhanced-and,1520000,1.0
ds1,0,enhanced-and,1530000,1.0
ds1,0,enhanced-and,1540000,1.0
ds1,0,enhanced-and,1550000,1.0
ds1,0,enhanced-and,1560000,1.0
ds1,0,enhanced-and,1570000,1.0
ds1,0,enhanced-and,1580000,1.0
ds1,0,enhanced-and,1590000,1.0
ds1,0,enhanced-and,1600000,1.0
ds2,0,accumulativeMNB,10000,0.7497
ds2,0,accumulativeMNB,20000,0.7696
ds2,0,accumulativeMNB,30000,0.7742
ds2,0,accumulativeMNB,40000,0.7902
ds2,0,accumulativeMNB,50000,0.7908
ds2,0,accumulativeMNB,60000,0.791
ds2,0,accumulativeMNB,70000,0.7945
ds2,0,accumulativeMNB,80000,0.7891
ds2,0,accumulativeMNB,90000,0.7945
ds2,0,accumulativeMNB,100000,0.7974
ds2,0,accumulativeMNB,110000,0.7963
ds2,0,accumulativeMNB,120000,0.799
ds2,0,accumulativeMNB,130000,0.7879
ds2,0,accumulativeMNB,140000,0.7948
ds2,0,accumulativeMNB,150000,0.7928
ds2,0,accumulativeMNB,160000,0.807
ds2,0,accumulativeMNB,170000,0.8032
ds2,0,accumulativeMNB,180000,0.7247
ds2,0,accumulativeMNB,190000,0.699
ds2,0,accumulativeMNB,200000,0.7189
ds2,0,accumulativeMNB,210000,0.7368
ds2,0,accumulativeMNB,220000,0.757
ds2,0,accumulativeMNB,230000,0.7664
ds2,0,accumulativeMNB,240000,0.7662
ds2,0,accumulativeMNB,250000,0.7603
ds2,0,accumulativeMNB,260000,0.7619
ds2,0,accumulativeMNB,270000,0.7666
ds2,0,accumulativeMNB,280000,0.7716
ds2,0,accumulativeMNB,290000,0.7701
ds2,0,accumulativeMNB,300000,0.7889
ds2,0,accumulativeMNB,310000,0.7819
ds2,0,accumulativeMNB,320000,0.7816
ds2,0,accumulativeMNB,330000,0.7796
ds2,0,accumulativeMNB,340000,0.7811
ds2,0,accumulativeMNB,350000,0.7828
ds2,0,accumulativeMNB,360000,0.7845
ds2,0,accumulativeMNB,370000,0.7855
ds2,0,accumulativeMNB,380000,0.8011
ds2,0,accumulativeMNB,390000,0.7957
ds2,0,accumulativeMNB,400000,0.7951
ds2,0,accumulativeMNB,410000,0.802
ds2,0,accumulativeMNB,420000,0.8003
ds2,0,accumulativeMNB,430000,0.7934
ds2,0,accumulativeMNB,440000,0.7523
ds2,0,accumulativeMNB,450000,0.77
ds2,0,accumulativeMNB,460000,0.7749
ds2,0,accumulativeMNB,470000,0.7776
ds2,0,accumulativeMNB,480000,0.7815
ds2,0,accumulativeMNB,490000,0.7828
ds2,0,accumulativeMNB,500000,0.7882
ds2,0,accumulativeMNB,510000,0.7909
ds2,0,accumulativeMNB,520000,0.7901
ds2,0,accumulativeMNB,530000,0.7953
ds2,0,accumulativeMNB,540000,0.7975
ds2,0,accumulativeMNB,550000,0.7799
ds2,0,accumulativeMNB,560000,0.7814
ds2,0,accumulativeMNB,570000,0.7907
ds2,0,accumulativeMNB,580000,0.7867
ds2,0,accumulativeMNB,590000,0.7785
ds2,0,accumulativeMNB,600000,0.778
ds2,0,accumulativeMNB,610000,0.7683
ds2,0,accumulativeMNB,620000,0.7841
ds2,0,accumulativeMNB,630000,0.7752
ds2,0,accumulativeMNB,640000,0.7794
ds2,0,accumulativeMNB,650000,0.7781
ds2,0,accumulativeMNB,660000,0.7764
ds2,0,accumulativeMNB,670000,0.7869
ds2,0,accumulativeMNB,680000,0.7802
ds2,0,accumulativeMNB,690000,0.788
ds2,0,accumulativeMNB,700000,0.7861
ds2,0,accumulativeMNB,710000,0.7876
ds2,0,accumulativeMNB,720000,0.796
ds2,0,accumulativeMNB,730000,0.7955
ds2,0,accumulativeMNB,740000,0.7954
ds2,0,accumulativeMNB,750000,0.801
ds2,0,accumulativeMNB,760000,0.7991
ds2,0,accumulativeMNB,770000,0.8016
ds2,0,accumulativeMNB,780000,0.7932
ds2,0,accumulativeMNB,790000,0.7855
ds2,0,accumulativeMNB,800000,0.8072
ds2,0,accumulativeMNB,810000,0.83
ds2,0,accumulativeMNB,820000,0.8375
ds2,0,accumulativeMNB,830000,0.8437
ds2,0,accumulativeMNB,840000,0.8518
ds2,0,accumulativeMNB,850000,0.8557
ds2,0,accumulativeMNB,860000,0.8554
ds2,0,accumulativeMNB,870000,0.8438
ds2,0,accumulativeMNB,880000,0.8595
ds2,0,accumulativeMNB,890000,0.8595
ds2,0,accumulativeMNB,900000,0.8575
ds2,0,accumulativeMNB,910000,0.8619
ds2,0,accumulativeMNB,920000,0.8588
ds2,0,accumulativeMNB,930000,0.8617
ds2,0,accumulativeMNB,940000,0.866
ds2,0,accumulativeMNB,950000,0.8628
ds2,0,accumulativeMNB,960000,0.8663
ds2,0,accumulativeMNB,970000,0.8725
ds2,0,accumulativeMNB,980000,0.8715
ds2,0,accumulativeMNB,990000,0.8605
ds2,0,accumulativeMNB,1000000,0.8755
ds2,0,accumulativeMNB,1010000,0.8798
ds2,0,accumulativeMNB,1020000,0.8818
ds2,0,accumulativeMNB,1030000,0.8948
ds2,0,accumulativeMNB,1040000,0.894
ds2,0,accumulativeMNB,1050000,0.8876
ds2,0,accumulativeMNB,1060000,0.8889
ds2,0,accumulativeMNB,1070000,0.894
ds2,0,accumulativeMNB,1073065,0.9279
ds2,0,fadingMNB,10000,0.7494
ds2,0,fadingMNB,20000,0.7485
ds2,0,fadingMNB,30000,0.7584
ds2,0,fadingMNB,40000,0.773
ds2,0,fadingMNB,50000,0.7762
ds2,0,fadingMNB,60000,0.7587
ds2,0,fadingMNB,70000,0.7678
ds2,0,fadingMNB,80000,0.7399
ds2,0,fadingMNB,90000,0.7584
ds2,0,fadingMNB,100000,0.78
ds2,0,fadingMNB,110000,0.7564
ds2,0,fadingMNB,120000,0.7748
ds2,0,fadingMNB,130000,0.7617
ds2,0,fadingMNB,140000,0.7691
ds2,0,fadingMNB,150000,0.7474
ds2,0,fadingMNB,160000,0.7724
ds2,0,fadingMNB,170000,0.7844
ds2,0,fadingMNB,180000,0.7324
ds2,0,fadingMNB,190000,0.7451
ds2,0,fadingMNB,200000,0.7449
ds2,0,fadingMNB,210000,0.749
ds2,0,fadingMNB,220000,0.7302
ds2,0,fadingMNB,230000,0.7547
ds2,0,fadingMNB,240000,0.7421
ds2,0,fadingMNB,250000,0.7498
ds2,0,fadingMNB,260000,0.7502
ds2,0,fadingMNB,270000,0.7319
ds2,0,fadingMNB,280000,0.7561
ds2,0,fadingMNB,290000,0.7587
ds2,0,fadingMNB,300000,0.7532
ds2,0,fadingMNB,310000,0.7712
ds2,0,fadingMNB,320000,0.78
ds2,0,fadingMNB,330000,0.7848
ds2,0,fadingMNB,340000,0.7732
ds2,0,fadingMNB,350000,0.7724
ds2,0,fadingMNB,360000,0.7722
ds2,0,fadingMNB,370000,0.776
ds2,0,fadingMNB,380000,0.7864
ds2,0,fadingMNB,390000,0.7967
ds2,0,fadingMNB,400000,0.7841
ds2,0,fadingMNB,410000,0.7831
ds2,0,fadingMNB,420000,0.7777
ds2,0,fadingMNB,430000,0.7783
ds2,0,fadingMNB,440000,0.7348
ds2,0,fadingMNB,450000,0.7876
ds2,0,fadingMNB,460000,0.7929
ds2,0,fadingMNB,470000,0.7968
ds2,0,fadingMNB,480000,0.7986
ds2,0,fadingMNB,490000,0.7988
ds2,0,fadingMNB,500000,0.7878
ds2,0,fadingMNB,510000,0.811
ds2,0,fadingMNB,520000,0.8181
ds2,0,fadingMNB,530000,0.7919
ds2,0,fadingMNB,540000,0.7796
ds2,0,fadingMNB,550000,0.7003
ds2,0,fadingMNB,560000,0.7303
ds2,0,fadingMNB,570000,0.7559
ds2,0,fadingMNB,580000,0.764
ds2,0,fadingMNB,590000,0.7585
ds2,0,fadingMNB,600000,0.7632
ds2,0,fadingMNB,610000,0.7485
ds2,0,fadingMNB,620000,0.7568
ds2,0,fadingMNB,630000,0.7531
ds2,0,fadingMNB,640000,0.7583
ds2,0,fadingMNB,650000,0.7563
ds2,0,fadingMNB,660000,0.7584
ds2,0,fadingMNB,670000,0.7594
ds2,0,fadingMNB,680000,0.7562
ds2,0,fadingMNB,690000,0.7683
ds2,0,fadingMNB,700000,0.7762
ds2,0,fadingMNB,710000,0.767
ds2,0,fadingMNB,720000,0.7418
ds2,0,fadingMNB,730000,0.7691
ds2,0,fadingMNB,740000,0.7746
ds2,0,fadingMNB,750000,0.7892
ds2,0,fadingMNB,760000,0.7793
ds2,0,fadingMNB,770000,0.7809
ds2,0,fadingMNB,780000,0.7717
ds2,0,fadingMNB,790000,0.7661
ds2,0,fadingMNB,800000,0.7889
ds2,0,fadingMNB,810000,0.9215
ds2,0,fadingMNB,820000,0.9867
ds2,0,fadingMNB,830000,0.996
ds2,0,fadingMNB,840000,0.9981
ds2,0,fadingMNB,850000,0.9997
ds2,0,fadingMNB,860000,0.9998
ds2,0,fadingMNB,870000,0.9997
ds2,0,fadingMNB,880000,0.9996
ds2,0,fadingMNB,890000,0.9999
ds2,0,fadingMNB,900000,0.9998
ds2,0,fadingMNB,910000,0.9998
ds2,0,fadingMNB,920000,0.9999
ds2,0,fadingMNB,930000,1.0
ds2,0,fadingMNB,940000,0.9999
ds2,0,fadingMNB,950000,1.0
ds2,0,fadingMNB,960000,1.0
ds2,0,fadingMNB,970000,1.0
ds2,0,fadingMNB,980000,1.0
ds2,0,fadingMNB,990000,1.0
ds2,0,fadingMNB,1000000,0.9999
ds2,0,fadingMNB,1010000,0.9999
ds2,0,fadingMNB,1020000,1.0
ds2,0,fadingMNB,1030000,1.0
ds2,0,fadingMNB,1040000,1.0
ds2,0,fadingMNB,1050000,1.0
ds2,0,fadingMNB,1060000,1.0
ds2,0,fadingMNB,1070000,1.0
ds2,0,fadingMNB,1073065,1.0
ds2,0,baseline-Rebuild,10000,0.7497
ds2,0,baseline-Rebuild,20000,0.7696
ds2,0,baseline-Rebuild,30000,0.7742
ds2,0,baseline-Rebuild,40000,0.7902
ds2,0,baseline-Rebuild,50000,0.7908
ds2,0,baseline-Rebuild,60000,0.791
ds2,0,baseline-Rebuild,70000,0.7945
ds2,0,baseline-Rebuild,80000,0.7891
ds2,0,baseline-Rebuild,90000,0.7945
ds2,0,baseline-Rebuild,100000,0.7974
ds2,0,baseline-Rebuild,110000,0.7963
ds2,0,baseline-Rebuild,120000,0.799
ds2,0,baseline-Rebuild,130000,0.7879
ds2,0,baseline-Rebuild,140000,0.7948
ds2,0,baseline-Rebuild,150000,0.7928
ds2,0,baseline-Rebuild,160000,0.807
ds2,0,baseline-Rebuild,170000,0.8032
ds2,0,baseline-Rebuild,180000,0.7249
ds2,0,baseline-Rebuild,190000,0.712
ds2,0,baseline-Rebuild,200000,0.74
ds2,0,baseline-Rebuild,210000,0.76
ds2,0,baseline-Rebuild,220000,0.7765
ds2,0,baseline-Rebuild,230000,0.7858
ds2,0,baseline-Rebuild,240000,0.7858
ds2,0,baseline-Rebuild,250000,0.7835
ds2,0,baseline-Rebuild,260000,0.7926
ds2,0,baseline-Rebuild,270000,0.7924
ds2,0,baseline-Rebuild,280000,0.7982
ds2,0,baseline-Rebuild,290000,0.7885
ds2,0,baseline-Rebuild,300000,0.7589
ds2,0,baseline-Rebuild,310000,0.7377
ds2,0,baseline-Rebuild,320000,0.6728
ds2,0,baseline-Rebuild,330000,0.705
ds2,0,baseline-Rebuild,340000,0.7358
ds2,0,baseline-Rebuild,350000,0.7527
ds2,0,baseline-Rebuild,360000,0.7612
ds2,0,baseline-Rebuild,370000,0.7568
ds2,0,baseline-Rebuild,380000,0.7822
ds2,0,baseline-Rebuild,390000,0.7715
ds2,0,baseline-Rebuild,400000,0.7838
ds2,0,baseline-Rebuild,410000,0.7894
ds2,0,baseline-Rebuild,420000,0.7939
ds2,0,baseline-Rebuild,430000,0.7867
ds2,0,baseline-Rebuild,440000,0.7571
ds2,0,baseline-Rebuild,450000,0.7784
ds2,0,baseline-Rebuild,460000,0.8109
ds2,0,baseline-Rebuild,470000,0.8496
ds2,0,baseline-Rebuild,480000,0.8495
ds2,0,baseline-Rebuild,490000,0.8443
ds2,0,baseline-Rebuild,500000,0.8185
ds2,0,baseline-Rebuild,510000,0.8486
ds2,0,baseline-Rebuild,520000,0.8699
ds2,0,baseline-Rebuild,530000,0.8246
ds2,0,baseline-Rebuild,540000,0.7708
ds2,0,baseline-Rebuild,550000,0.6274
ds2,0,baseline-Rebuild,560000,0.6703
ds2,0,baseline-Rebuild,570000,0.7084
ds2,0,baseline-Rebuild,580000,0.7144
ds2,0,baseline-Rebuild,590000,0.6943
ds2,0,baseline-Rebuild,600000,0.7146
ds2,0,baseline-Rebuild,610000,0.7358
ds2,0,baseline-Rebuild,620000,0.7567
ds2,0,baseline-Rebuild,630000,0.7587
ds2,0,baseline-Rebuild,640000,0.7635
ds2,0,baseline-Rebuild,650000,0.768
ds2,0,baseline-Rebuild,660000,0.7643
ds2,0,baseline-Rebuild,670000,0.7735
ds2,0,baseline-Rebuild,680000,0.7674
ds2,0,baseline-Rebuild,690000,0.7927
ds2,0,baseline-Rebuild,700000,0.8058
ds2,0,baseline-Rebuild,710000,0.8074
ds2,0,baseline-Rebuild,720000,0.7874
ds2,0,baseline-Rebuild,730000,0.7936
ds2,0,baseline-Rebuild,740000,0.807
ds2,0,baseline-Rebuild,750000,0.8187
ds2,0,baseline-Rebuild,760000,0.8119
ds2,0,baseline-Rebuild,770000,0.8082
ds2,0,baseline-Rebuild,780000,0.7847
ds2,0,baseline-Rebuild,790000,0.7882
ds2,0,baseline-Rebuild,800000,0.8303
ds2,0,baseline-Rebuild,810000,0.9558
ds2,0,baseline-Rebuild,820000,0.9632
ds2,0,baseline-Rebuild,830000,0.9704
ds2,0,baseline-Rebuild,840000,0.974
ds2,0,baseline-Rebuild,850000,0.979
ds2,0,baseline-Rebuild,860000,0.9827
ds2,0,baseline-Rebuild,870000,0.9838
ds2,0,baseline-Rebuild,880000,0.983
ds2,0,baseline-Rebuild,890000,0.9875
ds2,0,baseline-Rebuild,900000,0.9886
ds2,0,baseline-Rebuild,910000,0.9912
ds2,0,baseline-Rebuild,920000,0.9899
ds2,0,baseline-Rebuild,930000,0.9877
ds2,0,baseline-Rebuild,940000,0.9942
ds2,0,baseline-Rebuild,950000,0.9929
ds2,0,baseline-Rebuild,960000,0.9925
ds2,0,baseline-Rebuild,970000,0.9918
ds2,0,baseline-Rebuild,980000,0.9946
ds2,0,baseline-Rebuild,990000,0.9943
ds2,0,baseline-Rebuild,1000000,0.9937
ds2,0,baseline-Rebuild,1010000,0.9935
ds2,0,baseline-Rebuild,1020000,0.9942
ds2,0,baseline-Rebuild,1030000,0.9958
ds2,0,baseline-Rebuild,1040000,0.9951
ds2,0,baseline-Rebuild,1050000,0.995
ds2,0,baseline-Rebuild,1060000,0.9948
ds2,0,baseline-Rebuild,1070000,0.9953
ds2,0,baseline-Rebuild,1073065,0.99837
ds2,0,baseline-SIFR,10000,0.7497
ds2,0,baseline-SIFR,20000,0.7696
ds2,0,baseline-SIFR,30000,0.7742
ds2,0,baseline-SIFR,40000,0.7902
ds2,0,baseline-SIFR,50000,0.7908
ds2,0,baseline-SIFR,60000,0.791
ds2,0,baseline-SIFR,70000,0.7945
ds2,0,baseline-SIFR,80000,0.7891
ds2,0,baseline-SIFR,90000,0.7945
ds2,0,baseline-SIFR,100000,0.7974
ds2,0,baseline-SIFR,110000,0.7963
ds2,0,baseline-SIFR,120000,0.799
ds2,0,baseline-SIFR,130000,0.7879
ds2,0,baseline-SIFR,140000,0.7948
ds2,0,baseline-SIFR,150000,0.7928
ds2,0,baseline-SIFR,160000,0.807
ds2,0,baseline-SIFR,170000,0.8032
ds2,0,baseline-SIFR,180000,0.7382
ds2,0,baseline-SIFR,190000,0.7418
ds2,0,baseline-SIFR,200000,0.7394
ds2,0,baseline-SIFR,210000,0.7431
ds2,0,baseline-SIFR,220000,0.737
ds2,0,baseline-SIFR,230000,0.7533
ds2,0,baseline-SIFR,240000,0.7413
ds2,0,baseline-SIFR,250000,0.7449
ds2,0,baseline-SIFR,260000,0.7475
ds2,0,baseline-SIFR,270000,0.7301
ds2,0,baseline-SIFR,280000,0.7573
ds2,0,baseline-SIFR,290000,0.7556
ds2,0,baseline-SIFR,300000,0.7544
ds2,0,baseline-SIFR,310000,0.7697
ds2,0,baseline-SIFR,320000,0.7827
ds2,0,baseline-SIFR,330000,0.7855
ds2,0,baseline-SIFR,340000,0.7724
ds2,0,baseline-SIFR,350000,0.7677
ds2,0,baseline-SIFR,360000,0.7687
ds2,0,baseline-SIFR,370000,0.7731
ds2,0,baseline-SIFR,380000,0.7831
ds2,0,baseline-SIFR,390000,0.7964
ds2,0,baseline-SIFR,400000,0.7825
ds2,0,baseline-SIFR,410000,0.7784
ds2,0,baseline-SIFR,420000,0.7739
ds2,0,baseline-SIFR,430000,0.7728
ds2,0,baseline-SIFR,440000,0.7357
ds2,0,baseline-SIFR,450000,0.791
ds2,0,baseline-SIFR,460000,0.8013
ds2,0,baseline-SIFR,470000,0.7857
ds2,0,baseline-SIFR,480000,0.7815
ds2,0,baseline-SIFR,490000,0.7828
ds2,0,baseline-SIFR,500000,0.7882
ds2,0,baseline-SIFR,510000,0.7909
ds2,0,baseline-SIFR,520000,0.7901
ds2,0,baseline-SIFR,530000,0.7953
ds2,0,baseline-SIFR,540000,0.7975
ds2,0,baseline-SIFR,550000,0.7799
ds2,0,baseline-SIFR,560000,0.7306
ds2,0,baseline-SIFR,570000,0.7584
ds2,0,baseline-SIFR,580000,0.7648
ds2,0,baseline-SIFR,590000,0.7632
ds2,0,baseline-SIFR,600000,0.7672
ds2,0,baseline-SIFR,610000,0.7548
ds2,0,baseline-SIFR,620000,0.7604
ds2,0,baseline-SIFR,630000,0.7487
ds2,0,baseline-SIFR,640000,0.755
ds2,0,baseline-SIFR,650000,0.7513
ds2,0,baseline-SIFR,660000,0.7539
ds2,0,baseline-SIFR,670000,0.7547
ds2,0,baseline-SIFR,680000,0.7536
ds2,0,baseline-SIFR,690000,0.7686
ds2,0,baseline-SIFR,700000,0.7738
ds2,0,baseline-SIFR,710000,0.7833
ds2,0,baseline-SIFR,720000,0.796
ds2,0,baseline-SIFR,730000,0.7955
ds2,0,baseline-SIFR,740000,0.7954
ds2,0,baseline-SIFR,750000,0.801
ds2,0,baseline-SIFR,760000,0.7991
ds2,0,baseline-SIFR,770000,0.8016
ds2,0,baseline-SIFR,780000,0.7932
ds2,0,baseline-SIFR,790000,0.7855
ds2,0,baseline-SIFR,800000,0.7956
ds2,0,baseline-SIFR,810000,0.9044
ds2,0,baseline-SIFR,820000,0.969
ds2,0,baseline-SIFR,830000,0.9884
ds2,0,baseline-SIFR,840000,0.9948
ds2,0,baseline-SIFR,850000,0.9987
ds2,0,baseline-SIFR,860000,0.9996
ds2,0,baseline-SIFR,870000,0.9996
ds2,0,baseline-SIFR,880000,0.9993
ds2,0,baseline-SIFR,890000,0.9999
ds2,0,baseline-SIFR,900000,0.9996
ds2,0,baseline-SIFR,910000,0.9998
ds2,0,baseline-SIFR,920000,0.9998
ds2,0,baseline-SIFR,930000,1.0
ds2,0,baseline-SIFR,940000,0.9999
ds2,0,baseline-SIFR,950000,1.0
ds2,0,baseline-SIFR,960000,1.0
ds2,0,baseline-SIFR,970000,1.0
ds2,0,baseline-SIFR,980000,1.0
ds2,0,baseline-SIFR,990000,1.0
ds2,0,baseline-SIFR,1000000,0.9998
ds2,0,baseline-SIFR,1010000,0.9999
ds2,0,baseline-SIFR,1020000,1.0
ds2,0,baseline-SIFR,1030000,0.9999
ds2,0,baseline-SIFR,1040000,1.0
ds2,0,baseline-SIFR,1050000,1.0
ds2,0,baseline-SIFR,1060000,1.0
ds2,0,baseline-SIFR,1070000,1.0
ds2,0,baseline-SIFR,1073065,1.0
ds2,0,enhanced-adwin_only,10000,0.7497
ds2,0,enhanced-adwin_only,20000,0.7603
ds2,0,enhanced-adwin_only,30000,0.7728
ds2,0,enhanced-adwin_only,40000,0.7863
ds2,0,enhanced-adwin_only,50000,0.7904
ds2,0,enhanced-adwin_only,60000,0.7883
ds2,0,enhanced-adwin_only,70000,0.7956
ds2,0,enhanced-adwin_only,80000,0.7899
ds2,0,enhanced-adwin_only,90000,0.7929
ds2,0,enhanced-adwin_only,100000,0.7968
ds2,0,enhanced-adwin_only,110000,0.7977
ds2,0,enhanced-adwin_only,120000,0.7969
ds2,0,enhanced-adwin_only,130000,0.7896
ds2,0,enhanced-adwin_only,140000,0.7953
ds2,0,enhanced-adwin_only,150000,0.7923
ds2,0,enhanced-adwin_only,160000,0.8076
ds2,0,enhanced-adwin_only,170000,0.8027
ds2,0,enhanced-adwin_only,180000,0.7572
ds2,0,enhanced-adwin_only,190000,0.7986
ds2,0,enhanced-adwin_only,200000,0.8075
ds2,0,enhanced-adwin_only,210000,0.7775
ds2,0,enhanced-adwin_only,220000,0.7511
ds2,0,enhanced-adwin_only,230000,0.7888
ds2,0,enhanced-adwin_only,240000,0.7696
ds2,0,enhanced-adwin_only,250000,0.7921
ds2,0,enhanced-adwin_only,260000,0.7925
ds2,0,enhanced-adwin_only,270000,0.7701
ds2,0,enhanced-adwin_only,280000,0.7897
ds2,0,enhanced-adwin_only,290000,0.7682
ds2,0,enhanced-adwin_only,300000,0.7518
ds2,0,enhanced-adwin_only,310000,0.7513
ds2,0,enhanced-adwin_only,320000,0.8003
ds2,0,enhanced-adwin_only,330000,0.789
ds2,0,enhanced-adwin_only,340000,0.7499
ds2,0,enhanced-adwin_only,350000,0.7711
ds2,0,enhanced-adwin_only,360000,0.7833
ds2,0,enhanced-adwin_only,370000,0.7971
ds2,0,enhanced-adwin_only,380000,0.8028
ds2,0,enhanced-adwin_only,390000,0.8272
ds2,0,enhanced-adwin_only,400000,0.8058
ds2,0,enhanced-adwin_only,410000,0.7479
ds2,0,enhanced-adwin_only,420000,0.7704
ds2,0,enhanced-adwin_only,430000,0.7788
ds2,0,enhanced-adwin_only,440000,0.8284
ds2,0,enhanced-adwin_only,450000,0.8219
ds2,0,enhanced-adwin_only,460000,0.8529
ds2,0,enhanced-adwin_only,470000,0.8475
ds2,0,enhanced-adwin_only,480000,0.8414
ds2,0,enhanced-adwin_only,490000,0.8353
ds2,0,enhanced-adwin_only,500000,0.8028
ds2,0,enhanced-adwin_only,510000,0.8351
ds2,0,enhanced-adwin_only,520000,0.8582
ds2,0,enhanced-adwin_only,530000,0.8108
ds2,0,enhanced-adwin_only,540000,0.7984
ds2,0,enhanced-adwin_only,550000,0.7447
ds2,0,enhanced-adwin_only,560000,0.7568
ds2,0,enhanced-adwin_only,570000,0.771
ds2,0,enhanced-adwin_only,580000,0.7746
ds2,0,enhanced-adwin_only,590000,0.7661
ds2,0,enhanced-adwin_only,600000,0.7708
ds2,0,enhanced-adwin_only,610000,0.7649
ds2,0,enhanced-adwin_only,620000,0.7762
ds2,0,enhanced-adwin_only,630000,0.7703
ds2,0,enhanced-adwin_only,640000,0.7715
ds2,0,enhanced-adwin_only,650000,0.7765
ds2,0,enhanced-adwin_only,660000,0.7768
ds2,0,enhanced-adwin_only,670000,0.7785
ds2,0,enhanced-adwin_only,680000,0.7667
ds2,0,enhanced-adwin_only,690000,0.7777
ds2,0,enhanced-adwin_only,700000,0.7855
ds2,0,enhanced-adwin_only,710000,0.7866
ds2,0,enhanced-adwin_only,720000,0.7921
ds2,0,enhanced-adwin_only,730000,0.7961
ds2,0,enhanced-adwin_only,740000,0.7959
ds2,0,enhanced-adwin_only,750000,0.8091
ds2,0,enhanced-adwin_only,760000,0.8046
ds2,0,enhanced-adwin_only,770000,0.8079
ds2,0,enhanced-adwin_only,780000,0.7946
ds2,0,enhanced-adwin_only,790000,0.7783
ds2,0,enhanced-adwin_only,800000,0.8269
ds2,0,enhanced-adwin_only,810000,0.962
ds2,0,enhanced-adwin_only,820000,0.9757
ds2,0,enhanced-adwin_only,830000,0.9838
ds2,0,enhanced-adwin_only,840000,0.9851
ds2,0,enhanced-adwin_only,850000,0.9908
ds2,0,enhanced-adwin_only,860000,0.9923
ds2,0,enhanced-adwin_only,870000,0.9931
ds2,0,enhanced-adwin_only,880000,0.9919
ds2,0,enhanced-adwin_only,890000,0.9947
ds2,0,enhanced-adwin_only,900000,0.9948
ds2,0,enhanced-adwin_only,910000,0.996
ds2,0,enhanced-adwin_only,920000,0.9951
ds2,0,enhanced-adwin_only,930000,0.9945
ds2,0,enhanced-adwin_only,940000,0.9975
ds2,0,enhanced-adwin_only,950000,0.9965
ds2,0,enhanced-adwin_only,960000,0.9951
ds2,0,enhanced-adwin_only,970000,0.9953
ds2,0,enhanced-adwin_only,980000,0.9963
ds2,0,enhanced-adwin_only,990000,0.9975
ds2,0,enhanced-adwin_only,1000000,0.9977
ds2,0,enhanced-adwin_only,1010000,0.9956
ds2,0,enhanced-adwin_only,1020000,0.9978
ds2,0,enhanced-adwin_only,1030000,0.9987
ds2,0,enhanced-adwin_only,1040000,0.9977
ds2,0,enhanced-adwin_only,1050000,0.9976
ds2,0,enhanced-adwin_only,1060000,0.9963
ds2,0,enhanced-adwin_only,1070000,0.9977
ds2,0,enhanced-adwin_only,1073065,0.99902
ds2,0,enhanced-or,10000,0.7497
ds2,0,enhanced-or,20000,0.7603
ds2,0,enhanced-or,30000,0.7728
ds2,0,enhanced-or,40000,0.7863
ds2,0,enhanced-or,50000,0.7904
ds2,0,enhanced-or,60000,0.7883
ds2,0,enhanced-or,70000,0.7956
ds2,0,enhanced-or,80000,0.7899
ds2,0,enhanced-or,90000,0.7929
ds2,0,enhanced-or,100000,0.7968
ds2,0,enhanced-or,110000,0.7977
ds2,0,enhanced-or,120000,0.7969
ds2,0,enhanced-or,130000,0.7896
ds2,0,enhanced-or,140000,0.7953
ds2,0,enhanced-or,150000,0.7923
ds2,0,enhanced-or,160000,0.8076
ds2,0,enhanced-or,170000,0.8027
ds2,0,enhanced-or,180000,0.733
ds2,0,enhanced-or,190000,0.712
ds2,0,enhanced-or,200000,0.74
ds2,0,enhanced-or,210000,0.76
ds2,0,enhanced-or,220000,0.7765
ds2,0,enhanced-or,230000,0.7858
ds2,0,enhanced-or,240000,0.7858
ds2,0,enhanced-or,250000,0.7835
ds2,0,enhanced-or,260000,0.7926
ds2,0,enhanced-or,270000,0.7924
ds2,0,enhanced-or,280000,0.7982
ds2,0,enhanced-or,290000,0.7885
ds2,0,enhanced-or,300000,0.7457
ds2,0,enhanced-or,310000,0.772
ds2,0,enhanced-or,320000,0.7994
ds2,0,enhanced-or,330000,0.7896
ds2,0,enhanced-or,340000,0.7499
ds2,0,enhanced-or,350000,0.7711
ds2,0,enhanced-or,360000,0.7833
ds2,0,enhanced-or,370000,0.7971
ds2,0,enhanced-or,380000,0.8028
ds2,0,enhanced-or,390000,0.8272
ds2,0,enhanced-or,400000,0.8058
ds2,0,enhanced-or,410000,0.7479
ds2,0,enhanced-or,420000,0.7704
ds2,0,enhanced-or,430000,0.7788
ds2,0,enhanced-or,440000,0.8284
ds2,0,enhanced-or,450000,0.8072
ds2,0,enhanced-or,460000,0.851
ds2,0,enhanced-or,470000,0.8481
ds2,0,enhanced-or,480000,0.8414
ds2,0,enhanced-or,490000,0.8353
ds2,0,enhanced-or,500000,0.8028
ds2,0,enhanced-or,510000,0.8351
ds2,0,enhanced-or,520000,0.8582
ds2,0,enhanced-or,530000,0.8108
ds2,0,enhanced-or,540000,0.7984
ds2,0,enhanced-or,550000,0.7447
ds2,0,enhanced-or,560000,0.7251
ds2,0,enhanced-or,570000,0.7612
ds2,0,enhanced-or,580000,0.7662
ds2,0,enhanced-or,590000,0.7657
ds2,0,enhanced-or,600000,0.7724
ds2,0,enhanced-or,610000,0.763
ds2,0,enhanced-or,620000,0.7734
ds2,0,enhanced-or,630000,0.7587
ds2,0,enhanced-or,640000,0.7635
ds2,0,enhanced-or,650000,0.768
ds2,0,enhanced-or,660000,0.7643
ds2,0,enhanced-or,670000,0.7735
ds2,0,enhanced-or,680000,0.7674
ds2,0,enhanced-or,690000,0.7927
ds2,0,enhanced-or,700000,0.8058
ds2,0,enhanced-or,710000,0.8074
ds2,0,enhanced-or,720000,0.7756
ds2,0,enhanced-or,730000,0.7822
ds2,0,enhanced-or,740000,0.7675
ds2,0,enhanced-or,750000,0.7752
ds2,0,enhanced-or,760000,0.7714
ds2,0,enhanced-or,770000,0.7838
ds2,0,enhanced-or,780000,0.7662
ds2,0,enhanced-or,790000,0.7728
ds2,0,enhanced-or,800000,0.8258
ds2,0,enhanced-or,810000,0.9558
ds2,0,enhanced-or,820000,0.9632
ds2,0,enhanced-or,830000,0.9704
ds2,0,enhanced-or,840000,0.974
ds2,0,enhanced-or,850000,0.979
ds2,0,enhanced-or,860000,0.9827
ds2,0,enhanced-or,870000,0.9838
ds2,0,enhanced-or,880000,0.983
ds2,0,enhanced-or,890000,0.9875
ds2,0,enhanced-or,900000,0.9886
ds2,0,enhanced-or,910000,0.9912
ds2,0,enhanced-or,920000,0.9899
ds2,0,enhanced-or,930000,0.9877
ds2,0,enhanced-or,940000,0.9942
ds2,0,enhanced-or,950000,0.9929
ds2,0,enhanced-or,960000,0.9925
ds2,0,enhanced-or,970000,0.9918
ds2,0,enhanced-or,980000,0.9946
ds2,0,enhanced-or,990000,0.9943
ds2,0,enhanced-or,1000000,0.9937
ds2,0,enhanced-or,1010000,0.9935
ds2,0,enhanced-or,1020000,0.9942
ds2,0,enhanced-or,1030000,0.9958
ds2,0,enhanced-or,1040000,0.9951
ds2,0,enhanced-or,1050000,0.995
ds2,0,enhanced-or,1060000,0.9948
ds2,0,enhanced-or,1070000,0.9953
ds2,0,enhanced-or,1073065,0.99837
ds2,0,enhanced-and,10000,0.7497
ds2,0,enhanced-and,20000,0.7696
ds2,0,enhanced-and,30000,0.7742
ds2,0,enhanced-and,40000,0.7902
ds2,0,enhanced-and,50000,0.7908
ds2,0,enhanced-and,60000,0.791
ds2,0,enhanced-and,70000,0.7945
ds2,0,enhanced-and,80000,0.7891
ds2,0,enhanced-and,90000,0.7945
ds2,0,enhanced-and,100000,0.7974
ds2,0,enhanced-and,110000,0.7963
ds2,0,enhanced-and,120000,0.799
ds2,0,enhanced-and,130000,0.7879
ds2,0,enhanced-and,140000,0.7948
ds2,0,enhanced-and,150000,0.7928
ds2,0,enhanced-and,160000,0.807
ds2,0,enhanced-and,170000,0.8032
ds2,0,enhanced-and,180000,0.7404
ds2,0,enhanced-and,190000,0.712
ds2,0,enhanced-and,200000,0.74
ds2,0,enhanced-and,210000,0.76
ds2,0,enhanced-and,220000,0.7765
ds2,0,enhanced-and,230000,0.7858
ds2,0,enhanced-and,240000,0.7858
ds2,0,enhanced-and,250000,0.7835
ds2,0,enhanced-and,260000,0.7926
ds2,0,enhanced-and,270000,0.7924
ds2,0,enhanced-and,280000,0.7982
ds2,0,enhanced-and,290000,0.7885
ds2,0,enhanced-and,300000,0.7456
ds2,0,enhanced-and,310000,0.7739
ds2,0,enhanced-and,320000,0.8105
ds2,0,enhanced-and,330000,0.7957
ds2,0,enhanced-and,340000,0.7597
ds2,0,enhanced-and,350000,0.7757
ds2,0,enhanced-and,360000,0.7839
ds2,0,enhanced-and,370000,0.7982
ds2,0,enhanced-and,380000,0.8035
ds2,0,enhanced-and,390000,0.8294
ds2,0,enhanced-and,400000,0.8079
ds2,0,enhanced-and,410000,0.7888
ds2,0,enhanced-and,420000,0.7939
ds2,0,enhanced-and,430000,0.7827
ds2,0,enhanced-and,440000,0.8297
ds2,0,enhanced-and,450000,0.8072
ds2,0,enhanced-and,460000,0.851
ds2,0,enhanced-and,470000,0.8481
ds2,0,enhanced-and,480000,0.8414
ds2,0,enhanced-and,490000,0.8353
ds2,0,enhanced-and,500000,0.806
ds2,0,enhanced-and,510000,0.8422
ds2,0,enhanced-and,520000,0.8586
ds2,0,enhanced-and,530000,0.8121
ds2,0,enhanced-and,540000,0.8017
ds2,0,enhanced-and,550000,0.7447
ds2,0,enhanced-and,560000,0.7251
ds2,0,enhanced-and,570000,0.7612
ds2,0,enhanced-and,580000,0.7662
ds2,0,enhanced-and,590000,0.7657
ds2,0,enhanced-and,600000,0.7724
ds2,0,enhanced-and,610000,0.763
ds2,0,enhanced-and,620000,0.7782
ds2,0,enhanced-and,630000,0.7703
ds2,0,enhanced-and,640000,0.7697
ds2,0,enhanced-and,650000,0.7759
ds2,0,enhanced-and,660000,0.7763
ds2,0,enhanced-and,670000,0.7796
ds2,0,enhanced-and,680000,0.7652
ds2,0,enhanced-and,690000,0.7769
ds2,0,enhanced-and,700000,0.7859
ds2,0,enhanced-and,710000,0.7878
ds2,0,enhanced-and,720000,0.7909
ds2,0,enhanced-and,730000,0.7961
ds2,0,enhanced-and,740000,0.8
ds2,0,enhanced-and,750000,0.8104
ds2,0,enhanced-and,760000,0.8054
ds2,0,enhanced-and,770000,0.8102
ds2,0,enhanced-and,780000,0.7936
ds2,0,enhanced-and,790000,0.7706
ds2,0,enhanced-and,800000,0.8258
ds2,0,enhanced-and,810000,0.9558
ds2,0,enhanced-and,820000,0.9632
ds2,0,enhanced-and,830000,0.9704
ds2,0,enhanced-and,840000,0.974
ds2,0,enhanced-and,850000,0.979
ds2,0,enhanced-and,860000,0.9827
ds2,0,enhanced-and,870000,0.9838
ds2,0,enhanced-and,880000,0.983
ds2,0,enhanced-and,890000,0.9875
ds2,0,enhanced-and,900000,0.9886
ds2,0,enhanced-and,910000,0.9912
ds2,0,enhanced-and,920000,0.9899
ds2,0,enhanced-and,930000,0.9877
ds2,0,enhanced-and,940000,0.9942
ds2,0,enhanced-and,950000,0.9929
ds2,0,enhanced-and,960000,0.9925
ds2,0,enhanced-and,970000,0.9918
ds2,0,enhanced-and,980000,0.9946
ds2,0,enhanced-and,990000,0.9943
ds2,0,enhanced-and,1000000,0.9937
ds2,0,enhanced-and,1010000,0.9935
ds2,0,enhanced-and,1020000,0.9942
ds2,0,enhanced-and,1030000,0.9958
ds2,0,enhanced-and,1040000,0.9951
ds2,0,enhanced-and,1050000,0.995
ds2,0,enhanced-and,1060000,0.9948
ds2,0,enhanced-and,1070000,0.9953
ds2,0,enhanced-and,1073065,0.99837
s_sudden,0,accumulativeMNB,1000,0.624
s_sudden,0,accumulativeMNB,2000,0.663
s_sudden,0,accumulativeMNB,3000,0.708
s_sudden,0,accumulativeMNB,4000,0.728
s_sudden,0,accumulativeMNB,5000,0.714
s_sudden,0,accumulativeMNB,6000,0.696
s_sudden,0,accumulativeMNB,7000,0.736
s_sudden,0,accumulativeMNB,8000,0.703
s_sudden,0,accumulativeMNB,9000,0.722
s_sudden,0,accumulativeMNB,10000,0.715
s_sudden,0,accumulativeMNB,11000,0.7
s_sudden,0,accumulativeMNB,12000,0.712
s_sudden,0,accumulativeMNB,13000,0.717
s_sudden,0,accumulativeMNB,14000,0.722
s_sudden,0,accumulativeMNB,15000,0.718
s_sudden,0,accumulativeMNB,16000,0.726
s_sudden,0,accumulativeMNB,17000,0.722
s_sudden,0,accumulativeMNB,18000,0.734
s_sudden,0,accumulativeMNB,19000,0.717
s_sudden,0,accumulativeMNB,20000,0.759
s_sudden,0,accumulativeMNB,21000,0.711
s_sudden,0,accumulativeMNB,22000,0.724
s_sudden,0,accumulativeMNB,23000,0.73
s_sudden,0,accumulativeMNB,24000,0.74
s_sudden,0,accumulativeMNB,25000,0.732
s_sudden,0,accumulativeMNB,26000,0.728
s_sudden,0,accumulativeMNB,27000,0.744
s_sudden,0,accumulativeMNB,28000,0.749
s_sudden,0,accumulativeMNB,29000,0.722
s_sudden,0,accumulativeMNB,30000,0.725
s_sudden,0,accumulativeMNB,31000,0.735
s_sudden,0,accumulativeMNB,32000,0.714
s_sudden,0,accumulativeMNB,33000,0.726
s_sudden,0,accumulativeMNB,34000,0.745
s_sudden,0,accumulativeMNB,35000,0.704
s_sudden,0,accumulativeMNB,36000,0.706
s_sudden,0,accumulativeMNB,37000,0.743
s_sudden,0,accumulativeMNB,38000,0.714
s_sudden,0,accumulativeMNB,39000,0.755
s_sudden,0,accumulativeMNB,40000,0.743
s_sudden,0,accumulativeMNB,41000,0.714
s_sudden,0,accumulativeMNB,42000,0.727
s_sudden,0,accumulativeMNB,43000,0.724
s_sudden,0,accumulativeMNB,44000,0.751
s_sudden,0,accumulativeMNB,45000,0.746
s_sudden,0,accumulativeMNB,46000,0.714
s_sudden,0,accumulativeMNB,47000,0.732
s_sudden,0,accumulativeMNB,48000,0.763
s_sudden,0,accumulativeMNB,49000,0.762
s_sudden,0,accumulativeMNB,50000,0.755
s_sudden,0,accumulativeMNB,51000,0.763
s_sudden,0,accumulativeMNB,52000,0.769
s_sudden,0,accumulativeMNB,53000,0.767
s_sudden,0,accumulativeMNB,54000,0.748
s_sudden,0,accumulativeMNB,55000,0.742
s_sudden,0,accumulativeMNB,56000,0.751
s_sudden,0,accumulativeMNB,57000,0.777
s_sudden,0,accumulativeMNB,58000,0.77
s_sudden,0,accumulativeMNB,59000,0.773
s_sudden,0,accumulativeMNB,60000,0.765
s_sudden,0,accumulativeMNB,61000,0.745
s_sudden,0,accumulativeMNB,62000,0.767
s_sudden,0,accumulativeMNB,63000,0.775
s_sudden,0,accumulativeMNB,64000,0.77
s_sudden,0,accumulativeMNB,65000,0.779
s_sudden,0,accumulativeMNB,66000,0.762
s_sudden,0,accumulativeMNB,67000,0.771
s_sudden,0,accumulativeMNB,68000,0.779
s_sudden,0,accumulativeMNB,69000,0.761
s_sudden,0,accumulativeMNB,70000,0.782
s_sudden,0,accumulativeMNB,71000,0.76
s_sudden,0,accumulativeMNB,72000,0.781
s_sudden,0,accumulativeMNB,73000,0.784
s_sudden,0,accumulativeMNB,74000,0.759
s_sudden,0,accumulativeMNB,75000,0.767
s_sudden,0,accumulativeMNB,76000,0.783
s_sudden,0,accumulativeMNB,77000,0.773
s_sudden,0,accumulativeMNB,78000,0.751
s_sudden,0,accumulativeMNB,79000,0.768
s_sudden,0,accumulativeMNB,80000,0.748
s_sudden,0,fadingMNB,1000,0.621
s_sudden,0,fadingMNB,2000,0.661
s_sudden,0,fadingMNB,3000,0.707
s_sudden,0,fadingMNB,4000,0.728
s_sudden,0,fadingMNB,5000,0.713
s_sudden,0,fadingMNB,6000,0.693
s_sudden,0,fadingMNB,7000,0.738
s_sudden,0,fadingMNB,8000,0.707
s_sudden,0,fadingMNB,9000,0.723
s_sudden,0,fadingMNB,10000,0.71
s_sudden,0,fadingMNB,11000,0.702
s_sudden,0,fadingMNB,12000,0.703
s_sudden,0,fadingMNB,13000,0.725
s_sudden,0,fadingMNB,14000,0.721
s_sudden,0,fadingMNB,15000,0.718
s_sudden,0,fadingMNB,16000,0.721
s_sudden,0,fadingMNB,17000,0.723
s_sudden,0,fadingMNB,18000,0.734
s_sudden,0,fadingMNB,19000,0.732
s_sudden,0,fadingMNB,20000,0.758
s_sudden,0,fadingMNB,21000,0.709
s_sudden,0,fadingMNB,22000,0.735
s_sudden,0,fadingMNB,23000,0.726
s_sudden,0,fadingMNB,24000,0.739
s_sudden,0,fadingMNB,25000,0.74
s_sudden,0,fadingMNB,26000,0.728
s_sudden,0,fadingMNB,27000,0.741
s_sudden,0,fadingMNB,28000,0.739
s_sudden,0,fadingMNB,29000,0.721
s_sudden,0,fadingMNB,30000,0.722
s_sudden,0,fadingMNB,31000,0.743
s_sudden,0,fadingMNB,32000,0.717
s_sudden,0,fadingMNB,33000,0.732
s_sudden,0,fadingMNB,34000,0.746
s_sudden,0,fadingMNB,35000,0.707
s_sudden,0,fadingMNB,36000,0.711
s_sudden,0,fadingMNB,37000,0.741
s_sudden,0,fadingMNB,38000,0.729
s_sudden,0,fadingMNB,39000,0.75
s_sudden,0,fadingMNB,40000,0.726
s_sudden,0,fadingMNB,41000,0.722
s_sudden,0,fadingMNB,42000,0.732
s_sudden,0,fadingMNB,43000,0.719
s_sudden,0,fadingMNB,44000,0.753
s_sudden,0,fadingMNB,45000,0.747
s_sudden,0,fadingMNB,46000,0.708
s_sudden,0,fadingMNB,47000,0.736
s_sudden,0,fadingMNB,48000,0.759
s_sudden,0,fadingMNB,49000,0.761
s_sudden,0,fadingMNB,50000,0.756
s_sudden,0,fadingMNB,51000,0.777
s_sudden,0,fadingMNB,52000,0.777
s_sudden,0,fadingMNB,53000,0.777
s_sudden,0,fadingMNB,54000,0.743
s_sudden,0,fadingMNB,55000,0.755
s_sudden,0,fadingMNB,56000,0.751
s_sudden,0,fadingMNB,57000,0.778
s_sudden,0,fadingMNB,58000,0.762
s_sudden,0,fadingMNB,59000,0.768
s_sudden,0,fadingMNB,60000,0.771
s_sudden,0,fadingMNB,61000,0.751
s_sudden,0,fadingMNB,62000,0.771
s_sudden,0,fadingMNB,63000,0.763
s_sudden,0,fadingMNB,64000,0.775
s_sudden,0,fadingMNB,65000,0.774
s_sudden,0,fadingMNB,66000,0.768
s_sudden,0,fadingMNB,67000,0.768
s_sudden,0,fadingMNB,68000,0.772
s_sudden,0,fadingMNB,69000,0.769
s_sudden,0,fadingMNB,70000,0.771
s_sudden,0,fadingMNB,71000,0.758
s_sudden,0,fadingMNB,72000,0.777
s_sudden,0,fadingMNB,73000,0.784
s_sudden,0,fadingMNB,74000,0.759
s_sudden,0,fadingMNB,75000,0.742
s_sudden,0,fadingMNB,76000,0.777
s_sudden,0,fadingMNB,77000,0.775
s_sudden,0,fadingMNB,78000,0.753
s_sudden,0,fadingMNB,79000,0.761
s_sudden,0,fadingMNB,80000,0.744
s_sudden,0,baseline-Rebuild,1000,0.624
s_sudden,0,baseline-Rebuild,2000,0.663
s_sudden,0,baseline-Rebuild,3000,0.708
s_sudden,0,baseline-Rebuild,4000,0.728
s_sudden,0,baseline-Rebuild,5000,0.714
s_sudden,0,baseline-Rebuild,6000,0.696
s_sudden,0,baseline-Rebuild,7000,0.736
s_sudden,0,baseline-Rebuild,8000,0.703
s_sudden,0,baseline-Rebuild,9000,0.722
s_sudden,0,baseline-Rebuild,10000,0.715
s_sudden,0,baseline-Rebuild,11000,0.7
s_sudden,0,baseline-Rebuild,12000,0.712
s_sudden,0,baseline-Rebuild,13000,0.717
s_sudden,0,baseline-Rebuild,14000,0.722
s_sudden,0,baseline-Rebuild,15000,0.718
s_sudden,0,baseline-Rebuild,16000,0.726
s_sudden,0,baseline-Rebuild,17000,0.722
s_sudden,0,baseline-Rebuild,18000,0.734
s_sudden,0,baseline-Rebuild,19000,0.717
s_sudden,0,baseline-Rebuild,20000,0.759
s_sudden,0,baseline-Rebuild,21000,0.711
s_sudden,0,baseline-Rebuild,22000,0.724
s_sudden,0,baseline-Rebuild,23000,0.73
s_sudden,0,baseline-Rebuild,24000,0.74
s_sudden,0,baseline-Rebuild,25000,0.732
s_sudden,0,baseline-Rebuild,26000,0.728
s_sudden,0,baseline-Rebuild,27000,0.744
s_sudden,0,baseline-Rebuild,28000,0.749
s_sudden,0,baseline-Rebuild,29000,0.722
s_sudden,0,baseline-Rebuild,30000,0.725
s_sudden,0,baseline-Rebuild,31000,0.735
s_sudden,0,baseline-Rebuild,32000,0.714
s_sudden,0,baseline-Rebuild,33000,0.726
s_sudden,0,baseline-Rebuild,34000,0.745
s_sudden,0,baseline-Rebuild,35000,0.704
s_sudden,0,baseline-Rebuild,36000,0.706
s_sudden,0,baseline-Rebuild,37000,0.743
s_sudden,0,baseline-Rebuild,38000,0.714
s_sudden,0,baseline-Rebuild,39000,0.755
s_sudden,0,baseline-Rebuild,40000,0.743
s_sudden,0,baseline-Rebuild,41000,0.714
s_sudden,0,baseline-Rebuild,42000,0.727
s_sudden,0,baseline-Rebuild,43000,0.724
s_sudden,0,baseline-Rebuild,44000,0.751
s_sudden,0,baseline-Rebuild,45000,0.759
s_sudden,0,baseline-Rebuild,46000,0.728
s_sudden,0,baseline-Rebuild,47000,0.739
s_sudden,0,baseline-Rebuild,48000,0.764
s_sudden,0,baseline-Rebuild,49000,0.768
s_sudden,0,baseline-Rebuild,50000,0.77
s_sudden,0,baseline-Rebuild,51000,0.783
s_sudden,0,baseline-Rebuild,52000,0.773
s_sudden,0,baseline-Rebuild,53000,0.779
s_sudden,0,baseline-Rebuild,54000,0.764
s_sudden,0,baseline-Rebuild,55000,0.748
s_sudden,0,baseline-Rebuild,56000,0.763
s_sudden,0,baseline-Rebuild,57000,0.798
s_sudden,0,baseline-Rebuild,58000,0.78
s_sudden,0,baseline-Rebuild,59000,0.785
s_sudden,0,baseline-Rebuild,60000,0.771
s_sudden,0,baseline-Rebuild,61000,0.772
s_sudden,0,baseline-Rebuild,62000,0.788
s_sudden,0,baseline-Rebuild,63000,0.796
s_sudden,0,baseline-Rebuild,64000,0.774
s_sudden,0,baseline-Rebuild,65000,0.772
s_sudden,0,baseline-Rebuild,66000,0.762
s_sudden,0,baseline-Rebuild,67000,0.779
s_sudden,0,baseline-Rebuild,68000,0.772
s_sudden,0,baseline-Rebuild,69000,0.777
s_sudden,0,baseline-Rebuild,70000,0.769
s_sudden,0,baseline-Rebuild,71000,0.771
s_sudden,0,baseline-Rebuild,72000,0.786
s_sudden,0,baseline-Rebuild,73000,0.791
s_sudden,0,baseline-Rebuild,74000,0.754
s_sudden,0,baseline-Rebuild,75000,0.755
s_sudden,0,baseline-Rebuild,76000,0.784
s_sudden,0,baseline-Rebuild,77000,0.758
s_sudden,0,baseline-Rebuild,78000,0.771
s_sudden,0,baseline-Rebuild,79000,0.771
s_sudden,0,baseline-Rebuild,80000,0.762
s_sudden,0,baseline-SIFR,1000,0.624
s_sudden,0,baseline-SIFR,2000,0.663
s_sudden,0,baseline-SIFR,3000,0.708
s_sudden,0,baseline-SIFR,4000,0.728
s_sudden,0,baseline-SIFR,5000,0.714
s_sudden,0,baseline-SIFR,6000,0.696
s_sudden,0,baseline-SIFR,7000,0.736
s_sudden,0,baseline-SIFR,8000,0.703
s_sudden,0,baseline-SIFR,9000,0.722
s_sudden,0,baseline-SIFR,10000,0.715
s_sudden,0,baseline-SIFR,11000,0.7
s_sudden,0,baseline-SIFR,12000,0.712
s_sudden,0,baseline-SIFR,13000,0.717
s_sudden,0,baseline-SIFR,14000,0.722
s_sudden,0,baseline-SIFR,15000,0.718
s_sudden,0,baseline-SIFR,16000,0.726
s_sudden,0,baseline-SIFR,17000,0.722
s_sudden,0,baseline-SIFR,18000,0.734
s_sudden,0,baseline-SIFR,19000,0.717
s_sudden,0,baseline-SIFR,20000,0.759
s_sudden,0,baseline-SIFR,21000,0.711
s_sudden,0,baseline-SIFR,22000,0.724
s_sudden,0,baseline-SIFR,23000,0.73
s_sudden,0,baseline-SIFR,24000,0.74
s_sudden,0,baseline-SIFR,25000,0.732
s_sudden,0,baseline-SIFR,26000,0.728
s_sudden,0,baseline-SIFR,27000,0.744
s_sudden,0,baseline-SIFR,28000,0.749
s_sudden,0,baseline-SIFR,29000,0.722
s_sudden,0,baseline-SIFR,30000,0.725
s_sudden,0,baseline-SIFR,31000,0.735
s_sudden,0,baseline-SIFR,32000,0.714
s_sudden,0,baseline-SIFR,33000,0.726
s_sudden,0,baseline-SIFR,34000,0.745
s_sudden,0,baseline-SIFR,35000,0.704
s_sudden,0,baseline-SIFR,36000,0.706
s_sudden,0,baseline-SIFR,37000,0.743
s_sudden,0,baseline-SIFR,38000,0.714
s_sudden,0,baseline-SIFR,39000,0.755
s_sudden,0,baseline-SIFR,40000,0.743
s_sudden,0,baseline-SIFR,41000,0.714
s_sudden,0,baseline-SIFR,42000,0.727
s_sudden,0,baseline-SIFR,43000,0.724
s_sudden,0,baseline-SIFR,44000,0.751
s_sudden,0,baseline-SIFR,45000,0.745
s_sudden,0,baseline-SIFR,46000,0.713
s_sudden,0,baseline-SIFR,47000,0.736
s_sudden,0,baseline-SIFR,48000,0.765
s_sudden,0,baseline-SIFR,49000,0.751
s_sudden,0,baseline-SIFR,50000,0.751
s_sudden,0,baseline-SIFR,51000,0.775
s_sudden,0,baseline-SIFR,52000,0.77
s_sudden,0,baseline-SIFR,53000,0.78
s_sudden,0,baseline-SIFR,54000,0.745
s_sudden,0,baseline-SIFR,55000,0.757
s_sudden,0,baseline-SIFR,56000,0.75
s_sudden,0,baseline-SIFR,57000,0.785
s_sudden,0,baseline-SIFR,58000,0.751
s_sudden,0,baseline-SIFR,59000,0.766
s_sudden,0,baseline-SIFR,60000,0.766
s_sudden,0,baseline-SIFR,61000,0.753
s_sudden,0,baseline-SIFR,62000,0.759
s_sudden,0,baseline-SIFR,63000,0.768
s_sudden,0,baseline-SIFR,64000,0.756
s_sudden,0,baseline-SIFR,65000,0.77
s_sudden,0,baseline-SIFR,66000,0.76
s_sudden,0,baseline-SIFR,67000,0.766
s_sudden,0,baseline-SIFR,68000,0.764
s_sudden,0,baseline-SIFR,69000,0.759
s_sudden,0,baseline-SIFR,70000,0.766
s_sudden,0,baseline-SIFR,71000,0.754
s_sudden,0,baseline-SIFR,72000,0.775
s_sudden,0,baseline-SIFR,73000,0.78
s_sudden,0,baseline-SIFR,74000,0.746
s_sudden,0,baseline-SIFR,75000,0.736
s_sudden,0,baseline-SIFR,76000,0.776
s_sudden,0,baseline-SIFR,77000,0.761
s_sudden,0,baseline-SIFR,78000,0.763
s_sudden,0,baseline-SIFR,79000,0.758
s_sudden,0,baseline-SIFR,80000,0.735
s_sudden,0,enhanced-adwin_only,1000,0.624
s_sudden,0,enhanced-adwin_only,2000,0.663
s_sudden,0,enhanced-adwin_only,3000,0.708
s_sudden,0,enhanced-adwin_only,4000,0.728
s_sudden,0,enhanced-adwin_only,5000,0.714
s_sudden,0,enhanced-adwin_only,6000,0.696
s_sudden,0,enhanced-adwin_only,7000,0.736
s_sudden,0,enhanced-adwin_only,8000,0.703
s_sudden,0,enhanced-adwin_only,9000,0.722
s_sudden,0,enhanced-adwin_only,10000,0.715
s_sudden,0,enhanced-adwin_only,11000,0.7
s_sudden,0,enhanced-adwin_only,12000,0.712
s_sudden,0,enhanced-adwin_only,13000,0.717
s_sudden,0,enhanced-adwin_only,14000,0.722
s_sudden,0,enhanced-adwin_only,15000,0.718
s_sudden,0,enhanced-adwin_only,16000,0.726
s_sudden,0,enhanced-adwin_only,17000,0.722
s_sudden,0,enhanced-adwin_only,18000,0.734
s_sudden,0,enhanced-adwin_only,19000,0.717
s_sudden,0,enhanced-adwin_only,20000,0.759
s_sudden,0,enhanced-adwin_only,21000,0.711
s_sudden,0,enhanced-adwin_only,22000,0.724
s_sudden,0,enhanced-adwin_only,23000,0.73
s_sudden,0,enhanced-adwin_only,24000,0.74
s_sudden,0,enhanced-adwin_only,25000,0.732
s_sudden,0,enhanced-adwin_only,26000,0.728
s_sudden,0,enhanced-adwin_only,27000,0.744
s_sudden,0,enhanced-adwin_only,28000,0.749
s_sudden,0,enhanced-adwin_only,29000,0.722
s_sudden,0,enhanced-adwin_only,30000,0.725
s_sudden,0,enhanced-adwin_only,31000,0.735
s_sudden,0,enhanced-adwin_only,32000,0.714
s_sudden,0,enhanced-adwin_only,33000,0.726
s_sudden,0,enhanced-adwin_only,34000,0.745
s_sudden,0,enhanced-adwin_only,35000,0.704
s_sudden,0,enhanced-adwin_only,36000,0.706
s_sudden,0,enhanced-adwin_only,37000,0.743
s_sudden,0,enhanced-adwin_only,38000,0.714
s_sudden,0,enhanced-adwin_only,39000,0.755
s_sudden,0,enhanced-adwin_only,40000,0.743
s_sudden,0,enhanced-adwin_only,41000,0.714
s_sudden,0,enhanced-adwin_only,42000,0.727
s_sudden,0,enhanced-adwin_only,43000,0.724
s_sudden,0,enhanced-adwin_only,44000,0.751
s_sudden,0,enhanced-adwin_only,45000,0.746
s_sudden,0,enhanced-adwin_only,46000,0.714
s_sudden,0,enhanced-adwin_only,47000,0.732
s_sudden,0,enhanced-adwin_only,48000,0.763
s_sudden,0,enhanced-adwin_only,49000,0.762
s_sudden,0,enhanced-adwin_only,50000,0.755
s_sudden,0,enhanced-adwin_only,51000,0.763
s_sudden,0,enhanced-adwin_only,52000,0.769
s_sudden,0,enhanced-adwin_only,53000,0.767
s_sudden,0,enhanced-adwin_only,54000,0.748
s_sudden,0,enhanced-adwin_only,55000,0.742
s_sudden,0,enhanced-adwin_only,56000,0.751
s_sudden,0,enhanced-adwin_only,57000,0.777
s_sudden,0,enhanced-adwin_only,58000,0.77
s_sudden,0,enhanced-adwin_only,59000,0.773
s_sudden,0,enhanced-adwin_only,60000,0.765
s_sudden,0,enhanced-adwin_only,61000,0.745
s_sudden,0,enhanced-adwin_only,62000,0.767
s_sudden,0,enhanced-adwin_only,63000,0.775
s_sudden,0,enhanced-adwin_only,64000,0.77
s_sudden,0,enhanced-adwin_only,65000,0.779
s_sudden,0,enhanced-adwin_only,66000,0.762
s_sudden,0,enhanced-adwin_only,67000,0.771
s_sudden,0,enhanced-adwin_only,68000,0.779
s_sudden,0,enhanced-adwin_only,69000,0.761
s_sudden,0,enhanced-adwin_only,70000,0.782
s_sudden,0,enhanced-adwin_only,71000,0.76
s_sudden,0,enhanced-adwin_only,72000,0.781
s_sudden,0,enhanced-adwin_only,73000,0.784
s_sudden,0,enhanced-adwin_only,74000,0.759
s_sudden,0,enhanced-adwin_only,75000,0.767
s_sudden,0,enhanced-adwin_only,76000,0.783
s_sudden,0,enhanced-adwin_only,77000,0.773
s_sudden,0,enhanced-adwin_only,78000,0.751
s_sudden,0,enhanced-adwin_only,79000,0.768
s_sudden,0,enhanced-adwin_only,80000,0.748
s_sudden,0,enhanced-or,1000,0.624
s_sudden,0,enhanced-or,2000,0.663
s_sudden,0,enhanced-or,3000,0.708
s_sudden,0,enhanced-or,4000,0.728
s_sudden,0,enhanced-or,5000,0.714
s_sudden,0,enhanced-or,6000,0.696
s_sudden,0,enhanced-or,7000,0.736
s_sudden,0,enhanced-or,8000,0.703
s_sudden,0,enhanced-or,9000,0.722
s_sudden,0,enhanced-or,10000,0.715
s_sudden,0,enhanced-or,11000,0.7
s_sudden,0,enhanced-or,12000,0.712
s_sudden,0,enhanced-or,13000,0.717
s_sudden,0,enhanced-or,14000,0.722
s_sudden,0,enhanced-or,15000,0.718
s_sudden,0,enhanced-or,16000,0.726
s_sudden,0,enhanced-or,17000,0.722
s_sudden,0,enhanced-or,18000,0.734
s_sudden,0,enhanced-or,19000,0.717
s_sudden,0,enhanced-or,20000,0.759
s_sudden,0,enhanced-or,21000,0.711
s_sudden,0,enhanced-or,22000,0.724
s_sudden,0,enhanced-or,23000,0.73
s_sudden,0,enhanced-or,24000,0.74
s_sudden,0,enhanced-or,25000,0.732
s_sudden,0,enhanced-or,26000,0.728
s_sudden,0,enhanced-or,27000,0.744
s_sudden,0,enhanced-or,28000,0.749
s_sudden,0,enhanced-or,29000,0.722
s_sudden,0,enhanced-or,30000,0.725
s_sudden,0,enhanced-or,31000,0.735
s_sudden,0,enhanced-or,32000,0.714
s_sudden,0,enhanced-or,33000,0.726
s_sudden,0,enhanced-or,34000,0.745
s_sudden,0,enhanced-or,35000,0.704
s_sudden,0,enhanced-or,36000,0.706
s_sudden,0,enhanced-or,37000,0.743
s_sudden,0,enhanced-or,38000,0.714
s_sudden,0,enhanced-or,39000,0.755
s_sudden,0,enhanced-or,40000,0.743
s_sudden,0,enhanced-or,41000,0.714
s_sudden,0,enhanced-or,42000,0.727
s_sudden,0,enhanced-or,43000,0.724
s_sudden,0,enhanced-or,44000,0.751
s_sudden,0,enhanced-or,45000,0.759
s_sudden,0,enhanced-or,46000,0.728
s_sudden,0,enhanced-or,47000,0.739
s_sudden,0,enhanced-or,48000,0.764
s_sudden,0,enhanced-or,49000,0.768
s_sudden,0,enhanced-or,50000,0.77
s_sudden,0,enhanced-or,51000,0.783
s_sudden,0,enhanced-or,52000,0.773
s_sudden,0,enhanced-or,53000,0.779
s_sudden,0,enhanced-or,54000,0.764
s_sudden,0,enhanced-or,55000,0.748
s_sudden,0,enhanced-or,56000,0.763
s_sudden,0,enhanced-or,57000,0.798
s_sudden,0,enhanced-or,58000,0.78
s_sudden,0,enhanced-or,59000,0.785
s_sudden,0,enhanced-or,60000,0.771
s_sudden,0,enhanced-or,61000,0.772
s_sudden,0,enhanced-or,62000,0.788
s_sudden,0,enhanced-or,63000,0.796
s_sudden,0,enhanced-or,64000,0.774
s_sudden,0,enhanced-or,65000,0.772
s_sudden,0,enhanced-or,66000,0.762
s_sudden,0,enhanced-or,67000,0.779
s_sudden,0,enhanced-or,68000,0.772
s_sudden,0,enhanced-or,69000,0.777
s_sudden,0,enhanced-or,70000,0.769
s_sudden,0,enhanced-or,71000,0.771
s_sudden,0,enhanced-or,72000,0.786
s_sudden,0,enhanced-or,73000,0.791
s_sudden,0,enhanced-or,74000,0.754
s_sudden,0,enhanced-or,75000,0.755
s_sudden,0,enhanced-or,76000,0.784
s_sudden,0,enhanced-or,77000,0.758
s_sudden,0,enhanced-or,78000,0.771
s_sudden,0,enhanced-or,79000,0.771
s_sudden,0,enhanced-or,80000,0.762
s_sudden,0,enhanced-and,1000,0.624
s_sudden,0,enhanced-and,2000,0.663
s_sudden,0,enhanced-and,3000,0.708
s_sudden,0,enhanced-and,4000,0.728
s_sudden,0,enhanced-and,5000,0.714
s_sudden,0,enhanced-and,6000,0.696
s_sudden,0,enhanced-and,7000,0.736
s_sudden,0,enhanced-and,8000,0.703
s_sudden,0,enhanced-and,9000,0.722
s_sudden,0,enhanced-and,10000,0.715
s_sudden,0,enhanced-and,11000,0.7
s_sudden,0,enhanced-and,12000,0.712
s_sudden,0,enhanced-and,13000,0.717
s_sudden,0,enhanced-and,14000,0.722
s_sudden,0,enhanced-and,15000,0.718
s_sudden,0,enhanced-and,16000,0.726
s_sudden,0,enhanced-and,17000,0.722
s_sudden,0,enhanced-and,18000,0.734
s_sudden,0,enhanced-and,19000,0.717
s_sudden,0,enhanced-and,20000,0.759
s_sudden,0,enhanced-and,21000,0.711
s_sudden,0,enhanced-and,22000,0.724
s_sudden,0,enhanced-and,23000,0.73
s_sudden,0,enhanced-and,24000,0.74
s_sudden,0,enhanced-and,25000,0.732
s_sudden,0,enhanced-and,26000,0.728
s_sudden,0,enhanced-and,27000,0.744
s_sudden,0,enhanced-and,28000,0.749
s_sudden,0,enhanced-and,29000,0.722
s_sudden,0,enhanced-and,30000,0.725
s_sudden,0,enhanced-and,31000,0.735
s_sudden,0,enhanced-and,32000,0.714
s_sudden,0,enhanced-and,33000,0.726
s_sudden,0,enhanced-and,34000,0.745
s_sudden,0,enhanced-and,35000,0.704
s_sudden,0,enhanced-and,36000,0.706
s_sudden,0,enhanced-and,37000,0.743
s_sudden,0,enhanced-and,38000,0.714
s_sudden,0,enhanced-and,39000,0.755
s_sudden,0,enhanced-and,40000,0.743
s_sudden,0,enhanced-and,41000,0.714
s_sudden,0,enhanced-and,42000,0.727
s_sudden,0,enhanced-and,43000,0.724
s_sudden,0,enhanced-and,44000,0.751
s_sudden,0,enhanced-and,45000,0.746
s_sudden,0,enhanced-and,46000,0.714
s_sudden,0,enhanced-and,47000,0.732
s_sudden,0,enhanced-and,48000,0.763
s_sudden,0,enhanced-and,49000,0.762
s_sudden,0,enhanced-and,50000,0.755
s_sudden,0,enhanced-and,51000,0.763
s_sudden,0,enhanced-and,52000,0.769
s_sudden,0,enhanced-and,53000,0.767
s_sudden,0,enhanced-and,54000,0.748
s_sudden,0,enhanced-and,55000,0.742
s_sudden,0,enhanced-and,56000,0.751
s_sudden,0,enhanced-and,57000,0.777
s_sudden,0,enhanced-and,58000,0.77
s_sudden,0,enhanced-and,59000,0.773
s_sudden,0,enhanced-and,60000,0.765
s_sudden,0,enhanced-and,61000,0.745
s_sudden,0,enhanced-and,62000,0.767
s_sudden,0,enhanced-and,63000,0.775
s_sudden,0,enhanced-and,64000,0.77
s_sudden,0,enhanced-and,65000,0.779
s_sudden,0,enhanced-and,66000,0.762
s_sudden,0,enhanced-and,67000,0.771
s_sudden,0,enhanced-and,68000,0.779
s_sudden,0,enhanced-and,69000,0.761
s_sudden,0,enhanced-and,70000,0.782
s_sudden,0,enhanced-and,71000,0.76
s_sudden,0,enhanced-and,72000,0.781
s_sudden,0,enhanced-and,73000,0.784
s_sudden,0,enhanced-and,74000,0.759
s_sudden,0,enhanced-and,75000,0.767
s_sudden,0,enhanced-and,76000,0.783
s_sudden,0,enhanced-and,77000,0.773
s_sudden,0,enhanced-and,78000,0.751
s_sudden,0,enhanced-and,79000,0.768
s_sudden,0,enhanced-and,80000,0.748
s_sudden,1,accumulativeMNB,1000,0.629
s_sudden,1,accumulativeMNB,2000,0.664
s_sudden,1,accumulativeMNB,3000,0.639
s_sudden,1,accumulativeMNB,4000,0.703
s_sudden,1,accumulativeMNB,5000,0.658
s_sudden,1,accumulativeMNB,6000,0.71
s_sudden,1,accumulativeMNB,7000,0.724
s_sudden,1,accumulativeMNB,8000,0.711
s_sudden,1,accumulativeMNB,9000,0.718
s_sudden,1,accumulativeMNB,10000,0.718
s_sudden,1,accumulativeMNB,11000,0.722
s_sudden,1,accumulativeMNB,12000,0.716
s_sudden,1,accumulativeMNB,13000,0.726
s_sudden,1,accumulativeMNB,14000,0.728
s_sudden,1,accumulativeMNB,15000,0.747
s_sudden,1,accumulativeMNB,16000,0.698
s_sudden,1,accumulativeMNB,17000,0.704
s_sudden,1,accumulativeMNB,18000,0.713
s_sudden,1,accumulativeMNB,19000,0.737
s_sudden,1,accumulativeMNB,20000,0.72
s_sudden,1,accumulativeMNB,21000,0.731
s_sudden,1,accumulativeMNB,22000,0.732
s_sudden,1,accumulativeMNB,23000,0.734
s_sudden,1,accumulativeMNB,24000,0.723
s_sudden,1,accumulativeMNB,25000,0.725
s_sudden,1,accumulativeMNB,26000,0.732
s_sudden,1,accumulativeMNB,27000,0.739
s_sudden,1,accumulativeMNB,28000,0.728
s_sudden,1,accumulativeMNB,29000,0.731
s_sudden,1,accumulativeMNB,30000,0.731
s_sudden,1,accumulativeMNB,31000,0.747
s_sudden,1,accumulativeMNB,32000,0.735
s_sudden,1,accumulativeMNB,33000,0.731
s_sudden,1,accumulativeMNB,34000,0.747
s_sudden,1,accumulativeMNB,35000,0.736
s_sudden,1,accumulativeMNB,36000,0.71
s_sudden,1,accumulativeMNB,37000,0.758
s_sudden,1,accumulativeMNB,38000,0.717
s_sudden,1,accumulativeMNB,39000,0.726
s_sudden,1,accumulativeMNB,40000,0.724
s_sudden,1,accumulativeMNB,41000,0.727
s_sudden,1,accumulativeMNB,42000,0.74
s_sudden,1,accumulativeMNB,43000,0.742
s_sudden,1,accumulativeMNB,44000,0.75
s_sudden,1,accumulativeMNB,45000,0.734
s_sudden,1,accumulativeMNB,46000,0.736
s_sudden,1,accumulativeMNB,47000,0.696
s_sudden,1,accumulativeMNB,48000,0.732
s_sudden,1,accumulativeMNB,49000,0.757
s_sudden,1,accumulativeMNB,50000,0.77
s_sudden,1,accumulativeMNB,51000,0.756
s_sudden,1,accumulativeMNB,52000,0.727
s_sudden,1,accumulativeMNB,53000,0.768
s_sudden,1,accumulativeMNB,54000,0.752
s_sudden,1,accumulativeMNB,55000,0.771
s_sudden,1,accumulativeMNB,56000,0.741
s_sudden,1,accumulativeMNB,57000,0.766
s_sudden,1,accumulativeMNB,58000,0.772
s_sudden,1,accumulativeMNB,59000,0.756
s_sudden,1,accumulativeMNB,60000,0.757
s_sudden,1,accumulativeMNB,61000,0.765
s_sudden,1,accumulativeMNB,62000,0.758
s_sudden,1,accumulativeMNB,63000,0.763
s_sudden,1,accumulativeMNB,64000,0.779
s_sudden,1,accumulativeMNB,65000,0.764
s_sudden,1,accumulativeMNB,66000,0.77
s_sudden,1,accumulativeMNB,67000,0.763
s_sudden,1,accumulativeMNB,68000,0.776
s_sudden,1,accumulativeMNB,69000,0.778
s_sudden,1,accumulativeMNB,70000,0.758
s_sudden,1,accumulativeMNB,71000,0.757
s_sudden,1,accumulativeMNB,72000,0.797
s_sudden,1,accumulativeMNB,73000,0.781
s_sudden,1,accumulativeMNB,74000,0.758
s_sudden,1,accumulativeMNB,75000,0.758
s_sudden,1,accumulativeMNB,76000,0.799
s_sudden,1,accumulativeMNB,77000,0.787
s_sudden,1,accumulativeMNB,78000,0.769
s_sudden,1,accumulativeMNB,79000,0.802
s_sudden,1,accumulativeMNB,80000,0.779
s_sudden,1,fadingMNB,1000,0.629
s_sudden,1,fadingMNB,2000,0.663
s_sudden,1,fadingMNB,3000,0.641
s_sudden,1,fadingMNB,4000,0.702
s_sudden,1,fadingMNB,5000,0.665
s_sudden,1,fadingMNB,6000,0.713
s_sudden,1,fadingMNB,7000,0.724
s_sudden,1,fadingMNB,8000,0.713
s_sudden,1,fadingMNB,9000,0.72
s_sudden,1,fadingMNB,10000,0.726
s_sudden,1,fadingMNB,11000,0.729
s_sudden,1,fadingMNB,12000,0.718
s_sudden,1,fadingMNB,13000,0.724
s_sudden,1,fadingMNB,14000,0.732
s_sudden,1,fadingMNB,15000,0.739
s_sudden,1,fadingMNB,16000,0.698
s_sudden,1,fadingMNB,17000,0.704
s_sudden,1,fadingMNB,18000,0.709
s_sudden,1,fadingMNB,19000,0.74
s_sudden,1,fadingMNB,20000,0.723
s_sudden,1,fadingMNB,21000,0.732
s_sudden,1,fadingMNB,22000,0.725
s_sudden,1,fadingMNB,23000,0.732
s_sudden,1,fadingMNB,24000,0.725
s_sudden,1,fadingMNB,25000,0.723
s_sudden,1,fadingMNB,26000,0.735
s_sudden,1,fadingMNB,27000,0.749
s_sudden,1,fadingMNB,28000,0.716
s_sudden,1,fadingMNB,29000,0.741
s_sudden,1,fadingMNB,30000,0.742
s_sudden,1,fadingMNB,31000,0.747
s_sudden,1,fadingMNB,32000,0.732
s_sudden,1,fadingMNB,33000,0.725
s_sudden,1,fadingMNB,34000,0.761
s_sudden,1,fadingMNB,35000,0.749
s_sudden,1,fadingMNB,36000,0.712
s_sudden,1,fadingMNB,37000,0.757
s_sudden,1,fadingMNB,38000,0.725
s_sudden,1,fadingMNB,39000,0.731
s_sudden,1,fadingMNB,40000,0.722
s_sudden,1,fadingMNB,41000,0.721
s_sudden,1,fadingMNB,42000,0.738
s_sudden,1,fadingMNB,43000,0.744
s_sudden,1,fadingMNB,44000,0.757
s_sudden,1,fadingMNB,45000,0.739
s_sudden,1,fadingMNB,46000,0.743
s_sudden,1,fadingMNB,47000,0.7
s_sudden,1,fadingMNB,48000,0.726
s_sudden,1,fadingMNB,49000,0.753
s_sudden,1,fadingMNB,50000,0.77
s_sudden,1,fadingMNB,51000,0.761
s_sudden,1,fadingMNB,52000,0.738
s_sudden,1,fadingMNB,53000,0.763
s_sudden,1,fadingMNB,54000,0.75
s_sudden,1,fadingMNB,55000,0.755
s_sudden,1,fadingMNB,56000,0.748
s_sudden,1,fadingMNB,57000,0.766
s_sudden,1,fadingMNB,58000,0.765
s_sudden,1,fadingMNB,59000,0.765
s_sudden,1,fadingMNB,60000,0.76
s_sudden,1,fadingMNB,61000,0.768
s_sudden,1,fadingMNB,62000,0.756
s_sudden,1,fadingMNB,63000,0.757
s_sudden,1,fadingMNB,64000,0.778
s_sudden,1,fadingMNB,65000,0.752
s_sudden,1,fadingMNB,66000,0.765
s_sudden,1,fadingMNB,67000,0.765
s_sudden,1,fadingMNB,68000,0.78
s_sudden,1,fadingMNB,69000,0.777
s_sudden,1,fadingMNB,70000,0.756
s_sudden,1,fadingMNB,71000,0.759
s_sudden,1,fadingMNB,72000,0.781
s_sudden,1,fadingMNB,73000,0.785
s_sudden,1,fadingMNB,74000,0.753
s_sudden,1,fadingMNB,75000,0.764
s_sudden,1,fadingMNB,76000,0.785
s_sudden,1,fadingMNB,77000,0.783
s_sudden,1,fadingMNB,78000,0.764
s_sudden,1,fadingMNB,79000,0.781
s_sudden,1,fadingMNB,80000,0.773
s_sudden,1,baseline-Rebuild,1000,0.629
s_sudden,1,baseline-Rebuild,2000,0.664
s_sudden,1,baseline-Rebuild,3000,0.639
s_sudden,1,baseline-Rebuild,4000,0.703
s_sudden,1,baseline-Rebuild,5000,0.658
s_sudden,1,baseline-Rebuild,6000,0.71
s_sudden,1,baseline-Rebuild,7000,0.724
s_sudden,1,baseline-Rebuild,8000,0.711
s_sudden,1,baseline-Rebuild,9000,0.718
s_sudden,1,baseline-Rebuild,10000,0.718
s_sudden,1,baseline-Rebuild,11000,0.722
s_sudden,1,baseline-Rebuild,12000,0.716
s_sudden,1,baseline-Rebuild,13000,0.726
s_sudden,1,baseline-Rebuild,14000,0.728
s_sudden,1,baseline-Rebuild,15000,0.747
s_sudden,1,baseline-Rebuild,16000,0.698
s_sudden,1,baseline-Rebuild,17000,0.704
s_sudden,1,baseline-Rebuild,18000,0.713
s_sudden,1,baseline-Rebuild,19000,0.737
s_sudden,1,baseline-Rebuild,20000,0.72
s_sudden,1,baseline-Rebuild,21000,0.689
s_sudden,1,baseline-Rebuild,22000,0.717
s_sudden,1,baseline-Rebuild,23000,0.72
s_sudden,1,baseline-Rebuild,24000,0.717
s_sudden,1,baseline-Rebuild,25000,0.735
s_sudden,1,baseline-Rebuild,26000,0.709
s_sudden,1,baseline-Rebuild,27000,0.728
s_sudden,1,baseline-Rebuild,28000,0.713
s_sudden,1,baseline-Rebuild,29000,0.73
s_sudden,1,baseline-Rebuild,30000,0.718
s_sudden,1,baseline-Rebuild,31000,0.729
s_sudden,1,baseline-Rebuild,32000,0.719
s_sudden,1,baseline-Rebuild,33000,0.71
s_sudden,1,baseline-Rebuild,34000,0.747
s_sudden,1,baseline-Rebuild,35000,0.74
s_sudden,1,baseline-Rebuild,36000,0.702
s_sudden,1,baseline-Rebuild,37000,0.748
s_sudden,1,baseline-Rebuild,38000,0.712
s_sudden,1,baseline-Rebuild,39000,0.714
s_sudden,1,baseline-Rebuild,40000,0.707
s_sudden,1,baseline-Rebuild,41000,0.713
s_sudden,1,baseline-Rebuild,42000,0.742
s_sudden,1,baseline-Rebuild,43000,0.752
s_sudden,1,baseline-Rebuild,44000,0.753
s_sudden,1,baseline-Rebuild,45000,0.739
s_sudden,1,baseline-Rebuild,46000,0.744
s_sudden,1,baseline-Rebuild,47000,0.704
s_sudden,1,baseline-Rebuild,48000,0.742
s_sudden,1,baseline-Rebuild,49000,0.751
s_sudden,1,baseline-Rebuild,50000,0.781
s_sudden,1,baseline-Rebuild,51000,0.757
s_sudden,1,baseline-Rebuild,52000,0.734
s_sudden,1,baseline-Rebuild,53000,0.773
s_sudden,1,baseline-Rebuild,54000,0.754
s_sudden,1,baseline-Rebuild,55000,0.764
s_sudden,1,baseline-Rebuild,56000,0.741
s_sudden,1,baseline-Rebuild,57000,0.775
s_sudden,1,baseline-Rebuild,58000,0.758
s_sudden,1,baseline-Rebuild,59000,0.758
s_sudden,1,baseline-Rebuild,60000,0.771
s_sudden,1,baseline-Rebuild,61000,0.764
s_sudden,1,baseline-Rebuild,62000,0.774
s_sudden,1,baseline-Rebuild,63000,0.772
s_sudden,1,baseline-Rebuild,64000,0.786
s_sudden,1,baseline-Rebuild,65000,0.746
s_sudden,1,baseline-Rebuild,66000,0.761
s_sudden,1,baseline-Rebuild,67000,0.78
s_sudden,1,baseline-Rebuild,68000,0.777
s_sudden,1,baseline-Rebuild,69000,0.763
s_sudden,1,baseline-Rebuild,70000,0.759
s_sudden,1,baseline-Rebuild,71000,0.762
s_sudden,1,baseline-Rebuild,72000,0.782
s_sudden,1,baseline-Rebuild,73000,0.785
s_sudden,1,baseline-Rebuild,74000,0.763
s_sudden,1,baseline-Rebuild,75000,0.776
s_sudden,1,baseline-Rebuild,76000,0.785
s_sudden,1,baseline-Rebuild,77000,0.769
s_sudden,1,baseline-Rebuild,78000,0.758
s_sudden,1,baseline-Rebuild,79000,0.783
s_sudden,1,baseline-Rebuild,80000,0.781
s_sudden,1,baseline-SIFR,1000,0.629
s_sudden,1,baseline-SIFR,2000,0.664
s_sudden,1,baseline-SIFR,3000,0.639
s_sudden,1,baseline-SIFR,4000,0.703
s_sudden,1,baseline-SIFR,5000,0.658
s_sudden,1,baseline-SIFR,6000,0.71
s_sudden,1,baseline-SIFR,7000,0.724
s_sudden,1,baseline-SIFR,8000,0.711
s_sudden,1,baseline-SIFR,9000,0.718
s_sudden,1,baseline-SIFR,10000,0.718
s_sudden,1,baseline-SIFR,11000,0.722
s_sudden,1,baseline-SIFR,12000,0.716
s_sudden,1,baseline-SIFR,13000,0.726
s_sudden,1,baseline-SIFR,14000,0.728
s_sudden,1,baseline-SIFR,15000,0.747
s_sudden,1,baseline-SIFR,16000,0.698
s_sudden,1,baseline-SIFR,17000,0.704
s_sudden,1,baseline-SIFR,18000,0.713
s_sudden,1,baseline-SIFR,19000,0.737
s_sudden,1,baseline-SIFR,20000,0.72
s_sudden,1,baseline-SIFR,21000,0.73
s_sudden,1,baseline-SIFR,22000,0.719
s_sudden,1,baseline-SIFR,23000,0.731
s_sudden,1,baseline-SIFR,24000,0.723
s_sudden,1,baseline-SIFR,25000,0.719
s_sudden,1,baseline-SIFR,26000,0.717
s_sudden,1,baseline-SIFR,27000,0.748
s_sudden,1,baseline-SIFR,28000,0.711
s_sudden,1,baseline-SIFR,29000,0.745
s_sudden,1,baseline-SIFR,30000,0.741
s_sudden,1,baseline-SIFR,31000,0.737
s_sudden,1,baseline-SIFR,32000,0.736
s_sudden,1,baseline-SIFR,33000,0.724
s_sudden,1,baseline-SIFR,34000,0.76
s_sudden,1,baseline-SIFR,35000,0.75
s_sudden,1,baseline-SIFR,36000,0.712
s_sudden,1,baseline-SIFR,37000,0.752
s_sudden,1,baseline-SIFR,38000,0.722
s_sudden,1,baseline-SIFR,39000,0.721
s_sudden,1,baseline-SIFR,40000,0.72
s_sudden,1,baseline-SIFR,41000,0.717
s_sudden,1,baseline-SIFR,42000,0.723
s_sudden,1,baseline-SIFR,43000,0.743
s_sudden,1,baseline-SIFR,44000,0.755
s_sudden,1,baseline-SIFR,45000,0.738
s_sudden,1,baseline-SIFR,46000,0.743
s_sudden,1,baseline-SIFR,47000,0.702
s_sudden,1,baseline-SIFR,48000,0.73
s_sudden,1,baseline-SIFR,49000,0.757
s_sudden,1,baseline-SIFR,50000,0.77
s_sudden,1,baseline-SIFR,51000,0.756
s_sudden,1,baseline-SIFR,52000,0.727
s_sudden,1,baseline-SIFR,53000,0.768
s_sudden,1,baseline-SIFR,54000,0.752
s_sudden,1,baseline-SIFR,55000,0.771
s_sudden,1,baseline-SIFR,56000,0.741
s_sudden,1,baseline-SIFR,57000,0.766
s_sudden,1,baseline-SIFR,58000,0.772
s_sudden,1,baseline-SIFR,59000,0.756
s_sudden,1,baseline-SIFR,60000,0.757
s_sudden,1,baseline-SIFR,61000,0.765
s_sudden,1,baseline-SIFR,62000,0.758
s_sudden,1,baseline-SIFR,63000,0.763
s_sudden,1,baseline-SIFR,64000,0.779
s_sudden,1,baseline-SIFR,65000,0.746
s_sudden,1,baseline-SIFR,66000,0.765
s_sudden,1,baseline-SIFR,67000,0.768
s_sudden,1,baseline-SIFR,68000,0.761
s_sudden,1,baseline-SIFR,69000,0.776
s_sudden,1,baseline-SIFR,70000,0.753
s_sudden,1,baseline-SIFR,71000,0.754
s_sudden,1,baseline-SIFR,72000,0.779
s_sudden,1,baseline-SIFR,73000,0.781
s_sudden,1,baseline-SIFR,74000,0.749
s_sudden,1,baseline-SIFR,75000,0.753
s_sudden,1,baseline-SIFR,76000,0.773
s_sudden,1,baseline-SIFR,77000,0.779
s_sudden,1,baseline-SIFR,78000,0.762
s_sudden,1,baseline-SIFR,79000,0.771
s_sudden,1,baseline-SIFR,80000,0.77
s_sudden,1,enhanced-adwin_only,1000,0.629
s_sudden,1,enhanced-adwin_only,2000,0.664
s_sudden,1,enhanced-adwin_only,3000,0.639
s_sudden,1,enhanced-adwin_only,4000,0.703
s_sudden,1,enhanced-adwin_only,5000,0.658
s_sudden,1,enhanced-adwin_only,6000,0.71
s_sudden,1,enhanced-adwin_only,7000,0.724
s_sudden,1,enhanced-adwin_only,8000,0.711
s_sudden,1,enhanced-adwin_only,9000,0.718
s_sudden,1,enhanced-adwin_only,10000,0.718
s_sudden,1,enhanced-adwin_only,11000,0.722
s_sudden,1,enhanced-adwin_only,12000,0.716
s_sudden,1,enhanced-adwin_only,13000,0.726
s_sudden,1,enhanced-adwin_only,14000,0.728
s_sudden,1,enhanced-adwin_only,15000,0.747
s_sudden,1,enhanced-adwin_only,16000,0.698
s_sudden,1,enhanced-adwin_only,17000,0.704
s_sudden,1,enhanced-adwin_only,18000,0.713
s_sudden,1,enhanced-adwin_only,19000,0.737
s_sudden,1,enhanced-adwin_only,20000,0.72
s_sudden,1,enhanced-adwin_only,21000,0.731
s_sudden,1,enhanced-adwin_only,22000,0.732
s_sudden,1,enhanced-adwin_only,23000,0.734
s_sudden,1,enhanced-adwin_only,24000,0.723
s_sudden,1,enhanced-adwin_only,25000,0.725
s_sudden,1,enhanced-adwin_only,26000,0.732
s_sudden,1,enhanced-adwin_only,27000,0.739
s_sudden,1,enhanced-adwin_only,28000,0.728
s_sudden,1,enhanced-adwin_only,29000,0.731
s_sudden,1,enhanced-adwin_only,30000,0.731
s_sudden,1,enhanced-adwin_only,31000,0.747
s_sudden,1,enhanced-adwin_only,32000,0.735
s_sudden,1,enhanced-adwin_only,33000,0.731
s_sudden,1,enhanced-adwin_only,34000,0.747
s_sudden,1,enhanced-adwin_only,35000,0.736
s_sudden,1,enhanced-adwin_only,36000,0.71
s_sudden,1,enhanced-adwin_only,37000,0.758
s_sudden,1,enhanced-adwin_only,38000,0.717
s_sudden,1,enhanced-adwin_only,39000,0.726
s_sudden,1,enhanced-adwin_only,40000,0.724
s_sudden,1,enhanced-adwin_only,41000,0.727
s_sudden,1,enhanced-adwin_only,42000,0.74
s_sudden,1,enhanced-adwin_only,43000,0.742
s_sudden,1,enhanced-adwin_only,44000,0.75
s_sudden,1,enhanced-adwin_only,45000,0.734
s_sudden,1,enhanced-adwin_only,46000,0.736
s_sudden,1,enhanced-adwin_only,47000,0.696
s_sudden,1,enhanced-adwin_only,48000,0.732
s_sudden,1,enhanced-adwin_only,49000,0.757
s_sudden,1,enhanced-adwin_only,50000,0.77
s_sudden,1,enhanced-adwin_only,51000,0.756
s_sudden,1,enhanced-adwin_only,52000,0.727
s_sudden,1,enhanced-adwin_only,53000,0.768
s_sudden,1,enhanced-adwin_only,54000,0.752
s_sudden,1,enhanced-adwin_only,55000,0.771
s_sudden,1,enhanced-adwin_only,56000,0.741
s_sudden,1,enhanced-adwin_only,57000,0.766
s_sudden,1,enhanced-adwin_only,58000,0.772
s_sudden,1,enhanced-adwin_only,59000,0.756
s_sudden,1,enhanced-adwin_only,60000,0.757
s_sudden,1,enhanced-adwin_only,61000,0.765
s_sudden,1,enhanced-adwin_only,62000,0.758
s_sudden,1,enhanced-adwin_only,63000,0.763
s_sudden,1,enhanced-adwin_only,64000,0.779
s_sudden,1,enhanced-adwin_only,65000,0.764
s_sudden,1,enhanced-adwin_only,66000,0.77
s_sudden,1,enhanced-adwin_only,67000,0.763
s_sudden,1,enhanced-adwin_only,68000,0.776
s_sudden,1,enhanced-adwin_only,69000,0.778
s_sudden,1,enhanced-adwin_only,70000,0.758
s_sudden,1,enhanced-adwin_only,71000,0.757
s_sudden,1,enhanced-adwin_only,72000,0.797
s_sudden,1,enhanced-adwin_only,73000,0.781
s_sudden,1,enhanced-adwin_only,74000,0.758
s_sudden,1,enhanced-adwin_only,75000,0.758
s_sudden,1,enhanced-adwin_only,76000,0.799
s_sudden,1,enhanced-adwin_only,77000,0.787
s_sudden,1,enhanced-adwin_only,78000,0.769
s_sudden,1,enhanced-adwin_only,79000,0.802
s_sudden,1,enhanced-adwin_only,80000,0.779
s_sudden,1,enhanced-or,1000,0.629
s_sudden,1,enhanced-or,2000,0.664
s_sudden,1,enhanced-or,3000,0.639
s_sudden,1,enhanced-or,4000,0.703
s_sudden,1,enhanced-or,5000,0.658
s_sudden,1,enhanced-or,6000,0.71
s_sudden,1,enhanced-or,7000,0.724
s_sudden,1,enhanced-or,8000,0.711
s_sudden,1,enhanced-or,9000,0.718
s_sudden,1,enhanced-or,10000,0.718
s_sudden,1,enhanced-or,11000,0.722
s_sudden,1,enhanced-or,12000,0.716
s_sudden,1,enhanced-or,13000,0.726
s_sudden,1,enhanced-or,14000,0.728
s_sudden,1,enhanced-or,15000,0.747
s_sudden,1,enhanced-or,16000,0.698
s_sudden,1,enhanced-or,17000,0.704
s_sudden,1,enhanced-or,18000,0.713
s_sudden,1,enhanced-or,19000,0.737
s_sudden,1,enhanced-or,20000,0.72
s_sudden,1,enhanced-or,21000,0.689
s_sudden,1,enhanced-or,22000,0.717
s_sudden,1,enhanced-or,23000,0.72
s_sudden,1,enhanced-or,24000,0.717
s_sudden,1,enhanced-or,25000,0.735
s_sudden,1,enhanced-or,26000,0.709
s_sudden,1,enhanced-or,27000,0.728
s_sudden,1,enhanced-or,28000,0.713
s_sudden,1,enhanced-or,29000,0.73
s_sudden,1,enhanced-or,30000,0.718
s_sudden,1,enhanced-or,31000,0.729
s_sudden,1,enhanced-or,32000,0.719
s_sudden,1,enhanced-or,33000,0.71
s_sudden,1,enhanced-or,34000,0.747
s_sudden,1,enhanced-or,35000,0.74
s_sudden,1,enhanced-or,36000,0.702
s_sudden,1,enhanced-or,37000,0.748
s_sudden,1,enhanced-or,38000,0.712
s_sudden,1,enhanced-or,39000,0.714
s_sudden,1,enhanced-or,40000,0.707
s_sudden,1,enhanced-or,41000,0.713
s_sudden,1,enhanced-or,42000,0.742
s_sudden,1,enhanced-or,43000,0.752
s_sudden,1,enhanced-or,44000,0.753
s_sudden,1,enhanced-or,45000,0.739
s_sudden,1,enhanced-or,46000,0.744
s_sudden,1,enhanced-or,47000,0.704
s_sudden,1,enhanced-or,48000,0.742
s_sudden,1,enhanced-or,49000,0.751
s_sudden,1,enhanced-or,50000,0.781
s_sudden,1,enhanced-or,51000,0.757
s_sudden,1,enhanced-or,52000,0.734
s_sudden,1,enhanced-or,53000,0.773
s_sudden,1,enhanced-or,54000,0.754
s_sudden,1,enhanced-or,55000,0.764
s_sudden,1,enhanced-or,56000,0.741
s_sudden,1,enhanced-or,57000,0.775
s_sudden,1,enhanced-or,58000,0.758
s_sudden,1,enhanced-or,59000,0.758
s_sudden,1,enhanced-or,60000,0.771
s_sudden,1,enhanced-or,61000,0.764
s_sudden,1,enhanced-or,62000,0.774
s_sudden,1,enhanced-or,63000,0.772
s_sudden,1,enhanced-or,64000,0.786
s_sudden,1,enhanced-or,65000,0.746
s_sudden,1,enhanced-or,66000,0.761
s_sudden,1,enhanced-or,67000,0.78
s_sudden,1,enhanced-or,68000,0.777
s_sudden,1,enhanced-or,69000,0.763
s_sudden,1,enhanced-or,70000,0.759
s_sudden,1,enhanced-or,71000,0.762
s_sudden,1,enhanced-or,72000,0.782
s_sudden,1,enhanced-or,73000,0.785
s_sudden,1,enhanced-or,74000,0.763
s_sudden,1,enhanced-or,75000,0.776
s_sudden,1,enhanced-or,76000,0.785
s_sudden,1,enhanced-or,77000,0.769
s_sudden,1,enhanced-or,78000,0.758
s_sudden,1,enhanced-or,79000,0.783
s_sudden,1,enhanced-or,80000,0.781
s_sudden,1,enhanced-and,1000,0.629
s_sudden,1,enhanced-and,2000,0.664
s_sudden,1,enhanced-and,3000,0.639
s_sudden,1,enhanced-and,4000,0.703
s_sudden,1,enhanced-and,5000,0.658
s_sudden,1,enhanced-and,6000,0.71
s_sudden,1,enhanced-and,7000,0.724
s_sudden,1,enhanced-and,8000,0.711
s_sudden,1,enhanced-and,9000,0.718
s_sudden,1,enhanced-and,10000,0.718
s_sudden,1,enhanced-and,11000,0.722
s_sudden,1,enhanced-and,12000,0.716
s_sudden,1,enhanced-and,13000,0.726
s_sudden,1,enhanced-and,14000,0.728
s_sudden,1,enhanced-and,15000,0.747
s_sudden,1,enhanced-and,16000,0.698
s_sudden,1,enhanced-and,17000,0.704
s_sudden,1,enhanced-and,18000,0.713
s_sudden,1,enhanced-and,19000,0.737
s_sudden,1,enhanced-and,20000,0.72
s_sudden,1,enhanced-and,21000,0.731
s_sudden,1,enhanced-and,22000,0.732
s_sudden,1,enhanced-and,23000,0.734
s_sudden,1,enhanced-and,24000,0.723
s_sudden,1,enhanced-and,25000,0.725
s_sudden,1,enhanced-and,26000,0.732
s_sudden,1,enhanced-and,27000,0.739
s_sudden,1,enhanced-and,28000,0.728
s_sudden,1,enhanced-and,29000,0.731
s_sudden,1,enhanced-and,30000,0.731
s_sudden,1,enhanced-and,31000,0.747
s_sudden,1,enhanced-and,32000,0.735
s_sudden,1,enhanced-and,33000,0.731
s_sudden,1,enhanced-and,34000,0.747
s_sudden,1,enhanced-and,35000,0.736
s_sudden,1,enhanced-and,36000,0.71
s_sudden,1,enhanced-and,37000,0.758
s_sudden,1,enhanced-and,38000,0.717
s_sudden,1,enhanced-and,39000,0.726
s_sudden,1,enhanced-and,40000,0.724
s_sudden,1,enhanced-and,41000,0.727
s_sudden,1,enhanced-and,42000,0.74
s_sudden,1,enhanced-and,43000,0.742
s_sudden,1,enhanced-and,44000,0.75
s_sudden,1,enhanced-and,45000,0.734
s_sudden,1,enhanced-and,46000,0.736
s_sudden,1,enhanced-and,47000,0.696
s_sudden,1,enhanced-and,48000,0.732
s_sudden,1,enhanced-and,49000,0.757
s_sudden,1,enhanced-and,50000,0.77
s_sudden,1,enhanced-and,51000,0.756
s_sudden,1,enhanced-and,52000,0.727
s_sudden,1,enhanced-and,53000,0.768
s_sudden,1,enhanced-and,54000,0.752
s_sudden,1,enhanced-and,55000,0.771
s_sudden,1,enhanced-and,56000,0.741
s_sudden,1,enhanced-and,57000,0.766
s_sudden,1,enhanced-and,58000,0.772
s_sudden,1,enhanced-and,59000,0.756
s_sudden,1,enhanced-and,60000,0.757
s_sudden,1,enhanced-and,61000,0.765
s_sudden,1,enhanced-and,62000,0.758
s_sudden,1,enhanced-and,63000,0.763
s_sudden,1,enhanced-and,64000,0.779
s_sudden,1,enhanced-and,65000,0.764
s_sudden,1,enhanced-and,66000,0.77
s_sudden,1,enhanced-and,67000,0.763
s_sudden,1,enhanced-and,68000,0.776
s_sudden,1,enhanced-and,69000,0.778
s_sudden,1,enhanced-and,70000,0.758
s_sudden,1,enhanced-and,71000,0.757
s_sudden,1,enhanced-and,72000,0.797
s_sudden,1,enhanced-and,73000,0.781
s_sudden,1,enhanced-and,74000,0.758
s_sudden,1,enhanced-and,75000,0.758
s_sudden,1,enhanced-and,76000,0.799
s_sudden,1,enhanced-and,77000,0.787
s_sudden,1,enhanced-and,78000,0.769
s_sudden,1,enhanced-and,79000,0.802
s_sudden,1,enhanced-and,80000,0.779
s_sudden,2,accumulativeMNB,1000,0.596
s_sudden,2,accumulativeMNB,2000,0.674
s_sudden,2,accumulativeMNB,3000,0.682
s_sudden,2,accumulativeMNB,4000,0.677
s_sudden,2,accumulativeMNB,5000,0.681
s_sudden,2,accumulativeMNB,6000,0.688
s_sudden,2,accumulativeMNB,7000,0.688
s_sudden,2,accumulativeMNB,8000,0.71
s_sudden,2,accumulativeMNB,9000,0.682
s_sudden,2,accumulativeMNB,10000,0.708
s_sudden,2,accumulativeMNB,11000,0.722
s_sudden,2,accumulativeMNB,12000,0.729
s_sudden,2,accumulativeMNB,13000,0.721
s_sudden,2,accumulativeMNB,14000,0.724
s_sudden,2,accumulativeMNB,15000,0.723
s_sudden,2,accumulativeMNB,16000,0.716
s_sudden,2,accumulativeMNB,17000,0.711
s_sudden,2,accumulativeMNB,18000,0.73
s_sudden,2,accumulativeMNB,19000,0.725
s_sudden,2,accumulativeMNB,20000,0.725
s_sudden,2,accumulativeMNB,21000,0.722
s_sudden,2,accumulativeMNB,22000,0.723
s_sudden,2,accumulativeMNB,23000,0.72
s_sudden,2,accumulativeMNB,24000,0.74
s_sudden,2,accumulativeMNB,25000,0.757
s_sudden,2,accumulativeMNB,26000,0.731
s_sudden,2,accumulativeMNB,27000,0.725
s_sudden,2,accumulativeMNB,28000,0.73
s_sudden,2,accumulativeMNB,29000,0.757
s_sudden,2,accumulativeMNB,30000,0.757
s_sudden,2,accumulativeMNB,31000,0.731
s_sudden,2,accumulativeMNB,32000,0.745
s_sudden,2,accumulativeMNB,33000,0.712
s_sudden,2,accumulativeMNB,34000,0.722
s_sudden,2,accumulativeMNB,35000,0.725
s_sudden,2,accumulativeMNB,36000,0.749
s_sudden,2,accumulativeMNB,37000,0.766
s_sudden,2,accumulativeMNB,38000,0.739
s_sudden,2,accumulativeMNB,39000,0.731
s_sudden,2,accumulativeMNB,40000,0.727
s_sudden,2,accumulativeMNB,41000,0.721
s_sudden,2,accumulativeMNB,42000,0.71
s_sudden,2,accumulativeMNB,43000,0.736
s_sudden,2,accumulativeMNB,44000,0.757
s_sudden,2,accumulativeMNB,45000,0.751
s_sudden,2,accumulativeMNB,46000,0.755
s_sudden,2,accumulativeMNB,47000,0.74
s_sudden,2,accumulativeMNB,48000,0.763
s_sudden,2,accumulativeMNB,49000,0.741
s_sudden,2,accumulativeMNB,50000,0.739
s_sudden,2,accumulativeMNB,51000,0.753
s_sudden,2,accumulativeMNB,52000,0.765
s_sudden,2,accumulativeMNB,53000,0.755
s_sudden,2,accumulativeMNB,54000,0.743
s_sudden,2,accumulativeMNB,55000,0.762
s_sudden,2,accumulativeMNB,56000,0.773
s_sudden,2,accumulativeMNB,57000,0.751
s_sudden,2,accumulativeMNB,58000,0.772
s_sudden,2,accumulativeMNB,59000,0.75
s_sudden,2,accumulativeMNB,60000,0.77
s_sudden,2,accumulativeMNB,61000,0.78
s_sudden,2,accumulativeMNB,62000,0.753
s_sudden,2,accumulativeMNB,63000,0.759
s_sudden,2,accumulativeMNB,64000,0.757
s_sudden,2,accumulativeMNB,65000,0.759
s_sudden,2,accumulativeMNB,66000,0.778
s_sudden,2,accumulativeMNB,67000,0.753
s_sudden,2,accumulativeMNB,68000,0.778
s_sudden,2,accumulativeMNB,69000,0.747
s_sudden,2,accumulativeMNB,70000,0.783
s_sudden,2,accumulativeMNB,71000,0.759
s_sudden,2,accumulativeMNB,72000,0.781
s_sudden,2,accumulativeMNB,73000,0.768
s_sudden,2,accumulativeMNB,74000,0.749
s_sudden,2,accumulativeMNB,75000,0.77
s_sudden,2,accumulativeMNB,76000,0.764
s_sudden,2,accumulativeMNB,77000,0.787
s_sudden,2,accumulativeMNB,78000,0.76
s_sudden,2,accumulativeMNB,79000,0.77
s_sudden,2,accumulativeMNB,80000,0.774
s_sudden,2,fadingMNB,1000,0.596
s_sudden,2,fadingMNB,2000,0.677
s_sudden,2,fadingMNB,3000,0.683
s_sudden,2,fadingMNB,4000,0.678
s_sudden,2,fadingMNB,5000,0.683
s_sudden,2,fadingMNB,6000,0.685
s_sudden,2,fadingMNB,7000,0.696
s_sudden,2,fadingMNB,8000,0.714
s_sudden,2,fadingMNB,9000,0.685
s_sudden,2,fadingMNB,10000,0.71
s_sudden,2,fadingMNB,11000,0.718
s_sudden,2,fadingMNB,12000,0.732
s_sudden,2,fadingMNB,13000,0.726
s_sudden,2,fadingMNB,14000,0.716
s_sudden,2,fadingMNB,15000,0.728
s_sudden,2,fadingMNB,16000,0.717
s_sudden,2,fadingMNB,17000,0.704
s_sudden,2,fadingMNB,18000,0.714
s_sudden,2,fadingMNB,19000,0.737
s_sudden,2,fadingMNB,20000,0.722
s_sudden,2,fadingMNB,21000,0.723
s_sudden,2,fadingMNB,22000,0.73
s_sudden,2,fadingMNB,23000,0.727
s_sudden,2,fadingMNB,24000,0.736
s_sudden,2,fadingMNB,25000,0.76
s_sudden,2,fadingMNB,26000,0.731
s_sudden,2,fadingMNB,27000,0.731
s_sudden,2,fadingMNB,28000,0.733
s_sudden,2,fadingMNB,29000,0.748
s_sudden,2,fadingMNB,30000,0.759
s_sudden,2,fadingMNB,31000,0.727
s_sudden,2,fadingMNB,32000,0.749
s_sudden,2,fadingMNB,33000,0.711
s_sudden,2,fadingMNB,34000,0.73
s_sudden,2,fadingMNB,35000,0.725
s_sudden,2,fadingMNB,36000,0.737
s_sudden,2,fadingMNB,37000,0.753
s_sudden,2,fadingMNB,38000,0.742
s_sudden,2,fadingMNB,39000,0.73
s_sudden,2,fadingMNB,40000,0.718
s_sudden,2,fadingMNB,41000,0.72
s_sudden,2,fadingMNB,42000,0.695
s_sudden,2,fadingMNB,43000,0.744
s_sudden,2,fadingMNB,44000,0.745
s_sudden,2,fadingMNB,45000,0.742
s_sudden,2,fadingMNB,46000,0.753
s_sudden,2,fadingMNB,47000,0.733
s_sudden,2,fadingMNB,48000,0.761
s_sudden,2,fadingMNB,49000,0.752
s_sudden,2,fadingMNB,50000,0.74
s_sudden,2,fadingMNB,51000,0.748
s_sudden,2,fadingMNB,52000,0.766
s_sudden,2,fadingMNB,53000,0.749
s_sudden,2,fadingMNB,54000,0.749
s_sudden,2,fadingMNB,55000,0.764
s_sudden,2,fadingMNB,56000,0.77
s_sudden,2,fadingMNB,57000,0.749
s_sudden,2,fadingMNB,58000,0.776
s_sudden,2,fadingMNB,59000,0.75
s_sudden,2,fadingMNB,60000,0.775
s_sudden,2,fadingMNB,61000,0.773
s_sudden,2,fadingMNB,62000,0.757
s_sudden,2,fadingMNB,63000,0.763
s_sudden,2,fadingMNB,64000,0.748
s_sudden,2,fadingMNB,65000,0.758
s_sudden,2,fadingMNB,66000,0.772
s_sudden,2,fadingMNB,67000,0.752
s_sudden,2,fadingMNB,68000,0.768
s_sudden,2,fadingMNB,69000,0.749
s_sudden,2,fadingMNB,70000,0.787
s_sudden,2,fadingMNB,71000,0.759
s_sudden,2,fadingMNB,72000,0.771
s_sudden,2,fadingMNB,73000,0.758
s_sudden,2,fadingMNB,74000,0.768
s_sudden,2,fadingMNB,75000,0.766
s_sudden,2,fadingMNB,76000,0.762
s_sudden,2,fadingMNB,77000,0.796
s_sudden,2,fadingMNB,78000,0.758
s_sudden,2,fadingMNB,79000,0.761
s_sudden,2,fadingMNB,80000,0.768
s_sudden,2,baseline-Rebuild,1000,0.596
s_sudden,2,baseline-Rebuild,2000,0.674
s_sudden,2,baseline-Rebuild,3000,0.682
s_sudden,2,baseline-Rebuild,4000,0.677
s_sudden,2,baseline-Rebuild,5000,0.681
s_sudden,2,baseline-Rebuild,6000,0.688
s_sudden,2,baseline-Rebuild,7000,0.688
s_sudden,2,baseline-Rebuild,8000,0.71
s_sudden,2,baseline-Rebuild,9000,0.682
s_sudden,2,baseline-Rebuild,10000,0.708
s_sudden,2,baseline-Rebuild,11000,0.722
s_sudden,2,baseline-Rebuild,12000,0.729
s_sudden,2,baseline-Rebuild,13000,0.721
s_sudden,2,baseline-Rebuild,14000,0.724
s_sudden,2,baseline-Rebuild,15000,0.723
s_sudden,2,baseline-Rebuild,16000,0.716
s_sudden,2,baseline-Rebuild,17000,0.711
s_sudden,2,baseline-Rebuild,18000,0.73
s_sudden,2,baseline-Rebuild,19000,0.725
s_sudden,2,baseline-Rebuild,20000,0.725
s_sudden,2,baseline-Rebuild,21000,0.722
s_sudden,2,baseline-Rebuild,22000,0.723
s_sudden,2,baseline-Rebuild,23000,0.72
s_sudden,2,baseline-Rebuild,24000,0.74
s_sudden,2,baseline-Rebuild,25000,0.757
s_sudden,2,baseline-Rebuild,26000,0.731
s_sudden,2,baseline-Rebuild,27000,0.725
s_sudden,2,baseline-Rebuild,28000,0.73
s_sudden,2,baseline-Rebuild,29000,0.757
s_sudden,2,baseline-Rebuild,30000,0.757
s_sudden,2,baseline-Rebuild,31000,0.731
s_sudden,2,baseline-Rebuild,32000,0.745
s_sudden,2,baseline-Rebuild,33000,0.713
s_sudden,2,baseline-Rebuild,34000,0.728
s_sudden,2,baseline-Rebuild,35000,0.71
s_sudden,2,baseline-Rebuild,36000,0.73
s_sudden,2,baseline-Rebuild,37000,0.716
s_sudden,2,baseline-Rebuild,38000,0.728
s_sudden,2,baseline-Rebuild,39000,0.712
s_sudden,2,baseline-Rebuild,40000,0.693
s_sudden,2,baseline-Rebuild,41000,0.727
s_sudden,2,baseline-Rebuild,42000,0.699
s_sudden,2,baseline-Rebuild,43000,0.733
s_sudden,2,baseline-Rebuild,44000,0.743
s_sudden,2,baseline-Rebuild,45000,0.724
s_sudden,2,baseline-Rebuild,46000,0.747
s_sudden,2,baseline-Rebuild,47000,0.756
s_sudden,2,baseline-Rebuild,48000,0.774
s_sudden,2,baseline-Rebuild,49000,0.76
s_sudden,2,baseline-Rebuild,50000,0.756
s_sudden,2,baseline-Rebuild,51000,0.754
s_sudden,2,baseline-Rebuild,52000,0.776
s_sudden,2,baseline-Rebuild,53000,0.768
s_sudden,2,baseline-Rebuild,54000,0.76
s_sudden,2,baseline-Rebuild,55000,0.772
s_sudden,2,baseline-Rebuild,56000,0.784
s_sudden,2,baseline-Rebuild,57000,0.751
s_sudden,2,baseline-Rebuild,58000,0.786
s_sudden,2,baseline-Rebuild,59000,0.768
s_sudden,2,baseline-Rebuild,60000,0.783
s_sudden,2,baseline-Rebuild,61000,0.78
s_sudden,2,baseline-Rebuild,62000,0.764
s_sudden,2,baseline-Rebuild,63000,0.787
s_sudden,2,baseline-Rebuild,64000,0.763
s_sudden,2,baseline-Rebuild,65000,0.754
s_sudden,2,baseline-Rebuild,66000,0.78
s_sudden,2,baseline-Rebuild,67000,0.779
s_sudden,2,baseline-Rebuild,68000,0.771
s_sudden,2,baseline-Rebuild,69000,0.744
s_sudden,2,baseline-Rebuild,70000,0.798
s_sudden,2,baseline-Rebuild,71000,0.777
s_sudden,2,baseline-Rebuild,72000,0.798
s_sudden,2,baseline-Rebuild,73000,0.777
s_sudden,2,baseline-Rebuild,74000,0.753
s_sudden,2,baseline-Rebuild,75000,0.763
s_sudden,2,baseline-Rebuild,76000,0.769
s_sudden,2,baseline-Rebuild,77000,0.781
s_sudden,2,baseline-Rebuild,78000,0.77
s_sudden,2,baseline-Rebuild,79000,0.759
s_sudden,2,baseline-Rebuild,80000,0.767
s_sudden,2,baseline-SIFR,1000,0.596
s_sudden,2,baseline-SIFR,2000,0.674
s_sudden,2,baseline-SIFR,3000,0.682
s_sudden,2,baseline-SIFR,4000,0.677
s_sudden,2,baseline-SIFR,5000,0.681
s_sudden,2,baseline-SIFR,6000,0.688
s_sudden,2,baseline-SIFR,7000,0.688
s_sudden,2,baseline-SIFR,8000,0.71
s_sudden,2,baseline-SIFR,9000,0.682
s_sudden,2,baseline-SIFR,10000,0.708
s_sudden,2,baseline-SIFR,11000,0.722
s_sudden,2,baseline-SIFR,12000,0.729
s_sudden,2,baseline-SIFR,13000,0.721
s_sudden,2,baseline-SIFR,14000,0.724
s_sudden,2,baseline-SIFR,15000,0.723
s_sudden,2,baseline-SIFR,16000,0.716
s_sudden,2,baseline-SIFR,17000,0.711
s_sudden,2,baseline-SIFR,18000,0.73
s_sudden,2,baseline-SIFR,19000,0.725
s_sudden,2,baseline-SIFR,20000,0.725
s_sudden,2,baseline-SIFR,21000,0.722
s_sudden,2,baseline-SIFR,22000,0.723
s_sudden,2,baseline-SIFR,23000,0.72
s_sudden,2,baseline-SIFR,24000,0.74
s_sudden,2,baseline-SIFR,25000,0.757
s_sudden,2,baseline-SIFR,26000,0.731
s_sudden,2,baseline-SIFR,27000,0.725
s_sudden,2,baseline-SIFR,28000,0.73
s_sudden,2,baseline-SIFR,29000,0.757
s_sudden,2,baseline-SIFR,30000,0.757
s_sudden,2,baseline-SIFR,31000,0.731
s_sudden,2,baseline-SIFR,32000,0.745
s_sudden,2,baseline-SIFR,33000,0.712
s_sudden,2,baseline-SIFR,34000,0.721
s_sudden,2,baseline-SIFR,35000,0.717
s_sudden,2,baseline-SIFR,36000,0.728
s_sudden,2,baseline-SIFR,37000,0.74
s_sudden,2,baseline-SIFR,38000,0.742
s_sudden,2,baseline-SIFR,39000,0.731
s_sudden,2,baseline-SIFR,40000,0.708
s_sudden,2,baseline-SIFR,41000,0.721
s_sudden,2,baseline-SIFR,42000,0.71
s_sudden,2,baseline-SIFR,43000,0.736
s_sudden,2,baseline-SIFR,44000,0.757
s_sudden,2,baseline-SIFR,45000,0.739
s_sudden,2,baseline-SIFR,46000,0.748
s_sudden,2,baseline-SIFR,47000,0.731
s_sudden,2,baseline-SIFR,48000,0.76
s_sudden,2,baseline-SIFR,49000,0.74
s_sudden,2,baseline-SIFR,50000,0.738
s_sudden,2,baseline-SIFR,51000,0.745
s_sudden,2,baseline-SIFR,52000,0.76
s_sudden,2,baseline-SIFR,53000,0.748
s_sudden,2,baseline-SIFR,54000,0.753
s_sudden,2,baseline-SIFR,55000,0.76
s_sudden,2,baseline-SIFR,56000,0.774
s_sudden,2,baseline-SIFR,57000,0.748
s_sudden,2,baseline-SIFR,58000,0.776
s_sudden,2,baseline-SIFR,59000,0.749
s_sudden,2,baseline-SIFR,60000,0.773
s_sudden,2,baseline-SIFR,61000,0.773
s_sudden,2,baseline-SIFR,62000,0.752
s_sudden,2,baseline-SIFR,63000,0.758
s_sudden,2,baseline-SIFR,64000,0.757
s_sudden,2,baseline-SIFR,65000,0.751
s_sudden,2,baseline-SIFR,66000,0.764
s_sudden,2,baseline-SIFR,67000,0.748
s_sudden,2,baseline-SIFR,68000,0.757
s_sudden,2,baseline-SIFR,69000,0.741
s_sudden,2,baseline-SIFR,70000,0.776
s_sudden,2,baseline-SIFR,71000,0.756
s_sudden,2,baseline-SIFR,72000,0.769
s_sudden,2,baseline-SIFR,73000,0.768
s_sudden,2,baseline-SIFR,74000,0.749
s_sudden,2,baseline-SIFR,75000,0.77
s_sudden,2,baseline-SIFR,76000,0.764
s_sudden,2,baseline-SIFR,77000,0.787
s_sudden,2,baseline-SIFR,78000,0.76
s_sudden,2,baseline-SIFR,79000,0.77
s_sudden,2,baseline-SIFR,80000,0.774
s_sudden,2,enhanced-adwin_only,1000,0.596
s_sudden,2,enhanced-adwin_only,2000,0.674
s_sudden,2,enhanced-adwin_only,3000,0.682
s_sudden,2,enhanced-adwin_only,4000,0.677
s_sudden,2,enhanced-adwin_only,5000,0.681
s_sudden,2,enhanced-adwin_only,6000,0.688
s_sudden,2,enhanced-adwin_only,7000,0.688
s_sudden,2,enhanced-adwin_only,8000,0.71
s_sudden,2,enhanced-adwin_only,9000,0.682
s_sudden,2,enhanced-adwin_only,10000,0.708
s_sudden,2,enhanced-adwin_only,11000,0.722
s_sudden,2,enhanced-adwin_only,12000,0.729
s_sudden,2,enhanced-adwin_only,13000,0.721
s_sudden,2,enhanced-adwin_only,14000,0.724
s_sudden,2,enhanced-adwin_only,15000,0.723
s_sudden,2,enhanced-adwin_only,16000,0.716
s_sudden,2,enhanced-adwin_only,17000,0.711
s_sudden,2,enhanced-adwin_only,18000,0.73
s_sudden,2,enhanced-adwin_only,19000,0.725
s_sudden,2,enhanced-adwin_only,20000,0.725
s_sudden,2,enhanced-adwin_only,21000,0.722
s_sudden,2,enhanced-adwin_only,22000,0.723
s_sudden,2,enhanced-adwin_only,23000,0.72
s_sudden,2,enhanced-adwin_only,24000,0.74
s_sudden,2,enhanced-adwin_only,25000,0.757
s_sudden,2,enhanced-adwin_only,26000,0.731
s_sudden,2,enhanced-adwin_only,27000,0.725
s_sudden,2,enhanced-adwin_only,28000,0.73
s_sudden,2,enhanced-adwin_only,29000,0.757
s_sudden,2,enhanced-adwin_only,30000,0.757
s_sudden,2,enhanced-adwin_only,31000,0.731
s_sudden,2,enhanced-adwin_only,32000,0.745
s_sudden,2,enhanced-adwin_only,33000,0.712
s_sudden,2,enhanced-adwin_only,34000,0.722
s_sudden,2,enhanced-adwin_only,35000,0.725
s_sudden,2,enhanced-adwin_only,36000,0.749
s_sudden,2,enhanced-adwin_only,37000,0.766
s_sudden,2,enhanced-adwin_only,38000,0.739
s_sudden,2,enhanced-adwin_only,39000,0.731
s_sudden,2,enhanced-adwin_only,40000,0.727
s_sudden,2,enhanced-adwin_only,41000,0.721
s_sudden,2,enhanced-adwin_only,42000,0.71
s_sudden,2,enhanced-adwin_only,43000,0.736
s_sudden,2,enhanced-adwin_only,44000,0.757
s_sudden,2,enhanced-adwin_only,45000,0.751
s_sudden,2,enhanced-adwin_only,46000,0.755
s_sudden,2,enhanced-adwin_only,47000,0.74
s_sudden,2,enhanced-adwin_only,48000,0.763
s_sudden,2,enhanced-adwin_only,49000,0.741
s_sudden,2,enhanced-adwin_only,50000,0.739
s_sudden,2,enhanced-adwin_only,51000,0.753
s_sudden,2,enhanced-adwin_only,52000,0.765
s_sudden,2,enhanced-adwin_only,53000,0.755
s_sudden,2,enhanced-adwin_only,54000,0.743
s_sudden,2,enhanced-adwin_only,55000,0.762
s_sudden,2,enhanced-adwin_only,56000,0.773
s_sudden,2,enhanced-adwin_only,57000,0.751
s_sudden,2,enhanced-adwin_only,58000,0.772
s_sudden,2,enhanced-adwin_only,59000,0.75
s_sudden,2,enhanced-adwin_only,60000,0.77
s_sudden,2,enhanced-adwin_only,61000,0.78
s_sudden,2,enhanced-adwin_only,62000,0.753
s_sudden,2,enhanced-adwin_only,63000,0.759
s_sudden,2,enhanced-adwin_only,64000,0.757
s_sudden,2,enhanced-adwin_only,65000,0.759
s_sudden,2,enhanced-adwin_only,66000,0.778
s_sudden,2,enhanced-adwin_only,67000,0.753
s_sudden,2,enhanced-adwin_only,68000,0.778
s_sudden,2,enhanced-adwin_only,69000,0.747
s_sudden,2,enhanced-adwin_only,70000,0.783
s_sudden,2,enhanced-adwin_only,71000,0.759
s_sudden,2,enhanced-adwin_only,72000,0.781
s_sudden,2,enhanced-adwin_only,73000,0.768
s_sudden,2,enhanced-adwin_only,74000,0.749
s_sudden,2,enhanced-adwin_only,75000,0.77
s_sudden,2,enhanced-adwin_only,76000,0.764
s_sudden,2,enhanced-adwin_only,77000,0.787
s_sudden,2,enhanced-adwin_only,78000,0.76
s_sudden,2,enhanced-adwin_only,79000,0.77
s_sudden,2,enhanced-adwin_only,80000,0.774
s_sudden,2,enhanced-or,1000,0.596
s_sudden,2,enhanced-or,2000,0.674
s_sudden,2,enhanced-or,3000,0.682
s_sudden,2,enhanced-or,4000,0.677
s_sudden,2,enhanced-or,5000,0.681
s_sudden,2,enhanced-or,6000,0.688
s_sudden,2,enhanced-or,7000,0.688
s_sudden,2,enhanced-or,8000,0.71
s_sudden,2,enhanced-or,9000,0.682
s_sudden,2,enhanced-or,10000,0.708
s_sudden,2,enhanced-or,11000,0.722
s_sudden,2,enhanced-or,12000,0.729
s_sudden,2,enhanced-or,13000,0.721
s_sudden,2,enhanced-or,14000,0.724
s_sudden,2,enhanced-or,15000,0.723
s_sudden,2,enhanced-or,16000,0.716
s_sudden,2,enhanced-or,17000,0.711
s_sudden,2,enhanced-or,18000,0.73
s_sudden,2,enhanced-or,19000,0.725
s_sudden,2,enhanced-or,20000,0.725
s_sudden,2,enhanced-or,21000,0.722
s_sudden,2,enhanced-or,22000,0.723
s_sudden,2,enhanced-or,23000,0.72
s_sudden,2,enhanced-or,24000,0.74
s_sudden,2,enhanced-or,25000,0.757
s_sudden,2,enhanced-or,26000,0.731
s_sudden,2,enhanced-or,27000,0.725
s_sudden,2,enhanced-or,28000,0.73
s_sudden,2,enhanced-or,29000,0.757
s_sudden,2,enhanced-or,30000,0.757
s_sudden,2,enhanced-or,31000,0.731
s_sudden,2,enhanced-or,32000,0.745
s_sudden,2,enhanced-or,33000,0.713
s_sudden,2,enhanced-or,34000,0.728
s_sudden,2,enhanced-or,35000,0.71
s_sudden,2,enhanced-or,36000,0.73
s_sudden,2,enhanced-or,37000,0.716
s_sudden,2,enhanced-or,38000,0.728
s_sudden,2,enhanced-or,39000,0.712
s_sudden,2,enhanced-or,40000,0.693
s_sudden,2,enhanced-or,41000,0.727
s_sudden,2,enhanced-or,42000,0.699
s_sudden,2,enhanced-or,43000,0.733
s_sudden,2,enhanced-or,44000,0.743
s_sudden,2,enhanced-or,45000,0.724
s_sudden,2,enhanced-or,46000,0.747
s_sudden,2,enhanced-or,47000,0.756
s_sudden,2,enhanced-or,48000,0.774
s_sudden,2,enhanced-or,49000,0.76
s_sudden,2,enhanced-or,50000,0.756
s_sudden,2,enhanced-or,51000,0.754
s_sudden,2,enhanced-or,52000,0.776
s_sudden,2,enhanced-or,53000,0.768
s_sudden,2,enhanced-or,54000,0.76
s_sudden,2,enhanced-or,55000,0.772
s_sudden,2,enhanced-or,56000,0.784
s_sudden,2,enhanced-or,57000,0.751
s_sudden,2,enhanced-or,58000,0.786
s_sudden,2,enhanced-or,59000,0.768
s_sudden,2,enhanced-or,60000,0.783
s_sudden,2,enhanced-or,61000,0.78
s_sudden,2,enhanced-or,62000,0.764
s_sudden,2,enhanced-or,63000,0.787
s_sudden,2,enhanced-or,64000,0.763
s_sudden,2,enhanced-or,65000,0.754
s_sudden,2,enhanced-or,66000,0.78
s_sudden,2,enhanced-or,67000,0.779
s_sudden,2,enhanced-or,68000,0.771
s_sudden,2,enhanced-or,69000,0.744
s_sudden,2,enhanced-or,70000,0.798
s_sudden,2,enhanced-or,71000,0.777
s_sudden,2,enhanced-or,72000,0.798
s_sudden,2,enhanced-or,73000,0.777
s_sudden,2,enhanced-or,74000,0.753
s_sudden,2,enhanced-or,75000,0.763
s_sudden,2,enhanced-or,76000,0.769
s_sudden,2,enhanced-or,77000,0.781
s_sudden,2,enhanced-or,78000,0.77
s_sudden,2,enhanced-or,79000,0.759
s_sudden,2,enhanced-or,80000,0.767
s_sudden,2,enhanced-and,1000,0.596
s_sudden,2,enhanced-and,2000,0.674
s_sudden,2,enhanced-and,3000,0.682
s_sudden,2,enhanced-and,4000,0.677
s_sudden,2,enhanced-and,5000,0.681
s_sudden,2,enhanced-and,6000,0.688
s_sudden,2,enhanced-and,7000,0.688
s_sudden,2,enhanced-and,8000,0.71
s_sudden,2,enhanced-and,9000,0.682
s_sudden,2,enhanced-and,10000,0.708
s_sudden,2,enhanced-and,11000,0.722
s_sudden,2,enhanced-and,12000,0.729
s_sudden,2,enhanced-and,13000,0.721
s_sudden,2,enhanced-and,14000,0.724
s_sudden,2,enhanced-and,15000,0.723
s_sudden,2,enhanced-and,16000,0.716
s_sudden,2,enhanced-and,17000,0.711
s_sudden,2,enhanced-and,18000,0.73
s_sudden,2,enhanced-and,19000,0.725
s_sudden,2,enhanced-and,20000,0.725
s_sudden,2,enhanced-and,21000,0.722
s_sudden,2,enhanced-and,22000,0.723
s_sudden,2,enhanced-and,23000,0.72
s_sudden,2,enhanced-and,24000,0.74
s_sudden,2,enhanced-and,25000,0.757
s_sudden,2,enhanced-and,26000,0.731
s_sudden,2,enhanced-and,27000,0.725
s_sudden,2,enhanced-and,28000,0.73
s_sudden,2,enhanced-and,29000,0.757
s_sudden,2,enhanced-and,30000,0.757
s_sudden,2,enhanced-and,31000,0.731
s_sudden,2,enhanced-and,32000,0.745
s_sudden,2,enhanced-and,33000,0.712
s_sudden,2,enhanced-and,34000,0.722
s_sudden,2,enhanced-and,35000,0.725
s_sudden,2,enhanced-and,36000,0.749
s_sudden,2,enhanced-and,37000,0.766
s_sudden,2,enhanced-and,38000,0.739
s_sudden,2,enhanced-and,39000,0.731
s_sudden,2,enhanced-and,40000,0.727
s_sudden,2,enhanced-and,41000,0.721
s_sudden,2,enhanced-and,42000,0.71
s_sudden,2,enhanced-and,43000,0.736
s_sudden,2,enhanced-and,44000,0.757
s_sudden,2,enhanced-and,45000,0.751
s_sudden,2,enhanced-and,46000,0.755
s_sudden,2,enhanced-and,47000,0.74
s_sudden,2,enhanced-and,48000,0.763
s_sudden,2,enhanced-and,49000,0.741
s_sudden,2,enhanced-and,50000,0.739
s_sudden,2,enhanced-and,51000,0.753
s_sudden,2,enhanced-and,52000,0.765
s_sudden,2,enhanced-and,53000,0.755
s_sudden,2,enhanced-and,54000,0.743
s_sudden,2,enhanced-and,55000,0.762
s_sudden,2,enhanced-and,56000,0.773
s_sudden,2,enhanced-and,57000,0.751
s_sudden,2,enhanced-and,58000,0.772
s_sudden,2,enhanced-and,59000,0.75
s_sudden,2,enhanced-and,60000,0.77
s_sudden,2,enhanced-and,61000,0.78
s_sudden,2,enhanced-and,62000,0.753
s_sudden,2,enhanced-and,63000,0.759
s_sudden,2,enhanced-and,64000,0.757
s_sudden,2,enhanced-and,65000,0.759
s_sudden,2,enhanced-and,66000,0.778
s_sudden,2,enhanced-and,67000,0.753
s_sudden,2,enhanced-and,68000,0.778
s_sudden,2,enhanced-and,69000,0.747
s_sudden,2,enhanced-and,70000,0.783
s_sudden,2,enhanced-and,71000,0.759
s_sudden,2,enhanced-and,72000,0.781
s_sudden,2,enhanced-and,73000,0.768
s_sudden,2,enhanced-and,74000,0.749
s_sudden,2,enhanced-and,75000,0.77
s_sudden,2,enhanced-and,76000,0.764
s_sudden,2,enhanced-and,77000,0.787
s_sudden,2,enhanced-and,78000,0.76
s_sudden,2,enhanced-and,79000,0.77
s_sudden,2,enhanced-and,80000,0.774
s_sudden,3,accumulativeMNB,1000,0.613
s_sudden,3,accumulativeMNB,2000,0.682
s_sudden,3,accumulativeMNB,3000,0.668
s_sudden,3,accumulativeMNB,4000,0.696
s_sudden,3,accumulativeMNB,5000,0.695
s_sudden,3,accumulativeMNB,6000,0.695
s_sudden,3,accumulativeMNB,7000,0.698
s_sudden,3,accumulativeMNB,8000,0.714
s_sudden,3,accumulativeMNB,9000,0.71
s_sudden,3,accumulativeMNB,10000,0.695
s_sudden,3,accumulativeMNB,11000,0.734
s_sudden,3,accumulativeMNB,12000,0.73
s_sudden,3,accumulativeMNB,13000,0.716
s_sudden,3,accumulativeMNB,14000,0.701
s_sudden,3,accumulativeMNB,15000,0.727
s_sudden,3,accumulativeMNB,16000,0.728
s_sudden,3,accumulativeMNB,17000,0.749
s_sudden,3,accumulativeMNB,18000,0.709
s_sudden,3,accumulativeMNB,19000,0.748
s_sudden,3,accumulativeMNB,20000,0.706
s_sudden,3,accumulativeMNB,21000,0.73
s_sudden,3,accumulativeMNB,22000,0.715
s_sudden,3,accumulativeMNB,23000,0.735
s_sudden,3,accumulativeMNB,24000,0.728
s_sudden,3,accumulativeMNB,25000,0.712
s_sudden,3,accumulativeMNB,26000,0.734
s_sudden,3,accumulativeMNB,27000,0.731
s_sudden,3,accumulativeMNB,28000,0.711
s_sudden,3,accumulativeMNB,29000,0.703
s_sudden,3,accumulativeMNB,30000,0.73
s_sudden,3,accumulativeMNB,31000,0.734
s_sudden,3,accumulativeMNB,32000,0.737
s_sudden,3,accumulativeMNB,33000,0.716
s_sudden,3,accumulativeMNB,34000,0.72
s_sudden,3,accumulativeMNB,35000,0.75
s_sudden,3,accumulativeMNB,36000,0.741
s_sudden,3,accumulativeMNB,37000,0.729
s_sudden,3,accumulativeMNB,38000,0.728
s_sudden,3,accumulativeMNB,39000,0.75
s_sudden,3,accumulativeMNB,40000,0.727
s_sudden,3,accumulativeMNB,41000,0.694
s_sudden,3,accumulativeMNB,42000,0.753
s_sudden,3,accumulativeMNB,43000,0.707
s_sudden,3,accumulativeMNB,44000,0.718
s_sudden,3,accumulativeMNB,45000,0.75
s_sudden,3,accumulativeMNB,46000,0.746
s_sudden,3,accumulativeMNB,47000,0.731
s_sudden,3,accumulativeMNB,48000,0.726
s_sudden,3,accumulativeMNB,49000,0.74
s_sudden,3,accumulativeMNB,50000,0.745
s_sudden,3,accumulativeMNB,51000,0.765
s_sudden,3,accumulativeMNB,52000,0.769
s_sudden,3,accumulativeMNB,53000,0.776
s_sudden,3,accumulativeMNB,54000,0.756
s_sudden,3,accumulativeMNB,55000,0.721
s_sudden,3,accumulativeMNB,56000,0.769
s_sudden,3,accumulativeMNB,57000,0.775
s_sudden,3,accumulativeMNB,58000,0.769
s_sudden,3,accumulativeMNB,59000,0.763
s_sudden,3,accumulativeMNB,60000,0.754
s_sudden,3,accumulativeMNB,61000,0.731
s_sudden,3,accumulativeMNB,62000,0.785
s_sudden,3,accumulativeMNB,63000,0.754
s_sudden,3,accumulativeMNB,64000,0.769
s_sudden,3,accumulativeMNB,65000,0.794
s_sudden,3,accumulativeMNB,66000,0.782
s_sudden,3,accumulativeMNB,67000,0.776
s_sudden,3,accumulativeMNB,68000,0.769
s_sudden,3,accumulativeMNB,69000,0.759
s_sudden,3,accumulativeMNB,70000,0.754
s_sudden,3,accumulativeMNB,71000,0.77
s_sudden,3,accumulativeMNB,72000,0.789
s_sudden,3,accumulativeMNB,73000,0.777
s_sudden,3,accumulativeMNB,74000,0.789
s_sudden,3,accumulativeMNB,75000,0.744
s_sudden,3,accumulativeMNB,76000,0.759
s_sudden,3,accumulativeMNB,77000,0.783
s_sudden,3,accumulativeMNB,78000,0.795
s_sudden,3,accumulativeMNB,79000,0.753
s_sudden,3,accumulativeMNB,80000,0.785
s_sudden,3,fadingMNB,1000,0.614
s_sudden,3,fadingMNB,2000,0.684
s_sudden,3,fadingMNB,3000,0.669
s_sudden,3,fadingMNB,4000,0.697
s_sudden,3,fadingMNB,5000,0.695
s_sudden,3,fadingMNB,6000,0.697
s_sudden,3,fadingMNB,7000,0.699
s_sudden,3,fadingMNB,8000,0.717
s_sudden,3,fadingMNB,9000,0.713
s_sudden,3,fadingMNB,10000,0.695
s_sudden,3,fadingMNB,11000,0.742
s_sudden,3,fadingMNB,12000,0.721
s_sudden,3,fadingMNB,13000,0.715
s_sudden,3,fadingMNB,14000,0.702
s_sudden,3,fadingMNB,15000,0.729
s_sudden,3,fadingMNB,16000,0.726
s_sudden,3,fadingMNB,17000,0.749
s_sudden,3,fadingMNB,18000,0.71
s_sudden,3,fadingMNB,19000,0.744
s_sudden,3,fadingMNB,20000,0.714
s_sudden,3,fadingMNB,21000,0.73
s_sudden,3,fadingMNB,22000,0.716
s_sudden,3,fadingMNB,23000,0.731
s_sudden,3,fadingMNB,24000,0.736
s_sudden,3,fadingMNB,25000,0.716
s_sudden,3,fadingMNB,26000,0.736
s_sudden,3,fadingMNB,27000,0.73
s_sudden,3,fadingMNB,28000,0.714
s_sudden,3,fadingMNB,29000,0.703
s_sudden,3,fadingMNB,30000,0.716
s_sudden,3,fadingMNB,31000,0.734
s_sudden,3,fadingMNB,32000,0.732
s_sudden,3,fadingMNB,33000,0.731
s_sudden,3,fadingMNB,34000,0.717
s_sudden,3,fadingMNB,35000,0.743
s_sudden,3,fadingMNB,36000,0.736
s_sudden,3,fadingMNB,37000,0.735
s_sudden,3,fadingMNB,38000,0.73
s_sudden,3,fadingMNB,39000,0.741
s_sudden,3,fadingMNB,40000,0.732
s_sudden,3,fadingMNB,41000,0.701
s_sudden,3,fadingMNB,42000,0.752
s_sudden,3,fadingMNB,43000,0.713
s_sudden,3,fadingMNB,44000,0.731
s_sudden,3,fadingMNB,45000,0.749
s_sudden,3,fadingMNB,46000,0.734
s_sudden,3,fadingMNB,47000,0.741
s_sudden,3,fadingMNB,48000,0.72
s_sudden,3,fadingMNB,49000,0.734
s_sudden,3,fadingMNB,50000,0.746
s_sudden,3,fadingMNB,51000,0.76
s_sudden,3,fadingMNB,52000,0.776
s_sudden,3,fadingMNB,53000,0.758
s_sudden,3,fadingMNB,54000,0.761
s_sudden,3,fadingMNB,55000,0.716
s_sudden,3,fadingMNB,56000,0.764
s_sudden,3,fadingMNB,57000,0.772
s_sudden,3,fadingMNB,58000,0.755
s_sudden,3,fadingMNB,59000,0.754
s_sudden,3,fadingMNB,60000,0.752
s_sudden,3,fadingMNB,61000,0.732
s_sudden,3,fadingMNB,62000,0.772
s_sudden,3,fadingMNB,63000,0.755
s_sudden,3,fadingMNB,64000,0.774
s_sudden,3,fadingMNB,65000,0.786
s_sudden,3,fadingMNB,66000,0.771
s_sudden,3,fadingMNB,67000,0.762
s_sudden,3,fadingMNB,68000,0.76
s_sudden,3,fadingMNB,69000,0.761
s_sudden,3,fadingMNB,70000,0.739
s_sudden,3,fadingMNB,71000,0.77
s_sudden,3,fadingMNB,72000,0.78
s_sudden,3,fadingMNB,73000,0.782
s_sudden,3,fadingMNB,74000,0.781
s_sudden,3,fadingMNB,75000,0.745
s_sudden,3,fadingMNB,76000,0.759
s_sudden,3,fadingMNB,77000,0.767
s_sudden,3,fadingMNB,78000,0.79
s_sudden,3,fadingMNB,79000,0.749
s_sudden,3,fadingMNB,80000,0.783
s_sudden,3,baseline-Rebuild,1000,0.613
s_sudden,3,baseline-Rebuild,2000,0.682
s_sudden,3,baseline-Rebuild,3000,0.668
s_sudden,3,baseline-Rebuild,4000,0.696
s_sudden,3,baseline-Rebuild,5000,0.695
s_sudden,3,baseline-Rebuild,6000,0.695
s_sudden,3,baseline-Rebuild,7000,0.698
s_sudden,3,baseline-Rebuild,8000,0.714
s_sudden,3,baseline-Rebuild,9000,0.71
s_sudden,3,baseline-Rebuild,10000,0.695
s_sudden,3,baseline-Rebuild,11000,0.734
s_sudden,3,baseline-Rebuild,12000,0.73
s_sudden,3,baseline-Rebuild,13000,0.716
s_sudden,3,baseline-Rebuild,14000,0.701
s_sudden,3,baseline-Rebuild,15000,0.727
s_sudden,3,baseline-Rebuild,16000,0.728
s_sudden,3,baseline-Rebuild,17000,0.749
s_sudden,3,baseline-Rebuild,18000,0.709
s_sudden,3,baseline-Rebuild,19000,0.748
s_sudden,3,baseline-Rebuild,20000,0.706
s_sudden,3,baseline-Rebuild,21000,0.73
s_sudden,3,baseline-Rebuild,22000,0.715
s_sudden,3,baseline-Rebuild,23000,0.735
s_sudden,3,baseline-Rebuild,24000,0.728
s_sudden,3,baseline-Rebuild,25000,0.712
s_sudden,3,baseline-Rebuild,26000,0.734
s_sudden,3,baseline-Rebuild,27000,0.731
s_sudden,3,baseline-Rebuild,28000,0.711
s_sudden,3,baseline-Rebuild,29000,0.705
s_sudden,3,baseline-Rebuild,30000,0.709
s_sudden,3,baseline-Rebuild,31000,0.724
s_sudden,3,baseline-Rebuild,32000,0.733
s_sudden,3,baseline-Rebuild,33000,0.717
s_sudden,3,baseline-Rebuild,34000,0.693
s_sudden,3,baseline-Rebuild,35000,0.745
s_sudden,3,baseline-Rebuild,36000,0.732
s_sudden,3,baseline-Rebuild,37000,0.723
s_sudden,3,baseline-Rebuild,38000,0.719
s_sudden,3,baseline-Rebuild,39000,0.745
s_sudden,3,baseline-Rebuild,40000,0.726
s_sudden,3,baseline-Rebuild,41000,0.697
s_sudden,3,baseline-Rebuild,42000,0.748
s_sudden,3,baseline-Rebuild,43000,0.713
s_sudden,3,baseline-Rebuild,44000,0.724
s_sudden,3,baseline-Rebuild,45000,0.762
s_sudden,3,baseline-Rebuild,46000,0.746
s_sudden,3,baseline-Rebuild,47000,0.735
s_sudden,3,baseline-Rebuild,48000,0.732
s_sudden,3,baseline-Rebuild,49000,0.749
s_sudden,3,baseline-Rebuild,50000,0.741
s_sudden,3,baseline-Rebuild,51000,0.763
s_sudden,3,baseline-Rebuild,52000,0.779
s_sudden,3,baseline-Rebuild,53000,0.769
s_sudden,3,baseline-Rebuild,54000,0.76
s_sudden,3,baseline-Rebuild,55000,0.724
s_sudden,3,baseline-Rebuild,56000,0.777
s_sudden,3,baseline-Rebuild,57000,0.775
s_sudden,3,baseline-Rebuild,58000,0.772
s_sudden,3,baseline-Rebuild,59000,0.772
s_sudden,3,baseline-Rebuild,60000,0.775
s_sudden,3,baseline-Rebuild,61000,0.747
s_sudden,3,baseline-Rebuild,62000,0.777
s_sudden,3,baseline-Rebuild,63000,0.762
s_sudden,3,baseline-Rebuild,64000,0.766
s_sudden,3,baseline-Rebuild,65000,0.774
s_sudden,3,baseline-Rebuild,66000,0.774
s_sudden,3,baseline-Rebuild,67000,0.776
s_sudden,3,baseline-Rebuild,68000,0.78
s_sudden,3,baseline-Rebuild,69000,0.773
s_sudden,3,baseline-Rebuild,70000,0.759
s_sudden,3,baseline-Rebuild,71000,0.776
s_sudden,3,baseline-Rebuild,72000,0.798
s_sudden,3,baseline-Rebuild,73000,0.789
s_sudden,3,baseline-Rebuild,74000,0.782
s_sudden,3,baseline-Rebuild,75000,0.756
s_sudden,3,baseline-Rebuild,76000,0.767
s_sudden,3,baseline-Rebuild,77000,0.784
s_sudden,3,baseline-Rebuild,78000,0.796
s_sudden,3,baseline-Rebuild,79000,0.766
s_sudden,3,baseline-Rebuild,80000,0.787
s_sudden,3,baseline-SIFR,1000,0.613
s_sudden,3,baseline-SIFR,2000,0.682
s_sudden,3,baseline-SIFR,3000,0.668
s_sudden,3,baseline-SIFR,4000,0.696
s_sudden,3,baseline-SIFR,5000,0.695
s_sudden,3,baseline-SIFR,6000,0.695
s_sudden,3,baseline-SIFR,7000,0.698
s_sudden,3,baseline-SIFR,8000,0.714
s_sudden,3,baseline-SIFR,9000,0.71
s_sudden,3,baseline-SIFR,10000,0.695
s_sudden,3,baseline-SIFR,11000,0.734
s_sudden,3,baseline-SIFR,12000,0.73
s_sudden,3,baseline-SIFR,13000,0.716
s_sudden,3,baseline-SIFR,14000,0.701
s_sudden,3,baseline-SIFR,15000,0.727
s_sudden,3,baseline-SIFR,16000,0.728
s_sudden,3,baseline-SIFR,17000,0.749
s_sudden,3,baseline-SIFR,18000,0.709
s_sudden,3,baseline-SIFR,19000,0.748
s_sudden,3,baseline-SIFR,20000,0.706
s_sudden,3,baseline-SIFR,21000,0.73
s_sudden,3,baseline-SIFR,22000,0.715
s_sudden,3,baseline-SIFR,23000,0.735
s_sudden,3,baseline-SIFR,24000,0.728
s_sudden,3,baseline-SIFR,25000,0.712
s_sudden,3,baseline-SIFR,26000,0.734
s_sudden,3,baseline-SIFR,27000,0.731
s_sudden,3,baseline-SIFR,28000,0.711
s_sudden,3,baseline-SIFR,29000,0.708
s_sudden,3,baseline-SIFR,30000,0.705
s_sudden,3,baseline-SIFR,31000,0.728
s_sudden,3,baseline-SIFR,32000,0.728
s_sudden,3,baseline-SIFR,33000,0.725
s_sudden,3,baseline-SIFR,34000,0.704
s_sudden,3,baseline-SIFR,35000,0.744
s_sudden,3,baseline-SIFR,36000,0.739
s_sudden,3,baseline-SIFR,37000,0.732
s_sudden,3,baseline-SIFR,38000,0.717
s_sudden,3,baseline-SIFR,39000,0.742
s_sudden,3,baseline-SIFR,40000,0.733
s_sudden,3,baseline-SIFR,41000,0.698
s_sudden,3,baseline-SIFR,42000,0.756
s_sudden,3,baseline-SIFR,43000,0.716
s_sudden,3,baseline-SIFR,44000,0.723
s_sudden,3,baseline-SIFR,45000,0.745
s_sudden,3,baseline-SIFR,46000,0.738
s_sudden,3,baseline-SIFR,47000,0.746
s_sudden,3,baseline-SIFR,48000,0.725
s_sudden,3,baseline-SIFR,49000,0.74
s_sudden,3,baseline-SIFR,50000,0.745
s_sudden,3,baseline-SIFR,51000,0.765
s_sudden,3,baseline-SIFR,52000,0.769
s_sudden,3,baseline-SIFR,53000,0.776
s_sudden,3,baseline-SIFR,54000,0.756
s_sudden,3,baseline-SIFR,55000,0.721
s_sudden,3,baseline-SIFR,56000,0.769
s_sudden,3,baseline-SIFR,57000,0.775
s_sudden,3,baseline-SIFR,58000,0.769
s_sudden,3,baseline-SIFR,59000,0.763
s_sudden,3,baseline-SIFR,60000,0.754
s_sudden,3,baseline-SIFR,61000,0.731
s_sudden,3,baseline-SIFR,62000,0.785
s_sudden,3,baseline-SIFR,63000,0.754
s_sudden,3,baseline-SIFR,64000,0.769
s_sudden,3,baseline-SIFR,65000,0.794
s_sudden,3,baseline-SIFR,66000,0.782
s_sudden,3,baseline-SIFR,67000,0.776
s_sudden,3,baseline-SIFR,68000,0.769
s_sudden,3,baseline-SIFR,69000,0.759
s_sudden,3,baseline-SIFR,70000,0.754
s_sudden,3,baseline-SIFR,71000,0.77
s_sudden,3,baseline-SIFR,72000,0.789
s_sudden,3,baseline-SIFR,73000,0.777
s_sudden,3,baseline-SIFR,74000,0.789
s_sudden,3,baseline-SIFR,75000,0.744
s_sudden,3,baseline-SIFR,76000,0.759
s_sudden,3,baseline-SIFR,77000,0.783
s_sudden,3,baseline-SIFR,78000,0.795
s_sudden,3,baseline-SIFR,79000,0.753
s_sudden,3,baseline-SIFR,80000,0.785
s_sudden,3,enhanced-adwin_only,1000,0.613
s_sudden,3,enhanced-adwin_only,2000,0.682
s_sudden,3,enhanced-adwin_only,3000,0.668
s_sudden,3,enhanced-adwin_only,4000,0.696
s_sudden,3,enhanced-adwin_only,5000,0.695
s_sudden,3,enhanced-adwin_only,6000,0.695
s_sudden,3,enhanced-adwin_only,7000,0.698
s_sudden,3,enhanced-adwin_only,8000,0.714
s_sudden,3,enhanced-adwin_only,9000,0.71
s_sudden,3,enhanced-adwin_only,10000,0.695
s_sudden,3,enhanced-adwin_only,11000,0.734
s_sudden,3,enhanced-adwin_only,12000,0.73
s_sudden,3,enhanced-adwin_only,13000,0.716
s_sudden,3,enhanced-adwin_only,14000,0.701
s_sudden,3,enhanced-adwin_only,15000,0.727
s_sudden,3,enhanced-adwin_only,16000,0.728
s_sudden,3,enhanced-adwin_only,17000,0.749
s_sudden,3,enhanced-adwin_only,18000,0.709
s_sudden,3,enhanced-adwin_only,19000,0.748
s_sudden,3,enhanced-adwin_only,20000,0.706
s_sudden,3,enhanced-adwin_only,21000,0.73
s_sudden,3,enhanced-adwin_only,22000,0.715
s_sudden,3,enhanced-adwin_only,23000,0.735
s_sudden,3,enhanced-adwin_only,24000,0.728
s_sudden,3,enhanced-adwin_only,25000,0.712
s_sudden,3,enhanced-adwin_only,26000,0.734
s_sudden,3,enhanced-adwin_only,27000,0.731
s_sudden,3,enhanced-adwin_only,28000,0.711
s_sudden,3,enhanced-adwin_only,29000,0.703
s_sudden,3,enhanced-adwin_only,30000,0.73
s_sudden,3,enhanced-adwin_only,31000,0.734
s_sudden,3,enhanced-adwin_only,32000,0.737
s_sudden,3,enhanced-adwin_only,33000,0.716
s_sudden,3,enhanced-adwin_only,34000,0.72
s_sudden,3,enhanced-adwin_only,35000,0.75
s_sudden,3,enhanced-adwin_only,36000,0.741
s_sudden,3,enhanced-adwin_only,37000,0.729
s_sudden,3,enhanced-adwin_only,38000,0.728
s_sudden,3,enhanced-adwin_only,39000,0.75
s_sudden,3,enhanced-adwin_only,40000,0.727
s_sudden,3,enhanced-adwin_only,41000,0.694
s_sudden,3,enhanced-adwin_only,42000,0.753
s_sudden,3,enhanced-adwin_only,43000,0.707
s_sudden,3,enhanced-adwin_only,44000,0.718
s_sudden,3,enhanced-adwin_only,45000,0.75
s_sudden,3,enhanced-adwin_only,46000,0.746
s_sudden,3,enhanced-adwin_only,47000,0.731
s_sudden,3,enhanced-adwin_only,48000,0.726
s_sudden,3,enhanced-adwin_only,49000,0.74
s_sudden,3,enhanced-adwin_only,50000,0.745
s_sudden,3,enhanced-adwin_only,51000,0.765
s_sudden,3,enhanced-adwin_only,52000,0.769
s_sudden,3,enhanced-adwin_only,53000,0.776
s_sudden,3,enhanced-adwin_only,54000,0.756
s_sudden,3,enhanced-adwin_only,55000,0.721
s_sudden,3,enhanced-adwin_only,56000,0.769
s_sudden,3,enhanced-adwin_only,57000,0.775
s_sudden,3,enhanced-adwin_only,58000,0.769
s_sudden,3,enhanced-adwin_only,59000,0.763
s_sudden,3,enhanced-adwin_only,60000,0.754
s_sudden,3,enhanced-adwin_only,61000,0.731
s_sudden,3,enhanced-adwin_only,62000,0.785
s_sudden,3,enhanced-adwin_only,63000,0.754
s_sudden,3,enhanced-adwin_only,64000,0.769
s_sudden,3,enhanced-adwin_only,65000,0.794
s_sudden,3,enhanced-adwin_only,66000,0.782
s_sudden,3,enhanced-adwin_only,67000,0.776
s_sudden,3,enhanced-adwin_only,68000,0.769
s_sudden,3,enhanced-adwin_only,69000,0.759
s_sudden,3,enhanced-adwin_only,70000,0.754
s_sudden,3,enhanced-adwin_only,71000,0.77
s_sudden,3,enhanced-adwin_only,72000,0.789
s_sudden,3,enhanced-adwin_only,73000,0.777
s_sudden,3,enhanced-adwin_only,74000,0.789
s_sudden,3,enhanced-adwin_only,75000,0.744
s_sudden,3,enhanced-adwin_only,76000,0.759
s_sudden,3,enhanced-adwin_only,77000,0.783
s_sudden,3,enhanced-adwin_only,78000,0.795
s_sudden,3,enhanced-adwin_only,79000,0.753
s_sudden,3,enhanced-adwin_only,80000,0.785
s_sudden,3,enhanced-or,1000,0.613
s_sudden,3,enhanced-or,2000,0.682
s_sudden,3,enhanced-or,3000,0.668
s_sudden,3,enhanced-or,4000,0.696
s_sudden,3,enhanced-or,5000,0.695
s_sudden,3,enhanced-or,6000,0.695
s_sudden,3,enhanced-or,7000,0.698
s_sudden,3,enhanced-or,8000,0.714
s_sudden,3,enhanced-or,9000,0.71
s_sudden,3,enhanced-or,10000,0.695
s_sudden,3,enhanced-or,11000,0.734
s_sudden,3,enhanced-or,12000,0.73
s_sudden,3,enhanced-or,13000,0.716
s_sudden,3,enhanced-or,14000,0.701
s_sudden,3,enhanced-or,15000,0.727
s_sudden,3,enhanced-or,16000,0.728
s_sudden,3,enhanced-or,17000,0.749
s_sudden,3,enhanced-or,18000,0.709
s_sudden,3,enhanced-or,19000,0.748
s_sudden,3,enhanced-or,20000,0.706
s_sudden,3,enhanced-or,21000,0.73
s_sudden,3,enhanced-or,22000,0.715
s_sudden,3,enhanced-or,23000,0.735
s_sudden,3,enhanced-or,24000,0.728
s_sudden,3,enhanced-or,25000,0.712
s_sudden,3,enhanced-or,26000,0.734
s_sudden,3,enhanced-or,27000,0.731
s_sudden,3,enhanced-or,28000,0.711
s_sudden,3,enhanced-or,29000,0.705
s_sudden,3,enhanced-or,30000,0.709
s_sudden,3,enhanced-or,31000,0.724
s_sudden,3,enhanced-or,32000,0.733
s_sudden,3,enhanced-or,33000,0.717
s_sudden,3,enhanced-or,34000,0.693
s_sudden,3,enhanced-or,35000,0.745
s_sudden,3,enhanced-or,36000,0.732
s_sudden,3,enhanced-or,37000,0.723
s_sudden,3,enhanced-or,38000,0.719
s_sudden,3,enhanced-or,39000,0.745
s_sudden,3,enhanced-or,40000,0.726
s_sudden,3,enhanced-or,41000,0.697
s_sudden,3,enhanced-or,42000,0.748
s_sudden,3,enhanced-or,43000,0.713
s_sudden,3,enhanced-or,44000,0.724
s_sudden,3,enhanced-or,45000,0.762
s_sudden,3,enhanced-or,46000,0.746
s_sudden,3,enhanced-or,47000,0.735
s_sudden,3,enhanced-or,48000,0.732
s_sudden,3,enhanced-or,49000,0.749
s_sudden,3,enhanced-or,50000,0.741
s_sudden,3,enhanced-or,51000,0.763
s_sudden,3,enhanced-or,52000,0.779
s_sudden,3,enhanced-or,53000,0.769
s_sudden,3,enhanced-or,54000,0.76
s_sudden,3,enhanced-or,55000,0.724
s_sudden,3,enhanced-or,56000,0.777
s_sudden,3,enhanced-or,57000,0.775
s_sudden,3,enhanced-or,58000,0.772
s_sudden,3,enhanced-or,59000,0.772
s_sudden,3,enhanced-or,60000,0.775
s_sudden,3,enhanced-or,61000,0.747
s_sudden,3,enhanced-or,62000,0.777
s_sudden,3,enhanced-or,63000,0.762
s_sudden,3,enhanced-or,64000,0.766
s_sudden,3,enhanced-or,65000,0.774
s_sudden,3,enhanced-or,66000,0.774
s_sudden,3,enhanced-or,67000,0.776
s_sudden,3,enhanced-or,68000,0.78
s_sudden,3,enhanced-or,69000,0.773
s_sudden,3,enhanced-or,70000,0.759
s_sudden,3,enhanced-or,71000,0.776
s_sudden,3,enhanced-or,72000,0.798
s_sudden,3,enhanced-or,73000,0.789
s_sudden,3,enhanced-or,74000,0.782
s_sudden,3,enhanced-or,75000,0.756
s_sudden,3,enhanced-or,76000,0.767
s_sudden,3,enhanced-or,77000,0.784
s_sudden,3,enhanced-or,78000,0.796
s_sudden,3,enhanced-or,79000,0.766
s_sudden,3,enhanced-or,80000,0.787
s_sudden,3,enhanced-and,1000,0.613
s_sudden,3,enhanced-and,2000,0.682
s_sudden,3,enhanced-and,3000,0.668
s_sudden,3,enhanced-and,4000,0.696
s_sudden,3,enhanced-and,5000,0.695
s_sudden,3,enhanced-and,6000,0.695
s_sudden,3,enhanced-and,7000,0.698
s_sudden,3,enhanced-and,8000,0.714
s_sudden,3,enhanced-and,9000,0.71
s_sudden,3,enhanced-and,10000,0.695
s_sudden,3,enhanced-and,11000,0.734
s_sudden,3,enhanced-and,12000,0.73
s_sudden,3,enhanced-and,13000,0.716
s_sudden,3,enhanced-and,14000,0.701
s_sudden,3,enhanced-and,15000,0.727
s_sudden,3,enhanced-and,16000,0.728
s_sudden,3,enhanced-and,17000,0.749
s_sudden,3,enhanced-and,18000,0.709
s_sudden,3,enhanced-and,19000,0.748
s_sudden,3,enhanced-and,20000,0.706
s_sudden,3,enhanced-and,21000,0.73
s_sudden,3,enhanced-and,22000,0.715
s_sudden,3,enhanced-and,23000,0.735
s_sudden,3,enhanced-and,24000,0.728
s_sudden,3,enhanced-and,25000,0.712
s_sudden,3,enhanced-and,26000,0.734
s_sudden,3,enhanced-and,27000,0.731
s_sudden,3,enhanced-and,28000,0.711
s_sudden,3,enhanced-and,29000,0.703
s_sudden,3,enhanced-and,30000,0.73
s_sudden,3,enhanced-and,31000,0.734
s_sudden,3,enhanced-and,32000,0.737
s_sudden,3,enhanced-and,33000,0.716
s_sudden,3,enhanced-and,34000,0.72
s_sudden,3,enhanced-and,35000,0.75
s_sudden,3,enhanced-and,36000,0.741
s_sudden,3,enhanced-and,37000,0.729
s_sudden,3,enhanced-and,38000,0.728
s_sudden,3,enhanced-and,39000,0.75
s_sudden,3,enhanced-and,40000,0.727
s_sudden,3,enhanced-and,41000,0.694
s_sudden,3,enhanced-and,42000,0.753
s_sudden,3,enhanced-and,43000,0.707
s_sudden,3,enhanced-and,44000,0.718
s_sudden,3,enhanced-and,45000,0.75
s_sudden,3,enhanced-and,46000,0.746
s_sudden,3,enhanced-and,47000,0.731
s_sudden,3,enhanced-and,48000,0.726
s_sudden,3,enhanced-and,49000,0.74
s_sudden,3,enhanced-and,50000,0.745
s_sudden,3,enhanced-and,51000,0.765
s_sudden,3,enhanced-and,52000,0.769
s_sudden,3,enhanced-and,53000,0.776
s_sudden,3,enhanced-and,54000,0.756
s_sudden,3,enhanced-and,55000,0.721
s_sudden,3,enhanced-and,56000,0.769
s_sudden,3,enhanced-and,57000,0.775
s_sudden,3,enhanced-and,58000,0.769
s_sudden,3,enhanced-and,59000,0.763
s_sudden,3,enhanced-and,60000,0.754
s_sudden,3,enhanced-and,61000,0.731
s_sudden,3,enhanced-and,62000,0.785
s_sudden,3,enhanced-and,63000,0.754
s_sudden,3,enhanced-and,64000,0.769
s_sudden,3,enhanced-and,65000,0.794
s_sudden,3,enhanced-and,66000,0.782
s_sudden,3,enhanced-and,67000,0.776
s_sudden,3,enhanced-and,68000,0.769
s_sudden,3,enhanced-and,69000,0.759
s_sudden,3,enhanced-and,70000,0.754
s_sudden,3,enhanced-and,71000,0.77
s_sudden,3,enhanced-and,72000,0.789
s_sudden,3,enhanced-and,73000,0.777
s_sudden,3,enhanced-and,74000,0.789
s_sudden,3,enhanced-and,75000,0.744
s_sudden,3,enhanced-and,76000,0.759
s_sudden,3,enhanced-and,77000,0.783
s_sudden,3,enhanced-and,78000,0.795
s_sudden,3,enhanced-and,79000,0.753
s_sudden,3,enhanced-and,80000,0.785
s_sudden,4,accumulativeMNB,1000,0.646
s_sudden,4,accumulativeMNB,2000,0.649
s_sudden,4,accumulativeMNB,3000,0.693
s_sudden,4,accumulativeMNB,4000,0.69
s_sudden,4,accumulativeMNB,5000,0.703
s_sudden,4,accumulativeMNB,6000,0.694
s_sudden,4,accumulativeMNB,7000,0.689
s_sudden,4,accumulativeMNB,8000,0.705
s_sudden,4,accumulativeMNB,9000,0.699
s_sudden,4,accumulativeMNB,10000,0.739
s_sudden,4,accumulativeMNB,11000,0.719
s_sudden,4,accumulativeMNB,12000,0.701
s_sudden,4,accumulativeMNB,13000,0.701
s_sudden,4,accumulativeMNB,14000,0.706
s_sudden,4,accumulativeMNB,15000,0.743
s_sudden,4,accumulativeMNB,16000,0.721
s_sudden,4,accumulativeMNB,17000,0.723
s_sudden,4,accumulativeMNB,18000,0.726
s_sudden,4,accumulativeMNB,19000,0.726
s_sudden,4,accumulativeMNB,20000,0.731
s_sudden,4,accumulativeMNB,21000,0.732
s_sudden,4,accumulativeMNB,22000,0.714
s_sudden,4,accumulativeMNB,23000,0.735
s_sudden,4,accumulativeMNB,24000,0.721
s_sudden,4,accumulativeMNB,25000,0.739
s_sudden,4,accumulativeMNB,26000,0.76
s_sudden,4,accumulativeMNB,27000,0.748
s_sudden,4,accumulativeMNB,28000,0.733
s_sudden,4,accumulativeMNB,29000,0.748
s_sudden,4,accumulativeMNB,30000,0.75
s_sudden,4,accumulativeMNB,31000,0.699
s_sudden,4,accumulativeMNB,32000,0.743
s_sudden,4,accumulativeMNB,33000,0.74
s_sudden,4,accumulativeMNB,34000,0.735
s_sudden,4,accumulativeMNB,35000,0.708
s_sudden,4,accumulativeMNB,36000,0.716
s_sudden,4,accumulativeMNB,37000,0.752
s_sudden,4,accumulativeMNB,38000,0.724
s_sudden,4,accumulativeMNB,39000,0.702
s_sudden,4,accumulativeMNB,40000,0.732
s_sudden,4,accumulativeMNB,41000,0.732
s_sudden,4,accumulativeMNB,42000,0.725
s_sudden,4,accumulativeMNB,43000,0.724
s_sudden,4,accumulativeMNB,44000,0.729
s_sudden,4,accumulativeMNB,45000,0.722
s_sudden,4,accumulativeMNB,46000,0.747
s_sudden,4,accumulativeMNB,47000,0.752
s_sudden,4,accumulativeMNB,48000,0.753
s_sudden,4,accumulativeMNB,49000,0.745
s_sudden,4,accumulativeMNB,50000,0.741
s_sudden,4,accumulativeMNB,51000,0.764
s_sudden,4,accumulativeMNB,52000,0.777
s_sudden,4,accumulativeMNB,53000,0.762
s_sudden,4,accumulativeMNB,54000,0.782
s_sudden,4,accumulativeMNB,55000,0.769
s_sudden,4,accumulativeMNB,56000,0.781
s_sudden,4,accumulativeMNB,57000,0.775
s_sudden,4,accumulativeMNB,58000,0.763
s_sudden,4,accumulativeMNB,59000,0.765
s_sudden,4,accumulativeMNB,60000,0.745
s_sudden,4,accumulativeMNB,61000,0.78
s_sudden,4,accumulativeMNB,62000,0.768
s_sudden,4,accumulativeMNB,63000,0.768
s_sudden,4,accumulativeMNB,64000,0.732
s_sudden,4,accumulativeMNB,65000,0.772
s_sudden,4,accumulativeMNB,66000,0.764
s_sudden,4,accumulativeMNB,67000,0.75
s_sudden,4,accumulativeMNB,68000,0.772
s_sudden,4,accumulativeMNB,69000,0.776
s_sudden,4,accumulativeMNB,70000,0.744
s_sudden,4,accumulativeMNB,71000,0.788
s_sudden,4,accumulativeMNB,72000,0.761
s_sudden,4,accumulativeMNB,73000,0.768
s_sudden,4,accumulativeMNB,74000,0.796
s_sudden,4,accumulativeMNB,75000,0.762
s_sudden,4,accumulativeMNB,76000,0.775
s_sudden,4,accumulativeMNB,77000,0.757
s_sudden,4,accumulativeMNB,78000,0.753
s_sudden,4,accumulativeMNB,79000,0.757
s_sudden,4,accumulativeMNB,80000,0.757
s_sudden,4,fadingMNB,1000,0.645
s_sudden,4,fadingMNB,2000,0.648
s_sudden,4,fadingMNB,3000,0.695
s_sudden,4,fadingMNB,4000,0.69
s_sudden,4,fadingMNB,5000,0.704
s_sudden,4,fadingMNB,6000,0.694
s_sudden,4,fadingMNB,7000,0.692
s_sudden,4,fadingMNB,8000,0.701
s_sudden,4,fadingMNB,9000,0.704
s_sudden,4,fadingMNB,10000,0.74
s_sudden,4,fadingMNB,11000,0.718
s_sudden,4,fadingMNB,12000,0.699
s_sudden,4,fadingMNB,13000,0.704
s_sudden,4,fadingMNB,14000,0.709
s_sudden,4,fadingMNB,15000,0.741
s_sudden,4,fadingMNB,16000,0.721
s_sudden,4,fadingMNB,17000,0.727
s_sudden,4,fadingMNB,18000,0.722
s_sudden,4,fadingMNB,19000,0.725
s_sudden,4,fadingMNB,20000,0.733
s_sudden,4,fadingMNB,21000,0.738
s_sudden,4,fadingMNB,22000,0.716
s_sudden,4,fadingMNB,23000,0.735
s_sudden,4,fadingMNB,24000,0.716
s_sudden,4,fadingMNB,25000,0.735
s_sudden,4,fadingMNB,26000,0.756
s_sudden,4,fadingMNB,27000,0.738
s_sudden,4,fadingMNB,28000,0.738
s_sudden,4,fadingMNB,29000,0.74
s_sudden,4,fadingMNB,30000,0.752
s_sudden,4,fadingMNB,31000,0.69
s_sudden,4,fadingMNB,32000,0.727
s_sudden,4,fadingMNB,33000,0.74
s_sudden,4,fadingMNB,34000,0.731
s_sudden,4,fadingMNB,35000,0.701
s_sudden,4,fadingMNB,36000,0.718
s_sudden,4,fadingMNB,37000,0.748
s_sudden,4,fadingMNB,38000,0.727
s_sudden,4,fadingMNB,39000,0.697
s_sudden,4,fadingMNB,40000,0.733
s_sudden,4,fadingMNB,41000,0.717
s_sudden,4,fadingMNB,42000,0.72
s_sudden,4,fadingMNB,43000,0.727
s_sudden,4,fadingMNB,44000,0.73
s_sudden,4,fadingMNB,45000,0.717
s_sudden,4,fadingMNB,46000,0.735
s_sudden,4,fadingMNB,47000,0.748
s_sudden,4,fadingMNB,48000,0.75
s_sudden,4,fadingMNB,49000,0.747
s_sudden,4,fadingMNB,50000,0.743
s_sudden,4,fadingMNB,51000,0.754
s_sudden,4,fadingMNB,52000,0.771
s_sudden,4,fadingMNB,53000,0.758
s_sudden,4,fadingMNB,54000,0.781
s_sudden,4,fadingMNB,55000,0.762
s_sudden,4,fadingMNB,56000,0.78
s_sudden,4,fadingMNB,57000,0.767
s_sudden,4,fadingMNB,58000,0.762
s_sudden,4,fadingMNB,59000,0.768
s_sudden,4,fadingMNB,60000,0.762
s_sudden,4,fadingMNB,61000,0.773
s_sudden,4,fadingMNB,62000,0.765
s_sudden,4,fadingMNB,63000,0.778
s_sudden,4,fadingMNB,64000,0.737
s_sudden,4,fadingMNB,65000,0.768
s_sudden,4,fadingMNB,66000,0.76
s_sudden,4,fadingMNB,67000,0.753
s_sudden,4,fadingMNB,68000,0.759
s_sudden,4,fadingMNB,69000,0.784
s_sudden,4,fadingMNB,70000,0.738
s_sudden,4,fadingMNB,71000,0.778
s_sudden,4,fadingMNB,72000,0.76
s_sudden,4,fadingMNB,73000,0.759
s_sudden,4,fadingMNB,74000,0.789
s_sudden,4,fadingMNB,75000,0.76
s_sudden,4,fadingMNB,76000,0.773
s_sudden,4,fadingMNB,77000,0.762
s_sudden,4,fadingMNB,78000,0.755
s_sudden,4,fadingMNB,79000,0.755
s_sudden,4,fadingMNB,80000,0.758
s_sudden,4,baseline-Rebuild,1000,0.646
s_sudden,4,baseline-Rebuild,2000,0.649
s_sudden,4,baseline-Rebuild,3000,0.693
s_sudden,4,baseline-Rebuild,4000,0.69
s_sudden,4,baseline-Rebuild,5000,0.703
s_sudden,4,baseline-Rebuild,6000,0.694
s_sudden,4,baseline-Rebuild,7000,0.689
s_sudden,4,baseline-Rebuild,8000,0.705
s_sudden,4,baseline-Rebuild,9000,0.699
s_sudden,4,baseline-Rebuild,10000,0.739
s_sudden,4,baseline-Rebuild,11000,0.719
s_sudden,4,baseline-Rebuild,12000,0.701
s_sudden,4,baseline-Rebuild,13000,0.701
s_sudden,4,baseline-Rebuild,14000,0.706
s_sudden,4,baseline-Rebuild,15000,0.743
s_sudden,4,baseline-Rebuild,16000,0.721
s_sudden,4,baseline-Rebuild,17000,0.723
s_sudden,4,baseline-Rebuild,18000,0.726
s_sudden,4,baseline-Rebuild,19000,0.726
s_sudden,4,baseline-Rebuild,20000,0.731
s_sudden,4,baseline-Rebuild,21000,0.704
s_sudden,4,baseline-Rebuild,22000,0.7
s_sudden,4,baseline-Rebuild,23000,0.73
s_sudden,4,baseline-Rebuild,24000,0.71
s_sudden,4,baseline-Rebuild,25000,0.726
s_sudden,4,baseline-Rebuild,26000,0.737
s_sudden,4,baseline-Rebuild,27000,0.722
s_sudden,4,baseline-Rebuild,28000,0.722
s_sudden,4,baseline-Rebuild,29000,0.727
s_sudden,4,baseline-Rebuild,30000,0.745
s_sudden,4,baseline-Rebuild,31000,0.695
s_sudden,4,baseline-Rebuild,32000,0.715
s_sudden,4,baseline-Rebuild,33000,0.732
s_sudden,4,baseline-Rebuild,34000,0.725
s_sudden,4,baseline-Rebuild,35000,0.701
s_sudden,4,baseline-Rebuild,36000,0.71
s_sudden,4,baseline-Rebuild,37000,0.737
s_sudden,4,baseline-Rebuild,38000,0.695
s_sudden,4,baseline-Rebuild,39000,0.678
s_sudden,4,baseline-Rebuild,40000,0.712
s_sudden,4,baseline-Rebuild,41000,0.719
s_sudden,4,baseline-Rebuild,42000,0.735
s_sudden,4,baseline-Rebuild,43000,0.744
s_sudden,4,baseline-Rebuild,44000,0.724
s_sudden,4,baseline-Rebuild,45000,0.746
s_sudden,4,baseline-Rebuild,46000,0.747
s_sudden,4,baseline-Rebuild,47000,0.752
s_sudden,4,baseline-Rebuild,48000,0.749
s_sudden,4,baseline-Rebuild,49000,0.738
s_sudden,4,baseline-Rebuild,50000,0.752
s_sudden,4,baseline-Rebuild,51000,0.772
s_sudden,4,baseline-Rebuild,52000,0.786
s_sudden,4,baseline-Rebuild,53000,0.777
s_sudden,4,baseline-Rebuild,54000,0.778
s_sudden,4,baseline-Rebuild,55000,0.774
s_sudden,4,baseline-Rebuild,56000,0.775
s_sudden,4,baseline-Rebuild,57000,0.775
s_sudden,4,baseline-Rebuild,58000,0.757
s_sudden,4,baseline-Rebuild,59000,0.773
s_sudden,4,baseline-Rebuild,60000,0.772
s_sudden,4,baseline-Rebuild,61000,0.794
s_sudden,4,baseline-Rebuild,62000,0.778
s_sudden,4,baseline-Rebuild,63000,0.78
s_sudden,4,baseline-Rebuild,64000,0.751
s_sudden,4,baseline-Rebuild,65000,0.768
s_sudden,4,baseline-Rebuild,66000,0.771
s_sudden,4,baseline-Rebuild,67000,0.769
s_sudden,4,baseline-Rebuild,68000,0.765
s_sudden,4,baseline-Rebuild,69000,0.789
s_sudden,4,baseline-Rebuild,70000,0.752
s_sudden,4,baseline-Rebuild,71000,0.789
s_sudden,4,baseline-Rebuild,72000,0.784
s_sudden,4,baseline-Rebuild,73000,0.782
s_sudden,4,baseline-Rebuild,74000,0.797
s_sudden,4,baseline-Rebuild,75000,0.787
s_sudden,4,baseline-Rebuild,76000,0.779
s_sudden,4,baseline-Rebuild,77000,0.776
s_sudden,4,baseline-Rebuild,78000,0.766
s_sudden,4,baseline-Rebuild,79000,0.763
s_sudden,4,baseline-Rebuild,80000,0.749
s_sudden,4,baseline-SIFR,1000,0.646
s_sudden,4,baseline-SIFR,2000,0.649
s_sudden,4,baseline-SIFR,3000,0.693
s_sudden,4,baseline-SIFR,4000,0.69
s_sudden,4,baseline-SIFR,5000,0.703
s_sudden,4,baseline-SIFR,6000,0.694
s_sudden,4,baseline-SIFR,7000,0.689
s_sudden,4,baseline-SIFR,8000,0.705
s_sudden,4,baseline-SIFR,9000,0.699
s_sudden,4,baseline-SIFR,10000,0.739
s_sudden,4,baseline-SIFR,11000,0.719
s_sudden,4,baseline-SIFR,12000,0.701
s_sudden,4,baseline-SIFR,13000,0.701
s_sudden,4,baseline-SIFR,14000,0.706
s_sudden,4,baseline-SIFR,15000,0.743
s_sudden,4,baseline-SIFR,16000,0.721
s_sudden,4,baseline-SIFR,17000,0.723
s_sudden,4,baseline-SIFR,18000,0.726
s_sudden,4,baseline-SIFR,19000,0.726
s_sudden,4,baseline-SIFR,20000,0.731
s_sudden,4,baseline-SIFR,21000,0.737
s_sudden,4,baseline-SIFR,22000,0.708
s_sudden,4,baseline-SIFR,23000,0.745
s_sudden,4,baseline-SIFR,24000,0.715
s_sudden,4,baseline-SIFR,25000,0.726
s_sudden,4,baseline-SIFR,26000,0.752
s_sudden,4,baseline-SIFR,27000,0.733
s_sudden,4,baseline-SIFR,28000,0.726
s_sudden,4,baseline-SIFR,29000,0.726
s_sudden,4,baseline-SIFR,30000,0.755
s_sudden,4,baseline-SIFR,31000,0.693
s_sudden,4,baseline-SIFR,32000,0.718
s_sudden,4,baseline-SIFR,33000,0.744
s_sudden,4,baseline-SIFR,34000,0.73
s_sudden,4,baseline-SIFR,35000,0.699
s_sudden,4,baseline-SIFR,36000,0.716
s_sudden,4,baseline-SIFR,37000,0.749
s_sudden,4,baseline-SIFR,38000,0.722
s_sudden,4,baseline-SIFR,39000,0.696
s_sudden,4,baseline-SIFR,40000,0.725
s_sudden,4,baseline-SIFR,41000,0.732
s_sudden,4,baseline-SIFR,42000,0.725
s_sudden,4,baseline-SIFR,43000,0.724
s_sudden,4,baseline-SIFR,44000,0.729
s_sudden,4,baseline-SIFR,45000,0.716
s_sudden,4,baseline-SIFR,46000,0.741
s_sudden,4,baseline-SIFR,47000,0.747
s_sudden,4,baseline-SIFR,48000,0.758
s_sudden,4,baseline-SIFR,49000,0.744
s_sudden,4,baseline-SIFR,50000,0.741
s_sudden,4,baseline-SIFR,51000,0.755
s_sudden,4,baseline-SIFR,52000,0.773
s_sudden,4,baseline-SIFR,53000,0.756
s_sudden,4,baseline-SIFR,54000,0.768
s_sudden,4,baseline-SIFR,55000,0.764
s_sudden,4,baseline-SIFR,56000,0.765
s_sudden,4,baseline-SIFR,57000,0.769
s_sudden,4,baseline-SIFR,58000,0.759
s_sudden,4,baseline-SIFR,59000,0.761
s_sudden,4,baseline-SIFR,60000,0.756
s_sudden,4,baseline-SIFR,61000,0.759
s_sudden,4,baseline-SIFR,62000,0.759
s_sudden,4,baseline-SIFR,63000,0.767
s_sudden,4,baseline-SIFR,64000,0.743
s_sudden,4,baseline-SIFR,65000,0.765
s_sudden,4,baseline-SIFR,66000,0.757
s_sudden,4,baseline-SIFR,67000,0.754
s_sudden,4,baseline-SIFR,68000,0.762
s_sudden,4,baseline-SIFR,69000,0.778
s_sudden,4,baseline-SIFR,70000,0.739
s_sudden,4,baseline-SIFR,71000,0.763
s_sudden,4,baseline-SIFR,72000,0.76
s_sudden,4,baseline-SIFR,73000,0.756
s_sudden,4,baseline-SIFR,74000,0.79
s_sudden,4,baseline-SIFR,75000,0.76
s_sudden,4,baseline-SIFR,76000,0.772
s_sudden,4,baseline-SIFR,77000,0.756
s_sudden,4,baseline-SIFR,78000,0.741
s_sudden,4,baseline-SIFR,79000,0.745
s_sudden,4,baseline-SIFR,80000,0.752
s_sudden,4,enhanced-adwin_only,1000,0.646
s_sudden,4,enhanced-adwin_only,2000,0.649
s_sudden,4,enhanced-adwin_only,3000,0.693
s_sudden,4,enhanced-adwin_only,4000,0.69
s_sudden,4,enhanced-adwin_only,5000,0.703
s_sudden,4,enhanced-adwin_only,6000,0.694
s_sudden,4,enhanced-adwin_only,7000,0.689
s_sudden,4,enhanced-adwin_only,8000,0.705
s_sudden,4,enhanced-adwin_only,9000,0.699
s_sudden,4,enhanced-adwin_only,10000,0.739
s_sudden,4,enhanced-adwin_only,11000,0.719
s_sudden,4,enhanced-adwin_only,12000,0.701
s_sudden,4,enhanced-adwin_only,13000,0.701
s_sudden,4,enhanced-adwin_only,14000,0.706
s_sudden,4,enhanced-adwin_only,15000,0.743
s_sudden,4,enhanced-adwin_only,16000,0.721
s_sudden,4,enhanced-adwin_only,17000,0.723
s_sudden,4,enhanced-adwin_only,18000,0.726
s_sudden,4,enhanced-adwin_only,19000,0.726
s_sudden,4,enhanced-adwin_only,20000,0.731
s_sudden,4,enhanced-adwin_only,21000,0.732
s_sudden,4,enhanced-adwin_only,22000,0.714
s_sudden,4,enhanced-adwin_only,23000,0.735
s_sudden,4,enhanced-adwin_only,24000,0.721
s_sudden,4,enhanced-adwin_only,25000,0.739
s_sudden,4,enhanced-adwin_only,26000,0.76
s_sudden,4,enhanced-adwin_only,27000,0.748
s_sudden,4,enhanced-adwin_only,28000,0.733
s_sudden,4,enhanced-adwin_only,29000,0.748
s_sudden,4,enhanced-adwin_only,30000,0.75
s_sudden,4,enhanced-adwin_only,31000,0.699
s_sudden,4,enhanced-adwin_only,32000,0.743
s_sudden,4,enhanced-adwin_only,33000,0.74
s_sudden,4,enhanced-adwin_only,34000,0.735
s_sudden,4,enhanced-adwin_only,35000,0.708
s_sudden,4,enhanced-adwin_only,36000,0.716
s_sudden,4,enhanced-adwin_only,37000,0.752
s_sudden,4,enhanced-adwin_only,38000,0.724
s_sudden,4,enhanced-adwin_only,39000,0.702
s_sudden,4,enhanced-adwin_only,40000,0.732
s_sudden,4,enhanced-adwin_only,41000,0.732
s_sudden,4,enhanced-adwin_only,42000,0.725
s_sudden,4,enhanced-adwin_only,43000,0.724
s_sudden,4,enhanced-adwin_only,44000,0.729
s_sudden,4,enhanced-adwin_only,45000,0.722
s_sudden,4,enhanced-adwin_only,46000,0.747
s_sudden,4,enhanced-adwin_only,47000,0.752
s_sudden,4,enhanced-adwin_only,48000,0.753
s_sudden,4,enhanced-adwin_only,49000,0.745
s_sudden,4,enhanced-adwin_only,50000,0.741
s_sudden,4,enhanced-adwin_only,51000,0.764
s_sudden,4,enhanced-adwin_only,52000,0.777
s_sudden,4,enhanced-adwin_only,53000,0.762
s_sudden,4,enhanced-adwin_only,54000,0.782
s_sudden,4,enhanced-adwin_only,55000,0.769
s_sudden,4,enhanced-adwin_only,56000,0.781
s_sudden,4,enhanced-adwin_only,57000,0.775
s_sudden,4,enhanced-adwin_only,58000,0.763
s_sudden,4,enhanced-adwin_only,59000,0.765
s_sudden,4,enhanced-adwin_only,60000,0.745
s_sudden,4,enhanced-adwin_only,61000,0.78
s_sudden,4,enhanced-adwin_only,62000,0.768
s_sudden,4,enhanced-adwin_only,63000,0.768
s_sudden,4,enhanced-adwin_only,64000,0.732
s_sudden,4,enhanced-adwin_only,65000,0.772
s_sudden,4,enhanced-adwin_only,66000,0.764
s_sudden,4,enhanced-adwin_only,67000,0.75
s_sudden,4,enhanced-adwin_only,68000,0.772
s_sudden,4,enhanced-adwin_only,69000,0.776
s_sudden,4,enhanced-adwin_only,70000,0.744
s_sudden,4,enhanced-adwin_only,71000,0.788
s_sudden,4,enhanced-adwin_only,72000,0.761
s_sudden,4,enhanced-adwin_only,73000,0.768
s_sudden,4,enhanced-adwin_only,74000,0.796
s_sudden,4,enhanced-adwin_only,75000,0.762
s_sudden,4,enhanced-adwin_only,76000,0.775
s_sudden,4,enhanced-adwin_only,77000,0.757
s_sudden,4,enhanced-adwin_only,78000,0.753
s_sudden,4,enhanced-adwin_only,79000,0.757
s_sudden,4,enhanced-adwin_only,80000,0.757
s_sudden,4,enhanced-or,1000,0.646
s_sudden,4,enhanced-or,2000,0.649
s_sudden,4,enhanced-or,3000,0.693
s_sudden,4,enhanced-or,4000,0.69
s_sudden,4,enhanced-or,5000,0.703
s_sudden,4,enhanced-or,6000,0.694
s_sudden,4,enhanced-or,7000,0.689
s_sudden,4,enhanced-or,8000,0.705
s_sudden,4,enhanced-or,9000,0.699
s_sudden,4,enhanced-or,10000,0.739
s_sudden,4,enhanced-or,11000,0.719
s_sudden,4,enhanced-or,12000,0.701
s_sudden,4,enhanced-or,13000,0.701
s_sudden,4,enhanced-or,14000,0.706
s_sudden,4,enhanced-or,15000,0.743
s_sudden,4,enhanced-or,16000,0.721
s_sudden,4,enhanced-or,17000,0.723
s_sudden,4,enhanced-or,18000,0.726
s_sudden,4,enhanced-or,19000,0.726
s_sudden,4,enhanced-or,20000,0.731
s_sudden,4,enhanced-or,21000,0.704
s_sudden,4,enhanced-or,22000,0.7
s_sudden,4,enhanced-or,23000,0.73
s_sudden,4,enhanced-or,24000,0.71
s_sudden,4,enhanced-or,25000,0.726
s_sudden,4,enhanced-or,26000,0.737
s_sudden,4,enhanced-or,27000,0.722
s_sudden,4,enhanced-or,28000,0.722
s_sudden,4,enhanced-or,29000,0.727
s_sudden,4,enhanced-or,30000,0.745
s_sudden,4,enhanced-or,31000,0.695
s_sudden,4,enhanced-or,32000,0.715
s_sudden,4,enhanced-or,33000,0.732
s_sudden,4,enhanced-or,34000,0.725
s_sudden,4,enhanced-or,35000,0.701
s_sudden,4,enhanced-or,36000,0.71
s_sudden,4,enhanced-or,37000,0.737
s_sudden,4,enhanced-or,38000,0.695
s_sudden,4,enhanced-or,39000,0.678
s_sudden,4,enhanced-or,40000,0.712
s_sudden,4,enhanced-or,41000,0.719
s_sudden,4,enhanced-or,42000,0.735
s_sudden,4,enhanced-or,43000,0.744
s_sudden,4,enhanced-or,44000,0.724
s_sudden,4,enhanced-or,45000,0.746
s_sudden,4,enhanced-or,46000,0.747
s_sudden,4,enhanced-or,47000,0.752
s_sudden,4,enhanced-or,48000,0.749
s_sudden,4,enhanced-or,49000,0.738
s_sudden,4,enhanced-or,50000,0.752
s_sudden,4,enhanced-or,51000,0.772
s_sudden,4,enhanced-or,52000,0.786
s_sudden,4,enhanced-or,53000,0.777
s_sudden,4,enhanced-or,54000,0.778
s_sudden,4,enhanced-or,55000,0.774
s_sudden,4,enhanced-or,56000,0.775
s_sudden,4,enhanced-or,57000,0.775
s_sudden,4,enhanced-or,58000,0.757
s_sudden,4,enhanced-or,59000,0.773
s_sudden,4,enhanced-or,60000,0.772
s_sudden,4,enhanced-or,61000,0.794
s_sudden,4,enhanced-or,62000,0.778
s_sudden,4,enhanced-or,63000,0.78
s_sudden,4,enhanced-or,64000,0.751
s_sudden,4,enhanced-or,65000,0.768
s_sudden,4,enhanced-or,66000,0.771
s_sudden,4,enhanced-or,67000,0.769
s_sudden,4,enhanced-or,68000,0.765
s_sudden,4,enhanced-or,69000,0.789
s_sudden,4,enhanced-or,70000,0.752
s_sudden,4,enhanced-or,71000,0.789
s_sudden,4,enhanced-or,72000,0.784
s_sudden,4,enhanced-or,73000,0.782
s_sudden,4,enhanced-or,74000,0.797
s_sudden,4,enhanced-or,75000,0.787
s_sudden,4,enhanced-or,76000,0.779
s_sudden,4,enhanced-or,77000,0.776
s_sudden,4,enhanced-or,78000,0.766
s_sudden,4,enhanced-or,79000,0.763
s_sudden,4,enhanced-or,80000,0.749
s_sudden,4,enhanced-and,1000,0.646
s_sudden,4,enhanced-and,2000,0.649
s_sudden,4,enhanced-and,3000,0.693
s_sudden,4,enhanced-and,4000,0.69
s_sudden,4,enhanced-and,5000,0.703
s_sudden,4,enhanced-and,6000,0.694
s_sudden,4,enhanced-and,7000,0.689
s_sudden,4,enhanced-and,8000,0.705
s_sudden,4,enhanced-and,9000,0.699
s_sudden,4,enhanced-and,10000,0.739
s_sudden,4,enhanced-and,11000,0.719
s_sudden,4,enhanced-and,12000,0.701
s_sudden,4,enhanced-and,13000,0.701
s_sudden,4,enhanced-and,14000,0.706
s_sudden,4,enhanced-and,15000,0.743
s_sudden,4,enhanced-and,16000,0.721
s_sudden,4,enhanced-and,17000,0.723
s_sudden,4,enhanced-and,18000,0.726
s_sudden,4,enhanced-and,19000,0.726
s_sudden,4,enhanced-and,20000,0.731
s_sudden,4,enhanced-and,21000,0.732
s_sudden,4,enhanced-and,22000,0.714
s_sudden,4,enhanced-and,23000,0.735
s_sudden,4,enhanced-and,24000,0.721
s_sudden,4,enhanced-and,25000,0.739
s_sudden,4,enhanced-and,26000,0.76
s_sudden,4,enhanced-and,27000,0.748
s_sudden,4,enhanced-and,28000,0.733
s_sudden,4,enhanced-and,29000,0.748
s_sudden,4,enhanced-and,30000,0.75
s_sudden,4,enhanced-and,31000,0.699
s_sudden,4,enhanced-and,32000,0.743
s_sudden,4,enhanced-and,33000,0.74
s_sudden,4,enhanced-and,34000,0.735
s_sudden,4,enhanced-and,35000,0.708
s_sudden,4,enhanced-and,36000,0.716
s_sudden,4,enhanced-and,37000,0.752
s_sudden,4,enhanced-and,38000,0.724
s_sudden,4,enhanced-and,39000,0.702
s_sudden,4,enhanced-and,40000,0.732
s_sudden,4,enhanced-and,41000,0.732
s_sudden,4,enhanced-and,42000,0.725
s_sudden,4,enhanced-and,43000,0.724
s_sudden,4,enhanced-and,44000,0.729
s_sudden,4,enhanced-and,45000,0.722
s_sudden,4,enhanced-and,46000,0.747
s_sudden,4,enhanced-and,47000,0.752
s_sudden,4,enhanced-and,48000,0.753
s_sudden,4,enhanced-and,49000,0.745
s_sudden,4,enhanced-and,50000,0.741
s_sudden,4,enhanced-and,51000,0.764
s_sudden,4,enhanced-and,52000,0.777
s_sudden,4,enhanced-and,53000,0.762
s_sudden,4,enhanced-and,54000,0.782
s_sudden,4,enhanced-and,55000,0.769
s_sudden,4,enhanced-and,56000,0.781
s_sudden,4,enhanced-and,57000,0.775
s_sudden,4,enhanced-and,58000,0.763
s_sudden,4,enhanced-and,59000,0.765
s_sudden,4,enhanced-and,60000,0.745
s_sudden,4,enhanced-and,61000,0.78
s_sudden,4,enhanced-and,62000,0.768
s_sudden,4,enhanced-and,63000,0.768
s_sudden,4,enhanced-and,64000,0.732
s_sudden,4,enhanced-and,65000,0.772
s_sudden,4,enhanced-and,66000,0.764
s_sudden,4,enhanced-and,67000,0.75
s_sudden,4,enhanced-and,68000,0.772
s_sudden,4,enhanced-and,69000,0.776
s_sudden,4,enhanced-and,70000,0.744
s_sudden,4,enhanced-and,71000,0.788
s_sudden,4,enhanced-and,72000,0.761
s_sudden,4,enhanced-and,73000,0.768
s_sudden,4,enhanced-and,74000,0.796
s_sudden,4,enhanced-and,75000,0.762
s_sudden,4,enhanced-and,76000,0.775
s_sudden,4,enhanced-and,77000,0.757
s_sudden,4,enhanced-and,78000,0.753
s_sudden,4,enhanced-and,79000,0.757
s_sudden,4,enhanced-and,80000,0.757
s_gradual,0,accumulativeMNB,1000,0.614
s_gradual,0,accumulativeMNB,2000,0.659
s_gradual,0,accumulativeMNB,3000,0.677
s_gradual,0,accumulativeMNB,4000,0.717
s_gradual,0,accumulativeMNB,5000,0.701
s_gradual,0,accumulativeMNB,6000,0.705
s_gradual,0,accumulativeMNB,7000,0.671
s_gradual,0,accumulativeMNB,8000,0.709
s_gradual,0,accumulativeMNB,9000,0.711
s_gradual,0,accumulativeMNB,10000,0.716
s_gradual,0,accumulativeMNB,11000,0.722
s_gradual,0,accumulativeMNB,12000,0.702
s_gradual,0,accumulativeMNB,13000,0.712
s_gradual,0,accumulativeMNB,14000,0.708
s_gradual,0,accumulativeMNB,15000,0.732
s_gradual,0,accumulativeMNB,16000,0.699
s_gradual,0,accumulativeMNB,17000,0.724
s_gradual,0,accumulativeMNB,18000,0.734
s_gradual,0,accumulativeMNB,19000,0.739
s_gradual,0,accumulativeMNB,20000,0.726
s_gradual,0,accumulativeMNB,21000,0.754
s_gradual,0,accumulativeMNB,22000,0.727
s_gradual,0,accumulativeMNB,23000,0.734
s_gradual,0,accumulativeMNB,24000,0.724
s_gradual,0,accumulativeMNB,25000,0.721
s_gradual,0,accumulativeMNB,26000,0.716
s_gradual,0,accumulativeMNB,27000,0.709
s_gradual,0,accumulativeMNB,28000,0.727
s_gradual,0,accumulativeMNB,29000,0.73
s_gradual,0,accumulativeMNB,30000,0.742
s_gradual,0,accumulativeMNB,31000,0.745
s_gradual,0,accumulativeMNB,32000,0.725
s_gradual,0,accumulativeMNB,33000,0.713
s_gradual,0,accumulativeMNB,34000,0.738
s_gradual,0,accumulativeMNB,35000,0.711
s_gradual,0,accumulativeMNB,36000,0.754
s_gradual,0,accumulativeMNB,37000,0.758
s_gradual,0,accumulativeMNB,38000,0.752
s_gradual,0,accumulativeMNB,39000,0.738
s_gradual,0,accumulativeMNB,40000,0.726
s_gradual,0,accumulativeMNB,41000,0.738
s_gradual,0,accumulativeMNB,42000,0.74
s_gradual,0,accumulativeMNB,43000,0.75
s_gradual,0,accumulativeMNB,44000,0.751
s_gradual,0,accumulativeMNB,45000,0.734
s_gradual,0,accumulativeMNB,46000,0.749
s_gradual,0,accumulativeMNB,47000,0.738
s_gradual,0,accumulativeMNB,48000,0.725
s_gradual,0,accumulativeMNB,49000,0.733
s_gradual,0,accumulativeMNB,50000,0.771
s_gradual,0,accumulativeMNB,51000,0.752
s_gradual,0,accumulativeMNB,52000,0.772
s_gradual,0,accumulativeMNB,53000,0.746
s_gradual,0,accumulativeMNB,54000,0.765
s_gradual,0,accumulativeMNB,55000,0.776
s_gradual,0,accumulativeMNB,56000,0.778
s_gradual,0,accumulativeMNB,57000,0.751
s_gradual,0,accumulativeMNB,58000,0.75
s_gradual,0,accumulativeMNB,59000,0.77
s_gradual,0,accumulativeMNB,60000,0.758
s_gradual,0,accumulativeMNB,61000,0.77
s_gradual,0,accumulativeMNB,62000,0.769
s_gradual,0,accumulativeMNB,63000,0.763
s_gradual,0,accumulativeMNB,64000,0.74
s_gradual,0,accumulativeMNB,65000,0.748
s_gradual,0,accumulativeMNB,66000,0.755
s_gradual,0,accumulativeMNB,67000,0.773
s_gradual,0,accumulativeMNB,68000,0.785
s_gradual,0,accumulativeMNB,69000,0.772
s_gradual,0,accumulativeMNB,70000,0.789
s_gradual,0,accumulativeMNB,71000,0.766
s_gradual,0,accumulativeMNB,72000,0.797
s_gradual,0,accumulativeMNB,73000,0.796
s_gradual,0,accumulativeMNB,74000,0.775
s_gradual,0,accumulativeMNB,75000,0.789
s_gradual,0,accumulativeMNB,76000,0.763
s_gradual,0,accumulativeMNB,77000,0.781
s_gradual,0,accumulativeMNB,78000,0.775
s_gradual,0,accumulativeMNB,79000,0.755
s_gradual,0,accumulativeMNB,80000,0.774
s_gradual,0,fadingMNB,1000,0.614
s_gradual,0,fadingMNB,2000,0.657
s_gradual,0,fadingMNB,3000,0.679
s_gradual,0,fadingMNB,4000,0.717
s_gradual,0,fadingMNB,5000,0.699
s_gradual,0,fadingMNB,6000,0.703
s_gradual,0,fadingMNB,7000,0.665
s_gradual,0,fadingMNB,8000,0.712
s_gradual,0,fadingMNB,9000,0.716
s_gradual,0,fadingMNB,10000,0.713
s_gradual,0,fadingMNB,11000,0.735
s_gradual,0,fadingMNB,12000,0.702
s_gradual,0,fadingMNB,13000,0.706
s_gradual,0,fadingMNB,14000,0.709
s_gradual,0,fadingMNB,15000,0.74
s_gradual,0,fadingMNB,16000,0.703
s_gradual,0,fadingMNB,17000,0.716
s_gradual,0,fadingMNB,18000,0.733
s_gradual,0,fadingMNB,19000,0.746
s_gradual,0,fadingMNB,20000,0.735
s_gradual,0,fadingMNB,21000,0.749
s_gradual,0,fadingMNB,22000,0.723
s_gradual,0,fadingMNB,23000,0.738
s_gradual,0,fadingMNB,24000,0.719
s_gradual,0,fadingMNB,25000,0.73
s_gradual,0,fadingMNB,26000,0.714
s_gradual,0,fadingMNB,27000,0.705
s_gradual,0,fadingMNB,28000,0.735
s_gradual,0,fadingMNB,29000,0.735
s_gradual,0,fadingMNB,30000,0.746
s_gradual,0,fadingMNB,31000,0.759
s_gradual,0,fadingMNB,32000,0.718
s_gradual,0,fadingMNB,33000,0.712
s_gradual,0,fadingMNB,34000,0.736
s_gradual,0,fadingMNB,35000,0.721
s_gradual,0,fadingMNB,36000,0.744
s_gradual,0,fadingMNB,37000,0.75
s_gradual,0,fadingMNB,38000,0.749
s_gradual,0,fadingMNB,39000,0.735
s_gradual,0,fadingMNB,40000,0.735
s_gradual,0,fadingMNB,41000,0.747
s_gradual,0,fadingMNB,42000,0.75
s_gradual,0,fadingMNB,43000,0.727
s_gradual,0,fadingMNB,44000,0.744
s_gradual,0,fadingMNB,45000,0.731
s_gradual,0,fadingMNB,46000,0.754
s_gradual,0,fadingMNB,47000,0.741
s_gradual,0,fadingMNB,48000,0.719
s_gradual,0,fadingMNB,49000,0.722
s_gradual,0,fadingMNB,50000,0.768
s_gradual,0,fadingMNB,51000,0.75
s_gradual,0,fadingMNB,52000,0.777
s_gradual,0,fadingMNB,53000,0.74
s_gradual,0,fadingMNB,54000,0.765
s_gradual,0,fadingMNB,55000,0.79
s_gradual,0,fadingMNB,56000,0.77
s_gradual,0,fadingMNB,57000,0.747
s_gradual,0,fadingMNB,58000,0.739
s_gradual,0,fadingMNB,59000,0.765
s_gradual,0,fadingMNB,60000,0.741
s_gradual,0,fadingMNB,61000,0.778
s_gradual,0,fadingMNB,62000,0.766
s_gradual,0,fadingMNB,63000,0.764
s_gradual,0,fadingMNB,64000,0.74
s_gradual,0,fadingMNB,65000,0.737
s_gradual,0,fadingMNB,66000,0.758
s_gradual,0,fadingMNB,67000,0.772
s_gradual,0,fadingMNB,68000,0.783
s_gradual,0,fadingMNB,69000,0.763
s_gradual,0,fadingMNB,70000,0.784
s_gradual,0,fadingMNB,71000,0.77
s_gradual,0,fadingMNB,72000,0.782
s_gradual,0,fadingMNB,73000,0.791
s_gradual,0,fadingMNB,74000,0.769
s_gradual,0,fadingMNB,75000,0.78
s_gradual,0,fadingMNB,76000,0.758
s_gradual,0,fadingMNB,77000,0.772
s_gradual,0,fadingMNB,78000,0.77
s_gradual,0,fadingMNB,79000,0.765
s_gradual,0,fadingMNB,80000,0.766
s_gradual,0,baseline-Rebuild,1000,0.614
s_gradual,0,baseline-Rebuild,2000,0.659
s_gradual,0,baseline-Rebuild,3000,0.677
s_gradual,0,baseline-Rebuild,4000,0.717
s_gradual,0,baseline-Rebuild,5000,0.701
s_gradual,0,baseline-Rebuild,6000,0.705
s_gradual,0,baseline-Rebuild,7000,0.671
s_gradual,0,baseline-Rebuild,8000,0.709
s_gradual,0,baseline-Rebuild,9000,0.711
s_gradual,0,baseline-Rebuild,10000,0.716
s_gradual,0,baseline-Rebuild,11000,0.722
s_gradual,0,baseline-Rebuild,12000,0.702
s_gradual,0,baseline-Rebuild,13000,0.712
s_gradual,0,baseline-Rebuild,14000,0.708
s_gradual,0,baseline-Rebuild,15000,0.732
s_gradual,0,baseline-Rebuild,16000,0.699
s_gradual,0,baseline-Rebuild,17000,0.724
s_gradual,0,baseline-Rebuild,18000,0.734
s_gradual,0,baseline-Rebuild,19000,0.739
s_gradual,0,baseline-Rebuild,20000,0.726
s_gradual,0,baseline-Rebuild,21000,0.721
s_gradual,0,baseline-Rebuild,22000,0.702
s_gradual,0,baseline-Rebuild,23000,0.712
s_gradual,0,baseline-Rebuild,24000,0.699
s_gradual,0,baseline-Rebuild,25000,0.695
s_gradual,0,baseline-Rebuild,26000,0.69
s_gradual,0,baseline-Rebuild,27000,0.702
s_gradual,0,baseline-Rebuild,28000,0.719
s_gradual,0,baseline-Rebuild,29000,0.713
s_gradual,0,baseline-Rebuild,30000,0.753
s_gradual,0,baseline-Rebuild,31000,0.747
s_gradual,0,baseline-Rebuild,32000,0.707
s_gradual,0,baseline-Rebuild,33000,0.702
s_gradual,0,baseline-Rebuild,34000,0.732
s_gradual,0,baseline-Rebuild,35000,0.708
s_gradual,0,baseline-Rebuild,36000,0.719
s_gradual,0,baseline-Rebuild,37000,0.74
s_gradual,0,baseline-Rebuild,38000,0.716
s_gradual,0,baseline-Rebuild,39000,0.73
s_gradual,0,baseline-Rebuild,40000,0.72
s_gradual,0,baseline-Rebuild,41000,0.738
s_gradual,0,baseline-Rebuild,42000,0.744
s_gradual,0,baseline-Rebuild,43000,0.739
s_gradual,0,baseline-Rebuild,44000,0.768
s_gradual,0,baseline-Rebuild,45000,0.727
s_gradual,0,baseline-Rebuild,46000,0.751
s_gradual,0,baseline-Rebuild,47000,0.746
s_gradual,0,baseline-Rebuild,48000,0.732
s_gradual,0,baseline-Rebuild,49000,0.73
s_gradual,0,baseline-Rebuild,50000,0.772
s_gradual,0,baseline-Rebuild,51000,0.749
s_gradual,0,baseline-Rebuild,52000,0.781
s_gradual,0,baseline-Rebuild,53000,0.757
s_gradual,0,baseline-Rebuild,54000,0.777
s_gradual,0,baseline-Rebuild,55000,0.791
s_gradual,0,baseline-Rebuild,56000,0.783
s_gradual,0,baseline-Rebuild,57000,0.777
s_gradual,0,baseline-Rebuild,58000,0.76
s_gradual,0,baseline-Rebuild,59000,0.77
s_gradual,0,baseline-Rebuild,60000,0.774
s_gradual,0,baseline-Rebuild,61000,0.791
s_gradual,0,baseline-Rebuild,62000,0.77
s_gradual,0,baseline-Rebuild,63000,0.772
s_gradual,0,baseline-Rebuild,64000,0.783
s_gradual,0,baseline-Rebuild,65000,0.758
s_gradual,0,baseline-Rebuild,66000,0.768
s_gradual,0,baseline-Rebuild,67000,0.784
s_gradual,0,baseline-Rebuild,68000,0.796
s_gradual,0,baseline-Rebuild,69000,0.777
s_gradual,0,baseline-Rebuild,70000,0.796
s_gradual,0,baseline-Rebuild,71000,0.764
s_gradual,0,baseline-Rebuild,72000,0.783
s_gradual,0,baseline-Rebuild,73000,0.788
s_gradual,0,baseline-Rebuild,74000,0.753
s_gradual,0,baseline-Rebuild,75000,0.781
s_gradual,0,baseline-Rebuild,76000,0.747
s_gradual,0,baseline-Rebuild,77000,0.763
s_gradual,0,baseline-Rebuild,78000,0.776
s_gradual,0,baseline-Rebuild,79000,0.774
s_gradual,0,baseline-Rebuild,80000,0.775
s_gradual,0,baseline-SIFR,1000,0.614
s_gradual,0,baseline-SIFR,2000,0.659
s_gradual,0,baseline-SIFR,3000,0.677
s_gradual,0,baseline-SIFR,4000,0.717
s_gradual,0,baseline-SIFR,5000,0.701
s_gradual,0,baseline-SIFR,6000,0.705
s_gradual,0,baseline-SIFR,7000,0.671
s_gradual,0,baseline-SIFR,8000,0.709
s_gradual,0,baseline-SIFR,9000,0.711
s_gradual,0,baseline-SIFR,10000,0.716
s_gradual,0,baseline-SIFR,11000,0.722
s_gradual,0,baseline-SIFR,12000,0.702
s_gradual,0,baseline-SIFR,13000,0.712
s_gradual,0,baseline-SIFR,14000,0.708
s_gradual,0,baseline-SIFR,15000,0.732
s_gradual,0,baseline-SIFR,16000,0.699
s_gradual,0,baseline-SIFR,17000,0.724
s_gradual,0,baseline-SIFR,18000,0.734
s_gradual,0,baseline-SIFR,19000,0.739
s_gradual,0,baseline-SIFR,20000,0.726
s_gradual,0,baseline-SIFR,21000,0.743
s_gradual,0,baseline-SIFR,22000,0.718
s_gradual,0,baseline-SIFR,23000,0.729
s_gradual,0,baseline-SIFR,24000,0.719
s_gradual,0,baseline-SIFR,25000,0.727
s_gradual,0,baseline-SIFR,26000,0.707
s_gradual,0,baseline-SIFR,27000,0.707
s_gradual,0,baseline-SIFR,28000,0.735
s_gradual,0,baseline-SIFR,29000,0.733
s_gradual,0,baseline-SIFR,30000,0.747
s_gradual,0,baseline-SIFR,31000,0.764
s_gradual,0,baseline-SIFR,32000,0.728
s_gradual,0,baseline-SIFR,33000,0.709
s_gradual,0,baseline-SIFR,34000,0.727
s_gradual,0,baseline-SIFR,35000,0.718
s_gradual,0,baseline-SIFR,36000,0.749
s_gradual,0,baseline-SIFR,37000,0.749
s_gradual,0,baseline-SIFR,38000,0.738
s_gradual,0,baseline-SIFR,39000,0.733
s_gradual,0,baseline-SIFR,40000,0.733
s_gradual,0,baseline-SIFR,41000,0.738
s_gradual,0,baseline-SIFR,42000,0.74
s_gradual,0,baseline-SIFR,43000,0.75
s_gradual,0,baseline-SIFR,44000,0.751
s_gradual,0,baseline-SIFR,45000,0.734
s_gradual,0,baseline-SIFR,46000,0.749
s_gradual,0,baseline-SIFR,47000,0.738
s_gradual,0,baseline-SIFR,48000,0.725
s_gradual,0,baseline-SIFR,49000,0.733
s_gradual,0,baseline-SIFR,50000,0.771
s_gradual,0,baseline-SIFR,51000,0.752
s_gradual,0,baseline-SIFR,52000,0.772
s_gradual,0,baseline-SIFR,53000,0.746
s_gradual,0,baseline-SIFR,54000,0.765
s_gradual,0,baseline-SIFR,55000,0.776
s_gradual,0,baseline-SIFR,56000,0.778
s_gradual,0,baseline-SIFR,57000,0.751
s_gradual,0,baseline-SIFR,58000,0.746
s_gradual,0,baseline-SIFR,59000,0.769
s_gradual,0,baseline-SIFR,60000,0.743
s_gradual,0,baseline-SIFR,61000,0.772
s_gradual,0,baseline-SIFR,62000,0.764
s_gradual,0,baseline-SIFR,63000,0.761
s_gradual,0,baseline-SIFR,64000,0.739
s_gradual,0,baseline-SIFR,65000,0.734
s_gradual,0,baseline-SIFR,66000,0.757
s_gradual,0,baseline-SIFR,67000,0.774
s_gradual,0,baseline-SIFR,68000,0.778
s_gradual,0,baseline-SIFR,69000,0.76
s_gradual,0,baseline-SIFR,70000,0.785
s_gradual,0,baseline-SIFR,71000,0.757
s_gradual,0,baseline-SIFR,72000,0.767
s_gradual,0,baseline-SIFR,73000,0.788
s_gradual,0,baseline-SIFR,74000,0.75
s_gradual,0,baseline-SIFR,75000,0.781
s_gradual,0,baseline-SIFR,76000,0.764
s_gradual,0,baseline-SIFR,77000,0.781
s_gradual,0,baseline-SIFR,78000,0.775
s_gradual,0,baseline-SIFR,79000,0.755
s_gradual,0,baseline-SIFR,80000,0.774
s_gradual,0,enhanced-adwin_only,1000,0.614
s_gradual,0,enhanced-adwin_only,2000,0.659
s_gradual,0,enhanced-adwin_only,3000,0.677
s_gradual,0,enhanced-adwin_only,4000,0.717
s_gradual,0,enhanced-adwin_only,5000,0.701
s_gradual,0,enhanced-adwin_only,6000,0.705
s_gradual,0,enhanced-adwin_only,7000,0.671
s_gradual,0,enhanced-adwin_only,8000,0.709
s_gradual,0,enhanced-adwin_only,9000,0.711
s_gradual,0,enhanced-adwin_only,10000,0.716
s_gradual,0,enhanced-adwin_only,11000,0.722
s_gradual,0,enhanced-adwin_only,12000,0.702
s_gradual,0,enhanced-adwin_only,13000,0.712
s_gradual,0,enhanced-adwin_only,14000,0.708
s_gradual,0,enhanced-adwin_only,15000,0.732
s_gradual,0,enhanced-adwin_only,16000,0.699
s_gradual,0,enhanced-adwin_only,17000,0.724
s_gradual,0,enhanced-adwin_only,18000,0.734
s_gradual,0,enhanced-adwin_only,19000,0.739
s_gradual,0,enhanced-adwin_only,20000,0.726
s_gradual,0,enhanced-adwin_only,21000,0.754
s_gradual,0,enhanced-adwin_only,22000,0.727
s_gradual,0,enhanced-adwin_only,23000,0.734
s_gradual,0,enhanced-adwin_only,24000,0.724
s_gradual,0,enhanced-adwin_only,25000,0.721
s_gradual,0,enhanced-adwin_only,26000,0.716
s_gradual,0,enhanced-adwin_only,27000,0.709
s_gradual,0,enhanced-adwin_only,28000,0.727
s_gradual,0,enhanced-adwin_only,29000,0.73
s_gradual,0,enhanced-adwin_only,30000,0.742
s_gradual,0,enhanced-adwin_only,31000,0.745
s_gradual,0,enhanced-adwin_only,32000,0.725
s_gradual,0,enhanced-adwin_only,33000,0.713
s_gradual,0,enhanced-adwin_only,34000,0.738
s_gradual,0,enhanced-adwin_only,35000,0.711
s_gradual,0,enhanced-adwin_only,36000,0.754
s_gradual,0,enhanced-adwin_only,37000,0.758
s_gradual,0,enhanced-adwin_only,38000,0.752
s_gradual,0,enhanced-adwin_only,39000,0.738
s_gradual,0,enhanced-adwin_only,40000,0.726
s_gradual,0,enhanced-adwin_only,41000,0.738
s_gradual,0,enhanced-adwin_only,42000,0.74
s_gradual,0,enhanced-adwin_only,43000,0.75
s_gradual,0,enhanced-adwin_only,44000,0.751
s_gradual,0,enhanced-adwin_only,45000,0.734
s_gradual,0,enhanced-adwin_only,46000,0.749
s_gradual,0,enhanced-adwin_only,47000,0.738
s_gradual,0,enhanced-adwin_only,48000,0.725
s_gradual,0,enhanced-adwin_only,49000,0.733
s_gradual,0,enhanced-adwin_only,50000,0.771
s_gradual,0,enhanced-adwin_only,51000,0.752
s_gradual,0,enhanced-adwin_only,52000,0.772
s_gradual,0,enhanced-adwin_only,53000,0.746
s_gradual,0,enhanced-adwin_only,54000,0.765
s_gradual,0,enhanced-adwin_only,55000,0.776
s_gradual,0,enhanced-adwin_only,56000,0.778
s_gradual,0,enhanced-adwin_only,57000,0.751
s_gradual,0,enhanced-adwin_only,58000,0.75
s_gradual,0,enhanced-adwin_only,59000,0.77
s_gradual,0,enhanced-adwin_only,60000,0.758
s_gradual,0,enhanced-adwin_only,61000,0.77
s_gradual,0,enhanced-adwin_only,62000,0.769
s_gradual,0,enhanced-adwin_only,63000,0.763
s_gradual,0,enhanced-adwin_only,64000,0.74
s_gradual,0,enhanced-adwin_only,65000,0.748
s_gradual,0,enhanced-adwin_only,66000,0.755
s_gradual,0,enhanced-adwin_only,67000,0.773
s_gradual,0,enhanced-adwin_only,68000,0.785
s_gradual,0,enhanced-adwin_only,69000,0.772
s_gradual,0,enhanced-adwin_only,70000,0.789
s_gradual,0,enhanced-adwin_only,71000,0.766
s_gradual,0,enhanced-adwin_only,72000,0.797
s_gradual,0,enhanced-adwin_only,73000,0.796
s_gradual,0,enhanced-adwin_only,74000,0.775
s_gradual,0,enhanced-adwin_only,75000,0.789
s_gradual,0,enhanced-adwin_only,76000,0.763
s_gradual,0,enhanced-adwin_only,77000,0.781
s_gradual,0,enhanced-adwin_only,78000,0.775
s_gradual,0,enhanced-adwin_only,79000,0.755
s_gradual,0,enhanced-adwin_only,80000,0.774
s_gradual,0,enhanced-or,1000,0.614
s_gradual,0,enhanced-or,2000,0.659
s_gradual,0,enhanced-or,3000,0.677
s_gradual,0,enhanced-or,4000,0.717
s_gradual,0,enhanced-or,5000,0.701
s_gradual,0,enhanced-or,6000,0.705
s_gradual,0,enhanced-or,7000,0.671
s_gradual,0,enhanced-or,8000,0.709
s_gradual,0,enhanced-or,9000,0.711
s_gradual,0,enhanced-or,10000,0.716
s_gradual,0,enhanced-or,11000,0.722
s_gradual,0,enhanced-or,12000,0.702
s_gradual,0,enhanced-or,13000,0.712
s_gradual,0,enhanced-or,14000,0.708
s_gradual,0,enhanced-or,15000,0.732
s_gradual,0,enhanced-or,16000,0.699
s_gradual,0,enhanced-or,17000,0.724
s_gradual,0,enhanced-or,18000,0.734
s_gradual,0,enhanced-or,19000,0.739
s_gradual,0,enhanced-or,20000,0.726
s_gradual,0,enhanced-or,21000,0.721
s_gradual,0,enhanced-or,22000,0.702
s_gradual,0,enhanced-or,23000,0.712
s_gradual,0,enhanced-or,24000,0.699
s_gradual,0,enhanced-or,25000,0.695
s_gradual,0,enhanced-or,26000,0.69
s_gradual,0,enhanced-or,27000,0.702
s_gradual,0,enhanced-or,28000,0.719
s_gradual,0,enhanced-or,29000,0.713
s_gradual,0,enhanced-or,30000,0.753
s_gradual,0,enhanced-or,31000,0.747
s_gradual,0,enhanced-or,32000,0.707
s_gradual,0,enhanced-or,33000,0.702
s_gradual,0,enhanced-or,34000,0.732
s_gradual,0,enhanced-or,35000,0.708
s_gradual,0,enhanced-or,36000,0.719
s_gradual,0,enhanced-or,37000,0.74
s_gradual,0,enhanced-or,38000,0.716
s_gradual,0,enhanced-or,39000,0.73
s_gradual,0,enhanced-or,40000,0.72
s_gradual,0,enhanced-or,41000,0.738
s_gradual,0,enhanced-or,42000,0.744
s_gradual,0,enhanced-or,43000,0.739
s_gradual,0,enhanced-or,44000,0.768
s_gradual,0,enhanced-or,45000,0.727
s_gradual,0,enhanced-or,46000,0.751
s_gradual,0,enhanced-or,47000,0.746
s_gradual,0,enhanced-or,48000,0.732
s_gradual,0,enhanced-or,49000,0.73
s_gradual,0,enhanced-or,50000,0.772
s_gradual,0,enhanced-or,51000,0.749
s_gradual,0,enhanced-or,52000,0.781
s_gradual,0,enhanced-or,53000,0.757
s_gradual,0,enhanced-or,54000,0.777
s_gradual,0,enhanced-or,55000,0.791
s_gradual,0,enhanced-or,56000,0.783
s_gradual,0,enhanced-or,57000,0.777
s_gradual,0,enhanced-or,58000,0.76
s_gradual,0,enhanced-or,59000,0.77
s_gradual,0,enhanced-or,60000,0.774
s_gradual,0,enhanced-or,61000,0.791
s_gradual,0,enhanced-or,62000,0.77
s_gradual,0,enhanced-or,63000,0.772
s_gradual,0,enhanced-or,64000,0.783
s_gradual,0,enhanced-or,65000,0.758
s_gradual,0,enhanced-or,66000,0.768
s_gradual,0,enhanced-or,67000,0.784
s_gradual,0,enhanced-or,68000,0.796
s_gradual,0,enhanced-or,69000,0.777
s_gradual,0,enhanced-or,70000,0.796
s_gradual,0,enhanced-or,71000,0.764
s_gradual,0,enhanced-or,72000,0.783
s_gradual,0,enhanced-or,73000,0.788
s_gradual,0,enhanced-or,74000,0.753
s_gradual,0,enhanced-or,75000,0.781
s_gradual,0,enhanced-or,76000,0.747
s_gradual,0,enhanced-or,77000,0.763
s_gradual,0,enhanced-or,78000,0.776
s_gradual,0,enhanced-or,79000,0.774
s_gradual,0,enhanced-or,80000,0.775
s_gradual,0,enhanced-and,1000,0.614
s_gradual,0,enhanced-and,2000,0.659
s_gradual,0,enhanced-and,3000,0.677
s_gradual,0,enhanced-and,4000,0.717
s_gradual,0,enhanced-and,5000,0.701
s_gradual,0,enhanced-and,6000,0.705
s_gradual,0,enhanced-and,7000,0.671
s_gradual,0,enhanced-and,8000,0.709
s_gradual,0,enhanced-and,9000,0.711
s_gradual,0,enhanced-and,10000,0.716
s_gradual,0,enhanced-and,11000,0.722
s_gradual,0,enhanced-and,12000,0.702
s_gradual,0,enhanced-and,13000,0.712
s_gradual,0,enhanced-and,14000,0.708
s_gradual,0,enhanced-and,15000,0.732
s_gradual,0,enhanced-and,16000,0.699
s_gradual,0,enhanced-and,17000,0.724
s_gradual,0,enhanced-and,18000,0.734
s_gradual,0,enhanced-and,19000,0.739
s_gradual,0,enhanced-and,20000,0.726
s_gradual,0,enhanced-and,21000,0.754
s_gradual,0,enhanced-and,22000,0.727
s_gradual,0,enhanced-and,23000,0.734
s_gradual,0,enhanced-and,24000,0.724
s_gradual,0,enhanced-and,25000,0.721
s_gradual,0,enhanced-and,26000,0.716
s_gradual,0,enhanced-and,27000,0.709
s_gradual,0,enhanced-and,28000,0.727
s_gradual,0,enhanced-and,29000,0.73
s_gradual,0,enhanced-and,30000,0.742
s_gradual,0,enhanced-and,31000,0.745
s_gradual,0,enhanced-and,32000,0.725
s_gradual,0,enhanced-and,33000,0.713
s_gradual,0,enhanced-and,34000,0.738
s_gradual,0,enhanced-and,35000,0.711
s_gradual,0,enhanced-and,36000,0.754
s_gradual,0,enhanced-and,37000,0.758
s_gradual,0,enhanced-and,38000,0.752
s_gradual,0,enhanced-and,39000,0.738
s_gradual,0,enhanced-and,40000,0.726
s_gradual,0,enhanced-and,41000,0.738
s_gradual,0,enhanced-and,42000,0.74
s_gradual,0,enhanced-and,43000,0.75
s_gradual,0,enhanced-and,44000,0.751
s_gradual,0,enhanced-and,45000,0.734
s_gradual,0,enhanced-and,46000,0.749
s_gradual,0,enhanced-and,47000,0.738
s_gradual,0,enhanced-and,48000,0.725
s_gradual,0,enhanced-and,49000,0.733
s_gradual,0,enhanced-and,50000,0.771
s_gradual,0,enhanced-and,51000,0.752
s_gradual,0,enhanced-and,52000,0.772
s_gradual,0,enhanced-and,53000,0.746
s_gradual,0,enhanced-and,54000,0.765
s_gradual,0,enhanced-and,55000,0.776
s_gradual,0,enhanced-and,56000,0.778
s_gradual,0,enhanced-and,57000,0.751
s_gradual,0,enhanced-and,58000,0.75
s_gradual,0,enhanced-and,59000,0.77
s_gradual,0,enhanced-and,60000,0.758
s_gradual,0,enhanced-and,61000,0.77
s_gradual,0,enhanced-and,62000,0.769
s_gradual,0,enhanced-and,63000,0.763
s_gradual,0,enhanced-and,64000,0.74
s_gradual,0,enhanced-and,65000,0.748
s_gradual,0,enhanced-and,66000,0.755
s_gradual,0,enhanced-and,67000,0.773
s_gradual,0,enhanced-and,68000,0.785
s_gradual,0,enhanced-and,69000,0.772
s_gradual,0,enhanced-and,70000,0.789
s_gradual,0,enhanced-and,71000,0.766
s_gradual,0,enhanced-and,72000,0.797
s_gradual,0,enhanced-and,73000,0.796
s_gradual,0,enhanced-and,74000,0.775
s_gradual,0,enhanced-and,75000,0.789
s_gradual,0,enhanced-and,76000,0.763
s_gradual,0,enhanced-and,77000,0.781
s_gradual,0,enhanced-and,78000,0.775
s_gradual,0,enhanced-and,79000,0.755
s_gradual,0,enhanced-and,80000,0.774
s_gradual,2,accumulativeMNB,1000,0.61
s_gradual,2,accumulativeMNB,2000,0.669
s_gradual,2,accumulativeMNB,3000,0.693
s_gradual,2,accumulativeMNB,4000,0.694
s_gradual,2,accumulativeMNB,5000,0.662
s_gradual,2,accumulativeMNB,6000,0.718
s_gradual,2,accumulativeMNB,7000,0.712
s_gradual,2,accumulativeMNB,8000,0.719
s_gradual,2,accumulativeMNB,9000,0.693
s_gradual,2,accumulativeMNB,10000,0.718
s_gradual,2,accumulativeMNB,11000,0.71
s_gradual,2,accumulativeMNB,12000,0.72
s_gradual,2,accumulativeMNB,13000,0.704
s_gradual,2,accumulativeMNB,14000,0.702
s_gradual,2,accumulativeMNB,15000,0.739
s_gradual,2,accumulativeMNB,16000,0.747
s_gradual,2,accumulativeMNB,17000,0.724
s_gradual,2,accumulativeMNB,18000,0.701
s_gradual,2,accumulativeMNB,19000,0.714
s_gradual,2,accumulativeMNB,20000,0.741
s_gradual,2,accumulativeMNB,21000,0.73
s_gradual,2,accumulativeMNB,22000,0.722
s_gradual,2,accumulativeMNB,23000,0.734
s_gradual,2,accumulativeMNB,24000,0.735
s_gradual,2,accumulativeMNB,25000,0.721
s_gradual,2,accumulativeMNB,26000,0.711
s_gradual,2,accumulativeMNB,27000,0.712
s_gradual,2,accumulativeMNB,28000,0.717
s_gradual,2,accumulativeMNB,29000,0.722
s_gradual,2,accumulativeMNB,30000,0.723
s_gradual,2,accumulativeMNB,31000,0.71
s_gradual,2,accumulativeMNB,32000,0.716
s_gradual,2,accumulativeMNB,33000,0.742
s_gradual,2,accumulativeMNB,34000,0.757
s_gradual,2,accumulativeMNB,35000,0.71
s_gradual,2,accumulativeMNB,36000,0.698
s_gradual,2,accumulativeMNB,37000,0.726
s_gradual,2,accumulativeMNB,38000,0.747
s_gradual,2,accumulativeMNB,39000,0.738
s_gradual,2,accumulativeMNB,40000,0.725
s_gradual,2,accumulativeMNB,41000,0.727
s_gradual,2,accumulativeMNB,42000,0.734
s_gradual,2,accumulativeMNB,43000,0.734
s_gradual,2,accumulativeMNB,44000,0.737
s_gradual,2,accumulativeMNB,45000,0.744
s_gradual,2,accumulativeMNB,46000,0.746
s_gradual,2,accumulativeMNB,47000,0.747
s_gradual,2,accumulativeMNB,48000,0.74
s_gradual,2,accumulativeMNB,49000,0.754
s_gradual,2,accumulativeMNB,50000,0.754
s_gradual,2,accumulativeMNB,51000,0.766
s_gradual,2,accumulativeMNB,52000,0.739
s_gradual,2,accumulativeMNB,53000,0.761
s_gradual,2,accumulativeMNB,54000,0.753
s_gradual,2,accumulativeMNB,55000,0.738
s_gradual,2,accumulativeMNB,56000,0.76
s_gradual,2,accumulativeMNB,57000,0.776
s_gradual,2,accumulativeMNB,58000,0.753
s_gradual,2,accumulativeMNB,59000,0.764
s_gradual,2,accumulativeMNB,60000,0.762
s_gradual,2,accumulativeMNB,61000,0.765
s_gradual,2,accumulativeMNB,62000,0.762
s_gradual,2,accumulativeMNB,63000,0.764
s_gradual,2,accumulativeMNB,64000,0.756
s_gradual,2,accumulativeMNB,65000,0.77
s_gradual,2,accumulativeMNB,66000,0.769
s_gradual,2,accumulativeMNB,67000,0.773
s_gradual,2,accumulativeMNB,68000,0.767
s_gradual,2,accumulativeMNB,69000,0.75
s_gradual,2,accumulativeMNB,70000,0.78
s_gradual,2,accumulativeMNB,71000,0.769
s_gradual,2,accumulativeMNB,72000,0.76
s_gradual,2,accumulativeMNB,73000,0.751
s_gradual,2,accumulativeMNB,74000,0.778
s_gradual,2,accumulativeMNB,75000,0.782
s_gradual,2,accumulativeMNB,76000,0.766
s_gradual,2,accumulativeMNB,77000,0.781
s_gradual,2,accumulativeMNB,78000,0.775
s_gradual,2,accumulativeMNB,79000,0.78
s_gradual,2,accumulativeMNB,80000,0.755
s_gradual,2,fadingMNB,1000,0.61
s_gradual,2,fadingMNB,2000,0.666
s_gradual,2,fadingMNB,3000,0.692
s_gradual,2,fadingMNB,4000,0.692
s_gradual,2,fadingMNB,5000,0.663
s_gradual,2,fadingMNB,6000,0.719
s_gradual,2,fadingMNB,7000,0.709
s_gradual,2,fadingMNB,8000,0.726
s_gradual,2,fadingMNB,9000,0.697
s_gradual,2,fadingMNB,10000,0.725
s_gradual,2,fadingMNB,11000,0.71
s_gradual,2,fadingMNB,12000,0.721
s_gradual,2,fadingMNB,13000,0.702
s_gradual,2,fadingMNB,14000,0.698
s_gradual,2,fadingMNB,15000,0.743
s_gradual,2,fadingMNB,16000,0.757
s_gradual,2,fadingMNB,17000,0.718
s_gradual,2,fadingMNB,18000,0.703
s_gradual,2,fadingMNB,19000,0.716
s_gradual,2,fadingMNB,20000,0.736
s_gradual,2,fadingMNB,21000,0.741
s_gradual,2,fadingMNB,22000,0.724
s_gradual,2,fadingMNB,23000,0.735
s_gradual,2,fadingMNB,24000,0.728
s_gradual,2,fadingMNB,25000,0.724
s_gradual,2,fadingMNB,26000,0.717
s_gradual,2,fadingMNB,27000,0.716
s_gradual,2,fadingMNB,28000,0.719
s_gradual,2,fadingMNB,29000,0.729
s_gradual,2,fadingMNB,30000,0.723
s_gradual,2,fadingMNB,31000,0.715
s_gradual,2,fadingMNB,32000,0.707
s_gradual,2,fadingMNB,33000,0.752
s_gradual,2,fadingMNB,34000,0.756
s_gradual,2,fadingMNB,35000,0.715
s_gradual,2,fadingMNB,36000,0.7
s_gradual,2,fadingMNB,37000,0.719
s_gradual,2,fadingMNB,38000,0.745
s_gradual,2,fadingMNB,39000,0.733
s_gradual,2,fadingMNB,40000,0.728
s_gradual,2,fadingMNB,41000,0.728
s_gradual,2,fadingMNB,42000,0.724
s_gradual,2,fadingMNB,43000,0.738
s_gradual,2,fadingMNB,44000,0.743
s_gradual,2,fadingMNB,45000,0.745
s_gradual,2,fadingMNB,46000,0.75
s_gradual,2,fadingMNB,47000,0.748
s_gradual,2,fadingMNB,48000,0.738
s_gradual,2,fadingMNB,49000,0.745
s_gradual,2,fadingMNB,50000,0.743
s_gradual,2,fadingMNB,51000,0.768
s_gradual,2,fadingMNB,52000,0.744
s_gradual,2,fadingMNB,53000,0.77
s_gradual,2,fadingMNB,54000,0.762
s_gradual,2,fadingMNB,55000,0.737
s_gradual,2,fadingMNB,56000,0.765
s_gradual,2,fadingMNB,57000,0.772
s_gradual,2,fadingMNB,58000,0.758
s_gradual,2,fadingMNB,59000,0.765
s_gradual,2,fadingMNB,60000,0.757
s_gradual,2,fadingMNB,61000,0.759
s_gradual,2,fadingMNB,62000,0.756
s_gradual,2,fadingMNB,63000,0.763
s_gradual,2,fadingMNB,64000,0.758
s_gradual,2,fadingMNB,65000,0.763
s_gradual,2,fadingMNB,66000,0.772
s_gradual,2,fadingMNB,67000,0.772
s_gradual,2,fadingMNB,68000,0.77
s_gradual,2,fadingMNB,69000,0.745
s_gradual,2,fadingMNB,70000,0.786
s_gradual,2,fadingMNB,71000,0.769
s_gradual,2,fadingMNB,72000,0.749
s_gradual,2,fadingMNB,73000,0.761
s_gradual,2,fadingMNB,74000,0.767
s_gradual,2,fadingMNB,75000,0.767
s_gradual,2,fadingMNB,76000,0.775
s_gradual,2,fadingMNB,77000,0.783
s_gradual,2,fadingMNB,78000,0.775
s_gradual,2,fadingMNB,79000,0.783
s_gradual,2,fadingMNB,80000,0.762
s_gradual,2,baseline-Rebuild,1000,0.61
s_gradual,2,baseline-Rebuild,2000,0.669
s_gradual,2,baseline-Rebuild,3000,0.693
s_gradual,2,baseline-Rebuild,4000,0.694
s_gradual,2,baseline-Rebuild,5000,0.662
s_gradual,2,baseline-Rebuild,6000,0.718
s_gradual,2,baseline-Rebuild,7000,0.712
s_gradual,2,baseline-Rebuild,8000,0.719
s_gradual,2,baseline-Rebuild,9000,0.693
s_gradual,2,baseline-Rebuild,10000,0.718
s_gradual,2,baseline-Rebuild,11000,0.71
s_gradual,2,baseline-Rebuild,12000,0.72
s_gradual,2,baseline-Rebuild,13000,0.704
s_gradual,2,baseline-Rebuild,14000,0.702
s_gradual,2,baseline-Rebuild,15000,0.739
s_gradual,2,baseline-Rebuild,16000,0.747
s_gradual,2,baseline-Rebuild,17000,0.724
s_gradual,2,baseline-Rebuild,18000,0.701
s_gradual,2,baseline-Rebuild,19000,0.714
s_gradual,2,baseline-Rebuild,20000,0.741
s_gradual,2,baseline-Rebuild,21000,0.679
s_gradual,2,baseline-Rebuild,22000,0.701
s_gradual,2,baseline-Rebuild,23000,0.708
s_gradual,2,baseline-Rebuild,24000,0.725
s_gradual,2,baseline-Rebuild,25000,0.705
s_gradual,2,baseline-Rebuild,26000,0.726
s_gradual,2,baseline-Rebuild,27000,0.698
s_gradual,2,baseline-Rebuild,28000,0.718
s_gradual,2,baseline-Rebuild,29000,0.702
s_gradual,2,baseline-Rebuild,30000,0.71
s_gradual,2,baseline-Rebuild,31000,0.706
s_gradual,2,baseline-Rebuild,32000,0.701
s_gradual,2,baseline-Rebuild,33000,0.705
s_gradual,2,baseline-Rebuild,34000,0.712
s_gradual,2,baseline-Rebuild,35000,0.719
s_gradual,2,baseline-Rebuild,36000,0.682
s_gradual,2,baseline-Rebuild,37000,0.726
s_gradual,2,baseline-Rebuild,38000,0.707
s_gradual,2,baseline-Rebuild,39000,0.72
s_gradual,2,baseline-Rebuild,40000,0.717
s_gradual,2,baseline-Rebuild,41000,0.706
s_gradual,2,baseline-Rebuild,42000,0.736
s_gradual,2,baseline-Rebuild,43000,0.751
s_gradual,2,baseline-Rebuild,44000,0.742
s_gradual,2,baseline-Rebuild,45000,0.749
s_gradual,2,baseline-Rebuild,46000,0.758
s_gradual,2,baseline-Rebuild,47000,0.734
s_gradual,2,baseline-Rebuild,48000,0.744
s_gradual,2,baseline-Rebuild,49000,0.749
s_gradual,2,baseline-Rebuild,50000,0.762
s_gradual,2,baseline-Rebuild,51000,0.772
s_gradual,2,baseline-Rebuild,52000,0.754
s_gradual,2,baseline-Rebuild,53000,0.759
s_gradual,2,baseline-Rebuild,54000,0.787
s_gradual,2,baseline-Rebuild,55000,0.747
s_gradual,2,baseline-Rebuild,56000,0.773
s_gradual,2,baseline-Rebuild,57000,0.762
s_gradual,2,baseline-Rebuild,58000,0.758
s_gradual,2,baseline-Rebuild,59000,0.765
s_gradual,2,baseline-Rebuild,60000,0.769
s_gradual,2,baseline-Rebuild,61000,0.781
s_gradual,2,baseline-Rebuild,62000,0.746
s_gradual,2,baseline-Rebuild,63000,0.762
s_gradual,2,baseline-Rebuild,64000,0.753
s_gradual,2,baseline-Rebuild,65000,0.777
s_gradual,2,baseline-Rebuild,66000,0.752
s_gradual,2,baseline-Rebuild,67000,0.78
s_gradual,2,baseline-Rebuild,68000,0.778
s_gradual,2,baseline-Rebuild,69000,0.753
s_gradual,2,baseline-Rebuild,70000,0.779
s_gradual,2,baseline-Rebuild,71000,0.765
s_gradual,2,baseline-Rebuild,72000,0.761
s_gradual,2,baseline-Rebuild,73000,0.773
s_gradual,2,baseline-Rebuild,74000,0.784
s_gradual,2,baseline-Rebuild,75000,0.785
s_gradual,2,baseline-Rebuild,76000,0.773
s_gradual,2,baseline-Rebuild,77000,0.787
s_gradual,2,baseline-Rebuild,78000,0.776
s_gradual,2,baseline-Rebuild,79000,0.783
s_gradual,2,baseline-Rebuild,80000,0.778
s_gradual,2,baseline-SIFR,1000,0.61
s_gradual,2,baseline-SIFR,2000,0.669
s_gradual,2,baseline-SIFR,3000,0.693
s_gradual,2,baseline-SIFR,4000,0.694
s_gradual,2,baseline-SIFR,5000,0.662
s_gradual,2,baseline-SIFR,6000,0.718
s_gradual,2,baseline-SIFR,7000,0.712
s_gradual,2,baseline-SIFR,8000,0.719
s_gradual,2,baseline-SIFR,9000,0.693
s_gradual,2,baseline-SIFR,10000,0.718
s_gradual,2,baseline-SIFR,11000,0.71
s_gradual,2,baseline-SIFR,12000,0.72
s_gradual,2,baseline-SIFR,13000,0.704
s_gradual,2,baseline-SIFR,14000,0.702
s_gradual,2,baseline-SIFR,15000,0.739
s_gradual,2,baseline-SIFR,16000,0.747
s_gradual,2,baseline-SIFR,17000,0.724
s_gradual,2,baseline-SIFR,18000,0.701
s_gradual,2,baseline-SIFR,19000,0.714
s_gradual,2,baseline-SIFR,20000,0.741
s_gradual,2,baseline-SIFR,21000,0.732
s_gradual,2,baseline-SIFR,22000,0.717
s_gradual,2,baseline-SIFR,23000,0.735
s_gradual,2,baseline-SIFR,24000,0.725
s_gradual,2,baseline-SIFR,25000,0.724
s_gradual,2,baseline-SIFR,26000,0.722
s_gradual,2,baseline-SIFR,27000,0.711
s_gradual,2,baseline-SIFR,28000,0.717
s_gradual,2,baseline-SIFR,29000,0.721
s_gradual,2,baseline-SIFR,30000,0.725
s_gradual,2,baseline-SIFR,31000,0.719
s_gradual,2,baseline-SIFR,32000,0.712
s_gradual,2,baseline-SIFR,33000,0.737
s_gradual,2,baseline-SIFR,34000,0.751
s_gradual,2,baseline-SIFR,35000,0.723
s_gradual,2,baseline-SIFR,36000,0.701
s_gradual,2,baseline-SIFR,37000,0.726
s_gradual,2,baseline-SIFR,38000,0.747
s_gradual,2,baseline-SIFR,39000,0.738
s_gradual,2,baseline-SIFR,40000,0.725
s_gradual,2,baseline-SIFR,41000,0.727
s_gradual,2,baseline-SIFR,42000,0.734
s_gradual,2,baseline-SIFR,43000,0.734
s_gradual,2,baseline-SIFR,44000,0.737
s_gradual,2,baseline-SIFR,45000,0.744
s_gradual,2,baseline-SIFR,46000,0.746
s_gradual,2,baseline-SIFR,47000,0.747
s_gradual,2,baseline-SIFR,48000,0.74
s_gradual,2,baseline-SIFR,49000,0.754
s_gradual,2,baseline-SIFR,50000,0.754
s_gradual,2,baseline-SIFR,51000,0.766
s_gradual,2,baseline-SIFR,52000,0.739
s_gradual,2,baseline-SIFR,53000,0.77
s_gradual,2,baseline-SIFR,54000,0.758
s_gradual,2,baseline-SIFR,55000,0.739
s_gradual,2,baseline-SIFR,56000,0.767
s_gradual,2,baseline-SIFR,57000,0.767
s_gradual,2,baseline-SIFR,58000,0.756
s_gradual,2,baseline-SIFR,59000,0.763
s_gradual,2,baseline-SIFR,60000,0.758
s_gradual,2,baseline-SIFR,61000,0.76
s_gradual,2,baseline-SIFR,62000,0.747
s_gradual,2,baseline-SIFR,63000,0.76
s_gradual,2,baseline-SIFR,64000,0.768
s_gradual,2,baseline-SIFR,65000,0.764
s_gradual,2,baseline-SIFR,66000,0.763
s_gradual,2,baseline-SIFR,67000,0.763
s_gradual,2,baseline-SIFR,68000,0.762
s_gradual,2,baseline-SIFR,69000,0.738
s_gradual,2,baseline-SIFR,70000,0.776
s_gradual,2,baseline-SIFR,71000,0.773
s_gradual,2,baseline-SIFR,72000,0.74
s_gradual,2,baseline-SIFR,73000,0.765
s_gradual,2,baseline-SIFR,74000,0.759
s_gradual,2,baseline-SIFR,75000,0.757
s_gradual,2,baseline-SIFR,76000,0.777
s_gradual,2,baseline-SIFR,77000,0.779
s_gradual,2,baseline-SIFR,78000,0.776
s_gradual,2,baseline-SIFR,79000,0.778
s_gradual,2,baseline-SIFR,80000,0.771
s_gradual,2,enhanced-adwin_only,1000,0.61
s_gradual,2,enhanced-adwin_only,2000,0.669
s_gradual,2,enhanced-adwin_only,3000,0.693
s_gradual,2,enhanced-adwin_only,4000,0.694
s_gradual,2,enhanced-adwin_only,5000,0.662
s_gradual,2,enhanced-adwin_only,6000,0.718
s_gradual,2,enhanced-adwin_only,7000,0.712
s_gradual,2,enhanced-adwin_only,8000,0.719
s_gradual,2,enhanced-adwin_only,9000,0.693
s_gradual,2,enhanced-adwin_only,10000,0.718
s_gradual,2,enhanced-adwin_only,11000,0.71
s_gradual,2,enhanced-adwin_only,12000,0.72
s_gradual,2,enhanced-adwin_only,13000,0.704
s_gradual,2,enhanced-adwin_only,14000,0.702
s_gradual,2,enhanced-adwin_only,15000,0.739
s_gradual,2,enhanced-adwin_only,16000,0.747
s_gradual,2,enhanced-adwin_only,17000,0.724
s_gradual,2,enhanced-adwin_only,18000,0.701
s_gradual,2,enhanced-adwin_only,19000,0.714
s_gradual,2,enhanced-adwin_only,20000,0.741
s_gradual,2,enhanced-adwin_only,21000,0.73
s_gradual,2,enhanced-adwin_only,22000,0.722
s_gradual,2,enhanced-adwin_only,23000,0.734
s_gradual,2,enhanced-adwin_only,24000,0.735
s_gradual,2,enhanced-adwin_only,25000,0.721
s_gradual,2,enhanced-adwin_only,26000,0.711
s_gradual,2,enhanced-adwin_only,27000,0.712
s_gradual,2,enhanced-adwin_only,28000,0.717
s_gradual,2,enhanced-adwin_only,29000,0.722
s_gradual,2,enhanced-adwin_only,30000,0.723
s_gradual,2,enhanced-adwin_only,31000,0.71
s_gradual,2,enhanced-adwin_only,32000,0.716
s_gradual,2,enhanced-adwin_only,33000,0.742
s_gradual,2,enhanced-adwin_only,34000,0.757
s_gradual,2,enhanced-adwin_only,35000,0.71
s_gradual,2,enhanced-adwin_only,36000,0.698
s_gradual,2,enhanced-adwin_only,37000,0.726
s_gradual,2,enhanced-adwin_only,38000,0.747
s_gradual,2,enhanced-adwin_only,39000,0.738
s_gradual,2,enhanced-adwin_only,40000,0.725
s_gradual,2,enhanced-adwin_only,41000,0.727
s_gradual,2,enhanced-adwin_only,42000,0.734
s_gradual,2,enhanced-adwin_only,43000,0.734
s_gradual,2,enhanced-adwin_only,44000,0.737
s_gradual,2,enhanced-adwin_only,45000,0.744
s_gradual,2,enhanced-adwin_only,46000,0.746
s_gradual,2,enhanced-adwin_only,47000,0.747
s_gradual,2,enhanced-adwin_only,48000,0.74
s_gradual,2,enhanced-adwin_only,49000,0.754
s_gradual,2,enhanced-adwin_only,50000,0.754
s_gradual,2,enhanced-adwin_only,51000,0.766
s_gradual,2,enhanced-adwin_only,52000,0.739
s_gradual,2,enhanced-adwin_only,53000,0.761
s_gradual,2,enhanced-adwin_only,54000,0.753
s_gradual,2,enhanced-adwin_only,55000,0.738
s_gradual,2,enhanced-adwin_only,56000,0.76
s_gradual,2,enhanced-adwin_only,57000,0.776
s_gradual,2,enhanced-adwin_only,58000,0.753
s_gradual,2,enhanced-adwin_only,59000,0.764
s_gradual,2,enhanced-adwin_only,60000,0.762
s_gradual,2,enhanced-adwin_only,61000,0.765
s_gradual,2,enhanced-adwin_only,62000,0.762
s_gradual,2,enhanced-adwin_only,63000,0.764
s_gradual,2,enhanced-adwin_only,64000,0.756
s_gradual,2,enhanced-adwin_only,65000,0.77
s_gradual,2,enhanced-adwin_only,66000,0.769
s_gradual,2,enhanced-adwin_only,67000,0.773
s_gradual,2,enhanced-adwin_only,68000,0.767
s_gradual,2,enhanced-adwin_only,69000,0.75
s_gradual,2,enhanced-adwin_only,70000,0.78
s_gradual,2,enhanced-adwin_only,71000,0.769
s_gradual,2,enhanced-adwin_only,72000,0.76
s_gradual,2,enhanced-adwin_only,73000,0.751
s_gradual,2,enhanced-adwin_only,74000,0.778
s_gradual,2,enhanced-adwin_only,75000,0.782
s_gradual,2,enhanced-adwin_only,76000,0.766
s_gradual,2,enhanced-adwin_only,77000,0.781
s_gradual,2,enhanced-adwin_only,78000,0.775
s_gradual,2,enhanced-adwin_only,79000,0.78
s_gradual,2,enhanced-adwin_only,80000,0.755
s_gradual,2,enhanced-or,1000,0.61
s_gradual,2,enhanced-or,2000,0.669
s_gradual,2,enhanced-or,3000,0.693
s_gradual,2,enhanced-or,4000,0.694
s_gradual,2,enhanced-or,5000,0.662
s_gradual,2,enhanced-or,6000,0.718
s_gradual,2,enhanced-or,7000,0.712
s_gradual,2,enhanced-or,8000,0.719
s_gradual,2,enhanced-or,9000,0.693
s_gradual,2,enhanced-or,10000,0.718
s_gradual,2,enhanced-or,11000,0.71
s_gradual,2,enhanced-or,12000,0.72
s_gradual,2,enhanced-or,13000,0.704
s_gradual,2,enhanced-or,14000,0.702
s_gradual,2,enhanced-or,15000,0.739
s_gradual,2,enhanced-or,16000,0.747
s_gradual,2,enhanced-or,17000,0.724
s_gradual,2,enhanced-or,18000,0.701
s_gradual,2,enhanced-or,19000,0.714
s_gradual,2,enhanced-or,20000,0.741
s_gradual,2,enhanced-or,21000,0.679
s_gradual,2,enhanced-or,22000,0.701
s_gradual,2,enhanced-or,23000,0.708
s_gradual,2,enhanced-or,24000,0.725
s_gradual,2,enhanced-or,25000,0.705
s_gradual,2,enhanced-or,26000,0.726
s_gradual,2,enhanced-or,27000,0.698
s_gradual,2,enhanced-or,28000,0.718
s_gradual,2,enhanced-or,29000,0.702
s_gradual,2,enhanced-or,30000,0.71
s_gradual,2,enhanced-or,31000,0.706
s_gradual,2,enhanced-or,32000,0.701
s_gradual,2,enhanced-or,33000,0.705
s_gradual,2,enhanced-or,34000,0.712
s_gradual,2,enhanced-or,35000,0.719
s_gradual,2,enhanced-or,36000,0.682
s_gradual,2,enhanced-or,37000,0.726
s_gradual,2,enhanced-or,38000,0.707
s_gradual,2,enhanced-or,39000,0.72
s_gradual,2,enhanced-or,40000,0.717
s_gradual,2,enhanced-or,41000,0.706
s_gradual,2,enhanced-or,42000,0.736
s_gradual,2,enhanced-or,43000,0.751
s_gradual,2,enhanced-or,44000,0.742
s_gradual,2,enhanced-or,45000,0.749
s_gradual,2,enhanced-or,46000,0.758
s_gradual,2,enhanced-or,47000,0.734
s_gradual,2,enhanced-or,48000,0.744
s_gradual,2,enhanced-or,49000,0.749
s_gradual,2,enhanced-or,50000,0.762
s_gradual,2,enhanced-or,51000,0.772
s_gradual,2,enhanced-or,52000,0.754
s_gradual,2,enhanced-or,53000,0.759
s_gradual,2,enhanced-or,54000,0.787
s_gradual,2,enhanced-or,55000,0.747
s_gradual,2,enhanced-or,56000,0.773
s_gradual,2,enhanced-or,57000,0.762
s_gradual,2,enhanced-or,58000,0.758
s_gradual,2,enhanced-or,59000,0.765
s_gradual,2,enhanced-or,60000,0.769
s_gradual,2,enhanced-or,61000,0.781
s_gradual,2,enhanced-or,62000,0.746
s_gradual,2,enhanced-or,63000,0.762
s_gradual,2,enhanced-or,64000,0.753
s_gradual,2,enhanced-or,65000,0.777
s_gradual,2,enhanced-or,66000,0.752
s_gradual,2,enhanced-or,67000,0.78
s_gradual,2,enhanced-or,68000,0.778
s_gradual,2,enhanced-or,69000,0.753
s_gradual,2,enhanced-or,70000,0.779
s_gradual,2,enhanced-or,71000,0.765
s_gradual,2,enhanced-or,72000,0.761
s_gradual,2,enhanced-or,73000,0.773
s_gradual,2,enhanced-or,74000,0.784
s_gradual,2,enhanced-or,75000,0.785
s_gradual,2,enhanced-or,76000,0.773
s_gradual,2,enhanced-or,77000,0.787
s_gradual,2,enhanced-or,78000,0.776
s_gradual,2,enhanced-or,79000,0.783
s_gradual,2,enhanced-or,80000,0.778
s_gradual,2,enhanced-and,1000,0.61
s_gradual,2,enhanced-and,2000,0.669
s_gradual,2,enhanced-and,3000,0.693
s_gradual,2,enhanced-and,4000,0.694
s_gradual,2,enhanced-and,5000,0.662
s_gradual,2,enhanced-and,6000,0.718
s_gradual,2,enhanced-and,7000,0.712
s_gradual,2,enhanced-and,8000,0.719
s_gradual,2,enhanced-and,9000,0.693
s_gradual,2,enhanced-and,10000,0.718
s_gradual,2,enhanced-and,11000,0.71
s_gradual,2,enhanced-and,12000,0.72
s_gradual,2,enhanced-and,13000,0.704
s_gradual,2,enhanced-and,14000,0.702
s_gradual,2,enhanced-and,15000,0.739
s_gradual,2,enhanced-and,16000,0.747
s_gradual,2,enhanced-and,17000,0.724
s_gradual,2,enhanced-and,18000,0.701
s_gradual,2,enhanced-and,19000,0.714
s_gradual,2,enhanced-and,20000,0.741
s_gradual,2,enhanced-and,21000,0.73
s_gradual,2,enhanced-and,22000,0.722
s_gradual,2,enhanced-and,23000,0.734
s_gradual,2,enhanced-and,24000,0.735
s_gradual,2,enhanced-and,25000,0.721
s_gradual,2,enhanced-and,26000,0.711
s_gradual,2,enhanced-and,27000,0.712
s_gradual,2,enhanced-and,28000,0.717
s_gradual,2,enhanced-and,29000,0.722
s_gradual,2,enhanced-and,30000,0.723
s_gradual,2,enhanced-and,31000,0.71
s_gradual,2,enhanced-and,32000,0.716
s_gradual,2,enhanced-and,33000,0.742
s_gradual,2,enhanced-and,34000,0.757
s_gradual,2,enhanced-and,35000,0.71
s_gradual,2,enhanced-and,36000,0.698
s_gradual,2,enhanced-and,37000,0.726
s_gradual,2,enhanced-and,38000,0.747
s_gradual,2,enhanced-and,39000,0.738
s_gradual,2,enhanced-and,40000,0.725
s_gradual,2,enhanced-and,41000,0.727
s_gradual,2,enhanced-and,42000,0.734
s_gradual,2,enhanced-and,43000,0.734
s_gradual,2,enhanced-and,44000,0.737
s_gradual,2,enhanced-and,45000,0.744
s_gradual,2,enhanced-and,46000,0.746
s_gradual,2,enhanced-and,47000,0.747
s_gradual,2,enhanced-and,48000,0.74
s_gradual,2,enhanced-and,49000,0.754
s_gradual,2,enhanced-and,50000,0.754
s_gradual,2,enhanced-and,51000,0.766
s_gradual,2,enhanced-and,52000,0.739
s_gradual,2,enhanced-and,53000,0.761
s_gradual,2,enhanced-and,54000,0.753
s_gradual,2,enhanced-and,55000,0.738
s_gradual,2,enhanced-and,56000,0.76
s_gradual,2,enhanced-and,57000,0.776
s_gradual,2,enhanced-and,58000,0.753
s_gradual,2,enhanced-and,59000,0.764
s_gradual,2,enhanced-and,60000,0.762
s_gradual,2,enhanced-and,61000,0.765
s_gradual,2,enhanced-and,62000,0.762
s_gradual,2,enhanced-and,63000,0.764
s_gradual,2,enhanced-and,64000,0.756
s_gradual,2,enhanced-and,65000,0.77
s_gradual,2,enhanced-and,66000,0.769
s_gradual,2,enhanced-and,67000,0.773
s_gradual,2,enhanced-and,68000,0.767
s_gradual,2,enhanced-and,69000,0.75
s_gradual,2,enhanced-and,70000,0.78
s_gradual,2,enhanced-and,71000,0.769
s_gradual,2,enhanced-and,72000,0.76
s_gradual,2,enhanced-and,73000,0.751
s_gradual,2,enhanced-and,74000,0.778
s_gradual,2,enhanced-and,75000,0.782
s_gradual,2,enhanced-and,76000,0.766
s_gradual,2,enhanced-and,77000,0.781
s_gradual,2,enhanced-and,78000,0.775
s_gradual,2,enhanced-and,79000,0.78
s_gradual,2,enhanced-and,80000,0.755
s_gradual,1,accumulativeMNB,1000,0.657
s_gradual,1,accumulativeMNB,2000,0.673
s_gradual,1,accumulativeMNB,3000,0.677
s_gradual,1,accumulativeMNB,4000,0.692
s_gradual,1,accumulativeMNB,5000,0.67
s_gradual,1,accumulativeMNB,6000,0.721
s_gradual,1,accumulativeMNB,7000,0.713
s_gradual,1,accumulativeMNB,8000,0.698
s_gradual,1,accumulativeMNB,9000,0.714
s_gradual,1,accumulativeMNB,10000,0.714
s_gradual,1,accumulativeMNB,11000,0.711
s_gradual,1,accumulativeMNB,12000,0.693
s_gradual,1,accumulativeMNB,13000,0.707
s_gradual,1,accumulativeMNB,14000,0.712
s_gradual,1,accumulativeMNB,15000,0.719
s_gradual,1,accumulativeMNB,16000,0.713
s_gradual,1,accumulativeMNB,17000,0.717
s_gradual,1,accumulativeMNB,18000,0.742
s_gradual,1,accumulativeMNB,19000,0.715
s_gradual,1,accumulativeMNB,20000,0.735
s_gradual,1,accumulativeMNB,21000,0.733
s_gradual,1,accumulativeMNB,22000,0.718
s_gradual,1,accumulativeMNB,23000,0.725
s_gradual,1,accumulativeMNB,24000,0.685
s_gradual,1,accumulativeMNB,25000,0.718
s_gradual,1,accumulativeMNB,26000,0.722
s_gradual,1,accumulativeMNB,27000,0.718
s_gradual,1,accumulativeMNB,28000,0.744
s_gradual,1,accumulativeMNB,29000,0.738
s_gradual,1,accumulativeMNB,30000,0.721
s_gradual,1,accumulativeMNB,31000,0.71
s_gradual,1,accumulativeMNB,32000,0.742
s_gradual,1,accumulativeMNB,33000,0.745
s_gradual,1,accumulativeMNB,34000,0.728
s_gradual,1,accumulativeMNB,35000,0.725
s_gradual,1,accumulativeMNB,36000,0.72
s_gradual,1,accumulativeMNB,37000,0.735
s_gradual,1,accumulativeMNB,38000,0.706
s_gradual,1,accumulativeMNB,39000,0.727
s_gradual,1,accumulativeMNB,40000,0.73
s_gradual,1,accumulativeMNB,41000,0.736
s_gradual,1,accumulativeMNB,42000,0.736
s_gradual,1,accumulativeMNB,43000,0.749
s_gradual,1,accumulativeMNB,44000,0.721
s_gradual,1,accumulativeMNB,45000,0.738
s_gradual,1,accumulativeMNB,46000,0.73
s_gradual,1,accumulativeMNB,47000,0.752
s_gradual,1,accumulativeMNB,48000,0.766
s_gradual,1,accumulativeMNB,49000,0.74
s_gradual,1,accumulativeMNB,50000,0.759
s_gradual,1,accumulativeMNB,51000,0.758
s_gradual,1,accumulativeMNB,52000,0.741
s_gradual,1,accumulativeMNB,53000,0.746
s_gradual,1,accumulativeMNB,54000,0.773
s_gradual,1,accumulativeMNB,55000,0.742
s_gradual,1,accumulativeMNB,56000,0.765
s_gradual,1,accumulativeMNB,57000,0.752
s_gradual,1,accumulativeMNB,58000,0.758
s_gradual,1,accumulativeMNB,59000,0.744
s_gradual,1,accumulativeMNB,60000,0.757
s_gradual,1,accumulativeMNB,61000,0.761
s_gradual,1,accumulativeMNB,62000,0.795
s_gradual,1,accumulativeMNB,63000,0.767
s_gradual,1,accumulativeMNB,64000,0.774
s_gradual,1,accumulativeMNB,65000,0.775
s_gradual,1,accumulativeMNB,66000,0.78
s_gradual,1,accumulativeMNB,67000,0.758
s_gradual,1,accumulativeMNB,68000,0.787
s_gradual,1,accumulativeMNB,69000,0.763
s_gradual,1,accumulativeMNB,70000,0.776
s_gradual,1,accumulativeMNB,71000,0.771
s_gradual,1,accumulativeMNB,72000,0.784
s_gradual,1,accumulativeMNB,73000,0.774
s_gradual,1,accumulativeMNB,74000,0.751
s_gradual,1,accumulativeMNB,75000,0.779
s_gradual,1,accumulativeMNB,76000,0.783
s_gradual,1,accumulativeMNB,77000,0.775
s_gradual,1,accumulativeMNB,78000,0.79
s_gradual,1,accumulativeMNB,79000,0.79
s_gradual,1,accumulativeMNB,80000,0.773
s_gradual,1,fadingMNB,1000,0.658
s_gradual,1,fadingMNB,2000,0.67
s_gradual,1,fadingMNB,3000,0.681
s_gradual,1,fadingMNB,4000,0.698
s_gradual,1,fadingMNB,5000,0.668
s_gradual,1,fadingMNB,6000,0.728
s_gradual,1,fadingMNB,7000,0.709
s_gradual,1,fadingMNB,8000,0.699
s_gradual,1,fadingMNB,9000,0.71
s_gradual,1,fadingMNB,10000,0.71
s_gradual,1,fadingMNB,11000,0.712
s_gradual,1,fadingMNB,12000,0.692
s_gradual,1,fadingMNB,13000,0.708
s_gradual,1,fadingMNB,14000,0.703
s_gradual,1,fadingMNB,15000,0.724
s_gradual,1,fadingMNB,16000,0.716
s_gradual,1,fadingMNB,17000,0.72
s_gradual,1,fadingMNB,18000,0.737
s_gradual,1,fadingMNB,19000,0.717
s_gradual,1,fadingMNB,20000,0.738
s_gradual,1,fadingMNB,21000,0.729
s_gradual,1,fadingMNB,22000,0.716
s_gradual,1,fadingMNB,23000,0.735
s_gradual,1,fadingMNB,24000,0.682
s_gradual,1,fadingMNB,25000,0.719
s_gradual,1,fadingMNB,26000,0.723
s_gradual,1,fadingMNB,27000,0.719
s_gradual,1,fadingMNB,28000,0.73
s_gradual,1,fadingMNB,29000,0.743
s_gradual,1,fadingMNB,30000,0.723
s_gradual,1,fadingMNB,31000,0.707
s_gradual,1,fadingMNB,32000,0.734
s_gradual,1,fadingMNB,33000,0.746
s_gradual,1,fadingMNB,34000,0.723
s_gradual,1,fadingMNB,35000,0.729
s_gradual,1,fadingMNB,36000,0.727
s_gradual,1,fadingMNB,37000,0.726
s_gradual,1,fadingMNB,38000,0.714
s_gradual,1,fadingMNB,39000,0.729
s_gradual,1,fadingMNB,40000,0.731
s_gradual,1,fadingMNB,41000,0.738
s_gradual,1,fadingMNB,42000,0.753
s_gradual,1,fadingMNB,43000,0.746
s_gradual,1,fadingMNB,44000,0.73
s_gradual,1,fadingMNB,45000,0.744
s_gradual,1,fadingMNB,46000,0.734
s_gradual,1,fadingMNB,47000,0.751
s_gradual,1,fadingMNB,48000,0.761
s_gradual,1,fadingMNB,49000,0.751
s_gradual,1,fadingMNB,50000,0.763
s_gradual,1,fadingMNB,51000,0.76
s_gradual,1,fadingMNB,52000,0.739
s_gradual,1,fadingMNB,53000,0.756
s_gradual,1,fadingMNB,54000,0.782
s_gradual,1,fadingMNB,55000,0.743
s_gradual,1,fadingMNB,56000,0.761
s_gradual,1,fadingMNB,57000,0.743
s_gradual,1,fadingMNB,58000,0.752
s_gradual,1,fadingMNB,59000,0.758
s_gradual,1,fadingMNB,60000,0.758
s_gradual,1,fadingMNB,61000,0.754
s_gradual,1,fadingMNB,62000,0.783
s_gradual,1,fadingMNB,63000,0.764
s_gradual,1,fadingMNB,64000,0.772
s_gradual,1,fadingMNB,65000,0.768
s_gradual,1,fadingMNB,66000,0.781
s_gradual,1,fadingMNB,67000,0.753
s_gradual,1,fadingMNB,68000,0.782
s_gradual,1,fadingMNB,69000,0.75
s_gradual,1,fadingMNB,70000,0.767
s_gradual,1,fadingMNB,71000,0.778
s_gradual,1,fadingMNB,72000,0.781
s_gradual,1,fadingMNB,73000,0.771
s_gradual,1,fadingMNB,74000,0.758
s_gradual,1,fadingMNB,75000,0.791
s_gradual,1,fadingMNB,76000,0.77
s_gradual,1,fadingMNB,77000,0.774
s_gradual,1,fadingMNB,78000,0.779
s_gradual,1,fadingMNB,79000,0.786
s_gradual,1,fadingMNB,80000,0.767
s_gradual,1,baseline-Rebuild,1000,0.657
s_gradual,1,baseline-Rebuild,2000,0.673
s_gradual,1,baseline-Rebuild,3000,0.677
s_gradual,1,baseline-Rebuild,4000,0.692
s_gradual,1,baseline-Rebuild,5000,0.67
s_gradual,1,baseline-Rebuild,6000,0.721
s_gradual,1,baseline-Rebuild,7000,0.713
s_gradual,1,baseline-Rebuild,8000,0.698
s_gradual,1,baseline-Rebuild,9000,0.714
s_gradual,1,baseline-Rebuild,10000,0.714
s_gradual,1,baseline-Rebuild,11000,0.711
s_gradual,1,baseline-Rebuild,12000,0.693
s_gradual,1,baseline-Rebuild,13000,0.707
s_gradual,1,baseline-Rebuild,14000,0.712
s_gradual,1,baseline-Rebuild,15000,0.719
s_gradual,1,baseline-Rebuild,16000,0.713
s_gradual,1,baseline-Rebuild,17000,0.717
s_gradual,1,baseline-Rebuild,18000,0.742
s_gradual,1,baseline-Rebuild,19000,0.715
s_gradual,1,baseline-Rebuild,20000,0.735
s_gradual,1,baseline-Rebuild,21000,0.712
s_gradual,1,baseline-Rebuild,22000,0.693
s_gradual,1,baseline-Rebuild,23000,0.706
s_gradual,1,baseline-Rebuild,24000,0.67
s_gradual,1,baseline-Rebuild,25000,0.701
s_gradual,1,baseline-Rebuild,26000,0.707
s_gradual,1,baseline-Rebuild,27000,0.7
s_gradual,1,baseline-Rebuild,28000,0.713
s_gradual,1,baseline-Rebuild,29000,0.725
s_gradual,1,baseline-Rebuild,30000,0.708
s_gradual,1,baseline-Rebuild,31000,0.719
s_gradual,1,baseline-Rebuild,32000,0.726
s_gradual,1,baseline-Rebuild,33000,0.703
s_gradual,1,baseline-Rebuild,34000,0.695
s_gradual,1,baseline-Rebuild,35000,0.71
s_gradual,1,baseline-Rebuild,36000,0.721
s_gradual,1,baseline-Rebuild,37000,0.716
s_gradual,1,baseline-Rebuild,38000,0.694
s_gradual,1,baseline-Rebuild,39000,0.725
s_gradual,1,baseline-Rebuild,40000,0.732
s_gradual,1,baseline-Rebuild,41000,0.728
s_gradual,1,baseline-Rebuild,42000,0.754
s_gradual,1,baseline-Rebuild,43000,0.736
s_gradual,1,baseline-Rebuild,44000,0.732
s_gradual,1,baseline-Rebuild,45000,0.734
s_gradual,1,baseline-Rebuild,46000,0.749
s_gradual,1,baseline-Rebuild,47000,0.754
s_gradual,1,baseline-Rebuild,48000,0.765
s_gradual,1,baseline-Rebuild,49000,0.767
s_gradual,1,baseline-Rebuild,50000,0.763
s_gradual,1,baseline-Rebuild,51000,0.774
s_gradual,1,baseline-Rebuild,52000,0.762
s_gradual,1,baseline-Rebuild,53000,0.768
s_gradual,1,baseline-Rebuild,54000,0.777
s_gradual,1,baseline-Rebuild,55000,0.756
s_gradual,1,baseline-Rebuild,56000,0.78
s_gradual,1,baseline-Rebuild,57000,0.765
s_gradual,1,baseline-Rebuild,58000,0.766
s_gradual,1,baseline-Rebuild,59000,0.746
s_gradual,1,baseline-Rebuild,60000,0.755
s_gradual,1,baseline-Rebuild,61000,0.762
s_gradual,1,baseline-Rebuild,62000,0.792
s_gradual,1,baseline-Rebuild,63000,0.782
s_gradual,1,baseline-Rebuild,64000,0.766
s_gradual,1,baseline-Rebuild,65000,0.774
s_gradual,1,baseline-Rebuild,66000,0.77
s_gradual,1,baseline-Rebuild,67000,0.768
s_gradual,1,baseline-Rebuild,68000,0.779
s_gradual,1,baseline-Rebuild,69000,0.746
s_gradual,1,baseline-Rebuild,70000,0.76
s_gradual,1,baseline-Rebuild,71000,0.783
s_gradual,1,baseline-Rebuild,72000,0.777
s_gradual,1,baseline-Rebuild,73000,0.793
s_gradual,1,baseline-Rebuild,74000,0.756
s_gradual,1,baseline-Rebuild,75000,0.787
s_gradual,1,baseline-Rebuild,76000,0.765
s_gradual,1,baseline-Rebuild,77000,0.771
s_gradual,1,baseline-Rebuild,78000,0.796
s_gradual,1,baseline-Rebuild,79000,0.791
s_gradual,1,baseline-Rebuild,80000,0.792
s_gradual,1,baseline-SIFR,1000,0.657
s_gradual,1,baseline-SIFR,2000,0.673
s_gradual,1,baseline-SIFR,3000,0.677
s_gradual,1,baseline-SIFR,4000,0.692
s_gradual,1,baseline-SIFR,5000,0.67
s_gradual,1,baseline-SIFR,6000,0.721
s_gradual,1,baseline-SIFR,7000,0.713
s_gradual,1,baseline-SIFR,8000,0.698
s_gradual,1,baseline-SIFR,9000,0.714
s_gradual,1,baseline-SIFR,10000,0.714
s_gradual,1,baseline-SIFR,11000,0.711
s_gradual,1,baseline-SIFR,12000,0.693
s_gradual,1,baseline-SIFR,13000,0.707
s_gradual,1,baseline-SIFR,14000,0.712
s_gradual,1,baseline-SIFR,15000,0.719
s_gradual,1,baseline-SIFR,16000,0.713
s_gradual,1,baseline-SIFR,17000,0.717
s_gradual,1,baseline-SIFR,18000,0.742
s_gradual,1,baseline-SIFR,19000,0.715
s_gradual,1,baseline-SIFR,20000,0.735
s_gradual,1,baseline-SIFR,21000,0.731
s_gradual,1,baseline-SIFR,22000,0.72
s_gradual,1,baseline-SIFR,23000,0.732
s_gradual,1,baseline-SIFR,24000,0.682
s_gradual,1,baseline-SIFR,25000,0.716
s_gradual,1,baseline-SIFR,26000,0.72
s_gradual,1,baseline-SIFR,27000,0.718
s_gradual,1,baseline-SIFR,28000,0.729
s_gradual,1,baseline-SIFR,29000,0.738
s_gradual,1,baseline-SIFR,30000,0.717
s_gradual,1,baseline-SIFR,31000,0.704
s_gradual,1,baseline-SIFR,32000,0.738
s_gradual,1,baseline-SIFR,33000,0.733
s_gradual,1,baseline-SIFR,34000,0.717
s_gradual,1,baseline-SIFR,35000,0.729
s_gradual,1,baseline-SIFR,36000,0.72
s_gradual,1,baseline-SIFR,37000,0.735
s_gradual,1,baseline-SIFR,38000,0.706
s_gradual,1,baseline-SIFR,39000,0.727
s_gradual,1,baseline-SIFR,40000,0.73
s_gradual,1,baseline-SIFR,41000,0.736
s_gradual,1,baseline-SIFR,42000,0.736
s_gradual,1,baseline-SIFR,43000,0.749
s_gradual,1,baseline-SIFR,44000,0.721
s_gradual,1,baseline-SIFR,45000,0.738
s_gradual,1,baseline-SIFR,46000,0.73
s_gradual,1,baseline-SIFR,47000,0.752
s_gradual,1,baseline-SIFR,48000,0.766
s_gradual,1,baseline-SIFR,49000,0.749
s_gradual,1,baseline-SIFR,50000,0.762
s_gradual,1,baseline-SIFR,51000,0.755
s_gradual,1,baseline-SIFR,52000,0.725
s_gradual,1,baseline-SIFR,53000,0.757
s_gradual,1,baseline-SIFR,54000,0.769
s_gradual,1,baseline-SIFR,55000,0.738
s_gradual,1,baseline-SIFR,56000,0.755
s_gradual,1,baseline-SIFR,57000,0.738
s_gradual,1,baseline-SIFR,58000,0.748
s_gradual,1,baseline-SIFR,59000,0.743
s_gradual,1,baseline-SIFR,60000,0.746
s_gradual,1,baseline-SIFR,61000,0.748
s_gradual,1,baseline-SIFR,62000,0.783
s_gradual,1,baseline-SIFR,63000,0.757
s_gradual,1,baseline-SIFR,64000,0.767
s_gradual,1,baseline-SIFR,65000,0.772
s_gradual,1,baseline-SIFR,66000,0.78
s_gradual,1,baseline-SIFR,67000,0.747
s_gradual,1,baseline-SIFR,68000,0.772
s_gradual,1,baseline-SIFR,69000,0.746
s_gradual,1,baseline-SIFR,70000,0.753
s_gradual,1,baseline-SIFR,71000,0.769
s_gradual,1,baseline-SIFR,72000,0.757
s_gradual,1,baseline-SIFR,73000,0.774
s_gradual,1,baseline-SIFR,74000,0.751
s_gradual,1,baseline-SIFR,75000,0.779
s_gradual,1,baseline-SIFR,76000,0.783
s_gradual,1,baseline-SIFR,77000,0.775
s_gradual,1,baseline-SIFR,78000,0.79
s_gradual,1,baseline-SIFR,79000,0.79
s_gradual,1,baseline-SIFR,80000,0.773
s_gradual,1,enhanced-adwin_only,1000,0.657
s_gradual,1,enhanced-adwin_only,2000,0.673
s_gradual,1,enhanced-adwin_only,3000,0.677
s_gradual,1,enhanced-adwin_only,4000,0.692
s_gradual,1,enhanced-adwin_only,5000,0.67
s_gradual,1,enhanced-adwin_only,6000,0.721
s_gradual,1,enhanced-adwin_only,7000,0.713
s_gradual,1,enhanced-adwin_only,8000,0.698
s_gradual,1,enhanced-adwin_only,9000,0.714
s_gradual,1,enhanced-adwin_only,10000,0.714
s_gradual,1,enhanced-adwin_only,11000,0.711
s_gradual,1,enhanced-adwin_only,12000,0.693
s_gradual,1,enhanced-adwin_only,13000,0.707
s_gradual,1,enhanced-adwin_only,14000,0.712
s_gradual,1,enhanced-adwin_only,15000,0.719
s_gradual,1,enhanced-adwin_only,16000,0.713
s_gradual,1,enhanced-adwin_only,17000,0.717
s_gradual,1,enhanced-adwin_only,18000,0.742
s_gradual,1,enhanced-adwin_only,19000,0.715
s_gradual,1,enhanced-adwin_only,20000,0.735
s_gradual,1,enhanced-adwin_only,21000,0.733
s_gradual,1,enhanced-adwin_only,22000,0.718
s_gradual,1,enhanced-adwin_only,23000,0.725
s_gradual,1,enhanced-adwin_only,24000,0.685
s_gradual,1,enhanced-adwin_only,25000,0.718
s_gradual,1,enhanced-adwin_only,26000,0.722
s_gradual,1,enhanced-adwin_only,27000,0.718
s_gradual,1,enhanced-adwin_only,28000,0.744
s_gradual,1,enhanced-adwin_only,29000,0.738
s_gradual,1,enhanced-adwin_only,30000,0.721
s_gradual,1,enhanced-adwin_only,31000,0.71
s_gradual,1,enhanced-adwin_only,32000,0.742
s_gradual,1,enhanced-adwin_only,33000,0.745
s_gradual,1,enhanced-adwin_only,34000,0.728
s_gradual,1,enhanced-adwin_only,35000,0.725
s_gradual,1,enhanced-adwin_only,36000,0.72
s_gradual,1,enhanced-adwin_only,37000,0.735
s_gradual,1,enhanced-adwin_only,38000,0.706
s_gradual,1,enhanced-adwin_only,39000,0.727
s_gradual,1,enhanced-adwin_only,40000,0.73
s_gradual,1,enhanced-adwin_only,41000,0.736
s_gradual,1,enhanced-adwin_only,42000,0.736
s_gradual,1,enhanced-adwin_only,43000,0.749
s_gradual,1,enhanced-adwin_only,44000,0.721
s_gradual,1,enhanced-adwin_only,45000,0.738
s_gradual,1,enhanced-adwin_only,46000,0.73
s_gradual,1,enhanced-adwin_only,47000,0.752
s_gradual,1,enhanced-adwin_only,48000,0.766
s_gradual,1,enhanced-adwin_only,49000,0.74
s_gradual,1,enhanced-adwin_only,50000,0.759
s_gradual,1,enhanced-adwin_only,51000,0.758
s_gradual,1,enhanced-adwin_only,52000,0.741
s_gradual,1,enhanced-adwin_only,53000,0.746
s_gradual,1,enhanced-adwin_only,54000,0.773
s_gradual,1,enhanced-adwin_only,55000,0.742
s_gradual,1,enhanced-adwin_only,56000,0.765
s_gradual,1,enhanced-adwin_only,57000,0.752
s_gradual,1,enhanced-adwin_only,58000,0.758
s_gradual,1,enhanced-adwin_only,59000,0.744
s_gradual,1,enhanced-adwin_only,60000,0.757
s_gradual,1,enhanced-adwin_only,61000,0.761
s_gradual,1,enhanced-adwin_only,62000,0.795
s_gradual,1,enhanced-adwin_only,63000,0.767
s_gradual,1,enhanced-adwin_only,64000,0.774
s_gradual,1,enhanced-adwin_only,65000,0.775
s_gradual,1,enhanced-adwin_only,66000,0.78
s_gradual,1,enhanced-adwin_only,67000,0.758
s_gradual,1,enhanced-adwin_only,68000,0.787
s_gradual,1,enhanced-adwin_only,69000,0.763
s_gradual,1,enhanced-adwin_only,70000,0.776
s_gradual,1,enhanced-adwin_only,71000,0.771
s_gradual,1,enhanced-adwin_only,72000,0.784
s_gradual,1,enhanced-adwin_only,73000,0.774
s_gradual,1,enhanced-adwin_only,74000,0.751
s_gradual,1,enhanced-adwin_only,75000,0.779
s_gradual,1,enhanced-adwin_only,76000,0.783
s_gradual,1,enhanced-adwin_only,77000,0.775
s_gradual,1,enhanced-adwin_only,78000,0.79
s_gradual,1,enhanced-adwin_only,79000,0.79
s_gradual,1,enhanced-adwin_only,80000,0.773
s_gradual,1,enhanced-or,1000,0.657
s_gradual,1,enhanced-or,2000,0.673
s_gradual,1,enhanced-or,3000,0.677
s_gradual,1,enhanced-or,4000,0.692
s_gradual,1,enhanced-or,5000,0.67
s_gradual,1,enhanced-or,6000,0.721
s_gradual,1,enhanced-or,7000,0.713
s_gradual,1,enhanced-or,8000,0.698
s_gradual,1,enhanced-or,9000,0.714
s_gradual,1,enhanced-or,10000,0.714
s_gradual,1,enhanced-or,11000,0.711
s_gradual,1,enhanced-or,12000,0.693
s_gradual,1,enhanced-or,13000,0.707
s_gradual,1,enhanced-or,14000,0.712
s_gradual,1,enhanced-or,15000,0.719
s_gradual,1,enhanced-or,16000,0.713
s_gradual,1,enhanced-or,17000,0.717
s_gradual,1,enhanced-or,18000,0.742
s_gradual,1,enhanced-or,19000,0.715
s_gradual,1,enhanced-or,20000,0.735
s_gradual,1,enhanced-or,21000,0.712
s_gradual,1,enhanced-or,22000,0.693
s_gradual,1,enhanced-or,23000,0.706
s_gradual,1,enhanced-or,24000,0.67
s_gradual,1,enhanced-or,25000,0.701
s_gradual,1,enhanced-or,26000,0.707
s_gradual,1,enhanced-or,27000,0.7
s_gradual,1,enhanced-or,28000,0.713
s_gradual,1,enhanced-or,29000,0.725
s_gradual,1,enhanced-or,30000,0.708
s_gradual,1,enhanced-or,31000,0.719
s_gradual,1,enhanced-or,32000,0.726
s_gradual,1,enhanced-or,33000,0.703
s_gradual,1,enhanced-or,34000,0.695
s_gradual,1,enhanced-or,35000,0.71
s_gradual,1,enhanced-or,36000,0.721
s_gradual,1,enhanced-or,37000,0.716
s_gradual,1,enhanced-or,38000,0.694
s_gradual,1,enhanced-or,39000,0.725
s_gradual,1,enhanced-or,40000,0.732
s_gradual,1,enhanced-or,41000,0.728
s_gradual,1,enhanced-or,42000,0.754
s_gradual,1,enhanced-or,43000,0.736
s_gradual,1,enhanced-or,44000,0.732
s_gradual,1,enhanced-or,45000,0.734
s_gradual,1,enhanced-or,46000,0.749
s_gradual,1,enhanced-or,47000,0.754
s_gradual,1,enhanced-or,48000,0.765
s_gradual,1,enhanced-or,49000,0.767
s_gradual,1,enhanced-or,50000,0.763
s_gradual,1,enhanced-or,51000,0.774
s_gradual,1,enhanced-or,52000,0.762
s_gradual,1,enhanced-or,53000,0.768
s_gradual,1,enhanced-or,54000,0.777
s_gradual,1,enhanced-or,55000,0.756
s_gradual,1,enhanced-or,56000,0.78
s_gradual,1,enhanced-or,57000,0.765
s_gradual,1,enhanced-or,58000,0.766
s_gradual,1,enhanced-or,59000,0.746
s_gradual,1,enhanced-or,60000,0.755
s_gradual,1,enhanced-or,61000,0.762
s_gradual,1,enhanced-or,62000,0.792
s_gradual,1,enhanced-or,63000,0.782
s_gradual,1,enhanced-or,64000,0.766
s_gradual,1,enhanced-or,65000,0.774
s_gradual,1,enhanced-or,66000,0.77
s_gradual,1,enhanced-or,67000,0.768
s_gradual,1,enhanced-or,68000,0.779
s_gradual,1,enhanced-or,69000,0.746
s_gradual,1,enhanced-or,70000,0.76
s_gradual,1,enhanced-or,71000,0.783
s_gradual,1,enhanced-or,72000,0.777
s_gradual,1,enhanced-or,73000,0.793
s_gradual,1,enhanced-or,74000,0.756
s_gradual,1,enhanced-or,75000,0.787
s_gradual,1,enhanced-or,76000,0.765
s_gradual,1,enhanced-or,77000,0.771
s_gradual,1,enhanced-or,78000,0.796
s_gradual,1,enhanced-or,79000,0.791
s_gradual,1,enhanced-or,80000,0.792
s_gradual,1,enhanced-and,1000,0.657
s_gradual,1,enhanced-and,2000,0.673
s_gradual,1,enhanced-and,3000,0.677
s_gradual,1,enhanced-and,4000,0.692
s_gradual,1,enhanced-and,5000,0.67
s_gradual,1,enhanced-and,6000,0.721
s_gradual,1,enhanced-and,7000,0.713
s_gradual,1,enhanced-and,8000,0.698
s_gradual,1,enhanced-and,9000,0.714
s_gradual,1,enhanced-and,10000,0.714
s_gradual,1,enhanced-and,11000,0.711
s_gradual,1,enhanced-and,12000,0.693
s_gradual,1,enhanced-and,13000,0.707
s_gradual,1,enhanced-and,14000,0.712
s_gradual,1,enhanced-and,15000,0.719
s_gradual,1,enhanced-and,16000,0.713
s_gradual,1,enhanced-and,17000,0.717
s_gradual,1,enhanced-and,18000,0.742
s_gradual,1,enhanced-and,19000,0.715
s_gradual,1,enhanced-and,20000,0.735
s_gradual,1,enhanced-and,21000,0.733
s_gradual,1,enhanced-and,22000,0.718
s_gradual,1,enhanced-and,23000,0.725
s_gradual,1,enhanced-and,24000,0.685
s_gradual,1,enhanced-and,25000,0.718
s_gradual,1,enhanced-and,26000,0.722
s_gradual,1,enhanced-and,27000,0.718
s_gradual,1,enhanced-and,28000,0.744
s_gradual,1,enhanced-and,29000,0.738
s_gradual,1,enhanced-and,30000,0.721
s_gradual,1,enhanced-and,31000,0.71
s_gradual,1,enhanced-and,32000,0.742
s_gradual,1,enhanced-and,33000,0.745
s_gradual,1,enhanced-and,34000,0.728
s_gradual,1,enhanced-and,35000,0.725
s_gradual,1,enhanced-and,36000,0.72
s_gradual,1,enhanced-and,37000,0.735
s_gradual,1,enhanced-and,38000,0.706
s_gradual,1,enhanced-and,39000,0.727
s_gradual,1,enhanced-and,40000,0.73
s_gradual,1,enhanced-and,41000,0.736
s_gradual,1,enhanced-and,42000,0.736
s_gradual,1,enhanced-and,43000,0.749
s_gradual,1,enhanced-and,44000,0.721
s_gradual,1,enhanced-and,45000,0.738
s_gradual,1,enhanced-and,46000,0.73
s_gradual,1,enhanced-and,47000,0.752
s_gradual,1,enhanced-and,48000,0.766
s_gradual,1,enhanced-and,49000,0.74
s_gradual,1,enhanced-and,50000,0.759
s_gradual,1,enhanced-and,51000,0.758
s_gradual,1,enhanced-and,52000,0.741
s_gradual,1,enhanced-and,53000,0.746
s_gradual,1,enhanced-and,54000,0.773
s_gradual,1,enhanced-and,55000,0.742
s_gradual,1,enhanced-and,56000,0.765
s_gradual,1,enhanced-and,57000,0.752
s_gradual,1,enhanced-and,58000,0.758
s_gradual,1,enhanced-and,59000,0.744
s_gradual,1,enhanced-and,60000,0.757
s_gradual,1,enhanced-and,61000,0.761
s_gradual,1,enhanced-and,62000,0.795
s_gradual,1,enhanced-and,63000,0.767
s_gradual,1,enhanced-and,64000,0.774
s_gradual,1,enhanced-and,65000,0.775
s_gradual,1,enhanced-and,66000,0.78
s_gradual,1,enhanced-and,67000,0.758
s_gradual,1,enhanced-and,68000,0.787
s_gradual,1,enhanced-and,69000,0.763
s_gradual,1,enhanced-and,70000,0.776
s_gradual,1,enhanced-and,71000,0.771
s_gradual,1,enhanced-and,72000,0.784
s_gradual,1,enhanced-and,73000,0.774
s_gradual,1,enhanced-and,74000,0.751
s_gradual,1,enhanced-and,75000,0.779
s_gradual,1,enhanced-and,76000,0.783
s_gradual,1,enhanced-and,77000,0.775
s_gradual,1,enhanced-and,78000,0.79
s_gradual,1,enhanced-and,79000,0.79
s_gradual,1,enhanced-and,80000,0.773
s_gradual,3,accumulativeMNB,1000,0.617
s_gradual,3,accumulativeMNB,2000,0.687
s_gradual,3,accumulativeMNB,3000,0.667
s_gradual,3,accumulativeMNB,4000,0.726
s_gradual,3,accumulativeMNB,5000,0.692
s_gradual,3,accumulativeMNB,6000,0.739
s_gradual,3,accumulativeMNB,7000,0.72
s_gradual,3,accumulativeMNB,8000,0.744
s_gradual,3,accumulativeMNB,9000,0.689
s_gradual,3,accumulativeMNB,10000,0.723
s_gradual,3,accumulativeMNB,11000,0.725
s_gradual,3,accumulativeMNB,12000,0.731
s_gradual,3,accumulativeMNB,13000,0.725
s_gradual,3,accumulativeMNB,14000,0.723
s_gradual,3,accumulativeMNB,15000,0.725
s_gradual,3,accumulativeMNB,16000,0.719
s_gradual,3,accumulativeMNB,17000,0.723
s_gradual,3,accumulativeMNB,18000,0.709
s_gradual,3,accumulativeMNB,19000,0.711
s_gradual,3,accumulativeMNB,20000,0.738
s_gradual,3,accumulativeMNB,21000,0.731
s_gradual,3,accumulativeMNB,22000,0.735
s_gradual,3,accumulativeMNB,23000,0.69
s_gradual,3,accumulativeMNB,24000,0.722
s_gradual,3,accumulativeMNB,25000,0.724
s_gradual,3,accumulativeMNB,26000,0.741
s_gradual,3,accumulativeMNB,27000,0.746
s_gradual,3,accumulativeMNB,28000,0.722
s_gradual,3,accumulativeMNB,29000,0.749
s_gradual,3,accumulativeMNB,30000,0.7
s_gradual,3,accumulativeMNB,31000,0.718
s_gradual,3,accumulativeMNB,32000,0.736
s_gradual,3,accumulativeMNB,33000,0.735
s_gradual,3,accumulativeMNB,34000,0.718
s_gradual,3,accumulativeMNB,35000,0.735
s_gradual,3,accumulativeMNB,36000,0.721
s_gradual,3,accumulativeMNB,37000,0.735
s_gradual,3,accumulativeMNB,38000,0.708
s_gradual,3,accumulativeMNB,39000,0.771
s_gradual,3,accumulativeMNB,40000,0.703
s_gradual,3,accumulativeMNB,41000,0.708
s_gradual,3,accumulativeMNB,42000,0.727
s_gradual,3,accumulativeMNB,43000,0.726
s_gradual,3,accumulativeMNB,44000,0.751
s_gradual,3,accumulativeMNB,45000,0.723
s_gradual,3,accumulativeMNB,46000,0.73
s_gradual,3,accumulativeMNB,47000,0.727
s_gradual,3,accumulativeMNB,48000,0.743
s_gradual,3,accumulativeMNB,49000,0.774
s_gradual,3,accumulativeMNB,50000,0.722
s_gradual,3,accumulativeMNB,51000,0.718
s_gradual,3,accumulativeMNB,52000,0.755
s_gradual,3,accumulativeMNB,53000,0.756
s_gradual,3,accumulativeMNB,54000,0.754
s_gradual,3,accumulativeMNB,55000,0.763
s_gradual,3,accumulativeMNB,56000,0.746
s_gradual,3,accumulativeMNB,57000,0.751
s_gradual,3,accumulativeMNB,58000,0.753
s_gradual,3,accumulativeMNB,59000,0.752
s_gradual,3,accumulativeMNB,60000,0.756
s_gradual,3,accumulativeMNB,61000,0.769
s_gradual,3,accumulativeMNB,62000,0.761
s_gradual,3,accumulativeMNB,63000,0.749
s_gradual,3,accumulativeMNB,64000,0.784
s_gradual,3,accumulativeMNB,65000,0.78
s_gradual,3,accumulativeMNB,66000,0.786
s_gradual,3,accumulativeMNB,67000,0.781
s_gradual,3,accumulativeMNB,68000,0.774
s_gradual,3,accumulativeMNB,69000,0.782
s_gradual,3,accumulativeMNB,70000,0.774
s_gradual,3,accumulativeMNB,71000,0.765
s_gradual,3,accumulativeMNB,72000,0.753
s_gradual,3,accumulativeMNB,73000,0.754
s_gradual,3,accumulativeMNB,74000,0.783
s_gradual,3,accumulativeMNB,75000,0.765
s_gradual,3,accumulativeMNB,76000,0.756
s_gradual,3,accumulativeMNB,77000,0.817
s_gradual,3,accumulativeMNB,78000,0.788
s_gradual,3,accumulativeMNB,79000,0.793
s_gradual,3,accumulativeMNB,80000,0.792
s_gradual,3,fadingMNB,1000,0.617
s_gradual,3,fadingMNB,2000,0.69
s_gradual,3,fadingMNB,3000,0.67
s_gradual,3,fadingMNB,4000,0.726
s_gradual,3,fadingMNB,5000,0.691
s_gradual,3,fadingMNB,6000,0.739
s_gradual,3,fadingMNB,7000,0.72
s_gradual,3,fadingMNB,8000,0.74
s_gradual,3,fadingMNB,9000,0.692
s_gradual,3,fadingMNB,10000,0.726
s_gradual,3,fadingMNB,11000,0.734
s_gradual,3,fadingMNB,12000,0.737
s_gradual,3,fadingMNB,13000,0.728
s_gradual,3,fadingMNB,14000,0.727
s_gradual,3,fadingMNB,15000,0.733
s_gradual,3,fadingMNB,16000,0.719
s_gradual,3,fadingMNB,17000,0.729
s_gradual,3,fadingMNB,18000,0.714
s_gradual,3,fadingMNB,19000,0.715
s_gradual,3,fadingMNB,20000,0.736
s_gradual,3,fadingMNB,21000,0.73
s_gradual,3,fadingMNB,22000,0.733
s_gradual,3,fadingMNB,23000,0.684
s_gradual,3,fadingMNB,24000,0.728
s_gradual,3,fadingMNB,25000,0.728
s_gradual,3,fadingMNB,26000,0.744
s_gradual,3,fadingMNB,27000,0.74
s_gradual,3,fadingMNB,28000,0.721
s_gradual,3,fadingMNB,29000,0.735
s_gradual,3,fadingMNB,30000,0.7
s_gradual,3,fadingMNB,31000,0.728
s_gradual,3,fadingMNB,32000,0.73
s_gradual,3,fadingMNB,33000,0.729
s_gradual,3,fadingMNB,34000,0.713
s_gradual,3,fadingMNB,35000,0.742
s_gradual,3,fadingMNB,36000,0.712
s_gradual,3,fadingMNB,37000,0.736
s_gradual,3,fadingMNB,38000,0.716
s_gradual,3,fadingMNB,39000,0.755
s_gradual,3,fadingMNB,40000,0.694
s_gradual,3,fadingMNB,41000,0.715
s_gradual,3,fadingMNB,42000,0.729
s_gradual,3,fadingMNB,43000,0.738
s_gradual,3,fadingMNB,44000,0.753
s_gradual,3,fadingMNB,45000,0.725
s_gradual,3,fadingMNB,46000,0.733
s_gradual,3,fadingMNB,47000,0.732
s_gradual,3,fadingMNB,48000,0.751
s_gradual,3,fadingMNB,49000,0.776
s_gradual,3,fadingMNB,50000,0.72
s_gradual,3,fadingMNB,51000,0.72
s_gradual,3,fadingMNB,52000,0.749
s_gradual,3,fadingMNB,53000,0.758
s_gradual,3,fadingMNB,54000,0.755
s_gradual,3,fadingMNB,55000,0.755
s_gradual,3,fadingMNB,56000,0.741
s_gradual,3,fadingMNB,57000,0.752
s_gradual,3,fadingMNB,58000,0.75
s_gradual,3,fadingMNB,59000,0.762
s_gradual,3,fadingMNB,60000,0.747
s_gradual,3,fadingMNB,61000,0.767
s_gradual,3,fadingMNB,62000,0.751
s_gradual,3,fadingMNB,63000,0.755
s_gradual,3,fadingMNB,64000,0.776
s_gradual,3,fadingMNB,65000,0.766
s_gradual,3,fadingMNB,66000,0.771
s_gradual,3,fadingMNB,67000,0.784
s_gradual,3,fadingMNB,68000,0.75
s_gradual,3,fadingMNB,69000,0.783
s_gradual,3,fadingMNB,70000,0.774
s_gradual,3,fadingMNB,71000,0.761
s_gradual,3,fadingMNB,72000,0.761
s_gradual,3,fadingMNB,73000,0.76
s_gradual,3,fadingMNB,74000,0.781
s_gradual,3,fadingMNB,75000,0.767
s_gradual,3,fadingMNB,76000,0.753
s_gradual,3,fadingMNB,77000,0.808
s_gradual,3,fadingMNB,78000,0.786
s_gradual,3,fadingMNB,79000,0.794
s_gradual,3,fadingMNB,80000,0.794
s_gradual,3,baseline-Rebuild,1000,0.617
s_gradual,3,baseline-Rebuild,2000,0.687
s_gradual,3,baseline-Rebuild,3000,0.667
s_gradual,3,baseline-Rebuild,4000,0.726
s_gradual,3,baseline-Rebuild,5000,0.692
s_gradual,3,baseline-Rebuild,6000,0.739
s_gradual,3,baseline-Rebuild,7000,0.72
s_gradual,3,baseline-Rebuild,8000,0.744
s_gradual,3,baseline-Rebuild,9000,0.689
s_gradual,3,baseline-Rebuild,10000,0.723
s_gradual,3,baseline-Rebuild,11000,0.725
s_gradual,3,baseline-Rebuild,12000,0.731
s_gradual,3,baseline-Rebuild,13000,0.725
s_gradual,3,baseline-Rebuild,14000,0.723
s_gradual,3,baseline-Rebuild,15000,0.725
s_gradual,3,baseline-Rebuild,16000,0.719
s_gradual,3,baseline-Rebuild,17000,0.723
s_gradual,3,baseline-Rebuild,18000,0.709
s_gradual,3,baseline-Rebuild,19000,0.711
s_gradual,3,baseline-Rebuild,20000,0.738
s_gradual,3,baseline-Rebuild,21000,0.721
s_gradual,3,baseline-Rebuild,22000,0.699
s_gradual,3,baseline-Rebuild,23000,0.679
s_gradual,3,baseline-Rebuild,24000,0.705
s_gradual,3,baseline-Rebuild,25000,0.715
s_gradual,3,baseline-Rebuild,26000,0.734
s_gradual,3,baseline-Rebuild,27000,0.741
s_gradual,3,baseline-Rebuild,28000,0.707
s_gradual,3,baseline-Rebuild,29000,0.719
s_gradual,3,baseline-Rebuild,30000,0.695
s_gradual,3,baseline-Rebuild,31000,0.704
s_gradual,3,baseline-Rebuild,32000,0.721
s_gradual,3,baseline-Rebuild,33000,0.692
s_gradual,3,baseline-Rebuild,34000,0.684
s_gradual,3,baseline-Rebuild,35000,0.741
s_gradual,3,baseline-Rebuild,36000,0.71
s_gradual,3,baseline-Rebuild,37000,0.719
s_gradual,3,baseline-Rebuild,38000,0.706
s_gradual,3,baseline-Rebuild,39000,0.746
s_gradual,3,baseline-Rebuild,40000,0.698
s_gradual,3,baseline-Rebuild,41000,0.733
s_gradual,3,baseline-Rebuild,42000,0.712
s_gradual,3,baseline-Rebuild,43000,0.736
s_gradual,3,baseline-Rebuild,44000,0.76
s_gradual,3,baseline-Rebuild,45000,0.735
s_gradual,3,baseline-Rebuild,46000,0.723
s_gradual,3,baseline-Rebuild,47000,0.714
s_gradual,3,baseline-Rebuild,48000,0.753
s_gradual,3,baseline-Rebuild,49000,0.783
s_gradual,3,baseline-Rebuild,50000,0.747
s_gradual,3,baseline-Rebuild,51000,0.735
s_gradual,3,baseline-Rebuild,52000,0.758
s_gradual,3,baseline-Rebuild,53000,0.758
s_gradual,3,baseline-Rebuild,54000,0.753
s_gradual,3,baseline-Rebuild,55000,0.764
s_gradual,3,baseline-Rebuild,56000,0.764
s_gradual,3,baseline-Rebuild,57000,0.769
s_gradual,3,baseline-Rebuild,58000,0.767
s_gradual,3,baseline-Rebuild,59000,0.752
s_gradual,3,baseline-Rebuild,60000,0.768
s_gradual,3,baseline-Rebuild,61000,0.772
s_gradual,3,baseline-Rebuild,62000,0.768
s_gradual,3,baseline-Rebuild,63000,0.761
s_gradual,3,baseline-Rebuild,64000,0.788
s_gradual,3,baseline-Rebuild,65000,0.788
s_gradual,3,baseline-Rebuild,66000,0.783
s_gradual,3,baseline-Rebuild,67000,0.781
s_gradual,3,baseline-Rebuild,68000,0.779
s_gradual,3,baseline-Rebuild,69000,0.789
s_gradual,3,baseline-Rebuild,70000,0.788
s_gradual,3,baseline-Rebuild,71000,0.774
s_gradual,3,baseline-Rebuild,72000,0.763
s_gradual,3,baseline-Rebuild,73000,0.759
s_gradual,3,baseline-Rebuild,74000,0.77
s_gradual,3,baseline-Rebuild,75000,0.764
s_gradual,3,baseline-Rebuild,76000,0.762
s_gradual,3,baseline-Rebuild,77000,0.81
s_gradual,3,baseline-Rebuild,78000,0.781
s_gradual,3,baseline-Rebuild,79000,0.794
s_gradual,3,baseline-Rebuild,80000,0.784
s_gradual,3,baseline-SIFR,1000,0.617
s_gradual,3,baseline-SIFR,2000,0.687
s_gradual,3,baseline-SIFR,3000,0.667
s_gradual,3,baseline-SIFR,4000,0.726
s_gradual,3,baseline-SIFR,5000,0.692
s_gradual,3,baseline-SIFR,6000,0.739
s_gradual,3,baseline-SIFR,7000,0.72
s_gradual,3,baseline-SIFR,8000,0.744
s_gradual,3,baseline-SIFR,9000,0.689
s_gradual,3,baseline-SIFR,10000,0.723
s_gradual,3,baseline-SIFR,11000,0.725
s_gradual,3,baseline-SIFR,12000,0.731
s_gradual,3,baseline-SIFR,13000,0.725
s_gradual,3,baseline-SIFR,14000,0.723
s_gradual,3,baseline-SIFR,15000,0.725
s_gradual,3,baseline-SIFR,16000,0.719
s_gradual,3,baseline-SIFR,17000,0.723
s_gradual,3,baseline-SIFR,18000,0.709
s_gradual,3,baseline-SIFR,19000,0.711
s_gradual,3,baseline-SIFR,20000,0.738
s_gradual,3,baseline-SIFR,21000,0.733
s_gradual,3,baseline-SIFR,22000,0.74
s_gradual,3,baseline-SIFR,23000,0.689
s_gradual,3,baseline-SIFR,24000,0.73
s_gradual,3,baseline-SIFR,25000,0.72
s_gradual,3,baseline-SIFR,26000,0.746
s_gradual,3,baseline-SIFR,27000,0.738
s_gradual,3,baseline-SIFR,28000,0.718
s_gradual,3,baseline-SIFR,29000,0.734
s_gradual,3,baseline-SIFR,30000,0.707
s_gradual,3,baseline-SIFR,31000,0.721
s_gradual,3,baseline-SIFR,32000,0.725
s_gradual,3,baseline-SIFR,33000,0.713
s_gradual,3,baseline-SIFR,34000,0.715
s_gradual,3,baseline-SIFR,35000,0.738
s_gradual,3,baseline-SIFR,36000,0.717
s_gradual,3,baseline-SIFR,37000,0.735
s_gradual,3,baseline-SIFR,38000,0.708
s_gradual,3,baseline-SIFR,39000,0.771
s_gradual,3,baseline-SIFR,40000,0.703
s_gradual,3,baseline-SIFR,41000,0.708
s_gradual,3,baseline-SIFR,42000,0.727
s_gradual,3,baseline-SIFR,43000,0.726
s_gradual,3,baseline-SIFR,44000,0.751
s_gradual,3,baseline-SIFR,45000,0.723
s_gradual,3,baseline-SIFR,46000,0.73
s_gradual,3,baseline-SIFR,47000,0.727
s_gradual,3,baseline-SIFR,48000,0.743
s_gradual,3,baseline-SIFR,49000,0.774
s_gradual,3,baseline-SIFR,50000,0.722
s_gradual,3,baseline-SIFR,51000,0.718
s_gradual,3,baseline-SIFR,52000,0.755
s_gradual,3,baseline-SIFR,53000,0.756
s_gradual,3,baseline-SIFR,54000,0.754
s_gradual,3,baseline-SIFR,55000,0.763
s_gradual,3,baseline-SIFR,56000,0.746
s_gradual,3,baseline-SIFR,57000,0.751
s_gradual,3,baseline-SIFR,58000,0.753
s_gradual,3,baseline-SIFR,59000,0.752
s_gradual,3,baseline-SIFR,60000,0.756
s_gradual,3,baseline-SIFR,61000,0.769
s_gradual,3,baseline-SIFR,62000,0.761
s_gradual,3,baseline-SIFR,63000,0.749
s_gradual,3,baseline-SIFR,64000,0.784
s_gradual,3,baseline-SIFR,65000,0.78
s_gradual,3,baseline-SIFR,66000,0.786
s_gradual,3,baseline-SIFR,67000,0.781
s_gradual,3,baseline-SIFR,68000,0.774
s_gradual,3,baseline-SIFR,69000,0.782
s_gradual,3,baseline-SIFR,70000,0.774
s_gradual,3,baseline-SIFR,71000,0.765
s_gradual,3,baseline-SIFR,72000,0.753
s_gradual,3,baseline-SIFR,73000,0.754
s_gradual,3,baseline-SIFR,74000,0.783
s_gradual,3,baseline-SIFR,75000,0.765
s_gradual,3,baseline-SIFR,76000,0.756
s_gradual,3,baseline-SIFR,77000,0.817
s_gradual,3,baseline-SIFR,78000,0.788
s_gradual,3,baseline-SIFR,79000,0.793
s_gradual,3,baseline-SIFR,80000,0.792
s_gradual,3,enhanced-adwin_only,1000,0.617
s_gradual,3,enhanced-adwin_only,2000,0.687
s_gradual,3,enhanced-adwin_only,3000,0.667
s_gradual,3,enhanced-adwin_only,4000,0.726
s_gradual,3,enhanced-adwin_only,5000,0.692
s_gradual,3,enhanced-adwin_only,6000,0.739
s_gradual,3,enhanced-adwin_only,7000,0.72
s_gradual,3,enhanced-adwin_only,8000,0.744
s_gradual,3,enhanced-adwin_only,9000,0.689
s_gradual,3,enhanced-adwin_only,10000,0.723
s_gradual,3,enhanced-adwin_only,11000,0.725
s_gradual,3,enhanced-adwin_only,12000,0.731
s_gradual,3,enhanced-adwin_only,13000,0.725
s_gradual,3,enhanced-adwin_only,14000,0.723
s_gradual,3,enhanced-adwin_only,15000,0.725
s_gradual,3,enhanced-adwin_only,16000,0.719
s_gradual,3,enhanced-adwin_only,17000,0.723
s_gradual,3,enhanced-adwin_only,18000,0.709
s_gradual,3,enhanced-adwin_only,19000,0.711
s_gradual,3,enhanced-adwin_only,20000,0.738
s_gradual,3,enhanced-adwin_only,21000,0.731
s_gradual,3,enhanced-adwin_only,22000,0.735
s_gradual,3,enhanced-adwin_only,23000,0.69
s_gradual,3,enhanced-adwin_only,24000,0.722
s_gradual,3,enhanced-adwin_only,25000,0.724
s_gradual,3,enhanced-adwin_only,26000,0.741
s_gradual,3,enhanced-adwin_only,27000,0.746
s_gradual,3,enhanced-adwin_only,28000,0.722
s_gradual,3,enhanced-adwin_only,29000,0.749
s_gradual,3,enhanced-adwin_only,30000,0.7
s_gradual,3,enhanced-adwin_only,31000,0.718
s_gradual,3,enhanced-adwin_only,32000,0.736
s_gradual,3,enhanced-adwin_only,33000,0.735
s_gradual,3,enhanced-adwin_only,34000,0.718
s_gradual,3,enhanced-adwin_only,35000,0.735
s_gradual,3,enhanced-adwin_only,36000,0.721
s_gradual,3,enhanced-adwin_only,37000,0.735
s_gradual,3,enhanced-adwin_only,38000,0.708
s_gradual,3,enhanced-adwin_only,39000,0.771
s_gradual,3,enhanced-adwin_only,40000,0.703
s_gradual,3,enhanced-adwin_only,41000,0.708
s_gradual,3,enhanced-adwin_only,42000,0.727
s_gradual,3,enhanced-adwin_only,43000,0.726
s_gradual,3,enhanced-adwin_only,44000,0.751
s_gradual,3,enhanced-adwin_only,45000,0.723
s_gradual,3,enhanced-adwin_only,46000,0.73
s_gradual,3,enhanced-adwin_only,47000,0.727
s_gradual,3,enhanced-adwin_only,48000,0.743
s_gradual,3,enhanced-adwin_only,49000,0.774
s_gradual,3,enhanced-adwin_only,50000,0.722
s_gradual,3,enhanced-adwin_only,51000,0.718
s_gradual,3,enhanced-adwin_only,52000,0.755
s_gradual,3,enhanced-adwin_only,53000,0.756
s_gradual,3,enhanced-adwin_only,54000,0.754
s_gradual,3,enhanced-adwin_only,55000,0.763
s_gradual,3,enhanced-adwin_only,56000,0.746
s_gradual,3,enhanced-adwin_only,57000,0.751
s_gradual,3,enhanced-adwin_only,58000,0.753
s_gradual,3,enhanced-adwin_only,59000,0.752
s_gradual,3,enhanced-adwin_only,60000,0.756
s_gradual,3,enhanced-adwin_only,61000,0.769
s_gradual,3,enhanced-adwin_only,62000,0.761
s_gradual,3,enhanced-adwin_only,63000,0.749
s_gradual,3,enhanced-adwin_only,64000,0.784
s_gradual,3,enhanced-adwin_only,65000,0.78
s_gradual,3,enhanced-adwin_only,66000,0.786
s_gradual,3,enhanced-adwin_only,67000,0.781
s_gradual,3,enhanced-adwin_only,68000,0.774
s_gradual,3,enhanced-adwin_only,69000,0.782
s_gradual,3,enhanced-adwin_only,70000,0.774
s_gradual,3,enhanced-adwin_only,71000,0.765
s_gradual,3,enhanced-adwin_only,72000,0.753
s_gradual,3,enhanced-adwin_only,73000,0.754
s_gradual,3,enhanced-adwin_only,74000,0.783
s_gradual,3,enhanced-adwin_only,75000,0.765
s_gradual,3,enhanced-adwin_only,76000,0.756
s_gradual,3,enhanced-adwin_only,77000,0.817
s_gradual,3,enhanced-adwin_only,78000,0.788
s_gradual,3,enhanced-adwin_only,79000,0.793
s_gradual,3,enhanced-adwin_only,80000,0.792
s_gradual,3,enhanced-or,1000,0.617
s_gradual,3,enhanced-or,2000,0.687
s_gradual,3,enhanced-or,3000,0.667
s_gradual,3,enhanced-or,4000,0.726
s_gradual,3,enhanced-or,5000,0.692
s_gradual,3,enhanced-or,6000,0.739
s_gradual,3,enhanced-or,7000,0.72
s_gradual,3,enhanced-or,8000,0.744
s_gradual,3,enhanced-or,9000,0.689
s_gradual,3,enhanced-or,10000,0.723
s_gradual,3,enhanced-or,11000,0.725
s_gradual,3,enhanced-or,12000,0.731
s_gradual,3,enhanced-or,13000,0.725
s_gradual,3,enhanced-or,14000,0.723
s_gradual,3,enhanced-or,15000,0.725
s_gradual,3,enhanced-or,16000,0.719
s_gradual,3,enhanced-or,17000,0.723
s_gradual,3,enhanced-or,18000,0.709
s_gradual,3,enhanced-or,19000,0.711
s_gradual,3,enhanced-or,20000,0.738
s_gradual,3,enhanced-or,21000,0.721
s_gradual,3,enhanced-or,22000,0.699
s_gradual,3,enhanced-or,23000,0.679
s_gradual,3,enhanced-or,24000,0.705
s_gradual,3,enhanced-or,25000,0.715
s_gradual,3,enhanced-or,26000,0.734
s_gradual,3,enhanced-or,27000,0.741
s_gradual,3,enhanced-or,28000,0.707
s_gradual,3,enhanced-or,29000,0.719
s_gradual,3,enhanced-or,30000,0.695
s_gradual,3,enhanced-or,31000,0.704
s_gradual,3,enhanced-or,32000,0.721
s_gradual,3,enhanced-or,33000,0.692
s_gradual,3,enhanced-or,34000,0.684
s_gradual,3,enhanced-or,35000,0.741
s_gradual,3,enhanced-or,36000,0.71
s_gradual,3,enhanced-or,37000,0.719
s_gradual,3,enhanced-or,38000,0.706
s_gradual,3,enhanced-or,39000,0.746
s_gradual,3,enhanced-or,40000,0.698
s_gradual,3,enhanced-or,41000,0.733
s_gradual,3,enhanced-or,42000,0.712
s_gradual,3,enhanced-or,43000,0.736
s_gradual,3,enhanced-or,44000,0.76
s_gradual,3,enhanced-or,45000,0.735
s_gradual,3,enhanced-or,46000,0.723
s_gradual,3,enhanced-or,47000,0.714
s_gradual,3,enhanced-or,48000,0.753
s_gradual,3,enhanced-or,49000,0.783
s_gradual,3,enhanced-or,50000,0.747
s_gradual,3,enhanced-or,51000,0.735
s_gradual,3,enhanced-or,52000,0.758
s_gradual,3,enhanced-or,53000,0.758
s_gradual,3,enhanced-or,54000,0.753
s_gradual,3,enhanced-or,55000,0.764
s_gradual,3,enhanced-or,56000,0.764
s_gradual,3,enhanced-or,57000,0.769
s_gradual,3,enhanced-or,58000,0.767
s_gradual,3,enhanced-or,59000,0.752
s_gradual,3,enhanced-or,60000,0.768
s_gradual,3,enhanced-or,61000,0.772
s_gradual,3,enhanced-or,62000,0.768
s_gradual,3,enhanced-or,63000,0.761
s_gradual,3,enhanced-or,64000,0.788
s_gradual,3,enhanced-or,65000,0.788
s_gradual,3,enhanced-or,66000,0.783
s_gradual,3,enhanced-or,67000,0.781
s_gradual,3,enhanced-or,68000,0.779
s_gradual,3,enhanced-or,69000,0.789
s_gradual,3,enhanced-or,70000,0.788
s_gradual,3,enhanced-or,71000,0.774
s_gradual,3,enhanced-or,72000,0.763
s_gradual,3,enhanced-or,73000,0.759
s_gradual,3,enhanced-or,74000,0.77
s_gradual,3,enhanced-or,75000,0.764
s_gradual,3,enhanced-or,76000,0.762
s_gradual,3,enhanced-or,77000,0.81
s_gradual,3,enhanced-or,78000,0.781
s_gradual,3,enhanced-or,79000,0.794
s_gradual,3,enhanced-or,80000,0.784
s_gradual,3,enhanced-and,1000,0.617
s_gradual,3,enhanced-and,2000,0.687
s_gradual,3,enhanced-and,3000,0.667
s_gradual,3,enhanced-and,4000,0.726
s_gradual,3,enhanced-and,5000,0.692
s_gradual,3,enhanced-and,6000,0.739
s_gradual,3,enhanced-and,7000,0.72
s_gradual,3,enhanced-and,8000,0.744
s_gradual,3,enhanced-and,9000,0.689
s_gradual,3,enhanced-and,10000,0.723
s_gradual,3,enhanced-and,11000,0.725
s_gradual,3,enhanced-and,12000,0.731
s_gradual,3,enhanced-and,13000,0.725
s_gradual,3,enhanced-and,14000,0.723
s_gradual,3,enhanced-and,15000,0.725
s_gradual,3,enhanced-and,16000,0.719
s_gradual,3,enhanced-and,17000,0.723
s_gradual,3,enhanced-and,18000,0.709
s_gradual,3,enhanced-and,19000,0.711
s_gradual,3,enhanced-and,20000,0.738
s_gradual,3,enhanced-and,21000,0.731
s_gradual,3,enhanced-and,22000,0.735
s_gradual,3,enhanced-and,23000,0.69
s_gradual,3,enhanced-and,24000,0.722
s_gradual,3,enhanced-and,25000,0.724
s_gradual,3,enhanced-and,26000,0.741
s_gradual,3,enhanced-and,27000,0.746
s_gradual,3,enhanced-and,28000,0.722
s_gradual,3,enhanced-and,29000,0.749
s_gradual,3,enhanced-and,30000,0.7
s_gradual,3,enhanced-and,31000,0.718
s_gradual,3,enhanced-and,32000,0.736
s_gradual,3,enhanced-and,33000,0.735
s_gradual,3,enhanced-and,34000,0.718
s_gradual,3,enhanced-and,35000,0.735
s_gradual,3,enhanced-and,36000,0.721
s_gradual,3,enhanced-and,37000,0.735
s_gradual,3,enhanced-and,38000,0.708
s_gradual,3,enhanced-and,39000,0.771
s_gradual,3,enhanced-and,40000,0.703
s_gradual,3,enhanced-and,41000,0.708
s_gradual,3,enhanced-and,42000,0.727
s_gradual,3,enhanced-and,43000,0.726
s_gradual,3,enhanced-and,44000,0.751
s_gradual,3,enhanced-and,45000,0.723
s_gradual,3,enhanced-and,46000,0.73
s_gradual,3,enhanced-and,47000,0.727
s_gradual,3,enhanced-and,48000,0.743
s_gradual,3,enhanced-and,49000,0.774
s_gradual,3,enhanced-and,50000,0.722
s_gradual,3,enhanced-and,51000,0.718
s_gradual,3,enhanced-and,52000,0.755
s_gradual,3,enhanced-and,53000,0.756
s_gradual,3,enhanced-and,54000,0.754
s_gradual,3,enhanced-and,55000,0.763
s_gradual,3,enhanced-and,56000,0.746
s_gradual,3,enhanced-and,57000,0.751
s_gradual,3,enhanced-and,58000,0.753
s_gradual,3,enhanced-and,59000,0.752
s_gradual,3,enhanced-and,60000,0.756
s_gradual,3,enhanced-and,61000,0.769
s_gradual,3,enhanced-and,62000,0.761
s_gradual,3,enhanced-and,63000,0.749
s_gradual,3,enhanced-and,64000,0.784
s_gradual,3,enhanced-and,65000,0.78
s_gradual,3,enhanced-and,66000,0.786
s_gradual,3,enhanced-and,67000,0.781
s_gradual,3,enhanced-and,68000,0.774
s_gradual,3,enhanced-and,69000,0.782
s_gradual,3,enhanced-and,70000,0.774
s_gradual,3,enhanced-and,71000,0.765
s_gradual,3,enhanced-and,72000,0.753
s_gradual,3,enhanced-and,73000,0.754
s_gradual,3,enhanced-and,74000,0.783
s_gradual,3,enhanced-and,75000,0.765
s_gradual,3,enhanced-and,76000,0.756
s_gradual,3,enhanced-and,77000,0.817
s_gradual,3,enhanced-and,78000,0.788
s_gradual,3,enhanced-and,79000,0.793
s_gradual,3,enhanced-and,80000,0.792
s_recurring,0,accumulativeMNB,1000,0.619
s_recurring,0,accumulativeMNB,2000,0.676
s_recurring,0,accumulativeMNB,3000,0.698
s_recurring,0,accumulativeMNB,4000,0.694
s_recurring,0,accumulativeMNB,5000,0.698
s_recurring,0,accumulativeMNB,6000,0.705
s_recurring,0,accumulativeMNB,7000,0.702
s_recurring,0,accumulativeMNB,8000,0.709
s_recurring,0,accumulativeMNB,9000,0.726
s_recurring,0,accumulativeMNB,10000,0.702
s_recurring,0,accumulativeMNB,11000,0.725
s_recurring,0,accumulativeMNB,12000,0.688
s_recurring,0,accumulativeMNB,13000,0.703
s_recurring,0,accumulativeMNB,14000,0.688
s_recurring,0,accumulativeMNB,15000,0.732
s_recurring,0,accumulativeMNB,16000,0.721
s_recurring,0,accumulativeMNB,17000,0.709
s_recurring,0,accumulativeMNB,18000,0.714
s_recurring,0,accumulativeMNB,19000,0.736
s_recurring,0,accumulativeMNB,20000,0.72
s_recurring,0,accumulativeMNB,21000,0.726
s_recurring,0,accumulativeMNB,22000,0.737
s_recurring,0,accumulativeMNB,23000,0.749
s_recurring,0,accumulativeMNB,24000,0.726
s_recurring,0,accumulativeMNB,25000,0.734
s_recurring,0,accumulativeMNB,26000,0.761
s_recurring,0,accumulativeMNB,27000,0.754
s_recurring,0,accumulativeMNB,28000,0.766
s_recurring,0,accumulativeMNB,29000,0.734
s_recurring,0,accumulativeMNB,30000,0.759
s_recurring,0,accumulativeMNB,31000,0.763
s_recurring,0,accumulativeMNB,32000,0.762
s_recurring,0,accumulativeMNB,33000,0.768
s_recurring,0,accumulativeMNB,34000,0.762
s_recurring,0,accumulativeMNB,35000,0.764
s_recurring,0,accumulativeMNB,36000,0.749
s_recurring,0,accumulativeMNB,37000,0.76
s_recurring,0,accumulativeMNB,38000,0.814
s_recurring,0,accumulativeMNB,39000,0.76
s_recurring,0,accumulativeMNB,40000,0.762
s_recurring,0,accumulativeMNB,41000,0.742
s_recurring,0,accumulativeMNB,42000,0.712
s_recurring,0,accumulativeMNB,43000,0.721
s_recurring,0,accumulativeMNB,44000,0.734
s_recurring,0,accumulativeMNB,45000,0.717
s_recurring,0,accumulativeMNB,46000,0.721
s_recurring,0,accumulativeMNB,47000,0.708
s_recurring,0,accumulativeMNB,48000,0.74
s_recurring,0,accumulativeMNB,49000,0.729
s_recurring,0,accumulativeMNB,50000,0.713
s_recurring,0,accumulativeMNB,51000,0.714
s_recurring,0,accumulativeMNB,52000,0.752
s_recurring,0,accumulativeMNB,53000,0.735
s_recurring,0,accumulativeMNB,54000,0.713
s_recurring,0,accumulativeMNB,55000,0.723
s_recurring,0,accumulativeMNB,56000,0.743
s_recurring,0,accumulativeMNB,57000,0.732
s_recurring,0,accumulativeMNB,58000,0.722
s_recurring,0,accumulativeMNB,59000,0.72
s_recurring,0,accumulativeMNB,60000,0.749
s_recurring,0,accumulativeMNB,61000,0.767
s_recurring,0,accumulativeMNB,62000,0.78
s_recurring,0,accumulativeMNB,63000,0.763
s_recurring,0,accumulativeMNB,64000,0.767
s_recurring,0,accumulativeMNB,65000,0.794
s_recurring,0,accumulativeMNB,66000,0.753
s_recurring,0,accumulativeMNB,67000,0.777
s_recurring,0,accumulativeMNB,68000,0.773
s_recurring,0,accumulativeMNB,69000,0.75
s_recurring,0,accumulativeMNB,70000,0.759
s_recurring,0,accumulativeMNB,71000,0.77
s_recurring,0,accumulativeMNB,72000,0.791
s_recurring,0,accumulativeMNB,73000,0.752
s_recurring,0,accumulativeMNB,74000,0.809
s_recurring,0,accumulativeMNB,75000,0.783
s_recurring,0,accumulativeMNB,76000,0.773
s_recurring,0,accumulativeMNB,77000,0.79
s_recurring,0,accumulativeMNB,78000,0.763
s_recurring,0,accumulativeMNB,79000,0.771
s_recurring,0,accumulativeMNB,80000,0.772
s_recurring,0,fadingMNB,1000,0.621
s_recurring,0,fadingMNB,2000,0.677
s_recurring,0,fadingMNB,3000,0.701
s_recurring,0,fadingMNB,4000,0.695
s_recurring,0,fadingMNB,5000,0.698
s_recurring,0,fadingMNB,6000,0.708
s_recurring,0,fadingMNB,7000,0.702
s_recurring,0,fadingMNB,8000,0.711
s_recurring,0,fadingMNB,9000,0.72
s_recurring,0,fadingMNB,10000,0.71
s_recurring,0,fadingMNB,11000,0.732
s_recurring,0,fadingMNB,12000,0.693
s_recurring,0,fadingMNB,13000,0.697
s_recurring,0,fadingMNB,14000,0.689
s_recurring,0,fadingMNB,15000,0.732
s_recurring,0,fadingMNB,16000,0.724
s_recurring,0,fadingMNB,17000,0.712
s_recurring,0,fadingMNB,18000,0.715
s_recurring,0,fadingMNB,19000,0.728
s_recurring,0,fadingMNB,20000,0.734
s_recurring,0,fadingMNB,21000,0.727
s_recurring,0,fadingMNB,22000,0.737
s_recurring,0,fadingMNB,23000,0.75
s_recurring,0,fadingMNB,24000,0.724
s_recurring,0,fadingMNB,25000,0.737
s_recurring,0,fadingMNB,26000,0.747
s_recurring,0,fadingMNB,27000,0.752
s_recurring,0,fadingMNB,28000,0.758
s_recurring,0,fadingMNB,29000,0.73
s_recurring,0,fadingMNB,30000,0.766
s_recurring,0,fadingMNB,31000,0.756
s_recurring,0,fadingMNB,32000,0.762
s_recurring,0,fadingMNB,33000,0.777
s_recurring,0,fadingMNB,34000,0.757
s_recurring,0,fadingMNB,35000,0.766
s_recurring,0,fadingMNB,36000,0.751
s_recurring,0,fadingMNB,37000,0.756
s_recurring,0,fadingMNB,38000,0.805
s_recurring,0,fadingMNB,39000,0.765
s_recurring,0,fadingMNB,40000,0.767
s_recurring,0,fadingMNB,41000,0.74
s_recurring,0,fadingMNB,42000,0.715
s_recurring,0,fadingMNB,43000,0.716
s_recurring,0,fadingMNB,44000,0.74
s_recurring,0,fadingMNB,45000,0.709
s_recurring,0,fadingMNB,46000,0.707
s_recurring,0,fadingMNB,47000,0.717
s_recurring,0,fadingMNB,48000,0.731
s_recurring,0,fadingMNB,49000,0.728
s_recurring,0,fadingMNB,50000,0.713
s_recurring,0,fadingMNB,51000,0.711
s_recurring,0,fadingMNB,52000,0.758
s_recurring,0,fadingMNB,53000,0.741
s_recurring,0,fadingMNB,54000,0.715
s_recurring,0,fadingMNB,55000,0.736
s_recurring,0,fadingMNB,56000,0.74
s_recurring,0,fadingMNB,57000,0.735
s_recurring,0,fadingMNB,58000,0.718
s_recurring,0,fadingMNB,59000,0.715
s_recurring,0,fadingMNB,60000,0.752
s_recurring,0,fadingMNB,61000,0.765
s_recurring,0,fadingMNB,62000,0.779
s_recurring,0,fadingMNB,63000,0.761
s_recurring,0,fadingMNB,64000,0.763
s_recurring,0,fadingMNB,65000,0.791
s_recurring,0,fadingMNB,66000,0.745
s_recurring,0,fadingMNB,67000,0.774
s_recurring,0,fadingMNB,68000,0.753
s_recurring,0,fadingMNB,69000,0.741
s_recurring,0,fadingMNB,70000,0.754
s_recurring,0,fadingMNB,71000,0.771
s_recurring,0,fadingMNB,72000,0.781
s_recurring,0,fadingMNB,73000,0.769
s_recurring,0,fadingMNB,74000,0.793
s_recurring,0,fadingMNB,75000,0.788
s_recurring,0,fadingMNB,76000,0.771
s_recurring,0,fadingMNB,77000,0.777
s_recurring,0,fadingMNB,78000,0.738
s_recurring,0,fadingMNB,79000,0.773
s_recurring,0,fadingMNB,80000,0.762
s_recurring,0,baseline-Rebuild,1000,0.619
s_recurring,0,baseline-Rebuild,2000,0.676
s_recurring,0,baseline-Rebuild,3000,0.698
s_recurring,0,baseline-Rebuild,4000,0.694
s_recurring,0,baseline-Rebuild,5000,0.698
s_recurring,0,baseline-Rebuild,6000,0.705
s_recurring,0,baseline-Rebuild,7000,0.702
s_recurring,0,baseline-Rebuild,8000,0.709
s_recurring,0,baseline-Rebuild,9000,0.726
s_recurring,0,baseline-Rebuild,10000,0.702
s_recurring,0,baseline-Rebuild,11000,0.725
s_recurring,0,baseline-Rebuild,12000,0.688
s_recurring,0,baseline-Rebuild,13000,0.703
s_recurring,0,baseline-Rebuild,14000,0.688
s_recurring,0,baseline-Rebuild,15000,0.732
s_recurring,0,baseline-Rebuild,16000,0.721
s_recurring,0,baseline-Rebuild,17000,0.709
s_recurring,0,baseline-Rebuild,18000,0.714
s_recurring,0,baseline-Rebuild,19000,0.736
s_recurring,0,baseline-Rebuild,20000,0.72
s_recurring,0,baseline-Rebuild,21000,0.709
s_recurring,0,baseline-Rebuild,22000,0.722
s_recurring,0,baseline-Rebuild,23000,0.757
s_recurring,0,baseline-Rebuild,24000,0.741
s_recurring,0,baseline-Rebuild,25000,0.737
s_recurring,0,baseline-Rebuild,26000,0.753
s_recurring,0,baseline-Rebuild,27000,0.736
s_recurring,0,baseline-Rebuild,28000,0.749
s_recurring,0,baseline-Rebuild,29000,0.737
s_recurring,0,baseline-Rebuild,30000,0.764
s_recurring,0,baseline-Rebuild,31000,0.765
s_recurring,0,baseline-Rebuild,32000,0.762
s_recurring,0,baseline-Rebuild,33000,0.769
s_recurring,0,baseline-Rebuild,34000,0.762
s_recurring,0,baseline-Rebuild,35000,0.765
s_recurring,0,baseline-Rebuild,36000,0.746
s_recurring,0,baseline-Rebuild,37000,0.761
s_recurring,0,baseline-Rebuild,38000,0.808
s_recurring,0,baseline-Rebuild,39000,0.769
s_recurring,0,baseline-Rebuild,40000,0.759
s_recurring,0,baseline-Rebuild,41000,0.685
s_recurring,0,baseline-Rebuild,42000,0.675
s_recurring,0,baseline-Rebuild,43000,0.674
s_recurring,0,baseline-Rebuild,44000,0.716
s_recurring,0,baseline-Rebuild,45000,0.679
s_recurring,0,baseline-Rebuild,46000,0.722
s_recurring,0,baseline-Rebuild,47000,0.709
s_recurring,0,baseline-Rebuild,48000,0.693
s_recurring,0,baseline-Rebuild,49000,0.706
s_recurring,0,baseline-Rebuild,50000,0.702
s_recurring,0,baseline-Rebuild,51000,0.725
s_recurring,0,baseline-Rebuild,52000,0.76
s_recurring,0,baseline-Rebuild,53000,0.722
s_recurring,0,baseline-Rebuild,54000,0.725
s_recurring,0,baseline-Rebuild,55000,0.705
s_recurring,0,baseline-Rebuild,56000,0.728
s_recurring,0,baseline-Rebuild,57000,0.737
s_recurring,0,baseline-Rebuild,58000,0.713
s_recurring,0,baseline-Rebuild,59000,0.712
s_recurring,0,baseline-Rebuild,60000,0.729
s_recurring,0,baseline-Rebuild,61000,0.729
s_recurring,0,baseline-Rebuild,62000,0.734
s_recurring,0,baseline-Rebuild,63000,0.746
s_recurring,0,baseline-Rebuild,64000,0.741
s_recurring,0,baseline-Rebuild,65000,0.759
s_recurring,0,baseline-Rebuild,66000,0.741
s_recurring,0,baseline-Rebuild,67000,0.749
s_recurring,0,baseline-Rebuild,68000,0.744
s_recurring,0,baseline-Rebuild,69000,0.719
s_recurring,0,baseline-Rebuild,70000,0.739
s_recurring,0,baseline-Rebuild,71000,0.75
s_recurring,0,baseline-Rebuild,72000,0.786
s_recurring,0,baseline-Rebuild,73000,0.768
s_recurring,0,baseline-Rebuild,74000,0.792
s_recurring,0,baseline-Rebuild,75000,0.771
s_recurring,0,baseline-Rebuild,76000,0.752
s_recurring,0,baseline-Rebuild,77000,0.782
s_recurring,0,baseline-Rebuild,78000,0.739
s_recurring,0,baseline-Rebuild,79000,0.761
s_recurring,0,baseline-Rebuild,80000,0.763
s_recurring,0,baseline-SIFR,1000,0.619
s_recurring,0,baseline-SIFR,2000,0.676
s_recurring,0,baseline-SIFR,3000,0.698
s_recurring,0,baseline-SIFR,4000,0.694
s_recurring,0,baseline-SIFR,5000,0.698
s_recurring,0,baseline-SIFR,6000,0.705
s_recurring,0,baseline-SIFR,7000,0.702
s_recurring,0,baseline-SIFR,8000,0.709
s_recurring,0,baseline-SIFR,9000,0.726
s_recurring,0,baseline-SIFR,10000,0.702
s_recurring,0,baseline-SIFR,11000,0.725
s_recurring,0,baseline-SIFR,12000,0.688
s_recurring,0,baseline-SIFR,13000,0.703
s_recurring,0,baseline-SIFR,14000,0.688
s_recurring,0,baseline-SIFR,15000,0.732
s_recurring,0,baseline-SIFR,16000,0.721
s_recurring,0,baseline-SIFR,17000,0.709
s_recurring,0,baseline-SIFR,18000,0.714
s_recurring,0,baseline-SIFR,19000,0.736
s_recurring,0,baseline-SIFR,20000,0.72
s_recurring,0,baseline-SIFR,21000,0.723
s_recurring,0,baseline-SIFR,22000,0.733
s_recurring,0,baseline-SIFR,23000,0.743
s_recurring,0,baseline-SIFR,24000,0.728
s_recurring,0,baseline-SIFR,25000,0.738
s_recurring,0,baseline-SIFR,26000,0.741
s_recurring,0,baseline-SIFR,27000,0.747
s_recurring,0,baseline-SIFR,28000,0.766
s_recurring,0,baseline-SIFR,29000,0.731
s_recurring,0,baseline-SIFR,30000,0.766
s_recurring,0,baseline-SIFR,31000,0.76
s_recurring,0,baseline-SIFR,32000,0.757
s_recurring,0,baseline-SIFR,33000,0.771
s_recurring,0,baseline-SIFR,34000,0.754
s_recurring,0,baseline-SIFR,35000,0.758
s_recurring,0,baseline-SIFR,36000,0.743
s_recurring,0,baseline-SIFR,37000,0.746
s_recurring,0,baseline-SIFR,38000,0.801
s_recurring,0,baseline-SIFR,39000,0.767
s_recurring,0,baseline-SIFR,40000,0.764
s_recurring,0,baseline-SIFR,41000,0.718
s_recurring,0,baseline-SIFR,42000,0.717
s_recurring,0,baseline-SIFR,43000,0.708
s_recurring,0,baseline-SIFR,44000,0.735
s_recurring,0,baseline-SIFR,45000,0.717
s_recurring,0,baseline-SIFR,46000,0.721
s_recurring,0,baseline-SIFR,47000,0.708
s_recurring,0,baseline-SIFR,48000,0.74
s_recurring,0,baseline-SIFR,49000,0.729
s_recurring,0,baseline-SIFR,50000,0.713
s_recurring,0,baseline-SIFR,51000,0.714
s_recurring,0,baseline-SIFR,52000,0.752
s_recurring,0,baseline-SIFR,53000,0.735
s_recurring,0,baseline-SIFR,54000,0.713
s_recurring,0,baseline-SIFR,55000,0.723
s_recurring,0,baseline-SIFR,56000,0.743
s_recurring,0,baseline-SIFR,57000,0.732
s_recurring,0,baseline-SIFR,58000,0.722
s_recurring,0,baseline-SIFR,59000,0.72
s_recurring,0,baseline-SIFR,60000,0.749
s_recurring,0,baseline-SIFR,61000,0.767
s_recurring,0,baseline-SIFR,62000,0.78
s_recurring,0,baseline-SIFR,63000,0.763
s_recurring,0,baseline-SIFR,64000,0.767
s_recurring,0,baseline-SIFR,65000,0.794
s_recurring,0,baseline-SIFR,66000,0.753
s_recurring,0,baseline-SIFR,67000,0.777
s_recurring,0,baseline-SIFR,68000,0.773
s_recurring,0,baseline-SIFR,69000,0.75
s_recurring,0,baseline-SIFR,70000,0.759
s_recurring,0,baseline-SIFR,71000,0.77
s_recurring,0,baseline-SIFR,72000,0.791
s_recurring,0,baseline-SIFR,73000,0.752
s_recurring,0,baseline-SIFR,74000,0.809
s_recurring,0,baseline-SIFR,75000,0.783
s_recurring,0,baseline-SIFR,76000,0.773
s_recurring,0,baseline-SIFR,77000,0.79
s_recurring,0,baseline-SIFR,78000,0.763
s_recurring,0,baseline-SIFR,79000,0.771
s_recurring,0,baseline-SIFR,80000,0.772
s_recurring,0,enhanced-adwin_only,1000,0.619
s_recurring,0,enhanced-adwin_only,2000,0.676
s_recurring,0,enhanced-adwin_only,3000,0.698
s_recurring,0,enhanced-adwin_only,4000,0.694
s_recurring,0,enhanced-adwin_only,5000,0.698
s_recurring,0,enhanced-adwin_only,6000,0.705
s_recurring,0,enhanced-adwin_only,7000,0.702
s_recurring,0,enhanced-adwin_only,8000,0.709
s_recurring,0,enhanced-adwin_only,9000,0.726
s_recurring,0,enhanced-adwin_only,10000,0.702
s_recurring,0,enhanced-adwin_only,11000,0.725
s_recurring,0,enhanced-adwin_only,12000,0.688
s_recurring,0,enhanced-adwin_only,13000,0.703
s_recurring,0,enhanced-adwin_only,14000,0.688
s_recurring,0,enhanced-adwin_only,15000,0.732
s_recurring,0,enhanced-adwin_only,16000,0.721
s_recurring,0,enhanced-adwin_only,17000,0.709
s_recurring,0,enhanced-adwin_only,18000,0.714
s_recurring,0,enhanced-adwin_only,19000,0.736
s_recurring,0,enhanced-adwin_only,20000,0.72
s_recurring,0,enhanced-adwin_only,21000,0.726
s_recurring,0,enhanced-adwin_only,22000,0.737
s_recurring,0,enhanced-adwin_only,23000,0.749
s_recurring,0,enhanced-adwin_only,24000,0.726
s_recurring,0,enhanced-adwin_only,25000,0.734
s_recurring,0,enhanced-adwin_only,26000,0.761
s_recurring,0,enhanced-adwin_only,27000,0.754
s_recurring,0,enhanced-adwin_only,28000,0.766
s_recurring,0,enhanced-adwin_only,29000,0.734
s_recurring,0,enhanced-adwin_only,30000,0.759
s_recurring,0,enhanced-adwin_only,31000,0.763
s_recurring,0,enhanced-adwin_only,32000,0.762
s_recurring,0,enhanced-adwin_only,33000,0.768
s_recurring,0,enhanced-adwin_only,34000,0.762
s_recurring,0,enhanced-adwin_only,35000,0.764
s_recurring,0,enhanced-adwin_only,36000,0.749
s_recurring,0,enhanced-adwin_only,37000,0.76
s_recurring,0,enhanced-adwin_only,38000,0.814
s_recurring,0,enhanced-adwin_only,39000,0.76
s_recurring,0,enhanced-adwin_only,40000,0.762
s_recurring,0,enhanced-adwin_only,41000,0.742
s_recurring,0,enhanced-adwin_only,42000,0.712
s_recurring,0,enhanced-adwin_only,43000,0.721
s_recurring,0,enhanced-adwin_only,44000,0.734
s_recurring,0,enhanced-adwin_only,45000,0.717
s_recurring,0,enhanced-adwin_only,46000,0.721
s_recurring,0,enhanced-adwin_only,47000,0.708
s_recurring,0,enhanced-adwin_only,48000,0.74
s_recurring,0,enhanced-adwin_only,49000,0.729
s_recurring,0,enhanced-adwin_only,50000,0.713
s_recurring,0,enhanced-adwin_only,51000,0.714
s_recurring,0,enhanced-adwin_only,52000,0.752
s_recurring,0,enhanced-adwin_only,53000,0.735
s_recurring,0,enhanced-adwin_only,54000,0.713
s_recurring,0,enhanced-adwin_only,55000,0.723
s_recurring,0,enhanced-adwin_only,56000,0.743
s_recurring,0,enhanced-adwin_only,57000,0.732
s_recurring,0,enhanced-adwin_only,58000,0.722
s_recurring,0,enhanced-adwin_only,59000,0.72
s_recurring,0,enhanced-adwin_only,60000,0.749
s_recurring,0,enhanced-adwin_only,61000,0.767
s_recurring,0,enhanced-adwin_only,62000,0.78
s_recurring,0,enhanced-adwin_only,63000,0.763
s_recurring,0,enhanced-adwin_only,64000,0.767
s_recurring,0,enhanced-adwin_only,65000,0.794
s_recurring,0,enhanced-adwin_only,66000,0.753
s_recurring,0,enhanced-adwin_only,67000,0.777
s_recurring,0,enhanced-adwin_only,68000,0.773
s_recurring,0,enhanced-adwin_only,69000,0.75
s_recurring,0,enhanced-adwin_only,70000,0.759
s_recurring,0,enhanced-adwin_only,71000,0.77
s_recurring,0,enhanced-adwin_only,72000,0.791
s_recurring,0,enhanced-adwin_only,73000,0.752
s_recurring,0,enhanced-adwin_only,74000,0.809
s_recurring,0,enhanced-adwin_only,75000,0.783
s_recurring,0,enhanced-adwin_only,76000,0.773
s_recurring,0,enhanced-adwin_only,77000,0.79
s_recurring,0,enhanced-adwin_only,78000,0.763
s_recurring,0,enhanced-adwin_only,79000,0.771
s_recurring,0,enhanced-adwin_only,80000,0.772
s_recurring,0,enhanced-or,1000,0.619
s_recurring,0,enhanced-or,2000,0.676
s_recurring,0,enhanced-or,3000,0.698
s_recurring,0,enhanced-or,4000,0.694
s_recurring,0,enhanced-or,5000,0.698
s_recurring,0,enhanced-or,6000,0.705
s_recurring,0,enhanced-or,7000,0.702
s_recurring,0,enhanced-or,8000,0.709
s_recurring,0,enhanced-or,9000,0.726
s_recurring,0,enhanced-or,10000,0.702
s_recurring,0,enhanced-or,11000,0.725
s_recurring,0,enhanced-or,12000,0.688
s_recurring,0,enhanced-or,13000,0.703
s_recurring,0,enhanced-or,14000,0.688
s_recurring,0,enhanced-or,15000,0.732
s_recurring,0,enhanced-or,16000,0.721
s_recurring,0,enhanced-or,17000,0.709
s_recurring,0,enhanced-or,18000,0.714
s_recurring,0,enhanced-or,19000,0.736
s_recurring,0,enhanced-or,20000,0.72
s_recurring,0,enhanced-or,21000,0.709
s_recurring,0,enhanced-or,22000,0.722
s_recurring,0,enhanced-or,23000,0.757
s_recurring,0,enhanced-or,24000,0.741
s_recurring,0,enhanced-or,25000,0.737
s_recurring,0,enhanced-or,26000,0.753
s_recurring,0,enhanced-or,27000,0.736
s_recurring,0,enhanced-or,28000,0.749
s_recurring,0,enhanced-or,29000,0.737
s_recurring,0,enhanced-or,30000,0.764
s_recurring,0,enhanced-or,31000,0.765
s_recurring,0,enhanced-or,32000,0.762
s_recurring,0,enhanced-or,33000,0.769
s_recurring,0,enhanced-or,34000,0.762
s_recurring,0,enhanced-or,35000,0.765
s_recurring,0,enhanced-or,36000,0.746
s_recurring,0,enhanced-or,37000,0.761
s_recurring,0,enhanced-or,38000,0.808
s_recurring,0,enhanced-or,39000,0.769
s_recurring,0,enhanced-or,40000,0.759
s_recurring,0,enhanced-or,41000,0.685
s_recurring,0,enhanced-or,42000,0.681
s_recurring,0,enhanced-or,43000,0.676
s_recurring,0,enhanced-or,44000,0.715
s_recurring,0,enhanced-or,45000,0.679
s_recurring,0,enhanced-or,46000,0.722
s_recurring,0,enhanced-or,47000,0.709
s_recurring,0,enhanced-or,48000,0.693
s_recurring,0,enhanced-or,49000,0.706
s_recurring,0,enhanced-or,50000,0.702
s_recurring,0,enhanced-or,51000,0.725
s_recurring,0,enhanced-or,52000,0.76
s_recurring,0,enhanced-or,53000,0.722
s_recurring,0,enhanced-or,54000,0.725
s_recurring,0,enhanced-or,55000,0.705
s_recurring,0,enhanced-or,56000,0.728
s_recurring,0,enhanced-or,57000,0.737
s_recurring,0,enhanced-or,58000,0.713
s_recurring,0,enhanced-or,59000,0.712
s_recurring,0,enhanced-or,60000,0.729
s_recurring,0,enhanced-or,61000,0.729
s_recurring,0,enhanced-or,62000,0.734
s_recurring,0,enhanced-or,63000,0.746
s_recurring,0,enhanced-or,64000,0.741
s_recurring,0,enhanced-or,65000,0.759
s_recurring,0,enhanced-or,66000,0.741
s_recurring,0,enhanced-or,67000,0.749
s_recurring,0,enhanced-or,68000,0.744
s_recurring,0,enhanced-or,69000,0.719
s_recurring,0,enhanced-or,70000,0.739
s_recurring,0,enhanced-or,71000,0.75
s_recurring,0,enhanced-or,72000,0.786
s_recurring,0,enhanced-or,73000,0.768
s_recurring,0,enhanced-or,74000,0.792
s_recurring,0,enhanced-or,75000,0.771
s_recurring,0,enhanced-or,76000,0.752
s_recurring,0,enhanced-or,77000,0.782
s_recurring,0,enhanced-or,78000,0.739
s_recurring,0,enhanced-or,79000,0.761
s_recurring,0,enhanced-or,80000,0.763
s_recurring,0,enhanced-and,1000,0.619
s_recurring,0,enhanced-and,2000,0.676
s_recurring,0,enhanced-and,3000,0.698
s_recurring,0,enhanced-and,4000,0.694
s_recurring,0,enhanced-and,5000,0.698
s_recurring,0,enhanced-and,6000,0.705
s_recurring,0,enhanced-and,7000,0.702
s_recurring,0,enhanced-and,8000,0.709
s_recurring,0,enhanced-and,9000,0.726
s_recurring,0,enhanced-and,10000,0.702
s_recurring,0,enhanced-and,11000,0.725
s_recurring,0,enhanced-and,12000,0.688
s_recurring,0,enhanced-and,13000,0.703
s_recurring,0,enhanced-and,14000,0.688
s_recurring,0,enhanced-and,15000,0.732
s_recurring,0,enhanced-and,16000,0.721
s_recurring,0,enhanced-and,17000,0.709
s_recurring,0,enhanced-and,18000,0.714
s_recurring,0,enhanced-and,19000,0.736
s_recurring,0,enhanced-and,20000,0.72
s_recurring,0,enhanced-and,21000,0.726
s_recurring,0,enhanced-and,22000,0.737
s_recurring,0,enhanced-and,23000,0.749
s_recurring,0,enhanced-and,24000,0.726
s_recurring,0,enhanced-and,25000,0.734
s_recurring,0,enhanced-and,26000,0.761
s_recurring,0,enhanced-and,27000,0.754
s_recurring,0,enhanced-and,28000,0.766
s_recurring,0,enhanced-and,29000,0.734
s_recurring,0,enhanced-and,30000,0.759
s_recurring,0,enhanced-and,31000,0.763
s_recurring,0,enhanced-and,32000,0.762
s_recurring,0,enhanced-and,33000,0.768
s_recurring,0,enhanced-and,34000,0.762
s_recurring,0,enhanced-and,35000,0.764
s_recurring,0,enhanced-and,36000,0.749
s_recurring,0,enhanced-and,37000,0.76
s_recurring,0,enhanced-and,38000,0.814
s_recurring,0,enhanced-and,39000,0.76
s_recurring,0,enhanced-and,40000,0.762
s_recurring,0,enhanced-and,41000,0.742
s_recurring,0,enhanced-and,42000,0.712
s_recurring,0,enhanced-and,43000,0.721
s_recurring,0,enhanced-and,44000,0.734
s_recurring,0,enhanced-and,45000,0.717
s_recurring,0,enhanced-and,46000,0.721
s_recurring,0,enhanced-and,47000,0.708
s_recurring,0,enhanced-and,48000,0.74
s_recurring,0,enhanced-and,49000,0.729
s_recurring,0,enhanced-and,50000,0.713
s_recurring,0,enhanced-and,51000,0.714
s_recurring,0,enhanced-and,52000,0.752
s_recurring,0,enhanced-and,53000,0.735
s_recurring,0,enhanced-and,54000,0.713
s_recurring,0,enhanced-and,55000,0.723
s_recurring,0,enhanced-and,56000,0.743
s_recurring,0,enhanced-and,57000,0.732
s_recurring,0,enhanced-and,58000,0.722
s_recurring,0,enhanced-and,59000,0.72
s_recurring,0,enhanced-and,60000,0.749
s_recurring,0,enhanced-and,61000,0.767
s_recurring,0,enhanced-and,62000,0.78
s_recurring,0,enhanced-and,63000,0.763
s_recurring,0,enhanced-and,64000,0.767
s_recurring,0,enhanced-and,65000,0.794
s_recurring,0,enhanced-and,66000,0.753
s_recurring,0,enhanced-and,67000,0.777
s_recurring,0,enhanced-and,68000,0.773
s_recurring,0,enhanced-and,69000,0.75
s_recurring,0,enhanced-and,70000,0.759
s_recurring,0,enhanced-and,71000,0.77
s_recurring,0,enhanced-and,72000,0.791
s_recurring,0,enhanced-and,73000,0.752
s_recurring,0,enhanced-and,74000,0.809
s_recurring,0,enhanced-and,75000,0.783
s_recurring,0,enhanced-and,76000,0.773
s_recurring,0,enhanced-and,77000,0.79
s_recurring,0,enhanced-and,78000,0.763
s_recurring,0,enhanced-and,79000,0.771
s_recurring,0,enhanced-and,80000,0.772
s_gradual,4,accumulativeMNB,1000,0.63
s_gradual,4,accumulativeMNB,2000,0.663
s_gradual,4,accumulativeMNB,3000,0.696
s_gradual,4,accumulativeMNB,4000,0.691
s_gradual,4,accumulativeMNB,5000,0.691
s_gradual,4,accumulativeMNB,6000,0.727
s_gradual,4,accumulativeMNB,7000,0.706
s_gradual,4,accumulativeMNB,8000,0.693
s_gradual,4,accumulativeMNB,9000,0.737
s_gradual,4,accumulativeMNB,10000,0.709
s_gradual,4,accumulativeMNB,11000,0.734
s_gradual,4,accumulativeMNB,12000,0.693
s_gradual,4,accumulativeMNB,13000,0.726
s_gradual,4,accumulativeMNB,14000,0.737
s_gradual,4,accumulativeMNB,15000,0.72
s_gradual,4,accumulativeMNB,16000,0.71
s_gradual,4,accumulativeMNB,17000,0.733
s_gradual,4,accumulativeMNB,18000,0.723
s_gradual,4,accumulativeMNB,19000,0.705
s_gradual,4,accumulativeMNB,20000,0.712
s_gradual,4,accumulativeMNB,21000,0.715
s_gradual,4,accumulativeMNB,22000,0.725
s_gradual,4,accumulativeMNB,23000,0.734
s_gradual,4,accumulativeMNB,24000,0.713
s_gradual,4,accumulativeMNB,25000,0.719
s_gradual,4,accumulativeMNB,26000,0.733
s_gradual,4,accumulativeMNB,27000,0.713
s_gradual,4,accumulativeMNB,28000,0.715
s_gradual,4,accumulativeMNB,29000,0.721
s_gradual,4,accumulativeMNB,30000,0.737
s_gradual,4,accumulativeMNB,31000,0.728
s_gradual,4,accumulativeMNB,32000,0.712
s_gradual,4,accumulativeMNB,33000,0.744
s_gradual,4,accumulativeMNB,34000,0.705
s_gradual,4,accumulativeMNB,35000,0.711
s_gradual,4,accumulativeMNB,36000,0.74
s_gradual,4,accumulativeMNB,37000,0.74
s_gradual,4,accumulativeMNB,38000,0.756
s_gradual,4,accumulativeMNB,39000,0.757
s_gradual,4,accumulativeMNB,40000,0.725
s_gradual,4,accumulativeMNB,41000,0.734
s_gradual,4,accumulativeMNB,42000,0.742
s_gradual,4,accumulativeMNB,43000,0.746
s_gradual,4,accumulativeMNB,44000,0.72
s_gradual,4,accumulativeMNB,45000,0.738
s_gradual,4,accumulativeMNB,46000,0.747
s_gradual,4,accumulativeMNB,47000,0.733
s_gradual,4,accumulativeMNB,48000,0.758
s_gradual,4,accumulativeMNB,49000,0.754
s_gradual,4,accumulativeMNB,50000,0.749
s_gradual,4,accumulativeMNB,51000,0.759
s_gradual,4,accumulativeMNB,52000,0.779
s_gradual,4,accumulativeMNB,53000,0.757
s_gradual,4,accumulativeMNB,54000,0.752
s_gradual,4,accumulativeMNB,55000,0.741
s_gradual,4,accumulativeMNB,56000,0.768
s_gradual,4,accumulativeMNB,57000,0.754
s_gradual,4,accumulativeMNB,58000,0.769
s_gradual,4,accumulativeMNB,59000,0.759
s_gradual,4,accumulativeMNB,60000,0.755
s_gradual,4,accumulativeMNB,61000,0.761
s_gradual,4,accumulativeMNB,62000,0.774
s_gradual,4,accumulativeMNB,63000,0.782
s_gradual,4,accumulativeMNB,64000,0.772
s_gradual,4,accumulativeMNB,65000,0.785
s_gradual,4,accumulativeMNB,66000,0.788
s_gradual,4,accumulativeMNB,67000,0.759
s_gradual,4,accumulativeMNB,68000,0.774
s_gradual,4,accumulativeMNB,69000,0.782
s_gradual,4,accumulativeMNB,70000,0.781
s_gradual,4,accumulativeMNB,71000,0.764
s_gradual,4,accumulativeMNB,72000,0.773
s_gradual,4,accumulativeMNB,73000,0.755
s_gradual,4,accumulativeMNB,74000,0.758
s_gradual,4,accumulativeMNB,75000,0.765
s_gradual,4,accumulativeMNB,76000,0.759
s_gradual,4,accumulativeMNB,77000,0.773
s_gradual,4,accumulativeMNB,78000,0.754
s_gradual,4,accumulativeMNB,79000,0.774
s_gradual,4,accumulativeMNB,80000,0.766
s_gradual,4,fadingMNB,1000,0.629
s_gradual,4,fadingMNB,2000,0.664
s_gradual,4,fadingMNB,3000,0.693
s_gradual,4,fadingMNB,4000,0.692
s_gradual,4,fadingMNB,5000,0.7
s_gradual,4,fadingMNB,6000,0.732
s_gradual,4,fadingMNB,7000,0.704
s_gradual,4,fadingMNB,8000,0.687
s_gradual,4,fadingMNB,9000,0.73
s_gradual,4,fadingMNB,10000,0.713
s_gradual,4,fadingMNB,11000,0.743
s_gradual,4,fadingMNB,12000,0.7
s_gradual,4,fadingMNB,13000,0.731
s_gradual,4,fadingMNB,14000,0.739
s_gradual,4,fadingMNB,15000,0.717
s_gradual,4,fadingMNB,16000,0.719
s_gradual,4,fadingMNB,17000,0.728
s_gradual,4,fadingMNB,18000,0.722
s_gradual,4,fadingMNB,19000,0.701
s_gradual,4,fadingMNB,20000,0.711
s_gradual,4,fadingMNB,21000,0.726
s_gradual,4,fadingMNB,22000,0.729
s_gradual,4,fadingMNB,23000,0.73
s_gradual,4,fadingMNB,24000,0.71
s_gradual,4,fadingMNB,25000,0.719
s_gradual,4,fadingMNB,26000,0.725
s_gradual,4,fadingMNB,27000,0.713
s_gradual,4,fadingMNB,28000,0.727
s_gradual,4,fadingMNB,29000,0.718
s_gradual,4,fadingMNB,30000,0.739
s_gradual,4,fadingMNB,31000,0.728
s_gradual,4,fadingMNB,32000,0.721
s_gradual,4,fadingMNB,33000,0.745
s_gradual,4,fadingMNB,34000,0.709
s_gradual,4,fadingMNB,35000,0.72
s_gradual,4,fadingMNB,36000,0.73
s_gradual,4,fadingMNB,37000,0.744
s_gradual,4,fadingMNB,38000,0.755
s_gradual,4,fadingMNB,39000,0.759
s_gradual,4,fadingMNB,40000,0.727
s_gradual,4,fadingMNB,41000,0.733
s_gradual,4,fadingMNB,42000,0.731
s_gradual,4,fadingMNB,43000,0.738
s_gradual,4,fadingMNB,44000,0.721
s_gradual,4,fadingMNB,45000,0.739
s_gradual,4,fadingMNB,46000,0.742
s_gradual,4,fadingMNB,47000,0.738
s_gradual,4,fadingMNB,48000,0.756
s_gradual,4,fadingMNB,49000,0.745
s_gradual,4,fadingMNB,50000,0.746
s_gradual,4,fadingMNB,51000,0.766
s_gradual,4,fadingMNB,52000,0.778
s_gradual,4,fadingMNB,53000,0.767
s_gradual,4,fadingMNB,54000,0.75
s_gradual,4,fadingMNB,55000,0.736
s_gradual,4,fadingMNB,56000,0.758
s_gradual,4,fadingMNB,57000,0.74
s_gradual,4,fadingMNB,58000,0.766
s_gradual,4,fadingMNB,59000,0.768
s_gradual,4,fadingMNB,60000,0.759
s_gradual,4,fadingMNB,61000,0.755
s_gradual,4,fadingMNB,62000,0.77
s_gradual,4,fadingMNB,63000,0.78
s_gradual,4,fadingMNB,64000,0.763
s_gradual,4,fadingMNB,65000,0.774
s_gradual,4,fadingMNB,66000,0.781
s_gradual,4,fadingMNB,67000,0.764
s_gradual,4,fadingMNB,68000,0.783
s_gradual,4,fadingMNB,69000,0.779
s_gradual,4,fadingMNB,70000,0.783
s_gradual,4,fadingMNB,71000,0.751
s_gradual,4,fadingMNB,72000,0.765
s_gradual,4,fadingMNB,73000,0.764
s_gradual,4,fadingMNB,74000,0.76
s_gradual,4,fadingMNB,75000,0.765
s_gradual,4,fadingMNB,76000,0.767
s_gradual,4,fadingMNB,77000,0.762
s_gradual,4,fadingMNB,78000,0.753
s_gradual,4,fadingMNB,79000,0.771
s_gradual,4,fadingMNB,80000,0.765
s_gradual,4,baseline-Rebuild,1000,0.63
s_gradual,4,baseline-Rebuild,2000,0.663
s_gradual,4,baseline-Rebuild,3000,0.696
s_gradual,4,baseline-Rebuild,4000,0.691
s_gradual,4,baseline-Rebuild,5000,0.691
s_gradual,4,baseline-Rebuild,6000,0.727
s_gradual,4,baseline-Rebuild,7000,0.706
s_gradual,4,baseline-Rebuild,8000,0.693
s_gradual,4,baseline-Rebuild,9000,0.737
s_gradual,4,baseline-Rebuild,10000,0.709
s_gradual,4,baseline-Rebuild,11000,0.734
s_gradual,4,baseline-Rebuild,12000,0.693
s_gradual,4,baseline-Rebuild,13000,0.726
s_gradual,4,baseline-Rebuild,14000,0.737
s_gradual,4,baseline-Rebuild,15000,0.72
s_gradual,4,baseline-Rebuild,16000,0.71
s_gradual,4,baseline-Rebuild,17000,0.733
s_gradual,4,baseline-Rebuild,18000,0.723
s_gradual,4,baseline-Rebuild,19000,0.705
s_gradual,4,baseline-Rebuild,20000,0.712
s_gradual,4,baseline-Rebuild,21000,0.715
s_gradual,4,baseline-Rebuild,22000,0.725
s_gradual,4,baseline-Rebuild,23000,0.734
s_gradual,4,baseline-Rebuild,24000,0.713
s_gradual,4,baseline-Rebuild,25000,0.719
s_gradual,4,baseline-Rebuild,26000,0.733
s_gradual,4,baseline-Rebuild,27000,0.713
s_gradual,4,baseline-Rebuild,28000,0.715
s_gradual,4,baseline-Rebuild,29000,0.707
s_gradual,4,baseline-Rebuild,30000,0.721
s_gradual,4,baseline-Rebuild,31000,0.731
s_gradual,4,baseline-Rebuild,32000,0.707
s_gradual,4,baseline-Rebuild,33000,0.736
s_gradual,4,baseline-Rebuild,34000,0.697
s_gradual,4,baseline-Rebuild,35000,0.722
s_gradual,4,baseline-Rebuild,36000,0.733
s_gradual,4,baseline-Rebuild,37000,0.741
s_gradual,4,baseline-Rebuild,38000,0.746
s_gradual,4,baseline-Rebuild,39000,0.737
s_gradual,4,baseline-Rebuild,40000,0.698
s_gradual,4,baseline-Rebuild,41000,0.713
s_gradual,4,baseline-Rebuild,42000,0.72
s_gradual,4,baseline-Rebuild,43000,0.738
s_gradual,4,baseline-Rebuild,44000,0.734
s_gradual,4,baseline-Rebuild,45000,0.747
s_gradual,4,baseline-Rebuild,46000,0.748
s_gradual,4,baseline-Rebuild,47000,0.738
s_gradual,4,baseline-Rebuild,48000,0.769
s_gradual,4,baseline-Rebuild,49000,0.757
s_gradual,4,baseline-Rebuild,50000,0.765
s_gradual,4,baseline-Rebuild,51000,0.771
s_gradual,4,baseline-Rebuild,52000,0.774
s_gradual,4,baseline-Rebuild,53000,0.769
s_gradual,4,baseline-Rebuild,54000,0.745
s_gradual,4,baseline-Rebuild,55000,0.76
s_gradual,4,baseline-Rebuild,56000,0.763
s_gradual,4,baseline-Rebuild,57000,0.756
s_gradual,4,baseline-Rebuild,58000,0.778
s_gradual,4,baseline-Rebuild,59000,0.772
s_gradual,4,baseline-Rebuild,60000,0.761
s_gradual,4,baseline-Rebuild,61000,0.764
s_gradual,4,baseline-Rebuild,62000,0.768
s_gradual,4,baseline-Rebuild,63000,0.763
s_gradual,4,baseline-Rebuild,64000,0.776
s_gradual,4,baseline-Rebuild,65000,0.792
s_gradual,4,baseline-Rebuild,66000,0.779
s_gradual,4,baseline-Rebuild,67000,0.772
s_gradual,4,baseline-Rebuild,68000,0.761
s_gradual,4,baseline-Rebuild,69000,0.773
s_gradual,4,baseline-Rebuild,70000,0.783
s_gradual,4,baseline-Rebuild,71000,0.758
s_gradual,4,baseline-Rebuild,72000,0.764
s_gradual,4,baseline-Rebuild,73000,0.75
s_gradual,4,baseline-Rebuild,74000,0.753
s_gradual,4,baseline-Rebuild,75000,0.749
s_gradual,4,baseline-Rebuild,76000,0.744
s_gradual,4,baseline-Rebuild,77000,0.752
s_gradual,4,baseline-Rebuild,78000,0.744
s_gradual,4,baseline-Rebuild,79000,0.761
s_gradual,4,baseline-Rebuild,80000,0.784
s_gradual,4,baseline-SIFR,1000,0.63
s_gradual,4,baseline-SIFR,2000,0.663
s_gradual,4,baseline-SIFR,3000,0.696
s_gradual,4,baseline-SIFR,4000,0.691
s_gradual,4,baseline-SIFR,5000,0.691
s_gradual,4,baseline-SIFR,6000,0.727
s_gradual,4,baseline-SIFR,7000,0.706
s_gradual,4,baseline-SIFR,8000,0.693
s_gradual,4,baseline-SIFR,9000,0.737
s_gradual,4,baseline-SIFR,10000,0.709
s_gradual,4,baseline-SIFR,11000,0.734
s_gradual,4,baseline-SIFR,12000,0.693
s_gradual,4,baseline-SIFR,13000,0.726
s_gradual,4,baseline-SIFR,14000,0.737
s_gradual,4,baseline-SIFR,15000,0.72
s_gradual,4,baseline-SIFR,16000,0.71
s_gradual,4,baseline-SIFR,17000,0.733
s_gradual,4,baseline-SIFR,18000,0.723
s_gradual,4,baseline-SIFR,19000,0.705
s_gradual,4,baseline-SIFR,20000,0.712
s_gradual,4,baseline-SIFR,21000,0.715
s_gradual,4,baseline-SIFR,22000,0.725
s_gradual,4,baseline-SIFR,23000,0.734
s_gradual,4,baseline-SIFR,24000,0.713
s_gradual,4,baseline-SIFR,25000,0.719
s_gradual,4,baseline-SIFR,26000,0.733
s_gradual,4,baseline-SIFR,27000,0.713
s_gradual,4,baseline-SIFR,28000,0.715
s_gradual,4,baseline-SIFR,29000,0.72
s_gradual,4,baseline-SIFR,30000,0.74
s_gradual,4,baseline-SIFR,31000,0.726
s_gradual,4,baseline-SIFR,32000,0.718
s_gradual,4,baseline-SIFR,33000,0.733
s_gradual,4,baseline-SIFR,34000,0.71
s_gradual,4,baseline-SIFR,35000,0.715
s_gradual,4,baseline-SIFR,36000,0.726
s_gradual,4,baseline-SIFR,37000,0.726
s_gradual,4,baseline-SIFR,38000,0.74
s_gradual,4,baseline-SIFR,39000,0.757
s_gradual,4,baseline-SIFR,40000,0.714
s_gradual,4,baseline-SIFR,41000,0.734
s_gradual,4,baseline-SIFR,42000,0.742
s_gradual,4,baseline-SIFR,43000,0.746
s_gradual,4,baseline-SIFR,44000,0.72
s_gradual,4,baseline-SIFR,45000,0.738
s_gradual,4,baseline-SIFR,46000,0.747
s_gradual,4,baseline-SIFR,47000,0.733
s_gradual,4,baseline-SIFR,48000,0.758
s_gradual,4,baseline-SIFR,49000,0.742
s_gradual,4,baseline-SIFR,50000,0.743
s_gradual,4,baseline-SIFR,51000,0.767
s_gradual,4,baseline-SIFR,52000,0.777
s_gradual,4,baseline-SIFR,53000,0.764
s_gradual,4,baseline-SIFR,54000,0.75
s_gradual,4,baseline-SIFR,55000,0.731
s_gradual,4,baseline-SIFR,56000,0.755
s_gradual,4,baseline-SIFR,57000,0.735
s_gradual,4,baseline-SIFR,58000,0.768
s_gradual,4,baseline-SIFR,59000,0.773
s_gradual,4,baseline-SIFR,60000,0.754
s_gradual,4,baseline-SIFR,61000,0.748
s_gradual,4,baseline-SIFR,62000,0.769
s_gradual,4,baseline-SIFR,63000,0.776
s_gradual,4,baseline-SIFR,64000,0.759
s_gradual,4,baseline-SIFR,65000,0.785
s_gradual,4,baseline-SIFR,66000,0.788
s_gradual,4,baseline-SIFR,67000,0.759
s_gradual,4,baseline-SIFR,68000,0.774
s_gradual,4,baseline-SIFR,69000,0.782
s_gradual,4,baseline-SIFR,70000,0.781
s_gradual,4,baseline-SIFR,71000,0.764
s_gradual,4,baseline-SIFR,72000,0.773
s_gradual,4,baseline-SIFR,73000,0.77
s_gradual,4,baseline-SIFR,74000,0.761
s_gradual,4,baseline-SIFR,75000,0.756
s_gradual,4,baseline-SIFR,76000,0.763
s_gradual,4,baseline-SIFR,77000,0.758
s_gradual,4,baseline-SIFR,78000,0.744
s_gradual,4,baseline-SIFR,79000,0.767
s_gradual,4,baseline-SIFR,80000,0.756
s_gradual,4,enhanced-adwin_only,1000,0.63
s_gradual,4,enhanced-adwin_only,2000,0.663
s_gradual,4,enhanced-adwin_only,3000,0.696
s_gradual,4,enhanced-adwin_only,4000,0.691
s_gradual,4,enhanced-adwin_only,5000,0.691
s_gradual,4,enhanced-adwin_only,6000,0.727
s_gradual,4,enhanced-adwin_only,7000,0.706
s_gradual,4,enhanced-adwin_only,8000,0.693
s_gradual,4,enhanced-adwin_only,9000,0.737
s_gradual,4,enhanced-adwin_only,10000,0.709
s_gradual,4,enhanced-adwin_only,11000,0.734
s_gradual,4,enhanced-adwin_only,12000,0.693
s_gradual,4,enhanced-adwin_only,13000,0.726
s_gradual,4,enhanced-adwin_only,14000,0.737
s_gradual,4,enhanced-adwin_only,15000,0.72
s_gradual,4,enhanced-adwin_only,16000,0.71
s_gradual,4,enhanced-adwin_only,17000,0.733
s_gradual,4,enhanced-adwin_only,18000,0.723
s_gradual,4,enhanced-adwin_only,19000,0.705
s_gradual,4,enhanced-adwin_only,20000,0.712
s_gradual,4,enhanced-adwin_only,21000,0.715
s_gradual,4,enhanced-adwin_only,22000,0.725
s_gradual,4,enhanced-adwin_only,23000,0.734
s_gradual,4,enhanced-adwin_only,24000,0.713
s_gradual,4,enhanced-adwin_only,25000,0.719
s_gradual,4,enhanced-adwin_only,26000,0.733
s_gradual,4,enhanced-adwin_only,27000,0.713
s_gradual,4,enhanced-adwin_only,28000,0.715
s_gradual,4,enhanced-adwin_only,29000,0.721
s_gradual,4,enhanced-adwin_only,30000,0.737
s_gradual,4,enhanced-adwin_only,31000,0.728
s_gradual,4,enhanced-adwin_only,32000,0.712
s_gradual,4,enhanced-adwin_only,33000,0.744
s_gradual,4,enhanced-adwin_only,34000,0.705
s_gradual,4,enhanced-adwin_only,35000,0.711
s_gradual,4,enhanced-adwin_only,36000,0.74
s_gradual,4,enhanced-adwin_only,37000,0.74
s_gradual,4,enhanced-adwin_only,38000,0.756
s_gradual,4,enhanced-adwin_only,39000,0.757
s_gradual,4,enhanced-adwin_only,40000,0.725
s_gradual,4,enhanced-adwin_only,41000,0.734
s_gradual,4,enhanced-adwin_only,42000,0.742
s_gradual,4,enhanced-adwin_only,43000,0.746
s_gradual,4,enhanced-adwin_only,44000,0.72
s_gradual,4,enhanced-adwin_only,45000,0.738
s_gradual,4,enhanced-adwin_only,46000,0.747
s_gradual,4,enhanced-adwin_only,47000,0.733
s_gradual,4,enhanced-adwin_only,48000,0.758
s_gradual,4,enhanced-adwin_only,49000,0.754
s_gradual,4,enhanced-adwin_only,50000,0.749
s_gradual,4,enhanced-adwin_only,51000,0.759
s_gradual,4,enhanced-adwin_only,52000,0.779
s_gradual,4,enhanced-adwin_only,53000,0.757
s_gradual,4,enhanced-adwin_only,54000,0.752
s_gradual,4,enhanced-adwin_only,55000,0.741
s_gradual,4,enhanced-adwin_only,56000,0.768
s_gradual,4,enhanced-adwin_only,57000,0.754
s_gradual,4,enhanced-adwin_only,58000,0.769
s_gradual,4,enhanced-adwin_only,59000,0.759
s_gradual,4,enhanced-adwin_only,60000,0.755
s_gradual,4,enhanced-adwin_only,61000,0.761
s_gradual,4,enhanced-adwin_only,62000,0.774
s_gradual,4,enhanced-adwin_only,63000,0.782
s_gradual,4,enhanced-adwin_only,64000,0.772
s_gradual,4,enhanced-adwin_only,65000,0.785
s_gradual,4,enhanced-adwin_only,66000,0.788
s_gradual,4,enhanced-adwin_only,67000,0.759
s_gradual,4,enhanced-adwin_only,68000,0.774
s_gradual,4,enhanced-adwin_only,69000,0.782
s_gradual,4,enhanced-adwin_only,70000,0.781
s_gradual,4,enhanced-adwin_only,71000,0.764
s_gradual,4,enhanced-adwin_only,72000,0.773
s_gradual,4,enhanced-adwin_only,73000,0.755
s_gradual,4,enhanced-adwin_only,74000,0.758
s_gradual,4,enhanced-adwin_only,75000,0.765
s_gradual,4,enhanced-adwin_only,76000,0.759
s_gradual,4,enhanced-adwin_only,77000,0.773
s_gradual,4,enhanced-adwin_only,78000,0.754
s_gradual,4,enhanced-adwin_only,79000,0.774
s_gradual,4,enhanced-adwin_only,80000,0.766
s_gradual,4,enhanced-or,1000,0.63
s_gradual,4,enhanced-or,2000,0.663
s_gradual,4,enhanced-or,3000,0.696
s_gradual,4,enhanced-or,4000,0.691
s_gradual,4,enhanced-or,5000,0.691
s_gradual,4,enhanced-or,6000,0.727
s_gradual,4,enhanced-or,7000,0.706
s_gradual,4,enhanced-or,8000,0.693
s_gradual,4,enhanced-or,9000,0.737
s_gradual,4,enhanced-or,10000,0.709
s_gradual,4,enhanced-or,11000,0.734
s_gradual,4,enhanced-or,12000,0.693
s_gradual,4,enhanced-or,13000,0.726
s_gradual,4,enhanced-or,14000,0.737
s_gradual,4,enhanced-or,15000,0.72
s_gradual,4,enhanced-or,16000,0.71
s_gradual,4,enhanced-or,17000,0.733
s_gradual,4,enhanced-or,18000,0.723
s_gradual,4,enhanced-or,19000,0.705
s_gradual,4,enhanced-or,20000,0.712
s_gradual,4,enhanced-or,21000,0.715
s_gradual,4,enhanced-or,22000,0.725
s_gradual,4,enhanced-or,23000,0.734
s_gradual,4,enhanced-or,24000,0.713
s_gradual,4,enhanced-or,25000,0.719
s_gradual,4,enhanced-or,26000,0.733
s_gradual,4,enhanced-or,27000,0.713
s_gradual,4,enhanced-or,28000,0.715
s_gradual,4,enhanced-or,29000,0.707
s_gradual,4,enhanced-or,30000,0.721
s_gradual,4,enhanced-or,31000,0.731
s_gradual,4,enhanced-or,32000,0.707
s_gradual,4,enhanced-or,33000,0.736
s_gradual,4,enhanced-or,34000,0.697
s_gradual,4,enhanced-or,35000,0.722
s_gradual,4,enhanced-or,36000,0.733
s_gradual,4,enhanced-or,37000,0.741
s_gradual,4,enhanced-or,38000,0.746
s_gradual,4,enhanced-or,39000,0.737
s_gradual,4,enhanced-or,40000,0.698
s_gradual,4,enhanced-or,41000,0.713
s_gradual,4,enhanced-or,42000,0.72
s_gradual,4,enhanced-or,43000,0.738
s_gradual,4,enhanced-or,44000,0.734
s_gradual,4,enhanced-or,45000,0.747
s_gradual,4,enhanced-or,46000,0.748
s_gradual,4,enhanced-or,47000,0.738
s_gradual,4,enhanced-or,48000,0.769
s_gradual,4,enhanced-or,49000,0.757
s_gradual,4,enhanced-or,50000,0.765
s_gradual,4,enhanced-or,51000,0.771
s_gradual,4,enhanced-or,52000,0.774
s_gradual,4,enhanced-or,53000,0.769
s_gradual,4,enhanced-or,54000,0.745
s_gradual,4,enhanced-or,55000,0.76
s_gradual,4,enhanced-or,56000,0.763
s_gradual,4,enhanced-or,57000,0.756
s_gradual,4,enhanced-or,58000,0.778
s_gradual,4,enhanced-or,59000,0.772
s_gradual,4,enhanced-or,60000,0.761
s_gradual,4,enhanced-or,61000,0.764
s_gradual,4,enhanced-or,62000,0.768
s_gradual,4,enhanced-or,63000,0.763
s_gradual,4,enhanced-or,64000,0.776
s_gradual,4,enhanced-or,65000,0.792
s_gradual,4,enhanced-or,66000,0.779
s_gradual,4,enhanced-or,67000,0.772
s_gradual,4,enhanced-or,68000,0.761
s_gradual,4,enhanced-or,69000,0.773
s_gradual,4,enhanced-or,70000,0.783
s_gradual,4,enhanced-or,71000,0.758
s_gradual,4,enhanced-or,72000,0.764
s_gradual,4,enhanced-or,73000,0.75
s_gradual,4,enhanced-or,74000,0.753
s_gradual,4,enhanced-or,75000,0.749
s_gradual,4,enhanced-or,76000,0.744
s_gradual,4,enhanced-or,77000,0.752
s_gradual,4,enhanced-or,78000,0.744
s_gradual,4,enhanced-or,79000,0.761
s_gradual,4,enhanced-or,80000,0.784
s_gradual,4,enhanced-and,1000,0.63
s_gradual,4,enhanced-and,2000,0.663
s_gradual,4,enhanced-and,3000,0.696
s_gradual,4,enhanced-and,4000,0.691
s_gradual,4,enhanced-and,5000,0.691
s_gradual,4,enhanced-and,6000,0.727
s_gradual,4,enhanced-and,7000,0.706
s_gradual,4,enhanced-and,8000,0.693
s_gradual,4,enhanced-and,9000,0.737
s_gradual,4,enhanced-and,10000,0.709
s_gradual,4,enhanced-and,11000,0.734
s_gradual,4,enhanced-and,12000,0.693
s_gradual,4,enhanced-and,13000,0.726
s_gradual,4,enhanced-and,14000,0.737
s_gradual,4,enhanced-and,15000,0.72
s_gradual,4,enhanced-and,16000,0.71
s_gradual,4,enhanced-and,17000,0.733
s_gradual,4,enhanced-and,18000,0.723
s_gradual,4,enhanced-and,19000,0.705
s_gradual,4,enhanced-and,20000,0.712
s_gradual,4,enhanced-and,21000,0.715
s_gradual,4,enhanced-and,22000,0.725
s_gradual,4,enhanced-and,23000,0.734
s_gradual,4,enhanced-and,24000,0.713
s_gradual,4,enhanced-and,25000,0.719
s_gradual,4,enhanced-and,26000,0.733
s_gradual,4,enhanced-and,27000,0.713
s_gradual,4,enhanced-and,28000,0.715
s_gradual,4,enhanced-and,29000,0.721
s_gradual,4,enhanced-and,30000,0.737
s_gradual,4,enhanced-and,31000,0.728
s_gradual,4,enhanced-and,32000,0.712
s_gradual,4,enhanced-and,33000,0.744
s_gradual,4,enhanced-and,34000,0.705
s_gradual,4,enhanced-and,35000,0.711
s_gradual,4,enhanced-and,36000,0.74
s_gradual,4,enhanced-and,37000,0.74
s_gradual,4,enhanced-and,38000,0.756
s_gradual,4,enhanced-and,39000,0.757
s_gradual,4,enhanced-and,40000,0.725
s_gradual,4,enhanced-and,41000,0.734
s_gradual,4,enhanced-and,42000,0.742
s_gradual,4,enhanced-and,43000,0.746
s_gradual,4,enhanced-and,44000,0.72
s_gradual,4,enhanced-and,45000,0.738
s_gradual,4,enhanced-and,46000,0.747
s_gradual,4,enhanced-and,47000,0.733
s_gradual,4,enhanced-and,48000,0.758
s_gradual,4,enhanced-and,49000,0.754
s_gradual,4,enhanced-and,50000,0.749
s_gradual,4,enhanced-and,51000,0.759
s_gradual,4,enhanced-and,52000,0.779
s_gradual,4,enhanced-and,53000,0.757
s_gradual,4,enhanced-and,54000,0.752
s_gradual,4,enhanced-and,55000,0.741
s_gradual,4,enhanced-and,56000,0.768
s_gradual,4,enhanced-and,57000,0.754
s_gradual,4,enhanced-and,58000,0.769
s_gradual,4,enhanced-and,59000,0.759
s_gradual,4,enhanced-and,60000,0.755
s_gradual,4,enhanced-and,61000,0.761
s_gradual,4,enhanced-and,62000,0.774
s_gradual,4,enhanced-and,63000,0.782
s_gradual,4,enhanced-and,64000,0.772
s_gradual,4,enhanced-and,65000,0.785
s_gradual,4,enhanced-and,66000,0.788
s_gradual,4,enhanced-and,67000,0.759
s_gradual,4,enhanced-and,68000,0.774
s_gradual,4,enhanced-and,69000,0.782
s_gradual,4,enhanced-and,70000,0.781
s_gradual,4,enhanced-and,71000,0.764
s_gradual,4,enhanced-and,72000,0.773
s_gradual,4,enhanced-and,73000,0.755
s_gradual,4,enhanced-and,74000,0.758
s_gradual,4,enhanced-and,75000,0.765
s_gradual,4,enhanced-and,76000,0.759
s_gradual,4,enhanced-and,77000,0.773
s_gradual,4,enhanced-and,78000,0.754
s_gradual,4,enhanced-and,79000,0.774
s_gradual,4,enhanced-and,80000,0.766
s_recurring,1,accumulativeMNB,1000,0.668
s_recurring,1,accumulativeMNB,2000,0.658
s_recurring,1,accumulativeMNB,3000,0.682
s_recurring,1,accumulativeMNB,4000,0.677
s_recurring,1,accumulativeMNB,5000,0.693
s_recurring,1,accumulativeMNB,6000,0.69
s_recurring,1,accumulativeMNB,7000,0.68
s_recurring,1,accumulativeMNB,8000,0.699
s_recurring,1,accumulativeMNB,9000,0.731
s_recurring,1,accumulativeMNB,10000,0.712
s_recurring,1,accumulativeMNB,11000,0.719
s_recurring,1,accumulativeMNB,12000,0.716
s_recurring,1,accumulativeMNB,13000,0.705
s_recurring,1,accumulativeMNB,14000,0.737
s_recurring,1,accumulativeMNB,15000,0.721
s_recurring,1,accumulativeMNB,16000,0.717
s_recurring,1,accumulativeMNB,17000,0.739
s_recurring,1,accumulativeMNB,18000,0.753
s_recurring,1,accumulativeMNB,19000,0.733
s_recurring,1,accumulativeMNB,20000,0.7
s_recurring,1,accumulativeMNB,21000,0.714
s_recurring,1,accumulativeMNB,22000,0.737
s_recurring,1,accumulativeMNB,23000,0.73
s_recurring,1,accumulativeMNB,24000,0.752
s_recurring,1,accumulativeMNB,25000,0.749
s_recurring,1,accumulativeMNB,26000,0.755
s_recurring,1,accumulativeMNB,27000,0.75
s_recurring,1,accumulativeMNB,28000,0.753
s_recurring,1,accumulativeMNB,29000,0.747
s_recurring,1,accumulativeMNB,30000,0.743
s_recurring,1,accumulativeMNB,31000,0.748
s_recurring,1,accumulativeMNB,32000,0.752
s_recurring,1,accumulativeMNB,33000,0.767
s_recurring,1,accumulativeMNB,34000,0.761
s_recurring,1,accumulativeMNB,35000,0.768
s_recurring,1,accumulativeMNB,36000,0.769
s_recurring,1,accumulativeMNB,37000,0.754
s_recurring,1,accumulativeMNB,38000,0.764
s_recurring,1,accumulativeMNB,39000,0.78
s_recurring,1,accumulativeMNB,40000,0.764
s_recurring,1,accumulativeMNB,41000,0.737
s_recurring,1,accumulativeMNB,42000,0.733
s_recurring,1,accumulativeMNB,43000,0.731
s_recurring,1,accumulativeMNB,44000,0.738
s_recurring,1,accumulativeMNB,45000,0.729
s_recurring,1,accumulativeMNB,46000,0.736
s_recurring,1,accumulativeMNB,47000,0.709
s_recurring,1,accumulativeMNB,48000,0.728
s_recurring,1,accumulativeMNB,49000,0.727
s_recurring,1,accumulativeMNB,50000,0.747
s_recurring,1,accumulativeMNB,51000,0.734
s_recurring,1,accumulativeMNB,52000,0.725
s_recurring,1,accumulativeMNB,53000,0.721
s_recurring,1,accumulativeMNB,54000,0.731
s_recurring,1,accumulativeMNB,55000,0.705
s_recurring,1,accumulativeMNB,56000,0.741
s_recurring,1,accumulativeMNB,57000,0.71
s_recurring,1,accumulativeMNB,58000,0.732
s_recurring,1,accumulativeMNB,59000,0.754
s_recurring,1,accumulativeMNB,60000,0.731
s_recurring,1,accumulativeMNB,61000,0.747
s_recurring,1,accumulativeMNB,62000,0.76
s_recurring,1,accumulativeMNB,63000,0.765
s_recurring,1,accumulativeMNB,64000,0.748
s_recurring,1,accumulativeMNB,65000,0.784
s_recurring,1,accumulativeMNB,66000,0.772
s_recurring,1,accumulativeMNB,67000,0.769
s_recurring,1,accumulativeMNB,68000,0.75
s_recurring,1,accumulativeMNB,69000,0.771
s_recurring,1,accumulativeMNB,70000,0.765
s_recurring,1,accumulativeMNB,71000,0.772
s_recurring,1,accumulativeMNB,72000,0.758
s_recurring,1,accumulativeMNB,73000,0.767
s_recurring,1,accumulativeMNB,74000,0.768
s_recurring,1,accumulativeMNB,75000,0.789
s_recurring,1,accumulativeMNB,76000,0.78
s_recurring,1,accumulativeMNB,77000,0.764
s_recurring,1,accumulativeMNB,78000,0.775
s_recurring,1,accumulativeMNB,79000,0.791
s_recurring,1,accumulativeMNB,80000,0.78
s_recurring,1,fadingMNB,1000,0.668
s_recurring,1,fadingMNB,2000,0.655
s_recurring,1,fadingMNB,3000,0.682
s_recurring,1,fadingMNB,4000,0.677
s_recurring,1,fadingMNB,5000,0.694
s_recurring,1,fadingMNB,6000,0.688
s_recurring,1,fadingMNB,7000,0.681
s_recurring,1,fadingMNB,8000,0.699
s_recurring,1,fadingMNB,9000,0.735
s_recurring,1,fadingMNB,10000,0.727
s_recurring,1,fadingMNB,11000,0.721
s_recurring,1,fadingMNB,12000,0.719
s_recurring,1,fadingMNB,13000,0.705
s_recurring,1,fadingMNB,14000,0.733
s_recurring,1,fadingMNB,15000,0.715
s_recurring,1,fadingMNB,16000,0.716
s_recurring,1,fadingMNB,17000,0.733
s_recurring,1,fadingMNB,18000,0.748
s_recurring,1,fadingMNB,19000,0.733
s_recurring,1,fadingMNB,20000,0.707
s_recurring,1,fadingMNB,21000,0.702
s_recurring,1,fadingMNB,22000,0.74
s_recurring,1,fadingMNB,23000,0.729
s_recurring,1,fadingMNB,24000,0.742
s_recurring,1,fadingMNB,25000,0.747
s_recurring,1,fadingMNB,26000,0.759
s_recurring,1,fadingMNB,27000,0.751
s_recurring,1,fadingMNB,28000,0.76
s_recurring,1,fadingMNB,29000,0.749
s_recurring,1,fadingMNB,30000,0.754
s_recurring,1,fadingMNB,31000,0.748
s_recurring,1,fadingMNB,32000,0.765
s_recurring,1,fadingMNB,33000,0.76
s_recurring,1,fadingMNB,34000,0.764
s_recurring,1,fadingMNB,35000,0.769
s_recurring,1,fadingMNB,36000,0.773
s_recurring,1,fadingMNB,37000,0.761
s_recurring,1,fadingMNB,38000,0.765
s_recurring,1,fadingMNB,39000,0.772
s_recurring,1,fadingMNB,40000,0.751
s_recurring,1,fadingMNB,41000,0.732
s_recurring,1,fadingMNB,42000,0.725
s_recurring,1,fadingMNB,43000,0.722
s_recurring,1,fadingMNB,44000,0.735
s_recurring,1,fadingMNB,45000,0.714
s_recurring,1,fadingMNB,46000,0.744
s_recurring,1,fadingMNB,47000,0.704
s_recurring,1,fadingMNB,48000,0.732
s_recurring,1,fadingMNB,49000,0.723
s_recurring,1,fadingMNB,50000,0.746
s_recurring,1,fadingMNB,51000,0.722
s_recurring,1,fadingMNB,52000,0.714
s_recurring,1,fadingMNB,53000,0.722
s_recurring,1,fadingMNB,54000,0.733
s_recurring,1,fadingMNB,55000,0.696
s_recurring,1,fadingMNB,56000,0.738
s_recurring,1,fadingMNB,57000,0.713
s_recurring,1,fadingMNB,58000,0.737
s_recurring,1,fadingMNB,59000,0.751
s_recurring,1,fadingMNB,60000,0.737
s_recurring,1,fadingMNB,61000,0.744
s_recurring,1,fadingMNB,62000,0.75
s_recurring,1,fadingMNB,63000,0.759
s_recurring,1,fadingMNB,64000,0.738
s_recurring,1,fadingMNB,65000,0.776
s_recurring,1,fadingMNB,66000,0.774
s_recurring,1,fadingMNB,67000,0.759
s_recurring,1,fadingMNB,68000,0.754
s_recurring,1,fadingMNB,69000,0.775
s_recurring,1,fadingMNB,70000,0.768
s_recurring,1,fadingMNB,71000,0.775
s_recurring,1,fadingMNB,72000,0.754
s_recurring,1,fadingMNB,73000,0.757
s_recurring,1,fadingMNB,74000,0.751
s_recurring,1,fadingMNB,75000,0.777
s_recurring,1,fadingMNB,76000,0.772
s_recurring,1,fadingMNB,77000,0.774
s_recurring,1,fadingMNB,78000,0.771
s_recurring,1,fadingMNB,79000,0.78
s_recurring,1,fadingMNB,80000,0.774
s_recurring,1,baseline-Rebuild,1000,0.668
s_recurring,1,baseline-Rebuild,2000,0.658
s_recurring,1,baseline-Rebuild,3000,0.682
s_recurring,1,baseline-Rebuild,4000,0.677
s_recurring,1,baseline-Rebuild,5000,0.693
s_recurring,1,baseline-Rebuild,6000,0.69
s_recurring,1,baseline-Rebuild,7000,0.68
s_recurring,1,baseline-Rebuild,8000,0.699
s_recurring,1,baseline-Rebuild,9000,0.731
s_recurring,1,baseline-Rebuild,10000,0.712
s_recurring,1,baseline-Rebuild,11000,0.719
s_recurring,1,baseline-Rebuild,12000,0.716
s_recurring,1,baseline-Rebuild,13000,0.705
s_recurring,1,baseline-Rebuild,14000,0.737
s_recurring,1,baseline-Rebuild,15000,0.721
s_recurring,1,baseline-Rebuild,16000,0.717
s_recurring,1,baseline-Rebuild,17000,0.739
s_recurring,1,baseline-Rebuild,18000,0.753
s_recurring,1,baseline-Rebuild,19000,0.733
s_recurring,1,baseline-Rebuild,20000,0.7
s_recurring,1,baseline-Rebuild,21000,0.69
s_recurring,1,baseline-Rebuild,22000,0.731
s_recurring,1,baseline-Rebuild,23000,0.723
s_recurring,1,baseline-Rebuild,24000,0.745
s_recurring,1,baseline-Rebuild,25000,0.744
s_recurring,1,baseline-Rebuild,26000,0.771
s_recurring,1,baseline-Rebuild,27000,0.758
s_recurring,1,baseline-Rebuild,28000,0.753
s_recurring,1,baseline-Rebuild,29000,0.756
s_recurring,1,baseline-Rebuild,30000,0.761
s_recurring,1,baseline-Rebuild,31000,0.754
s_recurring,1,baseline-Rebuild,32000,0.76
s_recurring,1,baseline-Rebuild,33000,0.769
s_recurring,1,baseline-Rebuild,34000,0.763
s_recurring,1,baseline-Rebuild,35000,0.777
s_recurring,1,baseline-Rebuild,36000,0.771
s_recurring,1,baseline-Rebuild,37000,0.763
s_recurring,1,baseline-Rebuild,38000,0.758
s_recurring,1,baseline-Rebuild,39000,0.785
s_recurring,1,baseline-Rebuild,40000,0.772
s_recurring,1,baseline-Rebuild,41000,0.697
s_recurring,1,baseline-Rebuild,42000,0.701
s_recurring,1,baseline-Rebuild,43000,0.709
s_recurring,1,baseline-Rebuild,44000,0.716
s_recurring,1,baseline-Rebuild,45000,0.698
s_recurring,1,baseline-Rebuild,46000,0.715
s_recurring,1,baseline-Rebuild,47000,0.679
s_recurring,1,baseline-Rebuild,48000,0.706
s_recurring,1,baseline-Rebuild,49000,0.691
s_recurring,1,baseline-Rebuild,50000,0.725
s_recurring,1,baseline-Rebuild,51000,0.707
s_recurring,1,baseline-Rebuild,52000,0.714
s_recurring,1,baseline-Rebuild,53000,0.716
s_recurring,1,baseline-Rebuild,54000,0.719
s_recurring,1,baseline-Rebuild,55000,0.705
s_recurring,1,baseline-Rebuild,56000,0.726
s_recurring,1,baseline-Rebuild,57000,0.702
s_recurring,1,baseline-Rebuild,58000,0.71
s_recurring,1,baseline-Rebuild,59000,0.751
s_recurring,1,baseline-Rebuild,60000,0.729
s_recurring,1,baseline-Rebuild,61000,0.745
s_recurring,1,baseline-Rebuild,62000,0.772
s_recurring,1,baseline-Rebuild,63000,0.772
s_recurring,1,baseline-Rebuild,64000,0.745
s_recurring,1,baseline-Rebuild,65000,0.773
s_recurring,1,baseline-Rebuild,66000,0.768
s_recurring,1,baseline-Rebuild,67000,0.774
s_recurring,1,baseline-Rebuild,68000,0.746
s_recurring,1,baseline-Rebuild,69000,0.783
s_recurring,1,baseline-Rebuild,70000,0.764
s_recurring,1,baseline-Rebuild,71000,0.773
s_recurring,1,baseline-Rebuild,72000,0.76
s_recurring,1,baseline-Rebuild,73000,0.76
s_recurring,1,baseline-Rebuild,74000,0.755
s_recurring,1,baseline-Rebuild,75000,0.796
s_recurring,1,baseline-Rebuild,76000,0.776
s_recurring,1,baseline-Rebuild,77000,0.769
s_recurring,1,baseline-Rebuild,78000,0.775
s_recurring,1,baseline-Rebuild,79000,0.779
s_recurring,1,baseline-Rebuild,80000,0.784
s_recurring,1,baseline-SIFR,1000,0.668
s_recurring,1,baseline-SIFR,2000,0.658
s_recurring,1,baseline-SIFR,3000,0.682
s_recurring,1,baseline-SIFR,4000,0.677
s_recurring,1,baseline-SIFR,5000,0.693
s_recurring,1,baseline-SIFR,6000,0.69
s_recurring,1,baseline-SIFR,7000,0.68
s_recurring,1,baseline-SIFR,8000,0.699
s_recurring,1,baseline-SIFR,9000,0.731
s_recurring,1,baseline-SIFR,10000,0.712
s_recurring,1,baseline-SIFR,11000,0.719
s_recurring,1,baseline-SIFR,12000,0.716
s_recurring,1,baseline-SIFR,13000,0.705
s_recurring,1,baseline-SIFR,14000,0.737
s_recurring,1,baseline-SIFR,15000,0.721
s_recurring,1,baseline-SIFR,16000,0.717
s_recurring,1,baseline-SIFR,17000,0.739
s_recurring,1,baseline-SIFR,18000,0.753
s_recurring,1,baseline-SIFR,19000,0.733
s_recurring,1,baseline-SIFR,20000,0.7
s_recurring,1,baseline-SIFR,21000,0.705
s_recurring,1,baseline-SIFR,22000,0.736
s_recurring,1,baseline-SIFR,23000,0.729
s_recurring,1,baseline-SIFR,24000,0.745
s_recurring,1,baseline-SIFR,25000,0.746
s_recurring,1,baseline-SIFR,26000,0.761
s_recurring,1,baseline-SIFR,27000,0.749
s_recurring,1,baseline-SIFR,28000,0.759
s_recurring,1,baseline-SIFR,29000,0.749
s_recurring,1,baseline-SIFR,30000,0.75
s_recurring,1,baseline-SIFR,31000,0.745
s_recurring,1,baseline-SIFR,32000,0.762
s_recurring,1,baseline-SIFR,33000,0.753
s_recurring,1,baseline-SIFR,34000,0.749
s_recurring,1,baseline-SIFR,35000,0.76
s_recurring,1,baseline-SIFR,36000,0.772
s_recurring,1,baseline-SIFR,37000,0.763
s_recurring,1,baseline-SIFR,38000,0.759
s_recurring,1,baseline-SIFR,39000,0.77
s_recurring,1,baseline-SIFR,40000,0.752
s_recurring,1,baseline-SIFR,41000,0.72
s_recurring,1,baseline-SIFR,42000,0.72
s_recurring,1,baseline-SIFR,43000,0.72
s_recurring,1,baseline-SIFR,44000,0.727
s_recurring,1,baseline-SIFR,45000,0.722
s_recurring,1,baseline-SIFR,46000,0.745
s_recurring,1,baseline-SIFR,47000,0.703
s_recurring,1,baseline-SIFR,48000,0.721
s_recurring,1,baseline-SIFR,49000,0.727
s_recurring,1,baseline-SIFR,50000,0.747
s_recurring,1,baseline-SIFR,51000,0.734
s_recurring,1,baseline-SIFR,52000,0.725
s_recurring,1,baseline-SIFR,53000,0.721
s_recurring,1,baseline-SIFR,54000,0.731
s_recurring,1,baseline-SIFR,55000,0.705
s_recurring,1,baseline-SIFR,56000,0.741
s_recurring,1,baseline-SIFR,57000,0.71
s_recurring,1,baseline-SIFR,58000,0.732
s_recurring,1,baseline-SIFR,59000,0.754
s_recurring,1,baseline-SIFR,60000,0.731
s_recurring,1,baseline-SIFR,61000,0.747
s_recurring,1,baseline-SIFR,62000,0.76
s_recurring,1,baseline-SIFR,63000,0.765
s_recurring,1,baseline-SIFR,64000,0.748
s_recurring,1,baseline-SIFR,65000,0.784
s_recurring,1,baseline-SIFR,66000,0.772
s_recurring,1,baseline-SIFR,67000,0.769
s_recurring,1,baseline-SIFR,68000,0.75
s_recurring,1,baseline-SIFR,69000,0.771
s_recurring,1,baseline-SIFR,70000,0.765
s_recurring,1,baseline-SIFR,71000,0.772
s_recurring,1,baseline-SIFR,72000,0.758
s_recurring,1,baseline-SIFR,73000,0.767
s_recurring,1,baseline-SIFR,74000,0.768
s_recurring,1,baseline-SIFR,75000,0.789
s_recurring,1,baseline-SIFR,76000,0.78
s_recurring,1,baseline-SIFR,77000,0.764
s_recurring,1,baseline-SIFR,78000,0.775
s_recurring,1,baseline-SIFR,79000,0.791
s_recurring,1,baseline-SIFR,80000,0.78
s_recurring,1,enhanced-adwin_only,1000,0.668
s_recurring,1,enhanced-adwin_only,2000,0.658
s_recurring,1,enhanced-adwin_only,3000,0.682
s_recurring,1,enhanced-adwin_only,4000,0.677
s_recurring,1,enhanced-adwin_only,5000,0.693
s_recurring,1,enhanced-adwin_only,6000,0.69
s_recurring,1,enhanced-adwin_only,7000,0.68
s_recurring,1,enhanced-adwin_only,8000,0.699
s_recurring,1,enhanced-adwin_only,9000,0.731
s_recurring,1,enhanced-adwin_only,10000,0.712
s_recurring,1,enhanced-adwin_only,11000,0.719
s_recurring,1,enhanced-adwin_only,12000,0.716
s_recurring,1,enhanced-adwin_only,13000,0.705
s_recurring,1,enhanced-adwin_only,14000,0.737
s_recurring,1,enhanced-adwin_only,15000,0.721
s_recurring,1,enhanced-adwin_only,16000,0.717
s_recurring,1,enhanced-adwin_only,17000,0.739
s_recurring,1,enhanced-adwin_only,18000,0.753
s_recurring,1,enhanced-adwin_only,19000,0.733
s_recurring,1,enhanced-adwin_only,20000,0.7
s_recurring,1,enhanced-adwin_only,21000,0.714
s_recurring,1,enhanced-adwin_only,22000,0.737
s_recurring,1,enhanced-adwin_only,23000,0.73
s_recurring,1,enhanced-adwin_only,24000,0.752
s_recurring,1,enhanced-adwin_only,25000,0.749
s_recurring,1,enhanced-adwin_only,26000,0.755
s_recurring,1,enhanced-adwin_only,27000,0.75
s_recurring,1,enhanced-adwin_only,28000,0.753
s_recurring,1,enhanced-adwin_only,29000,0.747
s_recurring,1,enhanced-adwin_only,30000,0.743
s_recurring,1,enhanced-adwin_only,31000,0.748
s_recurring,1,enhanced-adwin_only,32000,0.752
s_recurring,1,enhanced-adwin_only,33000,0.767
s_recurring,1,enhanced-adwin_only,34000,0.761
s_recurring,1,enhanced-adwin_only,35000,0.768
s_recurring,1,enhanced-adwin_only,36000,0.769
s_recurring,1,enhanced-adwin_only,37000,0.754
s_recurring,1,enhanced-adwin_only,38000,0.764
s_recurring,1,enhanced-adwin_only,39000,0.78
s_recurring,1,enhanced-adwin_only,40000,0.764
s_recurring,1,enhanced-adwin_only,41000,0.737
s_recurring,1,enhanced-adwin_only,42000,0.733
s_recurring,1,enhanced-adwin_only,43000,0.731
s_recurring,1,enhanced-adwin_only,44000,0.738
s_recurring,1,enhanced-adwin_only,45000,0.729
s_recurring,1,enhanced-adwin_only,46000,0.712
s_recurring,1,enhanced-adwin_only,47000,0.675
s_recurring,1,enhanced-adwin_only,48000,0.712
s_recurring,1,enhanced-adwin_only,49000,0.71
s_recurring,1,enhanced-adwin_only,50000,0.728
s_recurring,1,enhanced-adwin_only,51000,0.717
s_recurring,1,enhanced-adwin_only,52000,0.716
s_recurring,1,enhanced-adwin_only,53000,0.715
s_recurring,1,enhanced-adwin_only,54000,0.721
s_recurring,1,enhanced-adwin_only,55000,0.691
s_recurring,1,enhanced-adwin_only,56000,0.736
s_recurring,1,enhanced-adwin_only,57000,0.704
s_recurring,1,enhanced-adwin_only,58000,0.722
s_recurring,1,enhanced-adwin_only,59000,0.746
s_recurring,1,enhanced-adwin_only,60000,0.735
s_recurring,1,enhanced-adwin_only,61000,0.729
s_recurring,1,enhanced-adwin_only,62000,0.751
s_recurring,1,enhanced-adwin_only,63000,0.753
s_recurring,1,enhanced-adwin_only,64000,0.725
s_recurring,1,enhanced-adwin_only,65000,0.769
s_recurring,1,enhanced-adwin_only,66000,0.768
s_recurring,1,enhanced-adwin_only,67000,0.754
s_recurring,1,enhanced-adwin_only,68000,0.752
s_recurring,1,enhanced-adwin_only,69000,0.77
s_recurring,1,enhanced-adwin_only,70000,0.755
s_recurring,1,enhanced-adwin_only,71000,0.767
s_recurring,1,enhanced-adwin_only,72000,0.747
s_recurring,1,enhanced-adwin_only,73000,0.758
s_recurring,1,enhanced-adwin_only,74000,0.753
s_recurring,1,enhanced-adwin_only,75000,0.788
s_recurring,1,enhanced-adwin_only,76000,0.763
s_recurring,1,enhanced-adwin_only,77000,0.778
s_recurring,1,enhanced-adwin_only,78000,0.773
s_recurring,1,enhanced-adwin_only,79000,0.778
s_recurring,1,enhanced-adwin_only,80000,0.782
s_recurring,1,enhanced-or,1000,0.668
s_recurring,1,enhanced-or,2000,0.658
s_recurring,1,enhanced-or,3000,0.682
s_recurring,1,enhanced-or,4000,0.677
s_recurring,1,enhanced-or,5000,0.693
s_recurring,1,enhanced-or,6000,0.69
s_recurring,1,enhanced-or,7000,0.68
s_recurring,1,enhanced-or,8000,0.699
s_recurring,1,enhanced-or,9000,0.731
s_recurring,1,enhanced-or,10000,0.712
s_recurring,1,enhanced-or,11000,0.719
s_recurring,1,enhanced-or,12000,0.716
s_recurring,1,enhanced-or,13000,0.705
s_recurring,1,enhanced-or,14000,0.737
s_recurring,1,enhanced-or,15000,0.721
s_recurring,1,enhanced-or,16000,0.717
s_recurring,1,enhanced-or,17000,0.739
s_recurring,1,enhanced-or,18000,0.753
s_recurring,1,enhanced-or,19000,0.733
s_recurring,1,enhanced-or,20000,0.7
s_recurring,1,enhanced-or,21000,0.69
s_recurring,1,enhanced-or,22000,0.731
s_recurring,1,enhanced-or,23000,0.723
s_recurring,1,enhanced-or,24000,0.745
s_recurring,1,enhanced-or,25000,0.744
s_recurring,1,enhanced-or,26000,0.771
s_recurring,1,enhanced-or,27000,0.758
s_recurring,1,enhanced-or,28000,0.753
s_recurring,1,enhanced-or,29000,0.756
s_recurring,1,enhanced-or,30000,0.761
s_recurring,1,enhanced-or,31000,0.754
s_recurring,1,enhanced-or,32000,0.76
s_recurring,1,enhanced-or,33000,0.769
s_recurring,1,enhanced-or,34000,0.763
s_recurring,1,enhanced-or,35000,0.777
s_recurring,1,enhanced-or,36000,0.771
s_recurring,1,enhanced-or,37000,0.763
s_recurring,1,enhanced-or,38000,0.758
s_recurring,1,enhanced-or,39000,0.785
s_recurring,1,enhanced-or,40000,0.772
s_recurring,1,enhanced-or,41000,0.67
s_recurring,1,enhanced-or,42000,0.65
s_recurring,1,enhanced-or,43000,0.693
s_recurring,1,enhanced-or,44000,0.722
s_recurring,1,enhanced-or,45000,0.698
s_recurring,1,enhanced-or,46000,0.715
s_recurring,1,enhanced-or,47000,0.679
s_recurring,1,enhanced-or,48000,0.706
s_recurring,1,enhanced-or,49000,0.691
s_recurring,1,enhanced-or,50000,0.725
s_recurring,1,enhanced-or,51000,0.707
s_recurring,1,enhanced-or,52000,0.714
s_recurring,1,enhanced-or,53000,0.716
s_recurring,1,enhanced-or,54000,0.719
s_recurring,1,enhanced-or,55000,0.705
s_recurring,1,enhanced-or,56000,0.726
s_recurring,1,enhanced-or,57000,0.702
s_recurring,1,enhanced-or,58000,0.71
s_recurring,1,enhanced-or,59000,0.751
s_recurring,1,enhanced-or,60000,0.729
s_recurring,1,enhanced-or,61000,0.745
s_recurring,1,enhanced-or,62000,0.772
s_recurring,1,enhanced-or,63000,0.772
s_recurring,1,enhanced-or,64000,0.745
s_recurring,1,enhanced-or,65000,0.773
s_recurring,1,enhanced-or,66000,0.768
s_recurring,1,enhanced-or,67000,0.774
s_recurring,1,enhanced-or,68000,0.746
s_recurring,1,enhanced-or,69000,0.783
s_recurring,1,enhanced-or,70000,0.764
s_recurring,1,enhanced-or,71000,0.773
s_recurring,1,enhanced-or,72000,0.76
s_recurring,1,enhanced-or,73000,0.76
s_recurring,1,enhanced-or,74000,0.755
s_recurring,1,enhanced-or,75000,0.796
s_recurring,1,enhanced-or,76000,0.776
s_recurring,1,enhanced-or,77000,0.769
s_recurring,1,enhanced-or,78000,0.775
s_recurring,1,enhanced-or,79000,0.779
s_recurring,1,enhanced-or,80000,0.784
s_recurring,1,enhanced-and,1000,0.668
s_recurring,1,enhanced-and,2000,0.658
s_recurring,1,enhanced-and,3000,0.682
s_recurring,1,enhanced-and,4000,0.677
s_recurring,1,enhanced-and,5000,0.693
s_recurring,1,enhanced-and,6000,0.69
s_recurring,1,enhanced-and,7000,0.68
s_recurring,1,enhanced-and,8000,0.699
s_recurring,1,enhanced-and,9000,0.731
s_recurring,1,enhanced-and,10000,0.712
s_recurring,1,enhanced-and,11000,0.719
s_recurring,1,enhanced-and,12000,0.716
s_recurring,1,enhanced-and,13000,0.705
s_recurring,1,enhanced-and,14000,0.737
s_recurring,1,enhanced-and,15000,0.721
s_recurring,1,enhanced-and,16000,0.717
s_recurring,1,enhanced-and,17000,0.739
s_recurring,1,enhanced-and,18000,0.753
s_recurring,1,enhanced-and,19000,0.733
s_recurring,1,enhanced-and,20000,0.7
s_recurring,1,enhanced-and,21000,0.714
s_recurring,1,enhanced-and,22000,0.737
s_recurring,1,enhanced-and,23000,0.73
s_recurring,1,enhanced-and,24000,0.752
s_recurring,1,enhanced-and,25000,0.749
s_recurring,1,enhanced-and,26000,0.755
s_recurring,1,enhanced-and,27000,0.75
s_recurring,1,enhanced-and,28000,0.753
s_recurring,1,enhanced-and,29000,0.747
s_recurring,1,enhanced-and,30000,0.743
s_recurring,1,enhanced-and,31000,0.748
s_recurring,1,enhanced-and,32000,0.752
s_recurring,1,enhanced-and,33000,0.767
s_recurring,1,enhanced-and,34000,0.761
s_recurring,1,enhanced-and,35000,0.768
s_recurring,1,enhanced-and,36000,0.769
s_recurring,1,enhanced-and,37000,0.754
s_recurring,1,enhanced-and,38000,0.764
s_recurring,1,enhanced-and,39000,0.78
s_recurring,1,enhanced-and,40000,0.764
s_recurring,1,enhanced-and,41000,0.737
s_recurring,1,enhanced-and,42000,0.733
s_recurring,1,enhanced-and,43000,0.731
s_recurring,1,enhanced-and,44000,0.738
s_recurring,1,enhanced-and,45000,0.729
s_recurring,1,enhanced-and,46000,0.712
s_recurring,1,enhanced-and,47000,0.675
s_recurring,1,enhanced-and,48000,0.712
s_recurring,1,enhanced-and,49000,0.71
s_recurring,1,enhanced-and,50000,0.728
s_recurring,1,enhanced-and,51000,0.717
s_recurring,1,enhanced-and,52000,0.716
s_recurring,1,enhanced-and,53000,0.715
s_recurring,1,enhanced-and,54000,0.721
s_recurring,1,enhanced-and,55000,0.691
s_recurring,1,enhanced-and,56000,0.736
s_recurring,1,enhanced-and,57000,0.704
s_recurring,1,enhanced-and,58000,0.722
s_recurring,1,enhanced-and,59000,0.746
s_recurring,1,enhanced-and,60000,0.735
s_recurring,1,enhanced-and,61000,0.729
s_recurring,1,enhanced-and,62000,0.751
s_recurring,1,enhanced-and,63000,0.753
s_recurring,1,enhanced-and,64000,0.725
s_recurring,1,enhanced-and,65000,0.769
s_recurring,1,enhanced-and,66000,0.768
s_recurring,1,enhanced-and,67000,0.754
s_recurring,1,enhanced-and,68000,0.752
s_recurring,1,enhanced-and,69000,0.77
s_recurring,1,enhanced-and,70000,0.755
s_recurring,1,enhanced-and,71000,0.767
s_recurring,1,enhanced-and,72000,0.747
s_recurring,1,enhanced-and,73000,0.758
s_recurring,1,enhanced-and,74000,0.753
s_recurring,1,enhanced-and,75000,0.788
s_recurring,1,enhanced-and,76000,0.763
s_recurring,1,enhanced-and,77000,0.778
s_recurring,1,enhanced-and,78000,0.773
s_recurring,1,enhanced-and,79000,0.778
s_recurring,1,enhanced-and,80000,0.782
s_recurring,2,accumulativeMNB,1000,0.623
s_recurring,2,accumulativeMNB,2000,0.656
s_recurring,2,accumulativeMNB,3000,0.692
s_recurring,2,accumulativeMNB,4000,0.692
s_recurring,2,accumulativeMNB,5000,0.705
s_recurring,2,accumulativeMNB,6000,0.71
s_recurring,2,accumulativeMNB,7000,0.714
s_recurring,2,accumulativeMNB,8000,0.717
s_recurring,2,accumulativeMNB,9000,0.713
s_recurring,2,accumulativeMNB,10000,0.705
s_recurring,2,accumulativeMNB,11000,0.716
s_recurring,2,accumulativeMNB,12000,0.716
s_recurring,2,accumulativeMNB,13000,0.715
s_recurring,2,accumulativeMNB,14000,0.709
s_recurring,2,accumulativeMNB,15000,0.717
s_recurring,2,accumulativeMNB,16000,0.731
s_recurring,2,accumulativeMNB,17000,0.752
s_recurring,2,accumulativeMNB,18000,0.726
s_recurring,2,accumulativeMNB,19000,0.726
s_recurring,2,accumulativeMNB,20000,0.729
s_recurring,2,accumulativeMNB,21000,0.711
s_recurring,2,accumulativeMNB,22000,0.733
s_recurring,2,accumulativeMNB,23000,0.72
s_recurring,2,accumulativeMNB,24000,0.749
s_recurring,2,accumulativeMNB,25000,0.755
s_recurring,2,accumulativeMNB,26000,0.734
s_recurring,2,accumulativeMNB,27000,0.769
s_recurring,2,accumulativeMNB,28000,0.755
s_recurring,2,accumulativeMNB,29000,0.736
s_recurring,2,accumulativeMNB,30000,0.754
s_recurring,2,accumulativeMNB,31000,0.739
s_recurring,2,accumulativeMNB,32000,0.768
s_recurring,2,accumulativeMNB,33000,0.748
s_recurring,2,accumulativeMNB,34000,0.753
s_recurring,2,accumulativeMNB,35000,0.773
s_recurring,2,accumulativeMNB,36000,0.787
s_recurring,2,accumulativeMNB,37000,0.77
s_recurring,2,accumulativeMNB,38000,0.771
s_recurring,2,accumulativeMNB,39000,0.787
s_recurring,2,accumulativeMNB,40000,0.744
s_recurring,2,accumulativeMNB,41000,0.723
s_recurring,2,accumulativeMNB,42000,0.699
s_recurring,2,accumulativeMNB,43000,0.719
s_recurring,2,accumulativeMNB,44000,0.709
s_recurring,2,accumulativeMNB,45000,0.734
s_recurring,2,accumulativeMNB,46000,0.713
s_recurring,2,accumulativeMNB,47000,0.737
s_recurring,2,accumulativeMNB,48000,0.717
s_recurring,2,accumulativeMNB,49000,0.73
s_recurring,2,accumulativeMNB,50000,0.747
s_recurring,2,accumulativeMNB,51000,0.746
s_recurring,2,accumulativeMNB,52000,0.724
s_recurring,2,accumulativeMNB,53000,0.716
s_recurring,2,accumulativeMNB,54000,0.744
s_recurring,2,accumulativeMNB,55000,0.731
s_recurring,2,accumulativeMNB,56000,0.73
s_recurring,2,accumulativeMNB,57000,0.716
s_recurring,2,accumulativeMNB,58000,0.726
s_recurring,2,accumulativeMNB,59000,0.747
s_recurring,2,accumulativeMNB,60000,0.736
s_recurring,2,accumulativeMNB,61000,0.783
s_recurring,2,accumulativeMNB,62000,0.751
s_recurring,2,accumulativeMNB,63000,0.764
s_recurring,2,accumulativeMNB,64000,0.742
s_recurring,2,accumulativeMNB,65000,0.774
s_recurring,2,accumulativeMNB,66000,0.751
s_recurring,2,accumulativeMNB,67000,0.776
s_recurring,2,accumulativeMNB,68000,0.771
s_recurring,2,accumulativeMNB,69000,0.758
s_recurring,2,accumulativeMNB,70000,0.799
s_recurring,2,accumulativeMNB,71000,0.766
s_recurring,2,accumulativeMNB,72000,0.754
s_recurring,2,accumulativeMNB,73000,0.773
s_recurring,2,accumulativeMNB,74000,0.78
s_recurring,2,accumulativeMNB,75000,0.788
s_recurring,2,accumulativeMNB,76000,0.784
s_recurring,2,accumulativeMNB,77000,0.796
s_recurring,2,accumulativeMNB,78000,0.767
s_recurring,2,accumulativeMNB,79000,0.778
s_recurring,2,accumulativeMNB,80000,0.777
s_recurring,2,fadingMNB,1000,0.623
s_recurring,2,fadingMNB,2000,0.654
s_recurring,2,fadingMNB,3000,0.694
s_recurring,2,fadingMNB,4000,0.698
s_recurring,2,fadingMNB,5000,0.707
s_recurring,2,fadingMNB,6000,0.704
s_recurring,2,fadingMNB,7000,0.716
s_recurring,2,fadingMNB,8000,0.721
s_recurring,2,fadingMNB,9000,0.713
s_recurring,2,fadingMNB,10000,0.707
s_recurring,2,fadingMNB,11000,0.72
s_recurring,2,fadingMNB,12000,0.718
s_recurring,2,fadingMNB,13000,0.715
s_recurring,2,fadingMNB,14000,0.711
s_recurring,2,fadingMNB,15000,0.716
s_recurring,2,fadingMNB,16000,0.742
s_recurring,2,fadingMNB,17000,0.754
s_recurring,2,fadingMNB,18000,0.727
s_recurring,2,fadingMNB,19000,0.729
s_recurring,2,fadingMNB,20000,0.728
s_recurring,2,fadingMNB,21000,0.707
s_recurring,2,fadingMNB,22000,0.738
s_recurring,2,fadingMNB,23000,0.724
s_recurring,2,fadingMNB,24000,0.749
s_recurring,2,fadingMNB,25000,0.762
s_recurring,2,fadingMNB,26000,0.737
s_recurring,2,fadingMNB,27000,0.767
s_recurring,2,fadingMNB,28000,0.761
s_recurring,2,fadingMNB,29000,0.742
s_recurring,2,fadingMNB,30000,0.759
s_recurring,2,fadingMNB,31000,0.736
s_recurring,2,fadingMNB,32000,0.757
s_recurring,2,fadingMNB,33000,0.74
s_recurring,2,fadingMNB,34000,0.741
s_recurring,2,fadingMNB,35000,0.766
s_recurring,2,fadingMNB,36000,0.781
s_recurring,2,fadingMNB,37000,0.77
s_recurring,2,fadingMNB,38000,0.762
s_recurring,2,fadingMNB,39000,0.783
s_recurring,2,fadingMNB,40000,0.756
s_recurring,2,fadingMNB,41000,0.711
s_recurring,2,fadingMNB,42000,0.697
s_recurring,2,fadingMNB,43000,0.726
s_recurring,2,fadingMNB,44000,0.696
s_recurring,2,fadingMNB,45000,0.73
s_recurring,2,fadingMNB,46000,0.707
s_recurring,2,fadingMNB,47000,0.732
s_recurring,2,fadingMNB,48000,0.717
s_recurring,2,fadingMNB,49000,0.717
s_recurring,2,fadingMNB,50000,0.741
s_recurring,2,fadingMNB,51000,0.745
s_recurring,2,fadingMNB,52000,0.727
s_recurring,2,fadingMNB,53000,0.707
s_recurring,2,fadingMNB,54000,0.742
s_recurring,2,fadingMNB,55000,0.742
s_recurring,2,fadingMNB,56000,0.734
s_recurring,2,fadingMNB,57000,0.71
s_recurring,2,fadingMNB,58000,0.718
s_recurring,2,fadingMNB,59000,0.754
s_recurring,2,fadingMNB,60000,0.728
s_recurring,2,fadingMNB,61000,0.768
s_recurring,2,fadingMNB,62000,0.733
s_recurring,2,fadingMNB,63000,0.762
s_recurring,2,fadingMNB,64000,0.745
s_recurring,2,fadingMNB,65000,0.75
s_recurring,2,fadingMNB,66000,0.759
s_recurring,2,fadingMNB,67000,0.766
s_recurring,2,fadingMNB,68000,0.781
s_recurring,2,fadingMNB,69000,0.756
s_recurring,2,fadingMNB,70000,0.787
s_recurring,2,fadingMNB,71000,0.771
s_recurring,2,fadingMNB,72000,0.75
s_recurring,2,fadingMNB,73000,0.775
s_recurring,2,fadingMNB,74000,0.778
s_recurring,2,fadingMNB,75000,0.793
s_recurring,2,fadingMNB,76000,0.786
s_recurring,2,fadingMNB,77000,0.787
s_recurring,2,fadingMNB,78000,0.772
s_recurring,2,fadingMNB,79000,0.783
s_recurring,2,fadingMNB,80000,0.772
s_recurring,2,baseline-Rebuild,1000,0.623
s_recurring,2,baseline-Rebuild,2000,0.656
s_recurring,2,baseline-Rebuild,3000,0.692
s_recurring,2,baseline-Rebuild,4000,0.692
s_recurring,2,baseline-Rebuild,5000,0.705
s_recurring,2,baseline-Rebuild,6000,0.71
s_recurring,2,baseline-Rebuild,7000,0.714
s_recurring,2,baseline-Rebuild,8000,0.717
s_recurring,2,baseline-Rebuild,9000,0.713
s_recurring,2,baseline-Rebuild,10000,0.705
s_recurring,2,baseline-Rebuild,11000,0.716
s_recurring,2,baseline-Rebuild,12000,0.716
s_recurring,2,baseline-Rebuild,13000,0.715
s_recurring,2,baseline-Rebuild,14000,0.709
s_recurring,2,baseline-Rebuild,15000,0.717
s_recurring,2,baseline-Rebuild,16000,0.731
s_recurring,2,baseline-Rebuild,17000,0.752
s_recurring,2,baseline-Rebuild,18000,0.726
s_recurring,2,baseline-Rebuild,19000,0.726
s_recurring,2,baseline-Rebuild,20000,0.729
s_recurring,2,baseline-Rebuild,21000,0.723
s_recurring,2,baseline-Rebuild,22000,0.72
s_recurring,2,baseline-Rebuild,23000,0.716
s_recurring,2,baseline-Rebuild,24000,0.733
s_recurring,2,baseline-Rebuild,25000,0.743
s_recurring,2,baseline-Rebuild,26000,0.739
s_recurring,2,baseline-Rebuild,27000,0.758
s_recurring,2,baseline-Rebuild,28000,0.781
s_recurring,2,baseline-Rebuild,29000,0.752
s_recurring,2,baseline-Rebuild,30000,0.754
s_recurring,2,baseline-Rebuild,31000,0.754
s_recurring,2,baseline-Rebuild,32000,0.756
s_recurring,2,baseline-Rebuild,33000,0.753
s_recurring,2,baseline-Rebuild,34000,0.742
s_recurring,2,baseline-Rebuild,35000,0.745
s_recurring,2,baseline-Rebuild,36000,0.796
s_recurring,2,baseline-Rebuild,37000,0.767
s_recurring,2,baseline-Rebuild,38000,0.772
s_recurring,2,baseline-Rebuild,39000,0.78
s_recurring,2,baseline-Rebuild,40000,0.754
s_recurring,2,baseline-Rebuild,41000,0.687
s_recurring,2,baseline-Rebuild,42000,0.679
s_recurring,2,baseline-Rebuild,43000,0.692
s_recurring,2,baseline-Rebuild,44000,0.671
s_recurring,2,baseline-Rebuild,45000,0.726
s_recurring,2,baseline-Rebuild,46000,0.696
s_recurring,2,baseline-Rebuild,47000,0.719
s_recurring,2,baseline-Rebuild,48000,0.714
s_recurring,2,baseline-Rebuild,49000,0.727
s_recurring,2,baseline-Rebuild,50000,0.74
s_recurring,2,baseline-Rebuild,51000,0.729
s_recurring,2,baseline-Rebuild,52000,0.714
s_recurring,2,baseline-Rebuild,53000,0.713
s_recurring,2,baseline-Rebuild,54000,0.741
s_recurring,2,baseline-Rebuild,55000,0.725
s_recurring,2,baseline-Rebuild,56000,0.72
s_recurring,2,baseline-Rebuild,57000,0.71
s_recurring,2,baseline-Rebuild,58000,0.721
s_recurring,2,baseline-Rebuild,59000,0.725
s_recurring,2,baseline-Rebuild,60000,0.729
s_recurring,2,baseline-Rebuild,61000,0.723
s_recurring,2,baseline-Rebuild,62000,0.702
s_recurring,2,baseline-Rebuild,63000,0.742
s_recurring,2,baseline-Rebuild,64000,0.731
s_recurring,2,baseline-Rebuild,65000,0.734
s_recurring,2,baseline-Rebuild,66000,0.731
s_recurring,2,baseline-Rebuild,67000,0.765
s_recurring,2,baseline-Rebuild,68000,0.77
s_recurring,2,baseline-Rebuild,69000,0.746
s_recurring,2,baseline-Rebuild,70000,0.77
s_recurring,2,baseline-Rebuild,71000,0.749
s_recurring,2,baseline-Rebuild,72000,0.74
s_recurring,2,baseline-Rebuild,73000,0.769
s_recurring,2,baseline-Rebuild,74000,0.764
s_recurring,2,baseline-Rebuild,75000,0.785
s_recurring,2,baseline-Rebuild,76000,0.777
s_recurring,2,baseline-Rebuild,77000,0.774
s_recurring,2,baseline-Rebuild,78000,0.765
s_recurring,2,baseline-Rebuild,79000,0.774
s_recurring,2,baseline-Rebuild,80000,0.771
s_recurring,2,baseline-SIFR,1000,0.623
s_recurring,2,baseline-SIFR,2000,0.656
s_recurring,2,baseline-SIFR,3000,0.692
s_recurring,2,baseline-SIFR,4000,0.692
s_recurring,2,baseline-SIFR,5000,0.705
s_recurring,2,baseline-SIFR,6000,0.71
s_recurring,2,baseline-SIFR,7000,0.714
s_recurring,2,baseline-SIFR,8000,0.717
s_recurring,2,baseline-SIFR,9000,0.713
s_recurring,2,baseline-SIFR,10000,0.705
s_recurring,2,baseline-SIFR,11000,0.716
s_recurring,2,baseline-SIFR,12000,0.716
s_recurring,2,baseline-SIFR,13000,0.715
s_recurring,2,baseline-SIFR,14000,0.709
s_recurring,2,baseline-SIFR,15000,0.717
s_recurring,2,baseline-SIFR,16000,0.731
s_recurring,2,baseline-SIFR,17000,0.752
s_recurring,2,baseline-SIFR,18000,0.726
s_recurring,2,baseline-SIFR,19000,0.726
s_recurring,2,baseline-SIFR,20000,0.729
s_recurring,2,baseline-SIFR,21000,0.709
s_recurring,2,baseline-SIFR,22000,0.739
s_recurring,2,baseline-SIFR,23000,0.723
s_recurring,2,baseline-SIFR,24000,0.744
s_recurring,2,baseline-SIFR,25000,0.756
s_recurring,2,baseline-SIFR,26000,0.732
s_recurring,2,baseline-SIFR,27000,0.771
s_recurring,2,baseline-SIFR,28000,0.762
s_recurring,2,baseline-SIFR,29000,0.736
s_recurring,2,baseline-SIFR,30000,0.754
s_recurring,2,baseline-SIFR,31000,0.739
s_recurring,2,baseline-SIFR,32000,0.768
s_recurring,2,baseline-SIFR,33000,0.748
s_recurring,2,baseline-SIFR,34000,0.753
s_recurring,2,baseline-SIFR,35000,0.773
s_recurring,2,baseline-SIFR,36000,0.787
s_recurring,2,baseline-SIFR,37000,0.77
s_recurring,2,baseline-SIFR,38000,0.771
s_recurring,2,baseline-SIFR,39000,0.787
s_recurring,2,baseline-SIFR,40000,0.744
s_recurring,2,baseline-SIFR,41000,0.723
s_recurring,2,baseline-SIFR,42000,0.699
s_recurring,2,baseline-SIFR,43000,0.719
s_recurring,2,baseline-SIFR,44000,0.709
s_recurring,2,baseline-SIFR,45000,0.731
s_recurring,2,baseline-SIFR,46000,0.706
s_recurring,2,baseline-SIFR,47000,0.737
s_recurring,2,baseline-SIFR,48000,0.713
s_recurring,2,baseline-SIFR,49000,0.724
s_recurring,2,baseline-SIFR,50000,0.738
s_recurring,2,baseline-SIFR,51000,0.735
s_recurring,2,baseline-SIFR,52000,0.723
s_recurring,2,baseline-SIFR,53000,0.707
s_recurring,2,baseline-SIFR,54000,0.741
s_recurring,2,baseline-SIFR,55000,0.742
s_recurring,2,baseline-SIFR,56000,0.73
s_recurring,2,baseline-SIFR,57000,0.719
s_recurring,2,baseline-SIFR,58000,0.713
s_recurring,2,baseline-SIFR,59000,0.742
s_recurring,2,baseline-SIFR,60000,0.721
s_recurring,2,baseline-SIFR,61000,0.739
s_recurring,2,baseline-SIFR,62000,0.727
s_recurring,2,baseline-SIFR,63000,0.756
s_recurring,2,baseline-SIFR,64000,0.732
s_recurring,2,baseline-SIFR,65000,0.75
s_recurring,2,baseline-SIFR,66000,0.754
s_recurring,2,baseline-SIFR,67000,0.763
s_recurring,2,baseline-SIFR,68000,0.783
s_recurring,2,baseline-SIFR,69000,0.75
s_recurring,2,baseline-SIFR,70000,0.778
s_recurring,2,baseline-SIFR,71000,0.763
s_recurring,2,baseline-SIFR,72000,0.748
s_recurring,2,baseline-SIFR,73000,0.772
s_recurring,2,baseline-SIFR,74000,0.772
s_recurring,2,baseline-SIFR,75000,0.784
s_recurring,2,baseline-SIFR,76000,0.78
s_recurring,2,baseline-SIFR,77000,0.777
s_recurring,2,baseline-SIFR,78000,0.759
s_recurring,2,baseline-SIFR,79000,0.775
s_recurring,2,baseline-SIFR,80000,0.765
s_recurring,2,enhanced-adwin_only,1000,0.623
s_recurring,2,enhanced-adwin_only,2000,0.656
s_recurring,2,enhanced-adwin_only,3000,0.692
s_recurring,2,enhanced-adwin_only,4000,0.692
s_recurring,2,enhanced-adwin_only,5000,0.705
s_recurring,2,enhanced-adwin_only,6000,0.71
s_recurring,2,enhanced-adwin_only,7000,0.714
s_recurring,2,enhanced-adwin_only,8000,0.717
s_recurring,2,enhanced-adwin_only,9000,0.713
s_recurring,2,enhanced-adwin_only,10000,0.705
s_recurring,2,enhanced-adwin_only,11000,0.716
s_recurring,2,enhanced-adwin_only,12000,0.716
s_recurring,2,enhanced-adwin_only,13000,0.715
s_recurring,2,enhanced-adwin_only,14000,0.709
s_recurring,2,enhanced-adwin_only,15000,0.717
s_recurring,2,enhanced-adwin_only,16000,0.731
s_recurring,2,enhanced-adwin_only,17000,0.752
s_recurring,2,enhanced-adwin_only,18000,0.726
s_recurring,2,enhanced-adwin_only,19000,0.726
s_recurring,2,enhanced-adwin_only,20000,0.729
s_recurring,2,enhanced-adwin_only,21000,0.711
s_recurring,2,enhanced-adwin_only,22000,0.733
s_recurring,2,enhanced-adwin_only,23000,0.72
s_recurring,2,enhanced-adwin_only,24000,0.749
s_recurring,2,enhanced-adwin_only,25000,0.755
s_recurring,2,enhanced-adwin_only,26000,0.734
s_recurring,2,enhanced-adwin_only,27000,0.769
s_recurring,2,enhanced-adwin_only,28000,0.755
s_recurring,2,enhanced-adwin_only,29000,0.736
s_recurring,2,enhanced-adwin_only,30000,0.754
s_recurring,2,enhanced-adwin_only,31000,0.739
s_recurring,2,enhanced-adwin_only,32000,0.768
s_recurring,2,enhanced-adwin_only,33000,0.748
s_recurring,2,enhanced-adwin_only,34000,0.753
s_recurring,2,enhanced-adwin_only,35000,0.773
s_recurring,2,enhanced-adwin_only,36000,0.787
s_recurring,2,enhanced-adwin_only,37000,0.77
s_recurring,2,enhanced-adwin_only,38000,0.771
s_recurring,2,enhanced-adwin_only,39000,0.787
s_recurring,2,enhanced-adwin_only,40000,0.744
s_recurring,2,enhanced-adwin_only,41000,0.723
s_recurring,2,enhanced-adwin_only,42000,0.699
s_recurring,2,enhanced-adwin_only,43000,0.719
s_recurring,2,enhanced-adwin_only,44000,0.709
s_recurring,2,enhanced-adwin_only,45000,0.734
s_recurring,2,enhanced-adwin_only,46000,0.713
s_recurring,2,enhanced-adwin_only,47000,0.737
s_recurring,2,enhanced-adwin_only,48000,0.717
s_recurring,2,enhanced-adwin_only,49000,0.73
s_recurring,2,enhanced-adwin_only,50000,0.747
s_recurring,2,enhanced-adwin_only,51000,0.746
s_recurring,2,enhanced-adwin_only,52000,0.724
s_recurring,2,enhanced-adwin_only,53000,0.716
s_recurring,2,enhanced-adwin_only,54000,0.744
s_recurring,2,enhanced-adwin_only,55000,0.731
s_recurring,2,enhanced-adwin_only,56000,0.73
s_recurring,2,enhanced-adwin_only,57000,0.716
s_recurring,2,enhanced-adwin_only,58000,0.726
s_recurring,2,enhanced-adwin_only,59000,0.747
s_recurring,2,enhanced-adwin_only,60000,0.736
s_recurring,2,enhanced-adwin_only,61000,0.783
s_recurring,2,enhanced-adwin_only,62000,0.751
s_recurring,2,enhanced-adwin_only,63000,0.764
s_recurring,2,enhanced-adwin_only,64000,0.742
s_recurring,2,enhanced-adwin_only,65000,0.774
s_recurring,2,enhanced-adwin_only,66000,0.751
s_recurring,2,enhanced-adwin_only,67000,0.776
s_recurring,2,enhanced-adwin_only,68000,0.771
s_recurring,2,enhanced-adwin_only,69000,0.758
s_recurring,2,enhanced-adwin_only,70000,0.799
s_recurring,2,enhanced-adwin_only,71000,0.766
s_recurring,2,enhanced-adwin_only,72000,0.754
s_recurring,2,enhanced-adwin_only,73000,0.773
s_recurring,2,enhanced-adwin_only,74000,0.78
s_recurring,2,enhanced-adwin_only,75000,0.788
s_recurring,2,enhanced-adwin_only,76000,0.784
s_recurring,2,enhanced-adwin_only,77000,0.796
s_recurring,2,enhanced-adwin_only,78000,0.767
s_recurring,2,enhanced-adwin_only,79000,0.778
s_recurring,2,enhanced-adwin_only,80000,0.777
s_recurring,2,enhanced-or,1000,0.623
s_recurring,2,enhanced-or,2000,0.656
s_recurring,2,enhanced-or,3000,0.692
s_recurring,2,enhanced-or,4000,0.692
s_recurring,2,enhanced-or,5000,0.705
s_recurring,2,enhanced-or,6000,0.71
s_recurring,2,enhanced-or,7000,0.714
s_recurring,2,enhanced-or,8000,0.717
s_recurring,2,enhanced-or,9000,0.713
s_recurring,2,enhanced-or,10000,0.705
s_recurring,2,enhanced-or,11000,0.716
s_recurring,2,enhanced-or,12000,0.716
s_recurring,2,enhanced-or,13000,0.715
s_recurring,2,enhanced-or,14000,0.709
s_recurring,2,enhanced-or,15000,0.717
s_recurring,2,enhanced-or,16000,0.731
s_recurring,2,enhanced-or,17000,0.752
s_recurring,2,enhanced-or,18000,0.726
s_recurring,2,enhanced-or,19000,0.726
s_recurring,2,enhanced-or,20000,0.729
s_recurring,2,enhanced-or,21000,0.723
s_recurring,2,enhanced-or,22000,0.72
s_recurring,2,enhanced-or,23000,0.716
s_recurring,2,enhanced-or,24000,0.733
s_recurring,2,enhanced-or,25000,0.743
s_recurring,2,enhanced-or,26000,0.739
s_recurring,2,enhanced-or,27000,0.758
s_recurring,2,enhanced-or,28000,0.781
s_recurring,2,enhanced-or,29000,0.752
s_recurring,2,enhanced-or,30000,0.754
s_recurring,2,enhanced-or,31000,0.754
s_recurring,2,enhanced-or,32000,0.756
s_recurring,2,enhanced-or,33000,0.753
s_recurring,2,enhanced-or,34000,0.742
s_recurring,2,enhanced-or,35000,0.745
s_recurring,2,enhanced-or,36000,0.796
s_recurring,2,enhanced-or,37000,0.767
s_recurring,2,enhanced-or,38000,0.772
s_recurring,2,enhanced-or,39000,0.78
s_recurring,2,enhanced-or,40000,0.754
s_recurring,2,enhanced-or,41000,0.681
s_recurring,2,enhanced-or,42000,0.663
s_recurring,2,enhanced-or,43000,0.671
s_recurring,2,enhanced-or,44000,0.667
s_recurring,2,enhanced-or,45000,0.726
s_recurring,2,enhanced-or,46000,0.696
s_recurring,2,enhanced-or,47000,0.719
s_recurring,2,enhanced-or,48000,0.714
s_recurring,2,enhanced-or,49000,0.727
s_recurring,2,enhanced-or,50000,0.74
s_recurring,2,enhanced-or,51000,0.729
s_recurring,2,enhanced-or,52000,0.714
s_recurring,2,enhanced-or,53000,0.713
s_recurring,2,enhanced-or,54000,0.741
s_recurring,2,enhanced-or,55000,0.725
s_recurring,2,enhanced-or,56000,0.72
s_recurring,2,enhanced-or,57000,0.71
s_recurring,2,enhanced-or,58000,0.721
s_recurring,2,enhanced-or,59000,0.725
s_recurring,2,enhanced-or,60000,0.729
s_recurring,2,enhanced-or,61000,0.723
s_recurring,2,enhanced-or,62000,0.702
s_recurring,2,enhanced-or,63000,0.742
s_recurring,2,enhanced-or,64000,0.731
s_recurring,2,enhanced-or,65000,0.734
s_recurring,2,enhanced-or,66000,0.731
s_recurring,2,enhanced-or,67000,0.765
s_recurring,2,enhanced-or,68000,0.77
s_recurring,2,enhanced-or,69000,0.746
s_recurring,2,enhanced-or,70000,0.77
s_recurring,2,enhanced-or,71000,0.749
s_recurring,2,enhanced-or,72000,0.74
s_recurring,2,enhanced-or,73000,0.769
s_recurring,2,enhanced-or,74000,0.764
s_recurring,2,enhanced-or,75000,0.785
s_recurring,2,enhanced-or,76000,0.777
s_recurring,2,enhanced-or,77000,0.774
s_recurring,2,enhanced-or,78000,0.765
s_recurring,2,enhanced-or,79000,0.774
s_recurring,2,enhanced-or,80000,0.771
s_recurring,2,enhanced-and,1000,0.623
s_recurring,2,enhanced-and,2000,0.656
s_recurring,2,enhanced-and,3000,0.692
s_recurring,2,enhanced-and,4000,0.692
s_recurring,2,enhanced-and,5000,0.705
s_recurring,2,enhanced-and,6000,0.71
s_recurring,2,enhanced-and,7000,0.714
s_recurring,2,enhanced-and,8000,0.717
s_recurring,2,enhanced-and,9000,0.713
s_recurring,2,enhanced-and,10000,0.705
s_recurring,2,enhanced-and,11000,0.716
s_recurring,2,enhanced-and,12000,0.716
s_recurring,2,enhanced-and,13000,0.715
s_recurring,2,enhanced-and,14000,0.709
s_recurring,2,enhanced-and,15000,0.717
s_recurring,2,enhanced-and,16000,0.731
s_recurring,2,enhanced-and,17000,0.752
s_recurring,2,enhanced-and,18000,0.726
s_recurring,2,enhanced-and,19000,0.726
s_recurring,2,enhanced-and,20000,0.729
s_recurring,2,enhanced-and,21000,0.711
s_recurring,2,enhanced-and,22000,0.733
s_recurring,2,enhanced-and,23000,0.72
s_recurring,2,enhanced-and,24000,0.749
s_recurring,2,enhanced-and,25000,0.755
s_recurring,2,enhanced-and,26000,0.734
s_recurring,2,enhanced-and,27000,0.769
s_recurring,2,enhanced-and,28000,0.755
s_recurring,2,enhanced-and,29000,0.736
s_recurring,2,enhanced-and,30000,0.754
s_recurring,2,enhanced-and,31000,0.739
s_recurring,2,enhanced-and,32000,0.768
s_recurring,2,enhanced-and,33000,0.748
s_recurring,2,enhanced-and,34000,0.753
s_recurring,2,enhanced-and,35000,0.773
s_recurring,2,enhanced-and,36000,0.787
s_recurring,2,enhanced-and,37000,0.77
s_recurring,2,enhanced-and,38000,0.771
s_recurring,2,enhanced-and,39000,0.787
s_recurring,2,enhanced-and,40000,0.744
s_recurring,2,enhanced-and,41000,0.723
s_recurring,2,enhanced-and,42000,0.699
s_recurring,2,enhanced-and,43000,0.719
s_recurring,2,enhanced-and,44000,0.709
s_recurring,2,enhanced-and,45000,0.734
s_recurring,2,enhanced-and,46000,0.713
s_recurring,2,enhanced-and,47000,0.737
s_recurring,2,enhanced-and,48000,0.717
s_recurring,2,enhanced-and,49000,0.73
s_recurring,2,enhanced-and,50000,0.747
s_recurring,2,enhanced-and,51000,0.746
s_recurring,2,enhanced-and,52000,0.724
s_recurring,2,enhanced-and,53000,0.716
s_recurring,2,enhanced-and,54000,0.744
s_recurring,2,enhanced-and,55000,0.731
s_recurring,2,enhanced-and,56000,0.73
s_recurring,2,enhanced-and,57000,0.716
s_recurring,2,enhanced-and,58000,0.726
s_recurring,2,enhanced-and,59000,0.747
s_recurring,2,enhanced-and,60000,0.736
s_recurring,2,enhanced-and,61000,0.783
s_recurring,2,enhanced-and,62000,0.751
s_recurring,2,enhanced-and,63000,0.764
s_recurring,2,enhanced-and,64000,0.742
s_recurring,2,enhanced-and,65000,0.774
s_recurring,2,enhanced-and,66000,0.751
s_recurring,2,enhanced-and,67000,0.776
s_recurring,2,enhanced-and,68000,0.771
s_recurring,2,enhanced-and,69000,0.758
s_recurring,2,enhanced-and,70000,0.799
s_recurring,2,enhanced-and,71000,0.766
s_recurring,2,enhanced-and,72000,0.754
s_recurring,2,enhanced-and,73000,0.773
s_recurring,2,enhanced-and,74000,0.78
s_recurring,2,enhanced-and,75000,0.788
s_recurring,2,enhanced-and,76000,0.784
s_recurring,2,enhanced-and,77000,0.796
s_recurring,2,enhanced-and,78000,0.767
s_recurring,2,enhanced-and,79000,0.778
s_recurring,2,enhanced-and,80000,0.777
s_recurring,3,accumulativeMNB,1000,0.633
s_recurring,3,accumulativeMNB,2000,0.658
s_recurring,3,accumulativeMNB,3000,0.69
s_recurring,3,accumulativeMNB,4000,0.688
s_recurring,3,accumulativeMNB,5000,0.717
s_recurring,3,accumulativeMNB,6000,0.712
s_recurring,3,accumulativeMNB,7000,0.732
s_recurring,3,accumulativeMNB,8000,0.751
s_recurring,3,accumulativeMNB,9000,0.716
s_recurring,3,accumulativeMNB,10000,0.703
s_recurring,3,accumulativeMNB,11000,0.71
s_recurring,3,accumulativeMNB,12000,0.719
s_recurring,3,accumulativeMNB,13000,0.699
s_recurring,3,accumulativeMNB,14000,0.703
s_recurring,3,accumulativeMNB,15000,0.738
s_recurring,3,accumulativeMNB,16000,0.735
s_recurring,3,accumulativeMNB,17000,0.683
s_recurring,3,accumulativeMNB,18000,0.717
s_recurring,3,accumulativeMNB,19000,0.716
s_recurring,3,accumulativeMNB,20000,0.706
s_recurring,3,accumulativeMNB,21000,0.72
s_recurring,3,accumulativeMNB,22000,0.716
s_recurring,3,accumulativeMNB,23000,0.774
s_recurring,3,accumulativeMNB,24000,0.715
s_recurring,3,accumulativeMNB,25000,0.74
s_recurring,3,accumulativeMNB,26000,0.741
s_recurring,3,accumulativeMNB,27000,0.764
s_recurring,3,accumulativeMNB,28000,0.773
s_recurring,3,accumulativeMNB,29000,0.724
s_recurring,3,accumulativeMNB,30000,0.751
s_recurring,3,accumulativeMNB,31000,0.767
s_recurring,3,accumulativeMNB,32000,0.741
s_recurring,3,accumulativeMNB,33000,0.764
s_recurring,3,accumulativeMNB,34000,0.757
s_recurring,3,accumulativeMNB,35000,0.795
s_recurring,3,accumulativeMNB,36000,0.762
s_recurring,3,accumulativeMNB,37000,0.764
s_recurring,3,accumulativeMNB,38000,0.753
s_recurring,3,accumulativeMNB,39000,0.766
s_recurring,3,accumulativeMNB,40000,0.764
s_recurring,3,accumulativeMNB,41000,0.713
s_recurring,3,accumulativeMNB,42000,0.717
s_recurring,3,accumulativeMNB,43000,0.727
s_recurring,3,accumulativeMNB,44000,0.719
s_recurring,3,accumulativeMNB,45000,0.733
s_recurring,3,accumulativeMNB,46000,0.724
s_recurring,3,accumulativeMNB,47000,0.73
s_recurring,3,accumulativeMNB,48000,0.745
s_recurring,3,accumulativeMNB,49000,0.725
s_recurring,3,accumulativeMNB,50000,0.736
s_recurring,3,accumulativeMNB,51000,0.742
s_recurring,3,accumulativeMNB,52000,0.738
s_recurring,3,accumulativeMNB,53000,0.731
s_recurring,3,accumulativeMNB,54000,0.72
s_recurring,3,accumulativeMNB,55000,0.728
s_recurring,3,accumulativeMNB,56000,0.713
s_recurring,3,accumulativeMNB,57000,0.719
s_recurring,3,accumulativeMNB,58000,0.736
s_recurring,3,accumulativeMNB,59000,0.739
s_recurring,3,accumulativeMNB,60000,0.708
s_recurring,3,accumulativeMNB,61000,0.744
s_recurring,3,accumulativeMNB,62000,0.774
s_recurring,3,accumulativeMNB,63000,0.766
s_recurring,3,accumulativeMNB,64000,0.759
s_recurring,3,accumulativeMNB,65000,0.765
s_recurring,3,accumulativeMNB,66000,0.795
s_recurring,3,accumulativeMNB,67000,0.787
s_recurring,3,accumulativeMNB,68000,0.773
s_recurring,3,accumulativeMNB,69000,0.788
s_recurring,3,accumulativeMNB,70000,0.775
s_recurring,3,accumulativeMNB,71000,0.769
s_recurring,3,accumulativeMNB,72000,0.745
s_recurring,3,accumulativeMNB,73000,0.779
s_recurring,3,accumulativeMNB,74000,0.777
s_recurring,3,accumulativeMNB,75000,0.761
s_recurring,3,accumulativeMNB,76000,0.772
s_recurring,3,accumulativeMNB,77000,0.758
s_recurring,3,accumulativeMNB,78000,0.756
s_recurring,3,accumulativeMNB,79000,0.78
s_recurring,3,accumulativeMNB,80000,0.773
s_recurring,3,fadingMNB,1000,0.633
s_recurring,3,fadingMNB,2000,0.655
s_recurring,3,fadingMNB,3000,0.69
s_recurring,3,fadingMNB,4000,0.688
s_recurring,3,fadingMNB,5000,0.714
s_recurring,3,fadingMNB,6000,0.712
s_recurring,3,fadingMNB,7000,0.734
s_recurring,3,fadingMNB,8000,0.749
s_recurring,3,fadingMNB,9000,0.721
s_recurring,3,fadingMNB,10000,0.707
s_recurring,3,fadingMNB,11000,0.717
s_recurring,3,fadingMNB,12000,0.717
s_recurring,3,fadingMNB,13000,0.698
s_recurring,3,fadingMNB,14000,0.699
s_recurring,3,fadingMNB,15000,0.744
s_recurring,3,fadingMNB,16000,0.742
s_recurring,3,fadingMNB,17000,0.684
s_recurring,3,fadingMNB,18000,0.714
s_recurring,3,fadingMNB,19000,0.722
s_recurring,3,fadingMNB,20000,0.71
s_recurring,3,fadingMNB,21000,0.714
s_recurring,3,fadingMNB,22000,0.71
s_recurring,3,fadingMNB,23000,0.775
s_recurring,3,fadingMNB,24000,0.722
s_recurring,3,fadingMNB,25000,0.736
s_recurring,3,fadingMNB,26000,0.743
s_recurring,3,fadingMNB,27000,0.77
s_recurring,3,fadingMNB,28000,0.782
s_recurring,3,fadingMNB,29000,0.731
s_recurring,3,fadingMNB,30000,0.759
s_recurring,3,fadingMNB,31000,0.766
s_recurring,3,fadingMNB,32000,0.75
s_recurring,3,fadingMNB,33000,0.765
s_recurring,3,fadingMNB,34000,0.755
s_recurring,3,fadingMNB,35000,0.786
s_recurring,3,fadingMNB,36000,0.767
s_recurring,3,fadingMNB,37000,0.759
s_recurring,3,fadingMNB,38000,0.749
s_recurring,3,fadingMNB,39000,0.775
s_recurring,3,fadingMNB,40000,0.755
s_recurring,3,fadingMNB,41000,0.722
s_recurring,3,fadingMNB,42000,0.712
s_recurring,3,fadingMNB,43000,0.729
s_recurring,3,fadingMNB,44000,0.721
s_recurring,3,fadingMNB,45000,0.746
s_recurring,3,fadingMNB,46000,0.72
s_recurring,3,fadingMNB,47000,0.73
s_recurring,3,fadingMNB,48000,0.74
s_recurring,3,fadingMNB,49000,0.73
s_recurring,3,fadingMNB,50000,0.741
s_recurring,3,fadingMNB,51000,0.751
s_recurring,3,fadingMNB,52000,0.744
s_recurring,3,fadingMNB,53000,0.725
s_recurring,3,fadingMNB,54000,0.732
s_recurring,3,fadingMNB,55000,0.737
s_recurring,3,fadingMNB,56000,0.717
s_recurring,3,fadingMNB,57000,0.714
s_recurring,3,fadingMNB,58000,0.735
s_recurring,3,fadingMNB,59000,0.732
s_recurring,3,fadingMNB,60000,0.706
s_recurring,3,fadingMNB,61000,0.736
s_recurring,3,fadingMNB,62000,0.762
s_recurring,3,fadingMNB,63000,0.765
s_recurring,3,fadingMNB,64000,0.747
s_recurring,3,fadingMNB,65000,0.768
s_recurring,3,fadingMNB,66000,0.791
s_recurring,3,fadingMNB,67000,0.777
s_recurring,3,fadingMNB,68000,0.761
s_recurring,3,fadingMNB,69000,0.783
s_recurring,3,fadingMNB,70000,0.769
s_recurring,3,fadingMNB,71000,0.764
s_recurring,3,fadingMNB,72000,0.741
s_recurring,3,fadingMNB,73000,0.759
s_recurring,3,fadingMNB,74000,0.765
s_recurring,3,fadingMNB,75000,0.762
s_recurring,3,fadingMNB,76000,0.769
s_recurring,3,fadingMNB,77000,0.749
s_recurring,3,fadingMNB,78000,0.754
s_recurring,3,fadingMNB,79000,0.777
s_recurring,3,fadingMNB,80000,0.76
s_recurring,3,baseline-Rebuild,1000,0.633
s_recurring,3,baseline-Rebuild,2000,0.658
s_recurring,3,baseline-Rebuild,3000,0.69
s_recurring,3,baseline-Rebuild,4000,0.688
s_recurring,3,baseline-Rebuild,5000,0.717
s_recurring,3,baseline-Rebuild,6000,0.712
s_recurring,3,baseline-Rebuild,7000,0.732
s_recurring,3,baseline-Rebuild,8000,0.751
s_recurring,3,baseline-Rebuild,9000,0.716
s_recurring,3,baseline-Rebuild,10000,0.703
s_recurring,3,baseline-Rebuild,11000,0.71
s_recurring,3,baseline-Rebuild,12000,0.719
s_recurring,3,baseline-Rebuild,13000,0.699
s_recurring,3,baseline-Rebuild,14000,0.703
s_recurring,3,baseline-Rebuild,15000,0.738
s_recurring,3,baseline-Rebuild,16000,0.735
s_recurring,3,baseline-Rebuild,17000,0.683
s_recurring,3,baseline-Rebuild,18000,0.717
s_recurring,3,baseline-Rebuild,19000,0.716
s_recurring,3,baseline-Rebuild,20000,0.706
s_recurring,3,baseline-Rebuild,21000,0.72
s_recurring,3,baseline-Rebuild,22000,0.716
s_recurring,3,baseline-Rebuild,23000,0.774
s_recurring,3,baseline-Rebuild,24000,0.715
s_recurring,3,baseline-Rebuild,25000,0.755
s_recurring,3,baseline-Rebuild,26000,0.741
s_recurring,3,baseline-Rebuild,27000,0.754
s_recurring,3,baseline-Rebuild,28000,0.783
s_recurring,3,baseline-Rebuild,29000,0.723
s_recurring,3,baseline-Rebuild,30000,0.743
s_recurring,3,baseline-Rebuild,31000,0.754
s_recurring,3,baseline-Rebuild,32000,0.742
s_recurring,3,baseline-Rebuild,33000,0.749
s_recurring,3,baseline-Rebuild,34000,0.752
s_recurring,3,baseline-Rebuild,35000,0.783
s_recurring,3,baseline-Rebuild,36000,0.768
s_recurring,3,baseline-Rebuild,37000,0.762
s_recurring,3,baseline-Rebuild,38000,0.763
s_recurring,3,baseline-Rebuild,39000,0.779
s_recurring,3,baseline-Rebuild,40000,0.762
s_recurring,3,baseline-Rebuild,41000,0.686
s_recurring,3,baseline-Rebuild,42000,0.701
s_recurring,3,baseline-Rebuild,43000,0.712
s_recurring,3,baseline-Rebuild,44000,0.696
s_recurring,3,baseline-Rebuild,45000,0.698
s_recurring,3,baseline-Rebuild,46000,0.695
s_recurring,3,baseline-Rebuild,47000,0.714
s_recurring,3,baseline-Rebuild,48000,0.732
s_recurring,3,baseline-Rebuild,49000,0.711
s_recurring,3,baseline-Rebuild,50000,0.716
s_recurring,3,baseline-Rebuild,51000,0.747
s_recurring,3,baseline-Rebuild,52000,0.744
s_recurring,3,baseline-Rebuild,53000,0.725
s_recurring,3,baseline-Rebuild,54000,0.715
s_recurring,3,baseline-Rebuild,55000,0.726
s_recurring,3,baseline-Rebuild,56000,0.707
s_recurring,3,baseline-Rebuild,57000,0.707
s_recurring,3,baseline-Rebuild,58000,0.718
s_recurring,3,baseline-Rebuild,59000,0.716
s_recurring,3,baseline-Rebuild,60000,0.693
s_recurring,3,baseline-Rebuild,61000,0.732
s_recurring,3,baseline-Rebuild,62000,0.749
s_recurring,3,baseline-Rebuild,63000,0.749
s_recurring,3,baseline-Rebuild,64000,0.732
s_recurring,3,baseline-Rebuild,65000,0.745
s_recurring,3,baseline-Rebuild,66000,0.78
s_recurring,3,baseline-Rebuild,67000,0.775
s_recurring,3,baseline-Rebuild,68000,0.764
s_recurring,3,baseline-Rebuild,69000,0.785
s_recurring,3,baseline-Rebuild,70000,0.781
s_recurring,3,baseline-Rebuild,71000,0.763
s_recurring,3,baseline-Rebuild,72000,0.75
s_recurring,3,baseline-Rebuild,73000,0.767
s_recurring,3,baseline-Rebuild,74000,0.757
s_recurring,3,baseline-Rebuild,75000,0.767
s_recurring,3,baseline-Rebuild,76000,0.766
s_recurring,3,baseline-Rebuild,77000,0.753
s_recurring,3,baseline-Rebuild,78000,0.758
s_recurring,3,baseline-Rebuild,79000,0.778
s_recurring,3,baseline-Rebuild,80000,0.768
s_recurring,3,baseline-SIFR,1000,0.633
s_recurring,3,baseline-SIFR,2000,0.658
s_recurring,3,baseline-SIFR,3000,0.69
s_recurring,3,baseline-SIFR,4000,0.688
s_recurring,3,baseline-SIFR,5000,0.717
s_recurring,3,baseline-SIFR,6000,0.712
s_recurring,3,baseline-SIFR,7000,0.732
s_recurring,3,baseline-SIFR,8000,0.751
s_recurring,3,baseline-SIFR,9000,0.716
s_recurring,3,baseline-SIFR,10000,0.703
s_recurring,3,baseline-SIFR,11000,0.71
s_recurring,3,baseline-SIFR,12000,0.719
s_recurring,3,baseline-SIFR,13000,0.699
s_recurring,3,baseline-SIFR,14000,0.703
s_recurring,3,baseline-SIFR,15000,0.738
s_recurring,3,baseline-SIFR,16000,0.735
s_recurring,3,baseline-SIFR,17000,0.683
s_recurring,3,baseline-SIFR,18000,0.717
s_recurring,3,baseline-SIFR,19000,0.716
s_recurring,3,baseline-SIFR,20000,0.706
s_recurring,3,baseline-SIFR,21000,0.72
s_recurring,3,baseline-SIFR,22000,0.716
s_recurring,3,baseline-SIFR,23000,0.774
s_recurring,3,baseline-SIFR,24000,0.715
s_recurring,3,baseline-SIFR,25000,0.737
s_recurring,3,baseline-SIFR,26000,0.737
s_recurring,3,baseline-SIFR,27000,0.772
s_recurring,3,baseline-SIFR,28000,0.774
s_recurring,3,baseline-SIFR,29000,0.736
s_recurring,3,baseline-SIFR,30000,0.756
s_recurring,3,baseline-SIFR,31000,0.763
s_recurring,3,baseline-SIFR,32000,0.75
s_recurring,3,baseline-SIFR,33000,0.747
s_recurring,3,baseline-SIFR,34000,0.753
s_recurring,3,baseline-SIFR,35000,0.783
s_recurring,3,baseline-SIFR,36000,0.766
s_recurring,3,baseline-SIFR,37000,0.76
s_recurring,3,baseline-SIFR,38000,0.745
s_recurring,3,baseline-SIFR,39000,0.777
s_recurring,3,baseline-SIFR,40000,0.749
s_recurring,3,baseline-SIFR,41000,0.704
s_recurring,3,baseline-SIFR,42000,0.713
s_recurring,3,baseline-SIFR,43000,0.733
s_recurring,3,baseline-SIFR,44000,0.722
s_recurring,3,baseline-SIFR,45000,0.738
s_recurring,3,baseline-SIFR,46000,0.709
s_recurring,3,baseline-SIFR,47000,0.731
s_recurring,3,baseline-SIFR,48000,0.746
s_recurring,3,baseline-SIFR,49000,0.725
s_recurring,3,baseline-SIFR,50000,0.736
s_recurring,3,baseline-SIFR,51000,0.742
s_recurring,3,baseline-SIFR,52000,0.738
s_recurring,3,baseline-SIFR,53000,0.731
s_recurring,3,baseline-SIFR,54000,0.72
s_recurring,3,baseline-SIFR,55000,0.728
s_recurring,3,baseline-SIFR,56000,0.713
s_recurring,3,baseline-SIFR,57000,0.719
s_recurring,3,baseline-SIFR,58000,0.736
s_recurring,3,baseline-SIFR,59000,0.739
s_recurring,3,baseline-SIFR,60000,0.708
s_recurring,3,baseline-SIFR,61000,0.744
s_recurring,3,baseline-SIFR,62000,0.774
s_recurring,3,baseline-SIFR,63000,0.766
s_recurring,3,baseline-SIFR,64000,0.759
s_recurring,3,baseline-SIFR,65000,0.765
s_recurring,3,baseline-SIFR,66000,0.795
s_recurring,3,baseline-SIFR,67000,0.787
s_recurring,3,baseline-SIFR,68000,0.773
s_recurring,3,baseline-SIFR,69000,0.788
s_recurring,3,baseline-SIFR,70000,0.775
s_recurring,3,baseline-SIFR,71000,0.769
s_recurring,3,baseline-SIFR,72000,0.745
s_recurring,3,baseline-SIFR,73000,0.779
s_recurring,3,baseline-SIFR,74000,0.777
s_recurring,3,baseline-SIFR,75000,0.761
s_recurring,3,baseline-SIFR,76000,0.772
s_recurring,3,baseline-SIFR,77000,0.758
s_recurring,3,baseline-SIFR,78000,0.756
s_recurring,3,baseline-SIFR,79000,0.78
s_recurring,3,baseline-SIFR,80000,0.773
s_recurring,3,enhanced-adwin_only,1000,0.633
s_recurring,3,enhanced-adwin_only,2000,0.658
s_recurring,3,enhanced-adwin_only,3000,0.69
s_recurring,3,enhanced-adwin_only,4000,0.688
s_recurring,3,enhanced-adwin_only,5000,0.717
s_recurring,3,enhanced-adwin_only,6000,0.712
s_recurring,3,enhanced-adwin_only,7000,0.732
s_recurring,3,enhanced-adwin_only,8000,0.751
s_recurring,3,enhanced-adwin_only,9000,0.716
s_recurring,3,enhanced-adwin_only,10000,0.703
s_recurring,3,enhanced-adwin_only,11000,0.71
s_recurring,3,enhanced-adwin_only,12000,0.719
s_recurring,3,enhanced-adwin_only,13000,0.699
s_recurring,3,enhanced-adwin_only,14000,0.703
s_recurring,3,enhanced-adwin_only,15000,0.738
s_recurring,3,enhanced-adwin_only,16000,0.735
s_recurring,3,enhanced-adwin_only,17000,0.683
s_recurring,3,enhanced-adwin_only,18000,0.717
s_recurring,3,enhanced-adwin_only,19000,0.716
s_recurring,3,enhanced-adwin_only,20000,0.706
s_recurring,3,enhanced-adwin_only,21000,0.72
s_recurring,3,enhanced-adwin_only,22000,0.716
s_recurring,3,enhanced-adwin_only,23000,0.774
s_recurring,3,enhanced-adwin_only,24000,0.715
s_recurring,3,enhanced-adwin_only,25000,0.74
s_recurring,3,enhanced-adwin_only,26000,0.741
s_recurring,3,enhanced-adwin_only,27000,0.764
s_recurring,3,enhanced-adwin_only,28000,0.773
s_recurring,3,enhanced-adwin_only,29000,0.724
s_recurring,3,enhanced-adwin_only,30000,0.751
s_recurring,3,enhanced-adwin_only,31000,0.767
s_recurring,3,enhanced-adwin_only,32000,0.741
s_recurring,3,enhanced-adwin_only,33000,0.764
s_recurring,3,enhanced-adwin_only,34000,0.757
s_recurring,3,enhanced-adwin_only,35000,0.795
s_recurring,3,enhanced-adwin_only,36000,0.762
s_recurring,3,enhanced-adwin_only,37000,0.764
s_recurring,3,enhanced-adwin_only,38000,0.753
s_recurring,3,enhanced-adwin_only,39000,0.766
s_recurring,3,enhanced-adwin_only,40000,0.764
s_recurring,3,enhanced-adwin_only,41000,0.713
s_recurring,3,enhanced-adwin_only,42000,0.714
s_recurring,3,enhanced-adwin_only,43000,0.69
s_recurring,3,enhanced-adwin_only,44000,0.679
s_recurring,3,enhanced-adwin_only,45000,0.701
s_recurring,3,enhanced-adwin_only,46000,0.696
s_recurring,3,enhanced-adwin_only,47000,0.716
s_recurring,3,enhanced-adwin_only,48000,0.734
s_recurring,3,enhanced-adwin_only,49000,0.712
s_recurring,3,enhanced-adwin_only,50000,0.712
s_recurring,3,enhanced-adwin_only,51000,0.746
s_recurring,3,enhanced-adwin_only,52000,0.736
s_recurring,3,enhanced-adwin_only,53000,0.715
s_recurring,3,enhanced-adwin_only,54000,0.717
s_recurring,3,enhanced-adwin_only,55000,0.725
s_recurring,3,enhanced-adwin_only,56000,0.707
s_recurring,3,enhanced-adwin_only,57000,0.714
s_recurring,3,enhanced-adwin_only,58000,0.718
s_recurring,3,enhanced-adwin_only,59000,0.712
s_recurring,3,enhanced-adwin_only,60000,0.687
s_recurring,3,enhanced-adwin_only,61000,0.73
s_recurring,3,enhanced-adwin_only,62000,0.747
s_recurring,3,enhanced-adwin_only,63000,0.75
s_recurring,3,enhanced-adwin_only,64000,0.735
s_recurring,3,enhanced-adwin_only,65000,0.74
s_recurring,3,enhanced-adwin_only,66000,0.775
s_recurring,3,enhanced-adwin_only,67000,0.769
s_recurring,3,enhanced-adwin_only,68000,0.764
s_recurring,3,enhanced-adwin_only,69000,0.783
s_recurring,3,enhanced-adwin_only,70000,0.777
s_recurring,3,enhanced-adwin_only,71000,0.763
s_recurring,3,enhanced-adwin_only,72000,0.751
s_recurring,3,enhanced-adwin_only,73000,0.763
s_recurring,3,enhanced-adwin_only,74000,0.752
s_recurring,3,enhanced-adwin_only,75000,0.763
s_recurring,3,enhanced-adwin_only,76000,0.759
s_recurring,3,enhanced-adwin_only,77000,0.756
s_recurring,3,enhanced-adwin_only,78000,0.754
s_recurring,3,enhanced-adwin_only,79000,0.779
s_recurring,3,enhanced-adwin_only,80000,0.772
s_recurring,3,enhanced-or,1000,0.633
s_recurring,3,enhanced-or,2000,0.658
s_recurring,3,enhanced-or,3000,0.69
s_recurring,3,enhanced-or,4000,0.688
s_recurring,3,enhanced-or,5000,0.717
s_recurring,3,enhanced-or,6000,0.712
s_recurring,3,enhanced-or,7000,0.732
s_recurring,3,enhanced-or,8000,0.751
s_recurring,3,enhanced-or,9000,0.716
s_recurring,3,enhanced-or,10000,0.703
s_recurring,3,enhanced-or,11000,0.71
s_recurring,3,enhanced-or,12000,0.719
s_recurring,3,enhanced-or,13000,0.699
s_recurring,3,enhanced-or,14000,0.703
s_recurring,3,enhanced-or,15000,0.738
s_recurring,3,enhanced-or,16000,0.735
s_recurring,3,enhanced-or,17000,0.683
s_recurring,3,enhanced-or,18000,0.717
s_recurring,3,enhanced-or,19000,0.716
s_recurring,3,enhanced-or,20000,0.706
s_recurring,3,enhanced-or,21000,0.72
s_recurring,3,enhanced-or,22000,0.716
s_recurring,3,enhanced-or,23000,0.774
s_recurring,3,enhanced-or,24000,0.715
s_recurring,3,enhanced-or,25000,0.755
s_recurring,3,enhanced-or,26000,0.741
s_recurring,3,enhanced-or,27000,0.754
s_recurring,3,enhanced-or,28000,0.783
s_recurring,3,enhanced-or,29000,0.723
s_recurring,3,enhanced-or,30000,0.743
s_recurring,3,enhanced-or,31000,0.754
s_recurring,3,enhanced-or,32000,0.742
s_recurring,3,enhanced-or,33000,0.749
s_recurring,3,enhanced-or,34000,0.752
s_recurring,3,enhanced-or,35000,0.783
s_recurring,3,enhanced-or,36000,0.768
s_recurring,3,enhanced-or,37000,0.762
s_recurring,3,enhanced-or,38000,0.763
s_recurring,3,enhanced-or,39000,0.779
s_recurring,3,enhanced-or,40000,0.762
s_recurring,3,enhanced-or,41000,0.678
s_recurring,3,enhanced-or,42000,0.68
s_recurring,3,enhanced-or,43000,0.692
s_recurring,3,enhanced-or,44000,0.691
s_recurring,3,enhanced-or,45000,0.698
s_recurring,3,enhanced-or,46000,0.695
s_recurring,3,enhanced-or,47000,0.714
s_recurring,3,enhanced-or,48000,0.732
s_recurring,3,enhanced-or,49000,0.711
s_recurring,3,enhanced-or,50000,0.716
s_recurring,3,enhanced-or,51000,0.747
s_recurring,3,enhanced-or,52000,0.744
s_recurring,3,enhanced-or,53000,0.725
s_recurring,3,enhanced-or,54000,0.715
s_recurring,3,enhanced-or,55000,0.726
s_recurring,3,enhanced-or,56000,0.707
s_recurring,3,enhanced-or,57000,0.707
s_recurring,3,enhanced-or,58000,0.718
s_recurring,3,enhanced-or,59000,0.716
s_recurring,3,enhanced-or,60000,0.693
s_recurring,3,enhanced-or,61000,0.732
s_recurring,3,enhanced-or,62000,0.749
s_recurring,3,enhanced-or,63000,0.749
s_recurring,3,enhanced-or,64000,0.732
s_recurring,3,enhanced-or,65000,0.745
s_recurring,3,enhanced-or,66000,0.78
s_recurring,3,enhanced-or,67000,0.775
s_recurring,3,enhanced-or,68000,0.764
s_recurring,3,enhanced-or,69000,0.785
s_recurring,3,enhanced-or,70000,0.781
s_recurring,3,enhanced-or,71000,0.763
s_recurring,3,enhanced-or,72000,0.75
s_recurring,3,enhanced-or,73000,0.767
s_recurring,3,enhanced-or,74000,0.757
s_recurring,3,enhanced-or,75000,0.767
s_recurring,3,enhanced-or,76000,0.766
s_recurring,3,enhanced-or,77000,0.753
s_recurring,3,enhanced-or,78000,0.758
s_recurring,3,enhanced-or,79000,0.778
s_recurring,3,enhanced-or,80000,0.768
s_recurring,3,enhanced-and,1000,0.633
s_recurring,3,enhanced-and,2000,0.658
s_recurring,3,enhanced-and,3000,0.69
s_recurring,3,enhanced-and,4000,0.688
s_recurring,3,enhanced-and,5000,0.717
s_recurring,3,enhanced-and,6000,0.712
s_recurring,3,enhanced-and,7000,0.732
s_recurring,3,enhanced-and,8000,0.751
s_recurring,3,enhanced-and,9000,0.716
s_recurring,3,enhanced-and,10000,0.703
s_recurring,3,enhanced-and,11000,0.71
s_recurring,3,enhanced-and,12000,0.719
s_recurring,3,enhanced-and,13000,0.699
s_recurring,3,enhanced-and,14000,0.703
s_recurring,3,enhanced-and,15000,0.738
s_recurring,3,enhanced-and,16000,0.735
s_recurring,3,enhanced-and,17000,0.683
s_recurring,3,enhanced-and,18000,0.717
s_recurring,3,enhanced-and,19000,0.716
s_recurring,3,enhanced-and,20000,0.706
s_recurring,3,enhanced-and,21000,0.72
s_recurring,3,enhanced-and,22000,0.716
s_recurring,3,enhanced-and,23000,0.774
s_recurring,3,enhanced-and,24000,0.715
s_recurring,3,enhanced-and,25000,0.74
s_recurring,3,enhanced-and,26000,0.741
s_recurring,3,enhanced-and,27000,0.764
s_recurring,3,enhanced-and,28000,0.773
s_recurring,3,enhanced-and,29000,0.724
s_recurring,3,enhanced-and,30000,0.751
s_recurring,3,enhanced-and,31000,0.767
s_recurring,3,enhanced-and,32000,0.741
s_recurring,3,enhanced-and,33000,0.764
s_recurring,3,enhanced-and,34000,0.757
s_recurring,3,enhanced-and,35000,0.795
s_recurring,3,enhanced-and,36000,0.762
s_recurring,3,enhanced-and,37000,0.764
s_recurring,3,enhanced-and,38000,0.753
s_recurring,3,enhanced-and,39000,0.766
s_recurring,3,enhanced-and,40000,0.764
s_recurring,3,enhanced-and,41000,0.713
s_recurring,3,enhanced-and,42000,0.714
s_recurring,3,enhanced-and,43000,0.69
s_recurring,3,enhanced-and,44000,0.679
s_recurring,3,enhanced-and,45000,0.698
s_recurring,3,enhanced-and,46000,0.695
s_recurring,3,enhanced-and,47000,0.714
s_recurring,3,enhanced-and,48000,0.732
s_recurring,3,enhanced-and,49000,0.711
s_recurring,3,enhanced-and,50000,0.716
s_recurring,3,enhanced-and,51000,0.747
s_recurring,3,enhanced-and,52000,0.744
s_recurring,3,enhanced-and,53000,0.725
s_recurring,3,enhanced-and,54000,0.715
s_recurring,3,enhanced-and,55000,0.726
s_recurring,3,enhanced-and,56000,0.707
s_recurring,3,enhanced-and,57000,0.707
s_recurring,3,enhanced-and,58000,0.718
s_recurring,3,enhanced-and,59000,0.716
s_recurring,3,enhanced-and,60000,0.693
s_recurring,3,enhanced-and,61000,0.732
s_recurring,3,enhanced-and,62000,0.749
s_recurring,3,enhanced-and,63000,0.749
s_recurring,3,enhanced-and,64000,0.732
s_recurring,3,enhanced-and,65000,0.745
s_recurring,3,enhanced-and,66000,0.78
s_recurring,3,enhanced-and,67000,0.775
s_recurring,3,enhanced-and,68000,0.764
s_recurring,3,enhanced-and,69000,0.785
s_recurring,3,enhanced-and,70000,0.781
s_recurring,3,enhanced-and,71000,0.763
s_recurring,3,enhanced-and,72000,0.75
s_recurring,3,enhanced-and,73000,0.767
s_recurring,3,enhanced-and,74000,0.757
s_recurring,3,enhanced-and,75000,0.767
s_recurring,3,enhanced-and,76000,0.766
s_recurring,3,enhanced-and,77000,0.753
s_recurring,3,enhanced-and,78000,0.758
s_recurring,3,enhanced-and,79000,0.778
s_recurring,3,enhanced-and,80000,0.768
s_recurring,4,accumulativeMNB,1000,0.631
s_recurring,4,accumulativeMNB,2000,0.671
s_recurring,4,accumulativeMNB,3000,0.696
s_recurring,4,accumulativeMNB,4000,0.686
s_recurring,4,accumulativeMNB,5000,0.691
s_recurring,4,accumulativeMNB,6000,0.71
s_recurring,4,accumulativeMNB,7000,0.73
s_recurring,4,accumulativeMNB,8000,0.73
s_recurring,4,accumulativeMNB,9000,0.722
s_recurring,4,accumulativeMNB,10000,0.715
s_recurring,4,accumulativeMNB,11000,0.731
s_recurring,4,accumulativeMNB,12000,0.718
s_recurring,4,accumulativeMNB,13000,0.755
s_recurring,4,accumulativeMNB,14000,0.715
s_recurring,4,accumulativeMNB,15000,0.705
s_recurring,4,accumulativeMNB,16000,0.727
s_recurring,4,accumulativeMNB,17000,0.725
s_recurring,4,accumulativeMNB,18000,0.727
s_recurring,4,accumulativeMNB,19000,0.704
s_recurring,4,accumulativeMNB,20000,0.749
s_recurring,4,accumulativeMNB,21000,0.722
s_recurring,4,accumulativeMNB,22000,0.754
s_recurring,4,accumulativeMNB,23000,0.732
s_recurring,4,accumulativeMNB,24000,0.715
s_recurring,4,accumulativeMNB,25000,0.749
s_recurring,4,accumulativeMNB,26000,0.747
s_recurring,4,accumulativeMNB,27000,0.758
s_recurring,4,accumulativeMNB,28000,0.743
s_recurring,4,accumulativeMNB,29000,0.777
s_recurring,4,accumulativeMNB,30000,0.75
s_recurring,4,accumulativeMNB,31000,0.755
s_recurring,4,accumulativeMNB,32000,0.777
s_recurring,4,accumulativeMNB,33000,0.762
s_recurring,4,accumulativeMNB,34000,0.782
s_recurring,4,accumulativeMNB,35000,0.75
s_recurring,4,accumulativeMNB,36000,0.746
s_recurring,4,accumulativeMNB,37000,0.766
s_recurring,4,accumulativeMNB,38000,0.752
s_recurring,4,accumulativeMNB,39000,0.759
s_recurring,4,accumulativeMNB,40000,0.793
s_recurring,4,accumulativeMNB,41000,0.721
s_recurring,4,accumulativeMNB,42000,0.725
s_recurring,4,accumulativeMNB,43000,0.716
s_recurring,4,accumulativeMNB,44000,0.738
s_recurring,4,accumulativeMNB,45000,0.731
s_recurring,4,accumulativeMNB,46000,0.721
s_recurring,4,accumulativeMNB,47000,0.714
s_recurring,4,accumulativeMNB,48000,0.704
s_recurring,4,accumulativeMNB,49000,0.746
s_recurring,4,accumulativeMNB,50000,0.716
s_recurring,4,accumulativeMNB,51000,0.728
s_recurring,4,accumulativeMNB,52000,0.717
s_recurring,4,accumulativeMNB,53000,0.726
s_recurring,4,accumulativeMNB,54000,0.755
s_recurring,4,accumulativeMNB,55000,0.704
s_recurring,4,accumulativeMNB,56000,0.724
s_recurring,4,accumulativeMNB,57000,0.739
s_recurring,4,accumulativeMNB,58000,0.739
s_recurring,4,accumulativeMNB,59000,0.731
s_recurring,4,accumulativeMNB,60000,0.729
s_recurring,4,accumulativeMNB,61000,0.786
s_recurring,4,accumulativeMNB,62000,0.747
s_recurring,4,accumulativeMNB,63000,0.786
s_recurring,4,accumulativeMNB,64000,0.758
s_recurring,4,accumulativeMNB,65000,0.772
s_recurring,4,accumulativeMNB,66000,0.757
s_recurring,4,accumulativeMNB,67000,0.783
s_recurring,4,accumulativeMNB,68000,0.756
s_recurring,4,accumulativeMNB,69000,0.74
s_recurring,4,accumulativeMNB,70000,0.791
s_recurring,4,accumulativeMNB,71000,0.766
s_recurring,4,accumulativeMNB,72000,0.762
s_recurring,4,accumulativeMNB,73000,0.775
s_recurring,4,accumulativeMNB,74000,0.759
s_recurring,4,accumulativeMNB,75000,0.764
s_recurring,4,accumulativeMNB,76000,0.784
s_recurring,4,accumulativeMNB,77000,0.795
s_recurring,4,accumulativeMNB,78000,0.762
s_recurring,4,accumulativeMNB,79000,0.768
s_recurring,4,accumulativeMNB,80000,0.776
s_recurring,4,fadingMNB,1000,0.632
s_recurring,4,fadingMNB,2000,0.674
s_recurring,4,fadingMNB,3000,0.694
s_recurring,4,fadingMNB,4000,0.686
s_recurring,4,fadingMNB,5000,0.693
s_recurring,4,fadingMNB,6000,0.709
s_recurring,4,fadingMNB,7000,0.73
s_recurring,4,fadingMNB,8000,0.732
s_recurring,4,fadingMNB,9000,0.717
s_recurring,4,fadingMNB,10000,0.712
s_recurring,4,fadingMNB,11000,0.732
s_recurring,4,fadingMNB,12000,0.722
s_recurring,4,fadingMNB,13000,0.753
s_recurring,4,fadingMNB,14000,0.705
s_recurring,4,fadingMNB,15000,0.708
s_recurring,4,fadingMNB,16000,0.722
s_recurring,4,fadingMNB,17000,0.72
s_recurring,4,fadingMNB,18000,0.724
s_recurring,4,fadingMNB,19000,0.697
s_recurring,4,fadingMNB,20000,0.746
s_recurring,4,fadingMNB,21000,0.723
s_recurring,4,fadingMNB,22000,0.748
s_recurring,4,fadingMNB,23000,0.726
s_recurring,4,fadingMNB,24000,0.718
s_recurring,4,fadingMNB,25000,0.748
s_recurring,4,fadingMNB,26000,0.749
s_recurring,4,fadingMNB,27000,0.759
s_recurring,4,fadingMNB,28000,0.744
s_recurring,4,fadingMNB,29000,0.786
s_recurring,4,fadingMNB,30000,0.758
s_recurring,4,fadingMNB,31000,0.753
s_recurring,4,fadingMNB,32000,0.78
s_recurring,4,fadingMNB,33000,0.769
s_recurring,4,fadingMNB,34000,0.784
s_recurring,4,fadingMNB,35000,0.756
s_recurring,4,fadingMNB,36000,0.752
s_recurring,4,fadingMNB,37000,0.764
s_recurring,4,fadingMNB,38000,0.754
s_recurring,4,fadingMNB,39000,0.768
s_recurring,4,fadingMNB,40000,0.791
s_recurring,4,fadingMNB,41000,0.729
s_recurring,4,fadingMNB,42000,0.725
s_recurring,4,fadingMNB,43000,0.731
s_recurring,4,fadingMNB,44000,0.73
s_recurring,4,fadingMNB,45000,0.732
s_recurring,4,fadingMNB,46000,0.717
s_recurring,4,fadingMNB,47000,0.716
s_recurring,4,fadingMNB,48000,0.71
s_recurring,4,fadingMNB,49000,0.747
s_recurring,4,fadingMNB,50000,0.721
s_recurring,4,fadingMNB,51000,0.736
s_recurring,4,fadingMNB,52000,0.714
s_recurring,4,fadingMNB,53000,0.717
s_recurring,4,fadingMNB,54000,0.755
s_recurring,4,fadingMNB,55000,0.712
s_recurring,4,fadingMNB,56000,0.728
s_recurring,4,fadingMNB,57000,0.744
s_recurring,4,fadingMNB,58000,0.74
s_recurring,4,fadingMNB,59000,0.736
s_recurring,4,fadingMNB,60000,0.741
s_recurring,4,fadingMNB,61000,0.785
s_recurring,4,fadingMNB,62000,0.734
s_recurring,4,fadingMNB,63000,0.771
s_recurring,4,fadingMNB,64000,0.764
s_recurring,4,fadingMNB,65000,0.774
s_recurring,4,fadingMNB,66000,0.753
s_recurring,4,fadingMNB,67000,0.786
s_recurring,4,fadingMNB,68000,0.757
s_recurring,4,fadingMNB,69000,0.738
s_recurring,4,fadingMNB,70000,0.777
s_recurring,4,fadingMNB,71000,0.769
s_recurring,4,fadingMNB,72000,0.751
s_recurring,4,fadingMNB,73000,0.772
s_recurring,4,fadingMNB,74000,0.76
s_recurring,4,fadingMNB,75000,0.769
s_recurring,4,fadingMNB,76000,0.782
s_recurring,4,fadingMNB,77000,0.802
s_recurring,4,fadingMNB,78000,0.767
s_recurring,4,fadingMNB,79000,0.772
s_recurring,4,fadingMNB,80000,0.781
s_recurring,4,baseline-Rebuild,1000,0.631
s_recurring,4,baseline-Rebuild,2000,0.671
s_recurring,4,baseline-Rebuild,3000,0.696
s_recurring,4,baseline-Rebuild,4000,0.686
s_recurring,4,baseline-Rebuild,5000,0.691
s_recurring,4,baseline-Rebuild,6000,0.71
s_recurring,4,baseline-Rebuild,7000,0.73
s_recurring,4,baseline-Rebuild,8000,0.73
s_recurring,4,baseline-Rebuild,9000,0.722
s_recurring,4,baseline-Rebuild,10000,0.715
s_recurring,4,baseline-Rebuild,11000,0.731
s_recurring,4,baseline-Rebuild,12000,0.718
s_recurring,4,baseline-Rebuild,13000,0.755
s_recurring,4,baseline-Rebuild,14000,0.715
s_recurring,4,baseline-Rebuild,15000,0.705
s_recurring,4,baseline-Rebuild,16000,0.727
s_recurring,4,baseline-Rebuild,17000,0.725
s_recurring,4,baseline-Rebuild,18000,0.727
s_recurring,4,baseline-Rebuild,19000,0.704
s_recurring,4,baseline-Rebuild,20000,0.749
s_recurring,4,baseline-Rebuild,21000,0.719
s_recurring,4,baseline-Rebuild,22000,0.743
s_recurring,4,baseline-Rebuild,23000,0.735
s_recurring,4,baseline-Rebuild,24000,0.739
s_recurring,4,baseline-Rebuild,25000,0.759
s_recurring,4,baseline-Rebuild,26000,0.758
s_recurring,4,baseline-Rebuild,27000,0.74
s_recurring,4,baseline-Rebuild,28000,0.76
s_recurring,4,baseline-Rebuild,29000,0.767
s_recurring,4,baseline-Rebuild,30000,0.739
s_recurring,4,baseline-Rebuild,31000,0.76
s_recurring,4,baseline-Rebuild,32000,0.753
s_recurring,4,baseline-Rebuild,33000,0.748
s_recurring,4,baseline-Rebuild,34000,0.776
s_recurring,4,baseline-Rebuild,35000,0.755
s_recurring,4,baseline-Rebuild,36000,0.772
s_recurring,4,baseline-Rebuild,37000,0.759
s_recurring,4,baseline-Rebuild,38000,0.753
s_recurring,4,baseline-Rebuild,39000,0.772
s_recurring,4,baseline-Rebuild,40000,0.798
s_recurring,4,baseline-Rebuild,41000,0.674
s_recurring,4,baseline-Rebuild,42000,0.655
s_recurring,4,baseline-Rebuild,43000,0.697
s_recurring,4,baseline-Rebuild,44000,0.689
s_recurring,4,baseline-Rebuild,45000,0.709
s_recurring,4,baseline-Rebuild,46000,0.674
s_recurring,4,baseline-Rebuild,47000,0.729
s_recurring,4,baseline-Rebuild,48000,0.692
s_recurring,4,baseline-Rebuild,49000,0.726
s_recurring,4,baseline-Rebuild,50000,0.724
s_recurring,4,baseline-Rebuild,51000,0.724
s_recurring,4,baseline-Rebuild,52000,0.723
s_recurring,4,baseline-Rebuild,53000,0.711
s_recurring,4,baseline-Rebuild,54000,0.733
s_recurring,4,baseline-Rebuild,55000,0.717
s_recurring,4,baseline-Rebuild,56000,0.719
s_recurring,4,baseline-Rebuild,57000,0.729
s_recurring,4,baseline-Rebuild,58000,0.725
s_recurring,4,baseline-Rebuild,59000,0.739
s_recurring,4,baseline-Rebuild,60000,0.735
s_recurring,4,baseline-Rebuild,61000,0.737
s_recurring,4,baseline-Rebuild,62000,0.702
s_recurring,4,baseline-Rebuild,63000,0.727
s_recurring,4,baseline-Rebuild,64000,0.751
s_recurring,4,baseline-Rebuild,65000,0.742
s_recurring,4,baseline-Rebuild,66000,0.736
s_recurring,4,baseline-Rebuild,67000,0.77
s_recurring,4,baseline-Rebuild,68000,0.747
s_recurring,4,baseline-Rebuild,69000,0.722
s_recurring,4,baseline-Rebuild,70000,0.775
s_recurring,4,baseline-Rebuild,71000,0.762
s_recurring,4,baseline-Rebuild,72000,0.727
s_recurring,4,baseline-Rebuild,73000,0.758
s_recurring,4,baseline-Rebuild,74000,0.775
s_recurring,4,baseline-Rebuild,75000,0.77
s_recurring,4,baseline-Rebuild,76000,0.765
s_recurring,4,baseline-Rebuild,77000,0.792
s_recurring,4,baseline-Rebuild,78000,0.756
s_recurring,4,baseline-Rebuild,79000,0.762
s_recurring,4,baseline-Rebuild,80000,0.771
s_recurring,4,baseline-SIFR,1000,0.631
s_recurring,4,baseline-SIFR,2000,0.671
s_recurring,4,baseline-SIFR,3000,0.696
s_recurring,4,baseline-SIFR,4000,0.686
s_recurring,4,baseline-SIFR,5000,0.691
s_recurring,4,baseline-SIFR,6000,0.71
s_recurring,4,baseline-SIFR,7000,0.73
s_recurring,4,baseline-SIFR,8000,0.73
s_recurring,4,baseline-SIFR,9000,0.722
s_recurring,4,baseline-SIFR,10000,0.715
s_recurring,4,baseline-SIFR,11000,0.731
s_recurring,4,baseline-SIFR,12000,0.718
s_recurring,4,baseline-SIFR,13000,0.755
s_recurring,4,baseline-SIFR,14000,0.715
s_recurring,4,baseline-SIFR,15000,0.705
s_recurring,4,baseline-SIFR,16000,0.727
s_recurring,4,baseline-SIFR,17000,0.725
s_recurring,4,baseline-SIFR,18000,0.727
s_recurring,4,baseline-SIFR,19000,0.704
s_recurring,4,baseline-SIFR,20000,0.749
s_recurring,4,baseline-SIFR,21000,0.724
s_recurring,4,baseline-SIFR,22000,0.745
s_recurring,4,baseline-SIFR,23000,0.722
s_recurring,4,baseline-SIFR,24000,0.719
s_recurring,4,baseline-SIFR,25000,0.753
s_recurring,4,baseline-SIFR,26000,0.752
s_recurring,4,baseline-SIFR,27000,0.751
s_recurring,4,baseline-SIFR,28000,0.745
s_recurring,4,baseline-SIFR,29000,0.79
s_recurring,4,baseline-SIFR,30000,0.761
s_recurring,4,baseline-SIFR,31000,0.744
s_recurring,4,baseline-SIFR,32000,0.778
s_recurring,4,baseline-SIFR,33000,0.762
s_recurring,4,baseline-SIFR,34000,0.782
s_recurring,4,baseline-SIFR,35000,0.75
s_recurring,4,baseline-SIFR,36000,0.746
s_recurring,4,baseline-SIFR,37000,0.766
s_recurring,4,baseline-SIFR,38000,0.752
s_recurring,4,baseline-SIFR,39000,0.759
s_recurring,4,baseline-SIFR,40000,0.793
s_recurring,4,baseline-SIFR,41000,0.73
s_recurring,4,baseline-SIFR,42000,0.72
s_recurring,4,baseline-SIFR,43000,0.725
s_recurring,4,baseline-SIFR,44000,0.732
s_recurring,4,baseline-SIFR,45000,0.733
s_recurring,4,baseline-SIFR,46000,0.716
s_recurring,4,baseline-SIFR,47000,0.717
s_recurring,4,baseline-SIFR,48000,0.704
s_recurring,4,baseline-SIFR,49000,0.746
s_recurring,4,baseline-SIFR,50000,0.716
s_recurring,4,baseline-SIFR,51000,0.728
s_recurring,4,baseline-SIFR,52000,0.717
s_recurring,4,baseline-SIFR,53000,0.726
s_recurring,4,baseline-SIFR,54000,0.755
s_recurring,4,baseline-SIFR,55000,0.704
s_recurring,4,baseline-SIFR,56000,0.724
s_recurring,4,baseline-SIFR,57000,0.739
s_recurring,4,baseline-SIFR,58000,0.739
s_recurring,4,baseline-SIFR,59000,0.731
s_recurring,4,baseline-SIFR,60000,0.729
s_recurring,4,baseline-SIFR,61000,0.786
s_recurring,4,baseline-SIFR,62000,0.747
s_recurring,4,baseline-SIFR,63000,0.786
s_recurring,4,baseline-SIFR,64000,0.758
s_recurring,4,baseline-SIFR,65000,0.772
s_recurring,4,baseline-SIFR,66000,0.757
s_recurring,4,baseline-SIFR,67000,0.783
s_recurring,4,baseline-SIFR,68000,0.756
s_recurring,4,baseline-SIFR,69000,0.74
s_recurring,4,baseline-SIFR,70000,0.791
s_recurring,4,baseline-SIFR,71000,0.766
s_recurring,4,baseline-SIFR,72000,0.762
s_recurring,4,baseline-SIFR,73000,0.775
s_recurring,4,baseline-SIFR,74000,0.759
s_recurring,4,baseline-SIFR,75000,0.764
s_recurring,4,baseline-SIFR,76000,0.784
s_recurring,4,baseline-SIFR,77000,0.795
s_recurring,4,baseline-SIFR,78000,0.762
s_recurring,4,baseline-SIFR,79000,0.768
s_recurring,4,baseline-SIFR,80000,0.776
s_recurring,4,enhanced-adwin_only,1000,0.631
s_recurring,4,enhanced-adwin_only,2000,0.671
s_recurring,4,enhanced-adwin_only,3000,0.696
s_recurring,4,enhanced-adwin_only,4000,0.686
s_recurring,4,enhanced-adwin_only,5000,0.691
s_recurring,4,enhanced-adwin_only,6000,0.71
s_recurring,4,enhanced-adwin_only,7000,0.73
s_recurring,4,enhanced-adwin_only,8000,0.73
s_recurring,4,enhanced-adwin_only,9000,0.722
s_recurring,4,enhanced-adwin_only,10000,0.715
s_recurring,4,enhanced-adwin_only,11000,0.731
s_recurring,4,enhanced-adwin_only,12000,0.718
s_recurring,4,enhanced-adwin_only,13000,0.755
s_recurring,4,enhanced-adwin_only,14000,0.715
s_recurring,4,enhanced-adwin_only,15000,0.705
s_recurring,4,enhanced-adwin_only,16000,0.727
s_recurring,4,enhanced-adwin_only,17000,0.725
s_recurring,4,enhanced-adwin_only,18000,0.727
s_recurring,4,enhanced-adwin_only,19000,0.704
s_recurring,4,enhanced-adwin_only,20000,0.749
s_recurring,4,enhanced-adwin_only,21000,0.722
s_recurring,4,enhanced-adwin_only,22000,0.754
s_recurring,4,enhanced-adwin_only,23000,0.732
s_recurring,4,enhanced-adwin_only,24000,0.715
s_recurring,4,enhanced-adwin_only,25000,0.749
s_recurring,4,enhanced-adwin_only,26000,0.747
s_recurring,4,enhanced-adwin_only,27000,0.758
s_recurring,4,enhanced-adwin_only,28000,0.743
s_recurring,4,enhanced-adwin_only,29000,0.777
s_recurring,4,enhanced-adwin_only,30000,0.75
s_recurring,4,enhanced-adwin_only,31000,0.755
s_recurring,4,enhanced-adwin_only,32000,0.777
s_recurring,4,enhanced-adwin_only,33000,0.762
s_recurring,4,enhanced-adwin_only,34000,0.782
s_recurring,4,enhanced-adwin_only,35000,0.75
s_recurring,4,enhanced-adwin_only,36000,0.746
s_recurring,4,enhanced-adwin_only,37000,0.766
s_recurring,4,enhanced-adwin_only,38000,0.752
s_recurring,4,enhanced-adwin_only,39000,0.759
s_recurring,4,enhanced-adwin_only,40000,0.793
s_recurring,4,enhanced-adwin_only,41000,0.721
s_recurring,4,enhanced-adwin_only,42000,0.725
s_recurring,4,enhanced-adwin_only,43000,0.704
s_recurring,4,enhanced-adwin_only,44000,0.697
s_recurring,4,enhanced-adwin_only,45000,0.715
s_recurring,4,enhanced-adwin_only,46000,0.677
s_recurring,4,enhanced-adwin_only,47000,0.698
s_recurring,4,enhanced-adwin_only,48000,0.699
s_recurring,4,enhanced-adwin_only,49000,0.723
s_recurring,4,enhanced-adwin_only,50000,0.717
s_recurring,4,enhanced-adwin_only,51000,0.722
s_recurring,4,enhanced-adwin_only,52000,0.702
s_recurring,4,enhanced-adwin_only,53000,0.728
s_recurring,4,enhanced-adwin_only,54000,0.746
s_recurring,4,enhanced-adwin_only,55000,0.705
s_recurring,4,enhanced-adwin_only,56000,0.722
s_recurring,4,enhanced-adwin_only,57000,0.734
s_recurring,4,enhanced-adwin_only,58000,0.72
s_recurring,4,enhanced-adwin_only,59000,0.735
s_recurring,4,enhanced-adwin_only,60000,0.736
s_recurring,4,enhanced-adwin_only,61000,0.766
s_recurring,4,enhanced-adwin_only,62000,0.716
s_recurring,4,enhanced-adwin_only,63000,0.755
s_recurring,4,enhanced-adwin_only,64000,0.757
s_recurring,4,enhanced-adwin_only,65000,0.756
s_recurring,4,enhanced-adwin_only,66000,0.742
s_recurring,4,enhanced-adwin_only,67000,0.776
s_recurring,4,enhanced-adwin_only,68000,0.768
s_recurring,4,enhanced-adwin_only,69000,0.73
s_recurring,4,enhanced-adwin_only,70000,0.778
s_recurring,4,enhanced-adwin_only,71000,0.769
s_recurring,4,enhanced-adwin_only,72000,0.747
s_recurring,4,enhanced-adwin_only,73000,0.771
s_recurring,4,enhanced-adwin_only,74000,0.771
s_recurring,4,enhanced-adwin_only,75000,0.777
s_recurring,4,enhanced-adwin_only,76000,0.769
s_recurring,4,enhanced-adwin_only,77000,0.785
s_recurring,4,enhanced-adwin_only,78000,0.76
s_recurring,4,enhanced-adwin_only,79000,0.771
s_recurring,4,enhanced-adwin_only,80000,0.785
s_recurring,4,enhanced-or,1000,0.631
s_recurring,4,enhanced-or,2000,0.671
s_recurring,4,enhanced-or,3000,0.696
s_recurring,4,enhanced-or,4000,0.686
s_recurring,4,enhanced-or,5000,0.691
s_recurring,4,enhanced-or,6000,0.71
s_recurring,4,enhanced-or,7000,0.73
s_recurring,4,enhanced-or,8000,0.73
s_recurring,4,enhanced-or,9000,0.722
s_recurring,4,enhanced-or,10000,0.715
s_recurring,4,enhanced-or,11000,0.731
s_recurring,4,enhanced-or,12000,0.718
s_recurring,4,enhanced-or,13000,0.755
s_recurring,4,enhanced-or,14000,0.715
s_recurring,4,enhanced-or,15000,0.705
s_recurring,4,enhanced-or,16000,0.727
s_recurring,4,enhanced-or,17000,0.725
s_recurring,4,enhanced-or,18000,0.727
s_recurring,4,enhanced-or,19000,0.704
s_recurring,4,enhanced-or,20000,0.749
s_recurring,4,enhanced-or,21000,0.719
s_recurring,4,enhanced-or,22000,0.743
s_recurring,4,enhanced-or,23000,0.735
s_recurring,4,enhanced-or,24000,0.739
s_recurring,4,enhanced-or,25000,0.759
s_recurring,4,enhanced-or,26000,0.758
s_recurring,4,enhanced-or,27000,0.74
s_recurring,4,enhanced-or,28000,0.76
s_recurring,4,enhanced-or,29000,0.767
s_recurring,4,enhanced-or,30000,0.739
s_recurring,4,enhanced-or,31000,0.76
s_recurring,4,enhanced-or,32000,0.753
s_recurring,4,enhanced-or,33000,0.748
s_recurring,4,enhanced-or,34000,0.776
s_recurring,4,enhanced-or,35000,0.755
s_recurring,4,enhanced-or,36000,0.772
s_recurring,4,enhanced-or,37000,0.759
s_recurring,4,enhanced-or,38000,0.753
s_recurring,4,enhanced-or,39000,0.772
s_recurring,4,enhanced-or,40000,0.798
s_recurring,4,enhanced-or,41000,0.665
s_recurring,4,enhanced-or,42000,0.672
s_recurring,4,enhanced-or,43000,0.695
s_recurring,4,enhanced-or,44000,0.705
s_recurring,4,enhanced-or,45000,0.709
s_recurring,4,enhanced-or,46000,0.674
s_recurring,4,enhanced-or,47000,0.729
s_recurring,4,enhanced-or,48000,0.692
s_recurring,4,enhanced-or,49000,0.726
s_recurring,4,enhanced-or,50000,0.724
s_recurring,4,enhanced-or,51000,0.724
s_recurring,4,enhanced-or,52000,0.723
s_recurring,4,enhanced-or,53000,0.711
s_recurring,4,enhanced-or,54000,0.733
s_recurring,4,enhanced-or,55000,0.717
s_recurring,4,enhanced-or,56000,0.719
s_recurring,4,enhanced-or,57000,0.729
s_recurring,4,enhanced-or,58000,0.725
s_recurring,4,enhanced-or,59000,0.739
s_recurring,4,enhanced-or,60000,0.735
s_recurring,4,enhanced-or,61000,0.737
s_recurring,4,enhanced-or,62000,0.702
s_recurring,4,enhanced-or,63000,0.727
s_recurring,4,enhanced-or,64000,0.751
s_recurring,4,enhanced-or,65000,0.742
s_recurring,4,enhanced-or,66000,0.736
s_recurring,4,enhanced-or,67000,0.77
s_recurring,4,enhanced-or,68000,0.747
s_recurring,4,enhanced-or,69000,0.722
s_recurring,4,enhanced-or,70000,0.775
s_recurring,4,enhanced-or,71000,0.762
s_recurring,4,enhanced-or,72000,0.727
s_recurring,4,enhanced-or,73000,0.758
s_recurring,4,enhanced-or,74000,0.775
s_recurring,4,enhanced-or,75000,0.77
s_recurring,4,enhanced-or,76000,0.765
s_recurring,4,enhanced-or,77000,0.792
s_recurring,4,enhanced-or,78000,0.756
s_recurring,4,enhanced-or,79000,0.762
s_recurring,4,enhanced-or,80000,0.771
s_recurring,4,enhanced-and,1000,0.631
s_recurring,4,enhanced-and,2000,0.671
s_recurring,4,enhanced-and,3000,0.696
s_recurring,4,enhanced-and,4000,0.686
s_recurring,4,enhanced-and,5000,0.691
s_recurring,4,enhanced-and,6000,0.71
s_recurring,4,enhanced-and,7000,0.73
s_recurring,4,enhanced-and,8000,0.73
s_recurring,4,enhanced-and,9000,0.722
s_recurring,4,enhanced-and,10000,0.715
s_recurring,4,enhanced-and,11000,0.731
s_recurring,4,enhanced-and,12000,0.718
s_recurring,4,enhanced-and,13000,0.755
s_recurring,4,enhanced-and,14000,0.715
s_recurring,4,enhanced-and,15000,0.705
s_recurring,4,enhanced-and,16000,0.727
s_recurring,4,enhanced-and,17000,0.725
s_recurring,4,enhanced-and,18000,0.727
s_recurring,4,enhanced-and,19000,0.704
s_recurring,4,enhanced-and,20000,0.749
s_recurring,4,enhanced-and,21000,0.722
s_recurring,4,enhanced-and,22000,0.754
s_recurring,4,enhanced-and,23000,0.732
s_recurring,4,enhanced-and,24000,0.715
s_recurring,4,enhanced-and,25000,0.749
s_recurring,4,enhanced-and,26000,0.747
s_recurring,4,enhanced-and,27000,0.758
s_recurring,4,enhanced-and,28000,0.743
s_recurring,4,enhanced-and,29000,0.777
s_recurring,4,enhanced-and,30000,0.75
s_recurring,4,enhanced-and,31000,0.755
s_recurring,4,enhanced-and,32000,0.777
s_recurring,4,enhanced-and,33000,0.762
s_recurring,4,enhanced-and,34000,0.782
s_recurring,4,enhanced-and,35000,0.75
s_recurring,4,enhanced-and,36000,0.746
s_recurring,4,enhanced-and,37000,0.766
s_recurring,4,enhanced-and,38000,0.752
s_recurring,4,enhanced-and,39000,0.759
s_recurring,4,enhanced-and,40000,0.793
s_recurring,4,enhanced-and,41000,0.721
s_recurring,4,enhanced-and,42000,0.725
s_recurring,4,enhanced-and,43000,0.704
s_recurring,4,enhanced-and,44000,0.697
s_recurring,4,enhanced-and,45000,0.709
s_recurring,4,enhanced-and,46000,0.674
s_recurring,4,enhanced-and,47000,0.729
s_recurring,4,enhanced-and,48000,0.692
s_recurring,4,enhanced-and,49000,0.726
s_recurring,4,enhanced-and,50000,0.724
s_recurring,4,enhanced-and,51000,0.724
s_recurring,4,enhanced-and,52000,0.723
s_recurring,4,enhanced-and,53000,0.711
s_recurring,4,enhanced-and,54000,0.733
s_recurring,4,enhanced-and,55000,0.717
s_recurring,4,enhanced-and,56000,0.719
s_recurring,4,enhanced-and,57000,0.729
s_recurring,4,enhanced-and,58000,0.725
s_recurring,4,enhanced-and,59000,0.739
s_recurring,4,enhanced-and,60000,0.735
s_recurring,4,enhanced-and,61000,0.737
s_recurring,4,enhanced-and,62000,0.702
s_recurring,4,enhanced-and,63000,0.727
s_recurring,4,enhanced-and,64000,0.751
s_recurring,4,enhanced-and,65000,0.742
s_recurring,4,enhanced-and,66000,0.736
s_recurring,4,enhanced-and,67000,0.77
s_recurring,4,enhanced-and,68000,0.747
s_recurring,4,enhanced-and,69000,0.722
s_recurring,4,enhanced-and,70000,0.775
s_recurring,4,enhanced-and,71000,0.762
s_recurring,4,enhanced-and,72000,0.727
s_recurring,4,enhanced-and,73000,0.758
s_recurring,4,enhanced-and,74000,0.775
s_recurring,4,enhanced-and,75000,0.77
s_recurring,4,enhanced-and,76000,0.765
s_recurring,4,enhanced-and,77000,0.792
s_recurring,4,enhanced-and,78000,0.756
s_recurring,4,enhanced-and,79000,0.762
s_recurring,4,enhanced-and,80000,0.771
s_label_flip,0,accumulativeMNB,1000,0.63
s_label_flip,0,accumulativeMNB,2000,0.672
s_label_flip,0,accumulativeMNB,3000,0.728
s_label_flip,0,accumulativeMNB,4000,0.722
s_label_flip,0,accumulativeMNB,5000,0.72
s_label_flip,0,accumulativeMNB,6000,0.725
s_label_flip,0,accumulativeMNB,7000,0.742
s_label_flip,0,accumulativeMNB,8000,0.741
s_label_flip,0,accumulativeMNB,9000,0.751
s_label_flip,0,accumulativeMNB,10000,0.745
s_label_flip,0,accumulativeMNB,11000,0.768
s_label_flip,0,accumulativeMNB,12000,0.736
s_label_flip,0,accumulativeMNB,13000,0.739
s_label_flip,0,accumulativeMNB,14000,0.747
s_label_flip,0,accumulativeMNB,15000,0.76
s_label_flip,0,accumulativeMNB,16000,0.748
s_label_flip,0,accumulativeMNB,17000,0.728
s_label_flip,0,accumulativeMNB,18000,0.758
s_label_flip,0,accumulativeMNB,19000,0.749
s_label_flip,0,accumulativeMNB,20000,0.74
s_label_flip,0,accumulativeMNB,21000,0.742
s_label_flip,0,accumulativeMNB,22000,0.783
s_label_flip,0,accumulativeMNB,23000,0.772
s_label_flip,0,accumulativeMNB,24000,0.752
s_label_flip,0,accumulativeMNB,25000,0.753
s_label_flip,0,accumulativeMNB,26000,0.763
s_label_flip,0,accumulativeMNB,27000,0.735
s_label_flip,0,accumulativeMNB,28000,0.751
s_label_flip,0,accumulativeMNB,29000,0.77
s_label_flip,0,accumulativeMNB,30000,0.742
s_label_flip,0,accumulativeMNB,31000,0.743
s_label_flip,0,accumulativeMNB,32000,0.758
s_label_flip,0,accumulativeMNB,33000,0.764
s_label_flip,0,accumulativeMNB,34000,0.763
s_label_flip,0,accumulativeMNB,35000,0.765
s_label_flip,0,accumulativeMNB,36000,0.769
s_label_flip,0,accumulativeMNB,37000,0.745
s_label_flip,0,accumulativeMNB,38000,0.743
s_label_flip,0,accumulativeMNB,39000,0.755
s_label_flip,0,accumulativeMNB,40000,0.78
s_label_flip,0,accumulativeMNB,41000,0.247
s_label_flip,0,accumulativeMNB,42000,0.228
s_label_flip,0,accumulativeMNB,43000,0.251
s_label_flip,0,accumulativeMNB,44000,0.221
s_label_flip,0,accumulativeMNB,45000,0.253
s_label_flip,0,accumulativeMNB,46000,0.267
s_label_flip,0,accumulativeMNB,47000,0.22
s_label_flip,0,accumulativeMNB,48000,0.268
s_label_flip,0,accumulativeMNB,49000,0.265
s_label_flip,0,accumulativeMNB,50000,0.278
s_label_flip,0,accumulativeMNB,51000,0.259
s_label_flip,0,accumulativeMNB,52000,0.239
s_label_flip,0,accumulativeMNB,53000,0.242
s_label_flip,0,accumulativeMNB,54000,0.273
s_label_flip,0,accumulativeMNB,55000,0.268
s_label_flip,0,accumulativeMNB,56000,0.28
s_label_flip,0,accumulativeMNB,57000,0.283
s_label_flip,0,accumulativeMNB,58000,0.309
s_label_flip,0,accumulativeMNB,59000,0.301
s_label_flip,0,accumulativeMNB,60000,0.309
s_label_flip,0,accumulativeMNB,61000,0.31
s_label_flip,0,accumulativeMNB,62000,0.327
s_label_flip,0,accumulativeMNB,63000,0.329
s_label_flip,0,accumulativeMNB,64000,0.33
s_label_flip,0,accumulativeMNB,65000,0.332
s_label_flip,0,accumulativeMNB,66000,0.318
s_label_flip,0,accumulativeMNB,67000,0.343
s_label_flip,0,accumulativeMNB,68000,0.327
s_label_flip,0,accumulativeMNB,69000,0.367
s_label_flip,0,accumulativeMNB,70000,0.357
s_label_flip,0,accumulativeMNB,71000,0.36
s_label_flip,0,accumulativeMNB,72000,0.391
s_label_flip,0,accumulativeMNB,73000,0.381
s_label_flip,0,accumulativeMNB,74000,0.419
s_label_flip,0,accumulativeMNB,75000,0.422
s_label_flip,0,accumulativeMNB,76000,0.456
s_label_flip,0,accumulativeMNB,77000,0.47
s_label_flip,0,accumulativeMNB,78000,0.453
s_label_flip,0,accumulativeMNB,79000,0.498
s_label_flip,0,accumulativeMNB,80000,0.481
s_label_flip,0,fadingMNB,1000,0.632
s_label_flip,0,fadingMNB,2000,0.672
s_label_flip,0,fadingMNB,3000,0.727
s_label_flip,0,fadingMNB,4000,0.715
s_label_flip,0,fadingMNB,5000,0.72
s_label_flip,0,fadingMNB,6000,0.73
s_label_flip,0,fadingMNB,7000,0.746
s_label_flip,0,fadingMNB,8000,0.735
s_label_flip,0,fadingMNB,9000,0.749
s_label_flip,0,fadingMNB,10000,0.742
s_label_flip,0,fadingMNB,11000,0.769
s_label_flip,0,fadingMNB,12000,0.74
s_label_flip,0,fadingMNB,13000,0.743
s_label_flip,0,fadingMNB,14000,0.757
s_label_flip,0,fadingMNB,15000,0.761
s_label_flip,0,fadingMNB,16000,0.751
s_label_flip,0,fadingMNB,17000,0.738
s_label_flip,0,fadingMNB,18000,0.764
s_label_flip,0,fadingMNB,19000,0.746
s_label_flip,0,fadingMNB,20000,0.733
s_label_flip,0,fadingMNB,21000,0.746
s_label_flip,0,fadingMNB,22000,0.778
s_label_flip,0,fadingMNB,23000,0.78
s_label_flip,0,fadingMNB,24000,0.758
s_label_flip,0,fadingMNB,25000,0.748
s_label_flip,0,fadingMNB,26000,0.757
s_label_flip,0,fadingMNB,27000,0.743
s_label_flip,0,fadingMNB,28000,0.744
s_label_flip,0,fadingMNB,29000,0.769
s_label_flip,0,fadingMNB,30000,0.749
s_label_flip,0,fadingMNB,31000,0.745
s_label_flip,0,fadingMNB,32000,0.754
s_label_flip,0,fadingMNB,33000,0.761
s_label_flip,0,fadingMNB,34000,0.765
s_label_flip,0,fadingMNB,35000,0.766
s_label_flip,0,fadingMNB,36000,0.764
s_label_flip,0,fadingMNB,37000,0.74
s_label_flip,0,fadingMNB,38000,0.748
s_label_flip,0,fadingMNB,39000,0.75
s_label_flip,0,fadingMNB,40000,0.782
s_label_flip,0,fadingMNB,41000,0.24
s_label_flip,0,fadingMNB,42000,0.23
s_label_flip,0,fadingMNB,43000,0.258
s_label_flip,0,fadingMNB,44000,0.23
s_label_flip,0,fadingMNB,45000,0.255
s_label_flip,0,fadingMNB,46000,0.27
s_label_flip,0,fadingMNB,47000,0.243
s_label_flip,0,fadingMNB,48000,0.289
s_label_flip,0,fadingMNB,49000,0.28
s_label_flip,0,fadingMNB,50000,0.286
s_label_flip,0,fadingMNB,51000,0.265
s_label_flip,0,fadingMNB,52000,0.272
s_label_flip,0,fadingMNB,53000,0.292
s_label_flip,0,fadingMNB,54000,0.318
s_label_flip,0,fadingMNB,55000,0.307
s_label_flip,0,fadingMNB,56000,0.303
s_label_flip,0,fadingMNB,57000,0.327
s_label_flip,0,fadingMNB,58000,0.336
s_label_flip,0,fadingMNB,59000,0.343
s_label_flip,0,fadingMNB,60000,0.336
s_label_flip,0,fadingMNB,61000,0.373
s_label_flip,0,fadingMNB,62000,0.374
s_label_flip,0,fadingMNB,63000,0.364
s_label_flip,0,fadingMNB,64000,0.417
s_label_flip,0,fadingMNB,65000,0.383
s_label_flip,0,fadingMNB,66000,0.379
s_label_flip,0,fadingMNB,67000,0.43
s_label_flip,0,fadingMNB,68000,0.411
s_label_flip,0,fadingMNB,69000,0.449
s_label_flip,0,fadingMNB,70000,0.426
s_label_flip,0,fadingMNB,71000,0.453
s_label_flip,0,fadingMNB,72000,0.484
s_label_flip,0,fadingMNB,73000,0.458
s_label_flip,0,fadingMNB,74000,0.489
s_label_flip,0,fadingMNB,75000,0.487
s_label_flip,0,fadingMNB,76000,0.519
s_label_flip,0,fadingMNB,77000,0.558
s_label_flip,0,fadingMNB,78000,0.529
s_label_flip,0,fadingMNB,79000,0.547
s_label_flip,0,fadingMNB,80000,0.534
s_label_flip,0,baseline-Rebuild,1000,0.63
s_label_flip,0,baseline-Rebuild,2000,0.672
s_label_flip,0,baseline-Rebuild,3000,0.728
s_label_flip,0,baseline-Rebuild,4000,0.722
s_label_flip,0,baseline-Rebuild,5000,0.72
s_label_flip,0,baseline-Rebuild,6000,0.725
s_label_flip,0,baseline-Rebuild,7000,0.742
s_label_flip,0,baseline-Rebuild,8000,0.741
s_label_flip,0,baseline-Rebuild,9000,0.751
s_label_flip,0,baseline-Rebuild,10000,0.745
s_label_flip,0,baseline-Rebuild,11000,0.768
s_label_flip,0,baseline-Rebuild,12000,0.736
s_label_flip,0,baseline-Rebuild,13000,0.739
s_label_flip,0,baseline-Rebuild,14000,0.747
s_label_flip,0,baseline-Rebuild,15000,0.76
s_label_flip,0,baseline-Rebuild,16000,0.748
s_label_flip,0,baseline-Rebuild,17000,0.728
s_label_flip,0,baseline-Rebuild,18000,0.758
s_label_flip,0,baseline-Rebuild,19000,0.749
s_label_flip,0,baseline-Rebuild,20000,0.74
s_label_flip,0,baseline-Rebuild,21000,0.742
s_label_flip,0,baseline-Rebuild,22000,0.783
s_label_flip,0,baseline-Rebuild,23000,0.772
s_label_flip,0,baseline-Rebuild,24000,0.752
s_label_flip,0,baseline-Rebuild,25000,0.721
s_label_flip,0,baseline-Rebuild,26000,0.728
s_label_flip,0,baseline-Rebuild,27000,0.736
s_label_flip,0,baseline-Rebuild,28000,0.732
s_label_flip,0,baseline-Rebuild,29000,0.741
s_label_flip,0,baseline-Rebuild,30000,0.741
s_label_flip,0,baseline-Rebuild,31000,0.728
s_label_flip,0,baseline-Rebuild,32000,0.754
s_label_flip,0,baseline-Rebuild,33000,0.738
s_label_flip,0,baseline-Rebuild,34000,0.76
s_label_flip,0,baseline-Rebuild,35000,0.751
s_label_flip,0,baseline-Rebuild,36000,0.754
s_label_flip,0,baseline-Rebuild,37000,0.743
s_label_flip,0,baseline-Rebuild,38000,0.734
s_label_flip,0,baseline-Rebuild,39000,0.743
s_label_flip,0,baseline-Rebuild,40000,0.765
s_label_flip,0,baseline-Rebuild,41000,0.265
s_label_flip,0,baseline-Rebuild,42000,0.263
s_label_flip,0,baseline-Rebuild,43000,0.275
s_label_flip,0,baseline-Rebuild,44000,0.247
s_label_flip,0,baseline-Rebuild,45000,0.728
s_label_flip,0,baseline-Rebuild,46000,0.729
s_label_flip,0,baseline-Rebuild,47000,0.767
s_label_flip,0,baseline-Rebuild,48000,0.742
s_label_flip,0,baseline-Rebuild,49000,0.749
s_label_flip,0,baseline-Rebuild,50000,0.755
s_label_flip,0,baseline-Rebuild,51000,0.753
s_label_flip,0,baseline-Rebuild,52000,0.761
s_label_flip,0,baseline-Rebuild,53000,0.743
s_label_flip,0,baseline-Rebuild,54000,0.739
s_label_flip,0,baseline-Rebuild,55000,0.776
s_label_flip,0,baseline-Rebuild,56000,0.758
s_label_flip,0,baseline-Rebuild,57000,0.756
s_label_flip,0,baseline-Rebuild,58000,0.732
s_label_flip,0,baseline-Rebuild,59000,0.739
s_label_flip,0,baseline-Rebuild,60000,0.752
s_label_flip,0,baseline-Rebuild,61000,0.756
s_label_flip,0,baseline-Rebuild,62000,0.751
s_label_flip,0,baseline-Rebuild,63000,0.712
s_label_flip,0,baseline-Rebuild,64000,0.768
s_label_flip,0,baseline-Rebuild,65000,0.766
s_label_flip,0,baseline-Rebuild,66000,0.764
s_label_flip,0,baseline-Rebuild,67000,0.759
s_label_flip,0,baseline-Rebuild,68000,0.733
s_label_flip,0,baseline-Rebuild,69000,0.748
s_label_flip,0,baseline-Rebuild,70000,0.724
s_label_flip,0,baseline-Rebuild,71000,0.772
s_label_flip,0,baseline-Rebuild,72000,0.761
s_label_flip,0,baseline-Rebuild,73000,0.79
s_label_flip,0,baseline-Rebuild,74000,0.774
s_label_flip,0,baseline-Rebuild,75000,0.752
s_label_flip,0,baseline-Rebuild,76000,0.782
s_label_flip,0,baseline-Rebuild,77000,0.779
s_label_flip,0,baseline-Rebuild,78000,0.778
s_label_flip,0,baseline-Rebuild,79000,0.733
s_label_flip,0,baseline-Rebuild,80000,0.755
s_label_flip,0,baseline-SIFR,1000,0.63
s_label_flip,0,baseline-SIFR,2000,0.672
s_label_flip,0,baseline-SIFR,3000,0.728
s_label_flip,0,baseline-SIFR,4000,0.722
s_label_flip,0,baseline-SIFR,5000,0.72
s_label_flip,0,baseline-SIFR,6000,0.725
s_label_flip,0,baseline-SIFR,7000,0.742
s_label_flip,0,baseline-SIFR,8000,0.741
s_label_flip,0,baseline-SIFR,9000,0.751
s_label_flip,0,baseline-SIFR,10000,0.745
s_label_flip,0,baseline-SIFR,11000,0.768
s_label_flip,0,baseline-SIFR,12000,0.736
s_label_flip,0,baseline-SIFR,13000,0.739
s_label_flip,0,baseline-SIFR,14000,0.747
s_label_flip,0,baseline-SIFR,15000,0.76
s_label_flip,0,baseline-SIFR,16000,0.748
s_label_flip,0,baseline-SIFR,17000,0.728
s_label_flip,0,baseline-SIFR,18000,0.758
s_label_flip,0,baseline-SIFR,19000,0.749
s_label_flip,0,baseline-SIFR,20000,0.74
s_label_flip,0,baseline-SIFR,21000,0.742
s_label_flip,0,baseline-SIFR,22000,0.783
s_label_flip,0,baseline-SIFR,23000,0.772
s_label_flip,0,baseline-SIFR,24000,0.752
s_label_flip,0,baseline-SIFR,25000,0.746
s_label_flip,0,baseline-SIFR,26000,0.761
s_label_flip,0,baseline-SIFR,27000,0.745
s_label_flip,0,baseline-SIFR,28000,0.743
s_label_flip,0,baseline-SIFR,29000,0.756
s_label_flip,0,baseline-SIFR,30000,0.747
s_label_flip,0,baseline-SIFR,31000,0.739
s_label_flip,0,baseline-SIFR,32000,0.746
s_label_flip,0,baseline-SIFR,33000,0.751
s_label_flip,0,baseline-SIFR,34000,0.756
s_label_flip,0,baseline-SIFR,35000,0.759
s_label_flip,0,baseline-SIFR,36000,0.751
s_label_flip,0,baseline-SIFR,37000,0.737
s_label_flip,0,baseline-SIFR,38000,0.745
s_label_flip,0,baseline-SIFR,39000,0.749
s_label_flip,0,baseline-SIFR,40000,0.776
s_label_flip,0,baseline-SIFR,41000,0.248
s_label_flip,0,baseline-SIFR,42000,0.248
s_label_flip,0,baseline-SIFR,43000,0.268
s_label_flip,0,baseline-SIFR,44000,0.255
s_label_flip,0,baseline-SIFR,45000,0.253
s_label_flip,0,baseline-SIFR,46000,0.267
s_label_flip,0,baseline-SIFR,47000,0.22
s_label_flip,0,baseline-SIFR,48000,0.268
s_label_flip,0,baseline-SIFR,49000,0.265
s_label_flip,0,baseline-SIFR,50000,0.278
s_label_flip,0,baseline-SIFR,51000,0.259
s_label_flip,0,baseline-SIFR,52000,0.239
s_label_flip,0,baseline-SIFR,53000,0.242
s_label_flip,0,baseline-SIFR,54000,0.273
s_label_flip,0,baseline-SIFR,55000,0.268
s_label_flip,0,baseline-SIFR,56000,0.28
s_label_flip,0,baseline-SIFR,57000,0.283
s_label_flip,0,baseline-SIFR,58000,0.309
s_label_flip,0,baseline-SIFR,59000,0.301
s_label_flip,0,baseline-SIFR,60000,0.309
s_label_flip,0,baseline-SIFR,61000,0.31
s_label_flip,0,baseline-SIFR,62000,0.327
s_label_flip,0,baseline-SIFR,63000,0.329
s_label_flip,0,baseline-SIFR,64000,0.33
s_label_flip,0,baseline-SIFR,65000,0.332
s_label_flip,0,baseline-SIFR,66000,0.318
s_label_flip,0,baseline-SIFR,67000,0.343
s_label_flip,0,baseline-SIFR,68000,0.327
s_label_flip,0,baseline-SIFR,69000,0.367
s_label_flip,0,baseline-SIFR,70000,0.357
s_label_flip,0,baseline-SIFR,71000,0.36
s_label_flip,0,baseline-SIFR,72000,0.391
s_label_flip,0,baseline-SIFR,73000,0.381
s_label_flip,0,baseline-SIFR,74000,0.419
s_label_flip,0,baseline-SIFR,75000,0.422
s_label_flip,0,baseline-SIFR,76000,0.456
s_label_flip,0,baseline-SIFR,77000,0.47
s_label_flip,0,baseline-SIFR,78000,0.453
s_label_flip,0,baseline-SIFR,79000,0.498
s_label_flip,0,baseline-SIFR,80000,0.481
s_label_flip,0,enhanced-adwin_only,1000,0.63
s_label_flip,0,enhanced-adwin_only,2000,0.672
s_label_flip,0,enhanced-adwin_only,3000,0.728
s_label_flip,0,enhanced-adwin_only,4000,0.722
s_label_flip,0,enhanced-adwin_only,5000,0.72
s_label_flip,0,enhanced-adwin_only,6000,0.725
s_label_flip,0,enhanced-adwin_only,7000,0.742
s_label_flip,0,enhanced-adwin_only,8000,0.741
s_label_flip,0,enhanced-adwin_only,9000,0.751
s_label_flip,0,enhanced-adwin_only,10000,0.745
s_label_flip,0,enhanced-adwin_only,11000,0.768
s_label_flip,0,enhanced-adwin_only,12000,0.736
s_label_flip,0,enhanced-adwin_only,13000,0.739
s_label_flip,0,enhanced-adwin_only,14000,0.747
s_label_flip,0,enhanced-adwin_only,15000,0.76
s_label_flip,0,enhanced-adwin_only,16000,0.748
s_label_flip,0,enhanced-adwin_only,17000,0.728
s_label_flip,0,enhanced-adwin_only,18000,0.758
s_label_flip,0,enhanced-adwin_only,19000,0.749
s_label_flip,0,enhanced-adwin_only,20000,0.74
s_label_flip,0,enhanced-adwin_only,21000,0.742
s_label_flip,0,enhanced-adwin_only,22000,0.783
s_label_flip,0,enhanced-adwin_only,23000,0.772
s_label_flip,0,enhanced-adwin_only,24000,0.752
s_label_flip,0,enhanced-adwin_only,25000,0.753
s_label_flip,0,enhanced-adwin_only,26000,0.763
s_label_flip,0,enhanced-adwin_only,27000,0.735
s_label_flip,0,enhanced-adwin_only,28000,0.751
s_label_flip,0,enhanced-adwin_only,29000,0.77
s_label_flip,0,enhanced-adwin_only,30000,0.742
s_label_flip,0,enhanced-adwin_only,31000,0.743
s_label_flip,0,enhanced-adwin_only,32000,0.758
s_label_flip,0,enhanced-adwin_only,33000,0.764
s_label_flip,0,enhanced-adwin_only,34000,0.763
s_label_flip,0,enhanced-adwin_only,35000,0.765
s_label_flip,0,enhanced-adwin_only,36000,0.769
s_label_flip,0,enhanced-adwin_only,37000,0.745
s_label_flip,0,enhanced-adwin_only,38000,0.743
s_label_flip,0,enhanced-adwin_only,39000,0.755
s_label_flip,0,enhanced-adwin_only,40000,0.78
s_label_flip,0,enhanced-adwin_only,41000,0.623
s_label_flip,0,enhanced-adwin_only,42000,0.692
s_label_flip,0,enhanced-adwin_only,43000,0.684
s_label_flip,0,enhanced-adwin_only,44000,0.714
s_label_flip,0,enhanced-adwin_only,45000,0.729
s_label_flip,0,enhanced-adwin_only,46000,0.735
s_label_flip,0,enhanced-adwin_only,47000,0.765
s_label_flip,0,enhanced-adwin_only,48000,0.739
s_label_flip,0,enhanced-adwin_only,49000,0.752
s_label_flip,0,enhanced-adwin_only,50000,0.752
s_label_flip,0,enhanced-adwin_only,51000,0.75
s_label_flip,0,enhanced-adwin_only,52000,0.759
s_label_flip,0,enhanced-adwin_only,53000,0.737
s_label_flip,0,enhanced-adwin_only,54000,0.739
s_label_flip,0,enhanced-adwin_only,55000,0.78
s_label_flip,0,enhanced-adwin_only,56000,0.757
s_label_flip,0,enhanced-adwin_only,57000,0.753
s_label_flip,0,enhanced-adwin_only,58000,0.728
s_label_flip,0,enhanced-adwin_only,59000,0.739
s_label_flip,0,enhanced-adwin_only,60000,0.756
s_label_flip,0,enhanced-adwin_only,61000,0.756
s_label_flip,0,enhanced-adwin_only,62000,0.751
s_label_flip,0,enhanced-adwin_only,63000,0.714
s_label_flip,0,enhanced-adwin_only,64000,0.767
s_label_flip,0,enhanced-adwin_only,65000,0.765
s_label_flip,0,enhanced-adwin_only,66000,0.764
s_label_flip,0,enhanced-adwin_only,67000,0.76
s_label_flip,0,enhanced-adwin_only,68000,0.733
s_label_flip,0,enhanced-adwin_only,69000,0.748
s_label_flip,0,enhanced-adwin_only,70000,0.723
s_label_flip,0,enhanced-adwin_only,71000,0.77
s_label_flip,0,enhanced-adwin_only,72000,0.761
s_label_flip,0,enhanced-adwin_only,73000,0.79
s_label_flip,0,enhanced-adwin_only,74000,0.775
s_label_flip,0,enhanced-adwin_only,75000,0.748
s_label_flip,0,enhanced-adwin_only,76000,0.784
s_label_flip,0,enhanced-adwin_only,77000,0.779
s_label_flip,0,enhanced-adwin_only,78000,0.777
s_label_flip,0,enhanced-adwin_only,79000,0.735
s_label_flip,0,enhanced-adwin_only,80000,0.755
s_label_flip,0,enhanced-or,1000,0.63
s_label_flip,0,enhanced-or,2000,0.672
s_label_flip,0,enhanced-or,3000,0.728
s_label_flip,0,enhanced-or,4000,0.722
s_label_flip,0,enhanced-or,5000,0.72
s_label_flip,0,enhanced-or,6000,0.725
s_label_flip,0,enhanced-or,7000,0.742
s_label_flip,0,enhanced-or,8000,0.741
s_label_flip,0,enhanced-or,9000,0.751
s_label_flip,0,enhanced-or,10000,0.745
s_label_flip,0,enhanced-or,11000,0.768
s_label_flip,0,enhanced-or,12000,0.736
s_label_flip,0,enhanced-or,13000,0.739
s_label_flip,0,enhanced-or,14000,0.747
s_label_flip,0,enhanced-or,15000,0.76
s_label_flip,0,enhanced-or,16000,0.748
s_label_flip,0,enhanced-or,17000,0.728
s_label_flip,0,enhanced-or,18000,0.758
s_label_flip,0,enhanced-or,19000,0.749
s_label_flip,0,enhanced-or,20000,0.74
s_label_flip,0,enhanced-or,21000,0.742
s_label_flip,0,enhanced-or,22000,0.783
s_label_flip,0,enhanced-or,23000,0.772
s_label_flip,0,enhanced-or,24000,0.752
s_label_flip,0,enhanced-or,25000,0.721
s_label_flip,0,enhanced-or,26000,0.728
s_label_flip,0,enhanced-or,27000,0.736
s_label_flip,0,enhanced-or,28000,0.732
s_label_flip,0,enhanced-or,29000,0.741
s_label_flip,0,enhanced-or,30000,0.741
s_label_flip,0,enhanced-or,31000,0.728
s_label_flip,0,enhanced-or,32000,0.754
s_label_flip,0,enhanced-or,33000,0.738
s_label_flip,0,enhanced-or,34000,0.76
s_label_flip,0,enhanced-or,35000,0.751
s_label_flip,0,enhanced-or,36000,0.754
s_label_flip,0,enhanced-or,37000,0.743
s_label_flip,0,enhanced-or,38000,0.734
s_label_flip,0,enhanced-or,39000,0.743
s_label_flip,0,enhanced-or,40000,0.765
s_label_flip,0,enhanced-or,41000,0.623
s_label_flip,0,enhanced-or,42000,0.692
s_label_flip,0,enhanced-or,43000,0.684
s_label_flip,0,enhanced-or,44000,0.714
s_label_flip,0,enhanced-or,45000,0.728
s_label_flip,0,enhanced-or,46000,0.729
s_label_flip,0,enhanced-or,47000,0.767
s_label_flip,0,enhanced-or,48000,0.742
s_label_flip,0,enhanced-or,49000,0.749
s_label_flip,0,enhanced-or,50000,0.755
s_label_flip,0,enhanced-or,51000,0.753
s_label_flip,0,enhanced-or,52000,0.761
s_label_flip,0,enhanced-or,53000,0.743
s_label_flip,0,enhanced-or,54000,0.739
s_label_flip,0,enhanced-or,55000,0.776
s_label_flip,0,enhanced-or,56000,0.758
s_label_flip,0,enhanced-or,57000,0.756
s_label_flip,0,enhanced-or,58000,0.732
s_label_flip,0,enhanced-or,59000,0.739
s_label_flip,0,enhanced-or,60000,0.752
s_label_flip,0,enhanced-or,61000,0.756
s_label_flip,0,enhanced-or,62000,0.751
s_label_flip,0,enhanced-or,63000,0.712
s_label_flip,0,enhanced-or,64000,0.768
s_label_flip,0,enhanced-or,65000,0.766
s_label_flip,0,enhanced-or,66000,0.764
s_label_flip,0,enhanced-or,67000,0.759
s_label_flip,0,enhanced-or,68000,0.733
s_label_flip,0,enhanced-or,69000,0.748
s_label_flip,0,enhanced-or,70000,0.724
s_label_flip,0,enhanced-or,71000,0.772
s_label_flip,0,enhanced-or,72000,0.761
s_label_flip,0,enhanced-or,73000,0.79
s_label_flip,0,enhanced-or,74000,0.774
s_label_flip,0,enhanced-or,75000,0.752
s_label_flip,0,enhanced-or,76000,0.782
s_label_flip,0,enhanced-or,77000,0.779
s_label_flip,0,enhanced-or,78000,0.778
s_label_flip,0,enhanced-or,79000,0.733
s_label_flip,0,enhanced-or,80000,0.755
s_label_flip,0,enhanced-and,1000,0.63
s_label_flip,0,enhanced-and,2000,0.672
s_label_flip,0,enhanced-and,3000,0.728
s_label_flip,0,enhanced-and,4000,0.722
s_label_flip,0,enhanced-and,5000,0.72
s_label_flip,0,enhanced-and,6000,0.725
s_label_flip,0,enhanced-and,7000,0.742
s_label_flip,0,enhanced-and,8000,0.741
s_label_flip,0,enhanced-and,9000,0.751
s_label_flip,0,enhanced-and,10000,0.745
s_label_flip,0,enhanced-and,11000,0.768
s_label_flip,0,enhanced-and,12000,0.736
s_label_flip,0,enhanced-and,13000,0.739
s_label_flip,0,enhanced-and,14000,0.747
s_label_flip,0,enhanced-and,15000,0.76
s_label_flip,0,enhanced-and,16000,0.748
s_label_flip,0,enhanced-and,17000,0.728
s_label_flip,0,enhanced-and,18000,0.758
s_label_flip,0,enhanced-and,19000,0.749
s_label_flip,0,enhanced-and,20000,0.74
s_label_flip,0,enhanced-and,21000,0.742
s_label_flip,0,enhanced-and,22000,0.783
s_label_flip,0,enhanced-and,23000,0.772
s_label_flip,0,enhanced-and,24000,0.752
s_label_flip,0,enhanced-and,25000,0.753
s_label_flip,0,enhanced-and,26000,0.763
s_label_flip,0,enhanced-and,27000,0.735
s_label_flip,0,enhanced-and,28000,0.751
s_label_flip,0,enhanced-and,29000,0.77
s_label_flip,0,enhanced-and,30000,0.742
s_label_flip,0,enhanced-and,31000,0.743
s_label_flip,0,enhanced-and,32000,0.758
s_label_flip,0,enhanced-and,33000,0.764
s_label_flip,0,enhanced-and,34000,0.763
s_label_flip,0,enhanced-and,35000,0.765
s_label_flip,0,enhanced-and,36000,0.769
s_label_flip,0,enhanced-and,37000,0.745
s_label_flip,0,enhanced-and,38000,0.743
s_label_flip,0,enhanced-and,39000,0.755
s_label_flip,0,enhanced-and,40000,0.78
s_label_flip,0,enhanced-and,41000,0.623
s_label_flip,0,enhanced-and,42000,0.692
s_label_flip,0,enhanced-and,43000,0.684
s_label_flip,0,enhanced-and,44000,0.714
s_label_flip,0,enhanced-and,45000,0.728
s_label_flip,0,enhanced-and,46000,0.729
s_label_flip,0,enhanced-and,47000,0.767
s_label_flip,0,enhanced-and,48000,0.742
s_label_flip,0,enhanced-and,49000,0.749
s_label_flip,0,enhanced-and,50000,0.755
s_label_flip,0,enhanced-and,51000,0.753
s_label_flip,0,enhanced-and,52000,0.761
s_label_flip,0,enhanced-and,53000,0.743
s_label_flip,0,enhanced-and,54000,0.739
s_label_flip,0,enhanced-and,55000,0.776
s_label_flip,0,enhanced-and,56000,0.758
s_label_flip,0,enhanced-and,57000,0.756
s_label_flip,0,enhanced-and,58000,0.732
s_label_flip,0,enhanced-and,59000,0.739
s_label_flip,0,enhanced-and,60000,0.752
s_label_flip,0,enhanced-and,61000,0.756
s_label_flip,0,enhanced-and,62000,0.751
s_label_flip,0,enhanced-and,63000,0.712
s_label_flip,0,enhanced-and,64000,0.768
s_label_flip,0,enhanced-and,65000,0.766
s_label_flip,0,enhanced-and,66000,0.764
s_label_flip,0,enhanced-and,67000,0.759
s_label_flip,0,enhanced-and,68000,0.733
s_label_flip,0,enhanced-and,69000,0.748
s_label_flip,0,enhanced-and,70000,0.724
s_label_flip,0,enhanced-and,71000,0.772
s_label_flip,0,enhanced-and,72000,0.761
s_label_flip,0,enhanced-and,73000,0.79
s_label_flip,0,enhanced-and,74000,0.774
s_label_flip,0,enhanced-and,75000,0.752
s_label_flip,0,enhanced-and,76000,0.782
s_label_flip,0,enhanced-and,77000,0.779
s_label_flip,0,enhanced-and,78000,0.778
s_label_flip,0,enhanced-and,79000,0.733
s_label_flip,0,enhanced-and,80000,0.755
s_label_flip,1,accumulativeMNB,1000,0.688
s_label_flip,1,accumulativeMNB,2000,0.681
s_label_flip,1,accumulativeMNB,3000,0.695
s_label_flip,1,accumulativeMNB,4000,0.704
s_label_flip,1,accumulativeMNB,5000,0.702
s_label_flip,1,accumulativeMNB,6000,0.748
s_label_flip,1,accumulativeMNB,7000,0.725
s_label_flip,1,accumulativeMNB,8000,0.726
s_label_flip,1,accumulativeMNB,9000,0.725
s_label_flip,1,accumulativeMNB,10000,0.738
s_label_flip,1,accumulativeMNB,11000,0.738
s_label_flip,1,accumulativeMNB,12000,0.744
s_label_flip,1,accumulativeMNB,13000,0.761
s_label_flip,1,accumulativeMNB,14000,0.785
s_label_flip,1,accumulativeMNB,15000,0.768
s_label_flip,1,accumulativeMNB,16000,0.752
s_label_flip,1,accumulativeMNB,17000,0.711
s_label_flip,1,accumulativeMNB,18000,0.753
s_label_flip,1,accumulativeMNB,19000,0.76
s_label_flip,1,accumulativeMNB,20000,0.762
s_label_flip,1,accumulativeMNB,21000,0.763
s_label_flip,1,accumulativeMNB,22000,0.765
s_label_flip,1,accumulativeMNB,23000,0.726
s_label_flip,1,accumulativeMNB,24000,0.745
s_label_flip,1,accumulativeMNB,25000,0.741
s_label_flip,1,accumulativeMNB,26000,0.776
s_label_flip,1,accumulativeMNB,27000,0.766
s_label_flip,1,accumulativeMNB,28000,0.771
s_label_flip,1,accumulativeMNB,29000,0.773
s_label_flip,1,accumulativeMNB,30000,0.734
s_label_flip,1,accumulativeMNB,31000,0.74
s_label_flip,1,accumulativeMNB,32000,0.78
s_label_flip,1,accumulativeMNB,33000,0.776
s_label_flip,1,accumulativeMNB,34000,0.76
s_label_flip,1,accumulativeMNB,35000,0.752
s_label_flip,1,accumulativeMNB,36000,0.758
s_label_flip,1,accumulativeMNB,37000,0.755
s_label_flip,1,accumulativeMNB,38000,0.77
s_label_flip,1,accumulativeMNB,39000,0.764
s_label_flip,1,accumulativeMNB,40000,0.783
s_label_flip,1,accumulativeMNB,41000,0.236
s_label_flip,1,accumulativeMNB,42000,0.254
s_label_flip,1,accumulativeMNB,43000,0.253
s_label_flip,1,accumulativeMNB,44000,0.24
s_label_flip,1,accumulativeMNB,45000,0.243
s_label_flip,1,accumulativeMNB,46000,0.241
s_label_flip,1,accumulativeMNB,47000,0.251
s_label_flip,1,accumulativeMNB,48000,0.254
s_label_flip,1,accumulativeMNB,49000,0.25
s_label_flip,1,accumulativeMNB,50000,0.295
s_label_flip,1,accumulativeMNB,51000,0.246
s_label_flip,1,accumulativeMNB,52000,0.285
s_label_flip,1,accumulativeMNB,53000,0.259
s_label_flip,1,accumulativeMNB,54000,0.273
s_label_flip,1,accumulativeMNB,55000,0.283
s_label_flip,1,accumulativeMNB,56000,0.299
s_label_flip,1,accumulativeMNB,57000,0.275
s_label_flip,1,accumulativeMNB,58000,0.294
s_label_flip,1,accumulativeMNB,59000,0.311
s_label_flip,1,accumulativeMNB,60000,0.305
s_label_flip,1,accumulativeMNB,61000,0.284
s_label_flip,1,accumulativeMNB,62000,0.303
s_label_flip,1,accumulativeMNB,63000,0.29
s_label_flip,1,accumulativeMNB,64000,0.337
s_label_flip,1,accumulativeMNB,65000,0.337
s_label_flip,1,accumulativeMNB,66000,0.315
s_label_flip,1,accumulativeMNB,67000,0.33
s_label_flip,1,accumulativeMNB,68000,0.336
s_label_flip,1,accumulativeMNB,69000,0.349
s_label_flip,1,accumulativeMNB,70000,0.401
s_label_flip,1,accumulativeMNB,71000,0.353
s_label_flip,1,accumulativeMNB,72000,0.386
s_label_flip,1,accumulativeMNB,73000,0.394
s_label_flip,1,accumulativeMNB,74000,0.405
s_label_flip,1,accumulativeMNB,75000,0.427
s_label_flip,1,accumulativeMNB,76000,0.43
s_label_flip,1,accumulativeMNB,77000,0.461
s_label_flip,1,accumulativeMNB,78000,0.456
s_label_flip,1,accumulativeMNB,79000,0.495
s_label_flip,1,accumulativeMNB,80000,0.461
s_label_flip,1,fadingMNB,1000,0.687
s_label_flip,1,fadingMNB,2000,0.678
s_label_flip,1,fadingMNB,3000,0.696
s_label_flip,1,fadingMNB,4000,0.706
s_label_flip,1,fadingMNB,5000,0.701
s_label_flip,1,fadingMNB,6000,0.746
s_label_flip,1,fadingMNB,7000,0.727
s_label_flip,1,fadingMNB,8000,0.726
s_label_flip,1,fadingMNB,9000,0.732
s_label_flip,1,fadingMNB,10000,0.743
s_label_flip,1,fadingMNB,11000,0.733
s_label_flip,1,fadingMNB,12000,0.748
s_label_flip,1,fadingMNB,13000,0.769
s_label_flip,1,fadingMNB,14000,0.78
s_label_flip,1,fadingMNB,15000,0.764
s_label_flip,1,fadingMNB,16000,0.753
s_label_flip,1,fadingMNB,17000,0.706
s_label_flip,1,fadingMNB,18000,0.758
s_label_flip,1,fadingMNB,19000,0.761
s_label_flip,1,fadingMNB,20000,0.764
s_label_flip,1,fadingMNB,21000,0.758
s_label_flip,1,fadingMNB,22000,0.755
s_label_flip,1,fadingMNB,23000,0.726
s_label_flip,1,fadingMNB,24000,0.763
s_label_flip,1,fadingMNB,25000,0.733
s_label_flip,1,fadingMNB,26000,0.785
s_label_flip,1,fadingMNB,27000,0.773
s_label_flip,1,fadingMNB,28000,0.779
s_label_flip,1,fadingMNB,29000,0.778
s_label_flip,1,fadingMNB,30000,0.738
s_label_flip,1,fadingMNB,31000,0.744
s_label_flip,1,fadingMNB,32000,0.784
s_label_flip,1,fadingMNB,33000,0.775
s_label_flip,1,fadingMNB,34000,0.742
s_label_flip,1,fadingMNB,35000,0.754
s_label_flip,1,fadingMNB,36000,0.764
s_label_flip,1,fadingMNB,37000,0.754
s_label_flip,1,fadingMNB,38000,0.771
s_label_flip,1,fadingMNB,39000,0.77
s_label_flip,1,fadingMNB,40000,0.788
s_label_flip,1,fadingMNB,41000,0.23
s_label_flip,1,fadingMNB,42000,0.253
s_label_flip,1,fadingMNB,43000,0.257
s_label_flip,1,fadingMNB,44000,0.254
s_label_flip,1,fadingMNB,45000,0.252
s_label_flip,1,fadingMNB,46000,0.235
s_label_flip,1,fadingMNB,47000,0.269
s_label_flip,1,fadingMNB,48000,0.262
s_label_flip,1,fadingMNB,49000,0.268
s_label_flip,1,fadingMNB,50000,0.314
s_label_flip,1,fadingMNB,51000,0.261
s_label_flip,1,fadingMNB,52000,0.301
s_label_flip,1,fadingMNB,53000,0.305
s_label_flip,1,fadingMNB,54000,0.292
s_label_flip,1,fadingMNB,55000,0.318
s_label_flip,1,fadingMNB,56000,0.329
s_label_flip,1,fadingMNB,57000,0.322
s_label_flip,1,fadingMNB,58000,0.333
s_label_flip,1,fadingMNB,59000,0.341
s_label_flip,1,fadingMNB,60000,0.336
s_label_flip,1,fadingMNB,61000,0.338
s_label_flip,1,fadingMNB,62000,0.344
s_label_flip,1,fadingMNB,63000,0.361
s_label_flip,1,fadingMNB,64000,0.407
s_label_flip,1,fadingMNB,65000,0.401
s_label_flip,1,fadingMNB,66000,0.366
s_label_flip,1,fadingMNB,67000,0.401
s_label_flip,1,fadingMNB,68000,0.426
s_label_flip,1,fadingMNB,69000,0.405
s_label_flip,1,fadingMNB,70000,0.478
s_label_flip,1,fadingMNB,71000,0.428
s_label_flip,1,fadingMNB,72000,0.45
s_label_flip,1,fadingMNB,73000,0.453
s_label_flip,1,fadingMNB,74000,0.48
s_label_flip,1,fadingMNB,75000,0.507
s_label_flip,1,fadingMNB,76000,0.498
s_label_flip,1,fadingMNB,77000,0.521
s_label_flip,1,fadingMNB,78000,0.525
s_label_flip,1,fadingMNB,79000,0.553
s_label_flip,1,fadingMNB,80000,0.538
s_label_flip,1,baseline-Rebuild,1000,0.688
s_label_flip,1,baseline-Rebuild,2000,0.681
s_label_flip,1,baseline-Rebuild,3000,0.695
s_label_flip,1,baseline-Rebuild,4000,0.704
s_label_flip,1,baseline-Rebuild,5000,0.702
s_label_flip,1,baseline-Rebuild,6000,0.748
s_label_flip,1,baseline-Rebuild,7000,0.725
s_label_flip,1,baseline-Rebuild,8000,0.726
s_label_flip,1,baseline-Rebuild,9000,0.725
s_label_flip,1,baseline-Rebuild,10000,0.738
s_label_flip,1,baseline-Rebuild,11000,0.738
s_label_flip,1,baseline-Rebuild,12000,0.744
s_label_flip,1,baseline-Rebuild,13000,0.761
s_label_flip,1,baseline-Rebuild,14000,0.785
s_label_flip,1,baseline-Rebuild,15000,0.768
s_label_flip,1,baseline-Rebuild,16000,0.752
s_label_flip,1,baseline-Rebuild,17000,0.711
s_label_flip,1,baseline-Rebuild,18000,0.753
s_label_flip,1,baseline-Rebuild,19000,0.76
s_label_flip,1,baseline-Rebuild,20000,0.762
s_label_flip,1,baseline-Rebuild,21000,0.71
s_label_flip,1,baseline-Rebuild,22000,0.741
s_label_flip,1,baseline-Rebuild,23000,0.691
s_label_flip,1,baseline-Rebuild,24000,0.754
s_label_flip,1,baseline-Rebuild,25000,0.747
s_label_flip,1,baseline-Rebuild,26000,0.789
s_label_flip,1,baseline-Rebuild,27000,0.758
s_label_flip,1,baseline-Rebuild,28000,0.764
s_label_flip,1,baseline-Rebuild,29000,0.74
s_label_flip,1,baseline-Rebuild,30000,0.723
s_label_flip,1,baseline-Rebuild,31000,0.751
s_label_flip,1,baseline-Rebuild,32000,0.77
s_label_flip,1,baseline-Rebuild,33000,0.762
s_label_flip,1,baseline-Rebuild,34000,0.729
s_label_flip,1,baseline-Rebuild,35000,0.748
s_label_flip,1,baseline-Rebuild,36000,0.755
s_label_flip,1,baseline-Rebuild,37000,0.734
s_label_flip,1,baseline-Rebuild,38000,0.776
s_label_flip,1,baseline-Rebuild,39000,0.78
s_label_flip,1,baseline-Rebuild,40000,0.78
s_label_flip,1,baseline-Rebuild,41000,0.244
s_label_flip,1,baseline-Rebuild,42000,0.253
s_label_flip,1,baseline-Rebuild,43000,0.269
s_label_flip,1,baseline-Rebuild,44000,0.27
s_label_flip,1,baseline-Rebuild,45000,0.523
s_label_flip,1,baseline-Rebuild,46000,0.56
s_label_flip,1,baseline-Rebuild,47000,0.621
s_label_flip,1,baseline-Rebuild,48000,0.666
s_label_flip,1,baseline-Rebuild,49000,0.715
s_label_flip,1,baseline-Rebuild,50000,0.711
s_label_flip,1,baseline-Rebuild,51000,0.746
s_label_flip,1,baseline-Rebuild,52000,0.698
s_label_flip,1,baseline-Rebuild,53000,0.766
s_label_flip,1,baseline-Rebuild,54000,0.715
s_label_flip,1,baseline-Rebuild,55000,0.739
s_label_flip,1,baseline-Rebuild,56000,0.72
s_label_flip,1,baseline-Rebuild,57000,0.745
s_label_flip,1,baseline-Rebuild,58000,0.731
s_label_flip,1,baseline-Rebuild,59000,0.723
s_label_flip,1,baseline-Rebuild,60000,0.766
s_label_flip,1,baseline-Rebuild,61000,0.759
s_label_flip,1,baseline-Rebuild,62000,0.736
s_label_flip,1,baseline-Rebuild,63000,0.738
s_label_flip,1,baseline-Rebuild,64000,0.746
s_label_flip,1,baseline-Rebuild,65000,0.746
s_label_flip,1,baseline-Rebuild,66000,0.733
s_label_flip,1,baseline-Rebuild,67000,0.767
s_label_flip,1,baseline-Rebuild,68000,0.781
s_label_flip,1,baseline-Rebuild,69000,0.747
s_label_flip,1,baseline-Rebuild,70000,0.753
s_label_flip,1,baseline-Rebuild,71000,0.768
s_label_flip,1,baseline-Rebuild,72000,0.763
s_label_flip,1,baseline-Rebuild,73000,0.734
s_label_flip,1,baseline-Rebuild,74000,0.762
s_label_flip,1,baseline-Rebuild,75000,0.768
s_label_flip,1,baseline-Rebuild,76000,0.757
s_label_flip,1,baseline-Rebuild,77000,0.765
s_label_flip,1,baseline-Rebuild,78000,0.755
s_label_flip,1,baseline-Rebuild,79000,0.743
s_label_flip,1,baseline-Rebuild,80000,0.734
s_label_flip,1,baseline-SIFR,1000,0.688
s_label_flip,1,baseline-SIFR,2000,0.681
s_label_flip,1,baseline-SIFR,3000,0.695
s_label_flip,1,baseline-SIFR,4000,0.704
s_label_flip,1,baseline-SIFR,5000,0.702
s_label_flip,1,baseline-SIFR,6000,0.748
s_label_flip,1,baseline-SIFR,7000,0.725
s_label_flip,1,baseline-SIFR,8000,0.726
s_label_flip,1,baseline-SIFR,9000,0.725
s_label_flip,1,baseline-SIFR,10000,0.738
s_label_flip,1,baseline-SIFR,11000,0.738
s_label_flip,1,baseline-SIFR,12000,0.744
s_label_flip,1,baseline-SIFR,13000,0.761
s_label_flip,1,baseline-SIFR,14000,0.785
s_label_flip,1,baseline-SIFR,15000,0.768
s_label_flip,1,baseline-SIFR,16000,0.752
s_label_flip,1,baseline-SIFR,17000,0.711
s_label_flip,1,baseline-SIFR,18000,0.753
s_label_flip,1,baseline-SIFR,19000,0.76
s_label_flip,1,baseline-SIFR,20000,0.762
s_label_flip,1,baseline-SIFR,21000,0.753
s_label_flip,1,baseline-SIFR,22000,0.756
s_label_flip,1,baseline-SIFR,23000,0.719
s_label_flip,1,baseline-SIFR,24000,0.767
s_label_flip,1,baseline-SIFR,25000,0.741
s_label_flip,1,baseline-SIFR,26000,0.79
s_label_flip,1,baseline-SIFR,27000,0.775
s_label_flip,1,baseline-SIFR,28000,0.783
s_label_flip,1,baseline-SIFR,29000,0.78
s_label_flip,1,baseline-SIFR,30000,0.734
s_label_flip,1,baseline-SIFR,31000,0.738
s_label_flip,1,baseline-SIFR,32000,0.779
s_label_flip,1,baseline-SIFR,33000,0.773
s_label_flip,1,baseline-SIFR,34000,0.736
s_label_flip,1,baseline-SIFR,35000,0.759
s_label_flip,1,baseline-SIFR,36000,0.768
s_label_flip,1,baseline-SIFR,37000,0.754
s_label_flip,1,baseline-SIFR,38000,0.765
s_label_flip,1,baseline-SIFR,39000,0.766
s_label_flip,1,baseline-SIFR,40000,0.771
s_label_flip,1,baseline-SIFR,41000,0.236
s_label_flip,1,baseline-SIFR,42000,0.254
s_label_flip,1,baseline-SIFR,43000,0.253
s_label_flip,1,baseline-SIFR,44000,0.24
s_label_flip,1,baseline-SIFR,45000,0.266
s_label_flip,1,baseline-SIFR,46000,0.244
s_label_flip,1,baseline-SIFR,47000,0.272
s_label_flip,1,baseline-SIFR,48000,0.281
s_label_flip,1,baseline-SIFR,49000,0.302
s_label_flip,1,baseline-SIFR,50000,0.357
s_label_flip,1,baseline-SIFR,51000,0.314
s_label_flip,1,baseline-SIFR,52000,0.321
s_label_flip,1,baseline-SIFR,53000,0.259
s_label_flip,1,baseline-SIFR,54000,0.273
s_label_flip,1,baseline-SIFR,55000,0.283
s_label_flip,1,baseline-SIFR,56000,0.299
s_label_flip,1,baseline-SIFR,57000,0.275
s_label_flip,1,baseline-SIFR,58000,0.294
s_label_flip,1,baseline-SIFR,59000,0.311
s_label_flip,1,baseline-SIFR,60000,0.305
s_label_flip,1,baseline-SIFR,61000,0.284
s_label_flip,1,baseline-SIFR,62000,0.303
s_label_flip,1,baseline-SIFR,63000,0.29
s_label_flip,1,baseline-SIFR,64000,0.337
s_label_flip,1,baseline-SIFR,65000,0.337
s_label_flip,1,baseline-SIFR,66000,0.315
s_label_flip,1,baseline-SIFR,67000,0.33
s_label_flip,1,baseline-SIFR,68000,0.336
s_label_flip,1,baseline-SIFR,69000,0.349
s_label_flip,1,baseline-SIFR,70000,0.401
s_label_flip,1,baseline-SIFR,71000,0.353
s_label_flip,1,baseline-SIFR,72000,0.386
s_label_flip,1,baseline-SIFR,73000,0.394
s_label_flip,1,baseline-SIFR,74000,0.405
s_label_flip,1,baseline-SIFR,75000,0.427
s_label_flip,1,baseline-SIFR,76000,0.43
s_label_flip,1,baseline-SIFR,77000,0.534
s_label_flip,1,baseline-SIFR,78000,0.562
s_label_flip,1,baseline-SIFR,79000,0.571
s_label_flip,1,baseline-SIFR,80000,0.557
s_label_flip,1,enhanced-adwin_only,1000,0.688
s_label_flip,1,enhanced-adwin_only,2000,0.681
s_label_flip,1,enhanced-adwin_only,3000,0.695
s_label_flip,1,enhanced-adwin_only,4000,0.704
s_label_flip,1,enhanced-adwin_only,5000,0.702
s_label_flip,1,enhanced-adwin_only,6000,0.748
s_label_flip,1,enhanced-adwin_only,7000,0.725
s_label_flip,1,enhanced-adwin_only,8000,0.726
s_label_flip,1,enhanced-adwin_only,9000,0.725
s_label_flip,1,enhanced-adwin_only,10000,0.738
s_label_flip,1,enhanced-adwin_only,11000,0.738
s_label_flip,1,enhanced-adwin_only,12000,0.744
s_label_flip,1,enhanced-adwin_only,13000,0.761
s_label_flip,1,enhanced-adwin_only,14000,0.785
s_label_flip,1,enhanced-adwin_only,15000,0.768
s_label_flip,1,enhanced-adwin_only,16000,0.752
s_label_flip,1,enhanced-adwin_only,17000,0.711
s_label_flip,1,enhanced-adwin_only,18000,0.753
s_label_flip,1,enhanced-adwin_only,19000,0.76
s_label_flip,1,enhanced-adwin_only,20000,0.762
s_label_flip,1,enhanced-adwin_only,21000,0.763
s_label_flip,1,enhanced-adwin_only,22000,0.765
s_label_flip,1,enhanced-adwin_only,23000,0.726
s_label_flip,1,enhanced-adwin_only,24000,0.745
s_label_flip,1,enhanced-adwin_only,25000,0.741
s_label_flip,1,enhanced-adwin_only,26000,0.776
s_label_flip,1,enhanced-adwin_only,27000,0.766
s_label_flip,1,enhanced-adwin_only,28000,0.771
s_label_flip,1,enhanced-adwin_only,29000,0.773
s_label_flip,1,enhanced-adwin_only,30000,0.734
s_label_flip,1,enhanced-adwin_only,31000,0.74
s_label_flip,1,enhanced-adwin_only,32000,0.78
s_label_flip,1,enhanced-adwin_only,33000,0.776
s_label_flip,1,enhanced-adwin_only,34000,0.76
s_label_flip,1,enhanced-adwin_only,35000,0.752
s_label_flip,1,enhanced-adwin_only,36000,0.758
s_label_flip,1,enhanced-adwin_only,37000,0.755
s_label_flip,1,enhanced-adwin_only,38000,0.77
s_label_flip,1,enhanced-adwin_only,39000,0.764
s_label_flip,1,enhanced-adwin_only,40000,0.783
s_label_flip,1,enhanced-adwin_only,41000,0.567
s_label_flip,1,enhanced-adwin_only,42000,0.704
s_label_flip,1,enhanced-adwin_only,43000,0.711
s_label_flip,1,enhanced-adwin_only,44000,0.712
s_label_flip,1,enhanced-adwin_only,45000,0.739
s_label_flip,1,enhanced-adwin_only,46000,0.712
s_label_flip,1,enhanced-adwin_only,47000,0.74
s_label_flip,1,enhanced-adwin_only,48000,0.751
s_label_flip,1,enhanced-adwin_only,49000,0.727
s_label_flip,1,enhanced-adwin_only,50000,0.715
s_label_flip,1,enhanced-adwin_only,51000,0.768
s_label_flip,1,enhanced-adwin_only,52000,0.72
s_label_flip,1,enhanced-adwin_only,53000,0.765
s_label_flip,1,enhanced-adwin_only,54000,0.725
s_label_flip,1,enhanced-adwin_only,55000,0.765
s_label_flip,1,enhanced-adwin_only,56000,0.731
s_label_flip,1,enhanced-adwin_only,57000,0.753
s_label_flip,1,enhanced-adwin_only,58000,0.732
s_label_flip,1,enhanced-adwin_only,59000,0.721
s_label_flip,1,enhanced-adwin_only,60000,0.767
s_label_flip,1,enhanced-adwin_only,61000,0.766
s_label_flip,1,enhanced-adwin_only,62000,0.737
s_label_flip,1,enhanced-adwin_only,63000,0.741
s_label_flip,1,enhanced-adwin_only,64000,0.747
s_label_flip,1,enhanced-adwin_only,65000,0.751
s_label_flip,1,enhanced-adwin_only,66000,0.745
s_label_flip,1,enhanced-adwin_only,67000,0.776
s_label_flip,1,enhanced-adwin_only,68000,0.776
s_label_flip,1,enhanced-adwin_only,69000,0.732
s_label_flip,1,enhanced-adwin_only,70000,0.758
s_label_flip,1,enhanced-adwin_only,71000,0.775
s_label_flip,1,enhanced-adwin_only,72000,0.777
s_label_flip,1,enhanced-adwin_only,73000,0.73
s_label_flip,1,enhanced-adwin_only,74000,0.776
s_label_flip,1,enhanced-adwin_only,75000,0.758
s_label_flip,1,enhanced-adwin_only,76000,0.745
s_label_flip,1,enhanced-adwin_only,77000,0.784
s_label_flip,1,enhanced-adwin_only,78000,0.763
s_label_flip,1,enhanced-adwin_only,79000,0.75
s_label_flip,1,enhanced-adwin_only,80000,0.743
s_label_flip,1,enhanced-or,1000,0.688
s_label_flip,1,enhanced-or,2000,0.681
s_label_flip,1,enhanced-or,3000,0.695
s_label_flip,1,enhanced-or,4000,0.704
s_label_flip,1,enhanced-or,5000,0.702
s_label_flip,1,enhanced-or,6000,0.748
s_label_flip,1,enhanced-or,7000,0.725
s_label_flip,1,enhanced-or,8000,0.726
s_label_flip,1,enhanced-or,9000,0.725
s_label_flip,1,enhanced-or,10000,0.738
s_label_flip,1,enhanced-or,11000,0.738
s_label_flip,1,enhanced-or,12000,0.744
s_label_flip,1,enhanced-or,13000,0.761
s_label_flip,1,enhanced-or,14000,0.785
s_label_flip,1,enhanced-or,15000,0.768
s_label_flip,1,enhanced-or,16000,0.752
s_label_flip,1,enhanced-or,17000,0.711
s_label_flip,1,enhanced-or,18000,0.753
s_label_flip,1,enhanced-or,19000,0.76
s_label_flip,1,enhanced-or,20000,0.762
s_label_flip,1,enhanced-or,21000,0.71
s_label_flip,1,enhanced-or,22000,0.741
s_label_flip,1,enhanced-or,23000,0.691
s_label_flip,1,enhanced-or,24000,0.754
s_label_flip,1,enhanced-or,25000,0.747
s_label_flip,1,enhanced-or,26000,0.789
s_label_flip,1,enhanced-or,27000,0.758
s_label_flip,1,enhanced-or,28000,0.764
s_label_flip,1,enhanced-or,29000,0.74
s_label_flip,1,enhanced-or,30000,0.723
s_label_flip,1,enhanced-or,31000,0.751
s_label_flip,1,enhanced-or,32000,0.77
s_label_flip,1,enhanced-or,33000,0.762
s_label_flip,1,enhanced-or,34000,0.729
s_label_flip,1,enhanced-or,35000,0.748
s_label_flip,1,enhanced-or,36000,0.755
s_label_flip,1,enhanced-or,37000,0.734
s_label_flip,1,enhanced-or,38000,0.776
s_label_flip,1,enhanced-or,39000,0.78
s_label_flip,1,enhanced-or,40000,0.78
s_label_flip,1,enhanced-or,41000,0.57
s_label_flip,1,enhanced-or,42000,0.704
s_label_flip,1,enhanced-or,43000,0.711
s_label_flip,1,enhanced-or,44000,0.712
s_label_flip,1,enhanced-or,45000,0.676
s_label_flip,1,enhanced-or,46000,0.678
s_label_flip,1,enhanced-or,47000,0.735
s_label_flip,1,enhanced-or,48000,0.736
s_label_flip,1,enhanced-or,49000,0.715
s_label_flip,1,enhanced-or,50000,0.711
s_label_flip,1,enhanced-or,51000,0.746
s_label_flip,1,enhanced-or,52000,0.698
s_label_flip,1,enhanced-or,53000,0.766
s_label_flip,1,enhanced-or,54000,0.715
s_label_flip,1,enhanced-or,55000,0.739
s_label_flip,1,enhanced-or,56000,0.72
s_label_flip,1,enhanced-or,57000,0.745
s_label_flip,1,enhanced-or,58000,0.731
s_label_flip,1,enhanced-or,59000,0.723
s_label_flip,1,enhanced-or,60000,0.766
s_label_flip,1,enhanced-or,61000,0.759
s_label_flip,1,enhanced-or,62000,0.736
s_label_flip,1,enhanced-or,63000,0.738
s_label_flip,1,enhanced-or,64000,0.746
s_label_flip,1,enhanced-or,65000,0.746
s_label_flip,1,enhanced-or,66000,0.733
s_label_flip,1,enhanced-or,67000,0.767
s_label_flip,1,enhanced-or,68000,0.781
s_label_flip,1,enhanced-or,69000,0.747
s_label_flip,1,enhanced-or,70000,0.753
s_label_flip,1,enhanced-or,71000,0.768
s_label_flip,1,enhanced-or,72000,0.763
s_label_flip,1,enhanced-or,73000,0.734
s_label_flip,1,enhanced-or,74000,0.762
s_label_flip,1,enhanced-or,75000,0.768
s_label_flip,1,enhanced-or,76000,0.757
s_label_flip,1,enhanced-or,77000,0.765
s_label_flip,1,enhanced-or,78000,0.755
s_label_flip,1,enhanced-or,79000,0.743
s_label_flip,1,enhanced-or,80000,0.734
s_label_flip,1,enhanced-and,1000,0.688
s_label_flip,1,enhanced-and,2000,0.681
s_label_flip,1,enhanced-and,3000,0.695
s_label_flip,1,enhanced-and,4000,0.704
s_label_flip,1,enhanced-and,5000,0.702
s_label_flip,1,enhanced-and,6000,0.748
s_label_flip,1,enhanced-and,7000,0.725
s_label_flip,1,enhanced-and,8000,0.726
s_label_flip,1,enhanced-and,9000,0.725
s_label_flip,1,enhanced-and,10000,0.738
s_label_flip,1,enhanced-and,11000,0.738
s_label_flip,1,enhanced-and,12000,0.744
s_label_flip,1,enhanced-and,13000,0.761
s_label_flip,1,enhanced-and,14000,0.785
s_label_flip,1,enhanced-and,15000,0.768
s_label_flip,1,enhanced-and,16000,0.752
s_label_flip,1,enhanced-and,17000,0.711
s_label_flip,1,enhanced-and,18000,0.753
s_label_flip,1,enhanced-and,19000,0.76
s_label_flip,1,enhanced-and,20000,0.762
s_label_flip,1,enhanced-and,21000,0.763
s_label_flip,1,enhanced-and,22000,0.765
s_label_flip,1,enhanced-and,23000,0.726
s_label_flip,1,enhanced-and,24000,0.745
s_label_flip,1,enhanced-and,25000,0.741
s_label_flip,1,enhanced-and,26000,0.776
s_label_flip,1,enhanced-and,27000,0.766
s_label_flip,1,enhanced-and,28000,0.771
s_label_flip,1,enhanced-and,29000,0.773
s_label_flip,1,enhanced-and,30000,0.734
s_label_flip,1,enhanced-and,31000,0.74
s_label_flip,1,enhanced-and,32000,0.78
s_label_flip,1,enhanced-and,33000,0.776
s_label_flip,1,enhanced-and,34000,0.76
s_label_flip,1,enhanced-and,35000,0.752
s_label_flip,1,enhanced-and,36000,0.758
s_label_flip,1,enhanced-and,37000,0.755
s_label_flip,1,enhanced-and,38000,0.77
s_label_flip,1,enhanced-and,39000,0.764
s_label_flip,1,enhanced-and,40000,0.783
s_label_flip,1,enhanced-and,41000,0.567
s_label_flip,1,enhanced-and,42000,0.704
s_label_flip,1,enhanced-and,43000,0.711
s_label_flip,1,enhanced-and,44000,0.712
s_label_flip,1,enhanced-and,45000,0.676
s_label_flip,1,enhanced-and,46000,0.678
s_label_flip,1,enhanced-and,47000,0.735
s_label_flip,1,enhanced-and,48000,0.736
s_label_flip,1,enhanced-and,49000,0.715
s_label_flip,1,enhanced-and,50000,0.711
s_label_flip,1,enhanced-and,51000,0.746
s_label_flip,1,enhanced-and,52000,0.698
s_label_flip,1,enhanced-and,53000,0.766
s_label_flip,1,enhanced-and,54000,0.715
s_label_flip,1,enhanced-and,55000,0.739
s_label_flip,1,enhanced-and,56000,0.72
s_label_flip,1,enhanced-and,57000,0.745
s_label_flip,1,enhanced-and,58000,0.731
s_label_flip,1,enhanced-and,59000,0.723
s_label_flip,1,enhanced-and,60000,0.766
s_label_flip,1,enhanced-and,61000,0.759
s_label_flip,1,enhanced-and,62000,0.736
s_label_flip,1,enhanced-and,63000,0.738
s_label_flip,1,enhanced-and,64000,0.746
s_label_flip,1,enhanced-and,65000,0.746
s_label_flip,1,enhanced-and,66000,0.733
s_label_flip,1,enhanced-and,67000,0.767
s_label_flip,1,enhanced-and,68000,0.781
s_label_flip,1,enhanced-and,69000,0.747
s_label_flip,1,enhanced-and,70000,0.753
s_label_flip,1,enhanced-and,71000,0.768
s_label_flip,1,enhanced-and,72000,0.763
s_label_flip,1,enhanced-and,73000,0.734
s_label_flip,1,enhanced-and,74000,0.762
s_label_flip,1,enhanced-and,75000,0.768
s_label_flip,1,enhanced-and,76000,0.757
s_label_flip,1,enhanced-and,77000,0.78
s_label_flip,1,enhanced-and,78000,0.759
s_label_flip,1,enhanced-and,79000,0.739
s_label_flip,1,enhanced-and,80000,0.739
s_label_flip,2,accumulativeMNB,1000,0.637
s_label_flip,2,accumulativeMNB,2000,0.668
s_label_flip,2,accumulativeMNB,3000,0.709
s_label_flip,2,accumulativeMNB,4000,0.69
s_label_flip,2,accumulativeMNB,5000,0.714
s_label_flip,2,accumulativeMNB,6000,0.736
s_label_flip,2,accumulativeMNB,7000,0.73
s_label_flip,2,accumulativeMNB,8000,0.749
s_label_flip,2,accumulativeMNB,9000,0.73
s_label_flip,2,accumulativeMNB,10000,0.76
s_label_flip,2,accumulativeMNB,11000,0.727
s_label_flip,2,accumulativeMNB,12000,0.764
s_label_flip,2,accumulativeMNB,13000,0.743
s_label_flip,2,accumulativeMNB,14000,0.743
s_label_flip,2,accumulativeMNB,15000,0.755
s_label_flip,2,accumulativeMNB,16000,0.761
s_label_flip,2,accumulativeMNB,17000,0.762
s_label_flip,2,accumulativeMNB,18000,0.765
s_label_flip,2,accumulativeMNB,19000,0.743
s_label_flip,2,accumulativeMNB,20000,0.779
s_label_flip,2,accumulativeMNB,21000,0.775
s_label_flip,2,accumulativeMNB,22000,0.767
s_label_flip,2,accumulativeMNB,23000,0.748
s_label_flip,2,accumulativeMNB,24000,0.759
s_label_flip,2,accumulativeMNB,25000,0.752
s_label_flip,2,accumulativeMNB,26000,0.752
s_label_flip,2,accumulativeMNB,27000,0.759
s_label_flip,2,accumulativeMNB,28000,0.765
s_label_flip,2,accumulativeMNB,29000,0.765
s_label_flip,2,accumulativeMNB,30000,0.747
s_label_flip,2,accumulativeMNB,31000,0.768
s_label_flip,2,accumulativeMNB,32000,0.776
s_label_flip,2,accumulativeMNB,33000,0.774
s_label_flip,2,accumulativeMNB,34000,0.761
s_label_flip,2,accumulativeMNB,35000,0.765
s_label_flip,2,accumulativeMNB,36000,0.765
s_label_flip,2,accumulativeMNB,37000,0.765
s_label_flip,2,accumulativeMNB,38000,0.725
s_label_flip,2,accumulativeMNB,39000,0.746
s_label_flip,2,accumulativeMNB,40000,0.752
s_label_flip,2,accumulativeMNB,41000,0.252
s_label_flip,2,accumulativeMNB,42000,0.233
s_label_flip,2,accumulativeMNB,43000,0.26
s_label_flip,2,accumulativeMNB,44000,0.254
s_label_flip,2,accumulativeMNB,45000,0.236
s_label_flip,2,accumulativeMNB,46000,0.241
s_label_flip,2,accumulativeMNB,47000,0.243
s_label_flip,2,accumulativeMNB,48000,0.226
s_label_flip,2,accumulativeMNB,49000,0.251
s_label_flip,2,accumulativeMNB,50000,0.258
s_label_flip,2,accumulativeMNB,51000,0.268
s_label_flip,2,accumulativeMNB,52000,0.268
s_label_flip,2,accumulativeMNB,53000,0.292
s_label_flip,2,accumulativeMNB,54000,0.282
s_label_flip,2,accumulativeMNB,55000,0.264
s_label_flip,2,accumulativeMNB,56000,0.28
s_label_flip,2,accumulativeMNB,57000,0.311
s_label_flip,2,accumulativeMNB,58000,0.276
s_label_flip,2,accumulativeMNB,59000,0.308
s_label_flip,2,accumulativeMNB,60000,0.3
s_label_flip,2,accumulativeMNB,61000,0.296
s_label_flip,2,accumulativeMNB,62000,0.31
s_label_flip,2,accumulativeMNB,63000,0.344
s_label_flip,2,accumulativeMNB,64000,0.333
s_label_flip,2,accumulativeMNB,65000,0.37
s_label_flip,2,accumulativeMNB,66000,0.319
s_label_flip,2,accumulativeMNB,67000,0.342
s_label_flip,2,accumulativeMNB,68000,0.37
s_label_flip,2,accumulativeMNB,69000,0.327
s_label_flip,2,accumulativeMNB,70000,0.374
s_label_flip,2,accumulativeMNB,71000,0.347
s_label_flip,2,accumulativeMNB,72000,0.368
s_label_flip,2,accumulativeMNB,73000,0.381
s_label_flip,2,accumulativeMNB,74000,0.428
s_label_flip,2,accumulativeMNB,75000,0.378
s_label_flip,2,accumulativeMNB,76000,0.413
s_label_flip,2,accumulativeMNB,77000,0.439
s_label_flip,2,accumulativeMNB,78000,0.469
s_label_flip,2,accumulativeMNB,79000,0.468
s_label_flip,2,accumulativeMNB,80000,0.459
s_label_flip,2,fadingMNB,1000,0.637
s_label_flip,2,fadingMNB,2000,0.671
s_label_flip,2,fadingMNB,3000,0.713
s_label_flip,2,fadingMNB,4000,0.689
s_label_flip,2,fadingMNB,5000,0.722
s_label_flip,2,fadingMNB,6000,0.732
s_label_flip,2,fadingMNB,7000,0.732
s_label_flip,2,fadingMNB,8000,0.75
s_label_flip,2,fadingMNB,9000,0.73
s_label_flip,2,fadingMNB,10000,0.761
s_label_flip,2,fadingMNB,11000,0.726
s_label_flip,2,fadingMNB,12000,0.76
s_label_flip,2,fadingMNB,13000,0.734
s_label_flip,2,fadingMNB,14000,0.752
s_label_flip,2,fadingMNB,15000,0.75
s_label_flip,2,fadingMNB,16000,0.754
s_label_flip,2,fadingMNB,17000,0.762
s_label_flip,2,fadingMNB,18000,0.763
s_label_flip,2,fadingMNB,19000,0.747
s_label_flip,2,fadingMNB,20000,0.779
s_label_flip,2,fadingMNB,21000,0.78
s_label_flip,2,fadingMNB,22000,0.763
s_label_flip,2,fadingMNB,23000,0.756
s_label_flip,2,fadingMNB,24000,0.76
s_label_flip,2,fadingMNB,25000,0.754
s_label_flip,2,fadingMNB,26000,0.759
s_label_flip,2,fadingMNB,27000,0.766
s_label_flip,2,fadingMNB,28000,0.762
s_label_flip,2,fadingMNB,29000,0.763
s_label_flip,2,fadingMNB,30000,0.748
s_label_flip,2,fadingMNB,31000,0.765
s_label_flip,2,fadingMNB,32000,0.778
s_label_flip,2,fadingMNB,33000,0.769
s_label_flip,2,fadingMNB,34000,0.759
s_label_flip,2,fadingMNB,35000,0.779
s_label_flip,2,fadingMNB,36000,0.763
s_label_flip,2,fadingMNB,37000,0.778
s_label_flip,2,fadingMNB,38000,0.734
s_label_flip,2,fadingMNB,39000,0.741
s_label_flip,2,fadingMNB,40000,0.752
s_label_flip,2,fadingMNB,41000,0.259
s_label_flip,2,fadingMNB,42000,0.245
s_label_flip,2,fadingMNB,43000,0.268
s_label_flip,2,fadingMNB,44000,0.265
s_label_flip,2,fadingMNB,45000,0.242
s_label_flip,2,fadingMNB,46000,0.25
s_label_flip,2,fadingMNB,47000,0.262
s_label_flip,2,fadingMNB,48000,0.241
s_label_flip,2,fadingMNB,49000,0.264
s_label_flip,2,fadingMNB,50000,0.271
s_label_flip,2,fadingMNB,51000,0.3
s_label_flip,2,fadingMNB,52000,0.308
s_label_flip,2,fadingMNB,53000,0.321
s_label_flip,2,fadingMNB,54000,0.323
s_label_flip,2,fadingMNB,55000,0.296
s_label_flip,2,fadingMNB,56000,0.302
s_label_flip,2,fadingMNB,57000,0.343
s_label_flip,2,fadingMNB,58000,0.303
s_label_flip,2,fadingMNB,59000,0.344
s_label_flip,2,fadingMNB,60000,0.341
s_label_flip,2,fadingMNB,61000,0.36
s_label_flip,2,fadingMNB,62000,0.357
s_label_flip,2,fadingMNB,63000,0.397
s_label_flip,2,fadingMNB,64000,0.402
s_label_flip,2,fadingMNB,65000,0.435
s_label_flip,2,fadingMNB,66000,0.37
s_label_flip,2,fadingMNB,67000,0.422
s_label_flip,2,fadingMNB,68000,0.438
s_label_flip,2,fadingMNB,69000,0.398
s_label_flip,2,fadingMNB,70000,0.452
s_label_flip,2,fadingMNB,71000,0.453
s_label_flip,2,fadingMNB,72000,0.445
s_label_flip,2,fadingMNB,73000,0.464
s_label_flip,2,fadingMNB,74000,0.497
s_label_flip,2,fadingMNB,75000,0.46
s_label_flip,2,fadingMNB,76000,0.497
s_label_flip,2,fadingMNB,77000,0.531
s_label_flip,2,fadingMNB,78000,0.564
s_label_flip,2,fadingMNB,79000,0.538
s_label_flip,2,fadingMNB,80000,0.514
s_label_flip,2,baseline-Rebuild,1000,0.637
s_label_flip,2,baseline-Rebuild,2000,0.668
s_label_flip,2,baseline-Rebuild,3000,0.709
s_label_flip,2,baseline-Rebuild,4000,0.69
s_label_flip,2,baseline-Rebuild,5000,0.714
s_label_flip,2,baseline-Rebuild,6000,0.736
s_label_flip,2,baseline-Rebuild,7000,0.73
s_label_flip,2,baseline-Rebuild,8000,0.749
s_label_flip,2,baseline-Rebuild,9000,0.73
s_label_flip,2,baseline-Rebuild,10000,0.76
s_label_flip,2,baseline-Rebuild,11000,0.727
s_label_flip,2,baseline-Rebuild,12000,0.764
s_label_flip,2,baseline-Rebuild,13000,0.743
s_label_flip,2,baseline-Rebuild,14000,0.743
s_label_flip,2,baseline-Rebuild,15000,0.755
s_label_flip,2,baseline-Rebuild,16000,0.761
s_label_flip,2,baseline-Rebuild,17000,0.762
s_label_flip,2,baseline-Rebuild,18000,0.765
s_label_flip,2,baseline-Rebuild,19000,0.743
s_label_flip,2,baseline-Rebuild,20000,0.779
s_label_flip,2,baseline-Rebuild,21000,0.775
s_label_flip,2,baseline-Rebuild,22000,0.767
s_label_flip,2,baseline-Rebuild,23000,0.748
s_label_flip,2,baseline-Rebuild,24000,0.759
s_label_flip,2,baseline-Rebuild,25000,0.743
s_label_flip,2,baseline-Rebuild,26000,0.746
s_label_flip,2,baseline-Rebuild,27000,0.766
s_label_flip,2,baseline-Rebuild,28000,0.756
s_label_flip,2,baseline-Rebuild,29000,0.746
s_label_flip,2,baseline-Rebuild,30000,0.739
s_label_flip,2,baseline-Rebuild,31000,0.758
s_label_flip,2,baseline-Rebuild,32000,0.752
s_label_flip,2,baseline-Rebuild,33000,0.727
s_label_flip,2,baseline-Rebuild,34000,0.731
s_label_flip,2,baseline-Rebuild,35000,0.763
s_label_flip,2,baseline-Rebuild,36000,0.74
s_label_flip,2,baseline-Rebuild,37000,0.726
s_label_flip,2,baseline-Rebuild,38000,0.707
s_label_flip,2,baseline-Rebuild,39000,0.719
s_label_flip,2,baseline-Rebuild,40000,0.734
s_label_flip,2,baseline-Rebuild,41000,0.303
s_label_flip,2,baseline-Rebuild,42000,0.288
s_label_flip,2,baseline-Rebuild,43000,0.305
s_label_flip,2,baseline-Rebuild,44000,0.335
s_label_flip,2,baseline-Rebuild,45000,0.348
s_label_flip,2,baseline-Rebuild,46000,0.38
s_label_flip,2,baseline-Rebuild,47000,0.413
s_label_flip,2,baseline-Rebuild,48000,0.504
s_label_flip,2,baseline-Rebuild,49000,0.514
s_label_flip,2,baseline-Rebuild,50000,0.577
s_label_flip,2,baseline-Rebuild,51000,0.611
s_label_flip,2,baseline-Rebuild,52000,0.605
s_label_flip,2,baseline-Rebuild,53000,0.724
s_label_flip,2,baseline-Rebuild,54000,0.735
s_label_flip,2,baseline-Rebuild,55000,0.77
s_label_flip,2,baseline-Rebuild,56000,0.764
s_label_flip,2,baseline-Rebuild,57000,0.735
s_label_flip,2,baseline-Rebuild,58000,0.753
s_label_flip,2,baseline-Rebuild,59000,0.756
s_label_flip,2,baseline-Rebuild,60000,0.735
s_label_flip,2,baseline-Rebuild,61000,0.768
s_label_flip,2,baseline-Rebuild,62000,0.749
s_label_flip,2,baseline-Rebuild,63000,0.758
s_label_flip,2,baseline-Rebuild,64000,0.751
s_label_flip,2,baseline-Rebuild,65000,0.719
s_label_flip,2,baseline-Rebuild,66000,0.721
s_label_flip,2,baseline-Rebuild,67000,0.736
s_label_flip,2,baseline-Rebuild,68000,0.735
s_label_flip,2,baseline-Rebuild,69000,0.751
s_label_flip,2,baseline-Rebuild,70000,0.73
s_label_flip,2,baseline-Rebuild,71000,0.754
s_label_flip,2,baseline-Rebuild,72000,0.771
s_label_flip,2,baseline-Rebuild,73000,0.742
s_label_flip,2,baseline-Rebuild,74000,0.753
s_label_flip,2,baseline-Rebuild,75000,0.742
s_label_flip,2,baseline-Rebuild,76000,0.742
s_label_flip,2,baseline-Rebuild,77000,0.734
s_label_flip,2,baseline-Rebuild,78000,0.773
s_label_flip,2,baseline-Rebuild,79000,0.741
s_label_flip,2,baseline-Rebuild,80000,0.739
s_label_flip,2,baseline-SIFR,1000,0.637
s_label_flip,2,baseline-SIFR,2000,0.668
s_label_flip,2,baseline-SIFR,3000,0.709
s_label_flip,2,baseline-SIFR,4000,0.69
s_label_flip,2,baseline-SIFR,5000,0.714
s_label_flip,2,baseline-SIFR,6000,0.736
s_label_flip,2,baseline-SIFR,7000,0.73
s_label_flip,2,baseline-SIFR,8000,0.749
s_label_flip,2,baseline-SIFR,9000,0.73
s_label_flip,2,baseline-SIFR,10000,0.76
s_label_flip,2,baseline-SIFR,11000,0.727
s_label_flip,2,baseline-SIFR,12000,0.764
s_label_flip,2,baseline-SIFR,13000,0.743
s_label_flip,2,baseline-SIFR,14000,0.743
s_label_flip,2,baseline-SIFR,15000,0.755
s_label_flip,2,baseline-SIFR,16000,0.761
s_label_flip,2,baseline-SIFR,17000,0.762
s_label_flip,2,baseline-SIFR,18000,0.765
s_label_flip,2,baseline-SIFR,19000,0.743
s_label_flip,2,baseline-SIFR,20000,0.779
s_label_flip,2,baseline-SIFR,21000,0.775
s_label_flip,2,baseline-SIFR,22000,0.767
s_label_flip,2,baseline-SIFR,23000,0.748
s_label_flip,2,baseline-SIFR,24000,0.759
s_label_flip,2,baseline-SIFR,25000,0.75
s_label_flip,2,baseline-SIFR,26000,0.757
s_label_flip,2,baseline-SIFR,27000,0.761
s_label_flip,2,baseline-SIFR,28000,0.768
s_label_flip,2,baseline-SIFR,29000,0.759
s_label_flip,2,baseline-SIFR,30000,0.753
s_label_flip,2,baseline-SIFR,31000,0.764
s_label_flip,2,baseline-SIFR,32000,0.762
s_label_flip,2,baseline-SIFR,33000,0.761
s_label_flip,2,baseline-SIFR,34000,0.755
s_label_flip,2,baseline-SIFR,35000,0.778
s_label_flip,2,baseline-SIFR,36000,0.76
s_label_flip,2,baseline-SIFR,37000,0.765
s_label_flip,2,baseline-SIFR,38000,0.725
s_label_flip,2,baseline-SIFR,39000,0.746
s_label_flip,2,baseline-SIFR,40000,0.752
s_label_flip,2,baseline-SIFR,41000,0.252
s_label_flip,2,baseline-SIFR,42000,0.233
s_label_flip,2,baseline-SIFR,43000,0.26
s_label_flip,2,baseline-SIFR,44000,0.254
s_label_flip,2,baseline-SIFR,45000,0.236
s_label_flip,2,baseline-SIFR,46000,0.241
s_label_flip,2,baseline-SIFR,47000,0.243
s_label_flip,2,baseline-SIFR,48000,0.226
s_label_flip,2,baseline-SIFR,49000,0.251
s_label_flip,2,baseline-SIFR,50000,0.258
s_label_flip,2,baseline-SIFR,51000,0.268
s_label_flip,2,baseline-SIFR,52000,0.268
s_label_flip,2,baseline-SIFR,53000,0.355
s_label_flip,2,baseline-SIFR,54000,0.356
s_label_flip,2,baseline-SIFR,55000,0.348
s_label_flip,2,baseline-SIFR,56000,0.344
s_label_flip,2,baseline-SIFR,57000,0.368
s_label_flip,2,baseline-SIFR,58000,0.347
s_label_flip,2,baseline-SIFR,59000,0.377
s_label_flip,2,baseline-SIFR,60000,0.375
s_label_flip,2,baseline-SIFR,61000,0.403
s_label_flip,2,baseline-SIFR,62000,0.383
s_label_flip,2,baseline-SIFR,63000,0.438
s_label_flip,2,baseline-SIFR,64000,0.437
s_label_flip,2,baseline-SIFR,65000,0.486
s_label_flip,2,baseline-SIFR,66000,0.419
s_label_flip,2,baseline-SIFR,67000,0.466
s_label_flip,2,baseline-SIFR,68000,0.5
s_label_flip,2,baseline-SIFR,69000,0.327
s_label_flip,2,baseline-SIFR,70000,0.374
s_label_flip,2,baseline-SIFR,71000,0.347
s_label_flip,2,baseline-SIFR,72000,0.368
s_label_flip,2,baseline-SIFR,73000,0.381
s_label_flip,2,baseline-SIFR,74000,0.428
s_label_flip,2,baseline-SIFR,75000,0.378
s_label_flip,2,baseline-SIFR,76000,0.413
s_label_flip,2,baseline-SIFR,77000,0.439
s_label_flip,2,baseline-SIFR,78000,0.469
s_label_flip,2,baseline-SIFR,79000,0.468
s_label_flip,2,baseline-SIFR,80000,0.459
s_label_flip,2,enhanced-adwin_only,1000,0.637
s_label_flip,2,enhanced-adwin_only,2000,0.668
s_label_flip,2,enhanced-adwin_only,3000,0.709
s_label_flip,2,enhanced-adwin_only,4000,0.69
s_label_flip,2,enhanced-adwin_only,5000,0.714
s_label_flip,2,enhanced-adwin_only,6000,0.736
s_label_flip,2,enhanced-adwin_only,7000,0.73
s_label_flip,2,enhanced-adwin_only,8000,0.749
s_label_flip,2,enhanced-adwin_only,9000,0.73
s_label_flip,2,enhanced-adwin_only,10000,0.76
s_label_flip,2,enhanced-adwin_only,11000,0.727
s_label_flip,2,enhanced-adwin_only,12000,0.764
s_label_flip,2,enhanced-adwin_only,13000,0.743
s_label_flip,2,enhanced-adwin_only,14000,0.743
s_label_flip,2,enhanced-adwin_only,15000,0.755
s_label_flip,2,enhanced-adwin_only,16000,0.761
s_label_flip,2,enhanced-adwin_only,17000,0.762
s_label_flip,2,enhanced-adwin_only,18000,0.765
s_label_flip,2,enhanced-adwin_only,19000,0.743
s_label_flip,2,enhanced-adwin_only,20000,0.779
s_label_flip,2,enhanced-adwin_only,21000,0.775
s_label_flip,2,enhanced-adwin_only,22000,0.767
s_label_flip,2,enhanced-adwin_only,23000,0.748
s_label_flip,2,enhanced-adwin_only,24000,0.759
s_label_flip,2,enhanced-adwin_only,25000,0.752
s_label_flip,2,enhanced-adwin_only,26000,0.752
s_label_flip,2,enhanced-adwin_only,27000,0.759
s_label_flip,2,enhanced-adwin_only,28000,0.765
s_label_flip,2,enhanced-adwin_only,29000,0.765
s_label_flip,2,enhanced-adwin_only,30000,0.747
s_label_flip,2,enhanced-adwin_only,31000,0.768
s_label_flip,2,enhanced-adwin_only,32000,0.776
s_label_flip,2,enhanced-adwin_only,33000,0.774
s_label_flip,2,enhanced-adwin_only,34000,0.761
s_label_flip,2,enhanced-adwin_only,35000,0.765
s_label_flip,2,enhanced-adwin_only,36000,0.765
s_label_flip,2,enhanced-adwin_only,37000,0.765
s_label_flip,2,enhanced-adwin_only,38000,0.725
s_label_flip,2,enhanced-adwin_only,39000,0.746
s_label_flip,2,enhanced-adwin_only,40000,0.752
s_label_flip,2,enhanced-adwin_only,41000,0.559
s_label_flip,2,enhanced-adwin_only,42000,0.677
s_label_flip,2,enhanced-adwin_only,43000,0.689
s_label_flip,2,enhanced-adwin_only,44000,0.687
s_label_flip,2,enhanced-adwin_only,45000,0.721
s_label_flip,2,enhanced-adwin_only,46000,0.736
s_label_flip,2,enhanced-adwin_only,47000,0.719
s_label_flip,2,enhanced-adwin_only,48000,0.773
s_label_flip,2,enhanced-adwin_only,49000,0.749
s_label_flip,2,enhanced-adwin_only,50000,0.718
s_label_flip,2,enhanced-adwin_only,51000,0.748
s_label_flip,2,enhanced-adwin_only,52000,0.725
s_label_flip,2,enhanced-adwin_only,53000,0.718
s_label_flip,2,enhanced-adwin_only,54000,0.734
s_label_flip,2,enhanced-adwin_only,55000,0.768
s_label_flip,2,enhanced-adwin_only,56000,0.764
s_label_flip,2,enhanced-adwin_only,57000,0.736
s_label_flip,2,enhanced-adwin_only,58000,0.757
s_label_flip,2,enhanced-adwin_only,59000,0.758
s_label_flip,2,enhanced-adwin_only,60000,0.731
s_label_flip,2,enhanced-adwin_only,61000,0.761
s_label_flip,2,enhanced-adwin_only,62000,0.751
s_label_flip,2,enhanced-adwin_only,63000,0.754
s_label_flip,2,enhanced-adwin_only,64000,0.75
s_label_flip,2,enhanced-adwin_only,65000,0.758
s_label_flip,2,enhanced-adwin_only,66000,0.745
s_label_flip,2,enhanced-adwin_only,67000,0.757
s_label_flip,2,enhanced-adwin_only,68000,0.758
s_label_flip,2,enhanced-adwin_only,69000,0.758
s_label_flip,2,enhanced-adwin_only,70000,0.757
s_label_flip,2,enhanced-adwin_only,71000,0.77
s_label_flip,2,enhanced-adwin_only,72000,0.761
s_label_flip,2,enhanced-adwin_only,73000,0.776
s_label_flip,2,enhanced-adwin_only,74000,0.78
s_label_flip,2,enhanced-adwin_only,75000,0.737
s_label_flip,2,enhanced-adwin_only,76000,0.761
s_label_flip,2,enhanced-adwin_only,77000,0.745
s_label_flip,2,enhanced-adwin_only,78000,0.766
s_label_flip,2,enhanced-adwin_only,79000,0.747
s_label_flip,2,enhanced-adwin_only,80000,0.747
s_label_flip,2,enhanced-or,1000,0.637
s_label_flip,2,enhanced-or,2000,0.668
s_label_flip,2,enhanced-or,3000,0.709
s_label_flip,2,enhanced-or,4000,0.69
s_label_flip,2,enhanced-or,5000,0.714
s_label_flip,2,enhanced-or,6000,0.736
s_label_flip,2,enhanced-or,7000,0.73
s_label_flip,2,enhanced-or,8000,0.749
s_label_flip,2,enhanced-or,9000,0.73
s_label_flip,2,enhanced-or,10000,0.76
s_label_flip,2,enhanced-or,11000,0.727
s_label_flip,2,enhanced-or,12000,0.764
s_label_flip,2,enhanced-or,13000,0.743
s_label_flip,2,enhanced-or,14000,0.743
s_label_flip,2,enhanced-or,15000,0.755
s_label_flip,2,enhanced-or,16000,0.761
s_label_flip,2,enhanced-or,17000,0.762
s_label_flip,2,enhanced-or,18000,0.765
s_label_flip,2,enhanced-or,19000,0.743
s_label_flip,2,enhanced-or,20000,0.779
s_label_flip,2,enhanced-or,21000,0.775
s_label_flip,2,enhanced-or,22000,0.767
s_label_flip,2,enhanced-or,23000,0.748
s_label_flip,2,enhanced-or,24000,0.759
s_label_flip,2,enhanced-or,25000,0.743
s_label_flip,2,enhanced-or,26000,0.746
s_label_flip,2,enhanced-or,27000,0.766
s_label_flip,2,enhanced-or,28000,0.756
s_label_flip,2,enhanced-or,29000,0.746
s_label_flip,2,enhanced-or,30000,0.739
s_label_flip,2,enhanced-or,31000,0.758
s_label_flip,2,enhanced-or,32000,0.752
s_label_flip,2,enhanced-or,33000,0.727
s_label_flip,2,enhanced-or,34000,0.731
s_label_flip,2,enhanced-or,35000,0.763
s_label_flip,2,enhanced-or,36000,0.74
s_label_flip,2,enhanced-or,37000,0.726
s_label_flip,2,enhanced-or,38000,0.709
s_label_flip,2,enhanced-or,39000,0.733
s_label_flip,2,enhanced-or,40000,0.739
s_label_flip,2,enhanced-or,41000,0.558
s_label_flip,2,enhanced-or,42000,0.677
s_label_flip,2,enhanced-or,43000,0.689
s_label_flip,2,enhanced-or,44000,0.687
s_label_flip,2,enhanced-or,45000,0.721
s_label_flip,2,enhanced-or,46000,0.736
s_label_flip,2,enhanced-or,47000,0.719
s_label_flip,2,enhanced-or,48000,0.773
s_label_flip,2,enhanced-or,49000,0.749
s_label_flip,2,enhanced-or,50000,0.718
s_label_flip,2,enhanced-or,51000,0.748
s_label_flip,2,enhanced-or,52000,0.725
s_label_flip,2,enhanced-or,53000,0.724
s_label_flip,2,enhanced-or,54000,0.735
s_label_flip,2,enhanced-or,55000,0.77
s_label_flip,2,enhanced-or,56000,0.764
s_label_flip,2,enhanced-or,57000,0.735
s_label_flip,2,enhanced-or,58000,0.753
s_label_flip,2,enhanced-or,59000,0.756
s_label_flip,2,enhanced-or,60000,0.735
s_label_flip,2,enhanced-or,61000,0.768
s_label_flip,2,enhanced-or,62000,0.749
s_label_flip,2,enhanced-or,63000,0.758
s_label_flip,2,enhanced-or,64000,0.751
s_label_flip,2,enhanced-or,65000,0.719
s_label_flip,2,enhanced-or,66000,0.721
s_label_flip,2,enhanced-or,67000,0.736
s_label_flip,2,enhanced-or,68000,0.735
s_label_flip,2,enhanced-or,69000,0.751
s_label_flip,2,enhanced-or,70000,0.73
s_label_flip,2,enhanced-or,71000,0.754
s_label_flip,2,enhanced-or,72000,0.771
s_label_flip,2,enhanced-or,73000,0.742
s_label_flip,2,enhanced-or,74000,0.753
s_label_flip,2,enhanced-or,75000,0.742
s_label_flip,2,enhanced-or,76000,0.742
s_label_flip,2,enhanced-or,77000,0.734
s_label_flip,2,enhanced-or,78000,0.773
s_label_flip,2,enhanced-or,79000,0.741
s_label_flip,2,enhanced-or,80000,0.739
s_label_flip,2,enhanced-and,1000,0.637
s_label_flip,2,enhanced-and,2000,0.668
s_label_flip,2,enhanced-and,3000,0.709
s_label_flip,2,enhanced-and,4000,0.69
s_label_flip,2,enhanced-and,5000,0.714
s_label_flip,2,enhanced-and,6000,0.736
s_label_flip,2,enhanced-and,7000,0.73
s_label_flip,2,enhanced-and,8000,0.749
s_label_flip,2,enhanced-and,9000,0.73
s_label_flip,2,enhanced-and,10000,0.76
s_label_flip,2,enhanced-and,11000,0.727
s_label_flip,2,enhanced-and,12000,0.764
s_label_flip,2,enhanced-and,13000,0.743
s_label_flip,2,enhanced-and,14000,0.743
s_label_flip,2,enhanced-and,15000,0.755
s_label_flip,2,enhanced-and,16000,0.761
s_label_flip,2,enhanced-and,17000,0.762
s_label_flip,2,enhanced-and,18000,0.765
s_label_flip,2,enhanced-and,19000,0.743
s_label_flip,2,enhanced-and,20000,0.779
s_label_flip,2,enhanced-and,21000,0.775
s_label_flip,2,enhanced-and,22000,0.767
s_label_flip,2,enhanced-and,23000,0.748
s_label_flip,2,enhanced-and,24000,0.759
s_label_flip,2,enhanced-and,25000,0.752
s_label_flip,2,enhanced-and,26000,0.752
s_label_flip,2,enhanced-and,27000,0.759
s_label_flip,2,enhanced-and,28000,0.765
s_label_flip,2,enhanced-and,29000,0.765
s_label_flip,2,enhanced-and,30000,0.747
s_label_flip,2,enhanced-and,31000,0.768
s_label_flip,2,enhanced-and,32000,0.776
s_label_flip,2,enhanced-and,33000,0.774
s_label_flip,2,enhanced-and,34000,0.761
s_label_flip,2,enhanced-and,35000,0.765
s_label_flip,2,enhanced-and,36000,0.765
s_label_flip,2,enhanced-and,37000,0.765
s_label_flip,2,enhanced-and,38000,0.725
s_label_flip,2,enhanced-and,39000,0.746
s_label_flip,2,enhanced-and,40000,0.752
s_label_flip,2,enhanced-and,41000,0.252
s_label_flip,2,enhanced-and,42000,0.233
s_label_flip,2,enhanced-and,43000,0.26
s_label_flip,2,enhanced-and,44000,0.254
s_label_flip,2,enhanced-and,45000,0.72
s_label_flip,2,enhanced-and,46000,0.746
s_label_flip,2,enhanced-and,47000,0.725
s_label_flip,2,enhanced-and,48000,0.77
s_label_flip,2,enhanced-and,49000,0.755
s_label_flip,2,enhanced-and,50000,0.723
s_label_flip,2,enhanced-and,51000,0.754
s_label_flip,2,enhanced-and,52000,0.731
s_label_flip,2,enhanced-and,53000,0.724
s_label_flip,2,enhanced-and,54000,0.735
s_label_flip,2,enhanced-and,55000,0.77
s_label_flip,2,enhanced-and,56000,0.764
s_label_flip,2,enhanced-and,57000,0.735
s_label_flip,2,enhanced-and,58000,0.753
s_label_flip,2,enhanced-and,59000,0.756
s_label_flip,2,enhanced-and,60000,0.735
s_label_flip,2,enhanced-and,61000,0.768
s_label_flip,2,enhanced-and,62000,0.749
s_label_flip,2,enhanced-and,63000,0.758
s_label_flip,2,enhanced-and,64000,0.751
s_label_flip,2,enhanced-and,65000,0.755
s_label_flip,2,enhanced-and,66000,0.747
s_label_flip,2,enhanced-and,67000,0.755
s_label_flip,2,enhanced-and,68000,0.755
s_label_flip,2,enhanced-and,69000,0.76
s_label_flip,2,enhanced-and,70000,0.752
s_label_flip,2,enhanced-and,71000,0.767
s_label_flip,2,enhanced-and,72000,0.759
s_label_flip,2,enhanced-and,73000,0.778
s_label_flip,2,enhanced-and,74000,0.78
s_label_flip,2,enhanced-and,75000,0.742
s_label_flip,2,enhanced-and,76000,0.755
s_label_flip,2,enhanced-and,77000,0.746
s_label_flip,2,enhanced-and,78000,0.769
s_label_flip,2,enhanced-and,79000,0.751
s_label_flip,2,enhanced-and,80000,0.744
s_label_flip,3,accumulativeMNB,1000,0.628
s_label_flip,3,accumulativeMNB,2000,0.675
s_label_flip,3,accumulativeMNB,3000,0.741
s_label_flip,3,accumulativeMNB,4000,0.691
s_label_flip,3,accumulativeMNB,5000,0.687
s_label_flip,3,accumulativeMNB,6000,0.746
s_label_flip,3,accumulativeMNB,7000,0.719
s_label_flip,3,accumulativeMNB,8000,0.742
s_label_flip,3,accumulativeMNB,9000,0.746
s_label_flip,3,accumulativeMNB,10000,0.772
s_label_flip,3,accumulativeMNB,11000,0.74
s_label_flip,3,accumulativeMNB,12000,0.743
s_label_flip,3,accumulativeMNB,13000,0.756
s_label_flip,3,accumulativeMNB,14000,0.77
s_label_flip,3,accumulativeMNB,15000,0.739
s_label_flip,3,accumulativeMNB,16000,0.744
s_label_flip,3,accumulativeMNB,17000,0.742
s_label_flip,3,accumulativeMNB,18000,0.746
s_label_flip,3,accumulativeMNB,19000,0.761
s_label_flip,3,accumulativeMNB,20000,0.747
s_label_flip,3,accumulativeMNB,21000,0.767
s_label_flip,3,accumulativeMNB,22000,0.754
s_label_flip,3,accumulativeMNB,23000,0.765
s_label_flip,3,accumulativeMNB,24000,0.739
s_label_flip,3,accumulativeMNB,25000,0.744
s_label_flip,3,accumulativeMNB,26000,0.749
s_label_flip,3,accumulativeMNB,27000,0.755
s_label_flip,3,accumulativeMNB,28000,0.785
s_label_flip,3,accumulativeMNB,29000,0.765
s_label_flip,3,accumulativeMNB,30000,0.754
s_label_flip,3,accumulativeMNB,31000,0.747
s_label_flip,3,accumulativeMNB,32000,0.738
s_label_flip,3,accumulativeMNB,33000,0.766
s_label_flip,3,accumulativeMNB,34000,0.743
s_label_flip,3,accumulativeMNB,35000,0.783
s_label_flip,3,accumulativeMNB,36000,0.765
s_label_flip,3,accumulativeMNB,37000,0.777
s_label_flip,3,accumulativeMNB,38000,0.74
s_label_flip,3,accumulativeMNB,39000,0.757
s_label_flip,3,accumulativeMNB,40000,0.764
s_label_flip,3,accumulativeMNB,41000,0.229
s_label_flip,3,accumulativeMNB,42000,0.222
s_label_flip,3,accumulativeMNB,43000,0.254
s_label_flip,3,accumulativeMNB,44000,0.211
s_label_flip,3,accumulativeMNB,45000,0.252
s_label_flip,3,accumulativeMNB,46000,0.229
s_label_flip,3,accumulativeMNB,47000,0.261
s_label_flip,3,accumulativeMNB,48000,0.243
s_label_flip,3,accumulativeMNB,49000,0.227
s_label_flip,3,accumulativeMNB,50000,0.267
s_label_flip,3,accumulativeMNB,51000,0.265
s_label_flip,3,accumulativeMNB,52000,0.249
s_label_flip,3,accumulativeMNB,53000,0.294
s_label_flip,3,accumulativeMNB,54000,0.276
s_label_flip,3,accumulativeMNB,55000,0.259
s_label_flip,3,accumulativeMNB,56000,0.294
s_label_flip,3,accumulativeMNB,57000,0.298
s_label_flip,3,accumulativeMNB,58000,0.264
s_label_flip,3,accumulativeMNB,59000,0.273
s_label_flip,3,accumulativeMNB,60000,0.28
s_label_flip,3,accumulativeMNB,61000,0.292
s_label_flip,3,accumulativeMNB,62000,0.31
s_label_flip,3,accumulativeMNB,63000,0.297
s_label_flip,3,accumulativeMNB,64000,0.314
s_label_flip,3,accumulativeMNB,65000,0.325
s_label_flip,3,accumulativeMNB,66000,0.317
s_label_flip,3,accumulativeMNB,67000,0.344
s_label_flip,3,accumulativeMNB,68000,0.347
s_label_flip,3,accumulativeMNB,69000,0.346
s_label_flip,3,accumulativeMNB,70000,0.35
s_label_flip,3,accumulativeMNB,71000,0.386
s_label_flip,3,accumulativeMNB,72000,0.36
s_label_flip,3,accumulativeMNB,73000,0.382
s_label_flip,3,accumulativeMNB,74000,0.395
s_label_flip,3,accumulativeMNB,75000,0.403
s_label_flip,3,accumulativeMNB,76000,0.418
s_label_flip,3,accumulativeMNB,77000,0.467
s_label_flip,3,accumulativeMNB,78000,0.466
s_label_flip,3,accumulativeMNB,79000,0.474
s_label_flip,3,accumulativeMNB,80000,0.494
s_label_flip,3,fadingMNB,1000,0.627
s_label_flip,3,fadingMNB,2000,0.674
s_label_flip,3,fadingMNB,3000,0.743
s_label_flip,3,fadingMNB,4000,0.694
s_label_flip,3,fadingMNB,5000,0.691
s_label_flip,3,fadingMNB,6000,0.742
s_label_flip,3,fadingMNB,7000,0.722
s_label_flip,3,fadingMNB,8000,0.744
s_label_flip,3,fadingMNB,9000,0.748
s_label_flip,3,fadingMNB,10000,0.773
s_label_flip,3,fadingMNB,11000,0.747
s_label_flip,3,fadingMNB,12000,0.741
s_label_flip,3,fadingMNB,13000,0.761
s_label_flip,3,fadingMNB,14000,0.77
s_label_flip,3,fadingMNB,15000,0.743
s_label_flip,3,fadingMNB,16000,0.744
s_label_flip,3,fadingMNB,17000,0.749
s_label_flip,3,fadingMNB,18000,0.75
s_label_flip,3,fadingMNB,19000,0.77
s_label_flip,3,fadingMNB,20000,0.755
s_label_flip,3,fadingMNB,21000,0.765
s_label_flip,3,fadingMNB,22000,0.754
s_label_flip,3,fadingMNB,23000,0.765
s_label_flip,3,fadingMNB,24000,0.743
s_label_flip,3,fadingMNB,25000,0.742
s_label_flip,3,fadingMNB,26000,0.754
s_label_flip,3,fadingMNB,27000,0.76
s_label_flip,3,fadingMNB,28000,0.779
s_label_flip,3,fadingMNB,29000,0.772
s_label_flip,3,fadingMNB,30000,0.764
s_label_flip,3,fadingMNB,31000,0.744
s_label_flip,3,fadingMNB,32000,0.747
s_label_flip,3,fadingMNB,33000,0.776
s_label_flip,3,fadingMNB,34000,0.747
s_label_flip,3,fadingMNB,35000,0.777
s_label_flip,3,fadingMNB,36000,0.765
s_label_flip,3,fadingMNB,37000,0.776
s_label_flip,3,fadingMNB,38000,0.737
s_label_flip,3,fadingMNB,39000,0.767
s_label_flip,3,fadingMNB,40000,0.762
s_label_flip,3,fadingMNB,41000,0.23
s_label_flip,3,fadingMNB,42000,0.229
s_label_flip,3,fadingMNB,43000,0.243
s_label_flip,3,fadingMNB,44000,0.219
s_label_flip,3,fadingMNB,45000,0.276
s_label_flip,3,fadingMNB,46000,0.235
s_label_flip,3,fadingMNB,47000,0.28
s_label_flip,3,fadingMNB,48000,0.253
s_label_flip,3,fadingMNB,49000,0.271
s_label_flip,3,fadingMNB,50000,0.288
s_label_flip,3,fadingMNB,51000,0.285
s_label_flip,3,fadingMNB,52000,0.271
s_label_flip,3,fadingMNB,53000,0.313
s_label_flip,3,fadingMNB,54000,0.299
s_label_flip,3,fadingMNB,55000,0.3
s_label_flip,3,fadingMNB,56000,0.34
s_label_flip,3,fadingMNB,57000,0.326
s_label_flip,3,fadingMNB,58000,0.327
s_label_flip,3,fadingMNB,59000,0.344
s_label_flip,3,fadingMNB,60000,0.34
s_label_flip,3,fadingMNB,61000,0.352
s_label_flip,3,fadingMNB,62000,0.372
s_label_flip,3,fadingMNB,63000,0.361
s_label_flip,3,fadingMNB,64000,0.383
s_label_flip,3,fadingMNB,65000,0.4
s_label_flip,3,fadingMNB,66000,0.393
s_label_flip,3,fadingMNB,67000,0.414
s_label_flip,3,fadingMNB,68000,0.42
s_label_flip,3,fadingMNB,69000,0.421
s_label_flip,3,fadingMNB,70000,0.423
s_label_flip,3,fadingMNB,71000,0.473
s_label_flip,3,fadingMNB,72000,0.457
s_label_flip,3,fadingMNB,73000,0.459
s_label_flip,3,fadingMNB,74000,0.49
s_label_flip,3,fadingMNB,75000,0.477
s_label_flip,3,fadingMNB,76000,0.497
s_label_flip,3,fadingMNB,77000,0.517
s_label_flip,3,fadingMNB,78000,0.555
s_label_flip,3,fadingMNB,79000,0.539
s_label_flip,3,fadingMNB,80000,0.558
s_label_flip,3,baseline-Rebuild,1000,0.628
s_label_flip,3,baseline-Rebuild,2000,0.675
s_label_flip,3,baseline-Rebuild,3000,0.741
s_label_flip,3,baseline-Rebuild,4000,0.691
s_label_flip,3,baseline-Rebuild,5000,0.687
s_label_flip,3,baseline-Rebuild,6000,0.746
s_label_flip,3,baseline-Rebuild,7000,0.719
s_label_flip,3,baseline-Rebuild,8000,0.742
s_label_flip,3,baseline-Rebuild,9000,0.746
s_label_flip,3,baseline-Rebuild,10000,0.772
s_label_flip,3,baseline-Rebuild,11000,0.74
s_label_flip,3,baseline-Rebuild,12000,0.743
s_label_flip,3,baseline-Rebuild,13000,0.756
s_label_flip,3,baseline-Rebuild,14000,0.77
s_label_flip,3,baseline-Rebuild,15000,0.739
s_label_flip,3,baseline-Rebuild,16000,0.744
s_label_flip,3,baseline-Rebuild,17000,0.742
s_label_flip,3,baseline-Rebuild,18000,0.746
s_label_flip,3,baseline-Rebuild,19000,0.761
s_label_flip,3,baseline-Rebuild,20000,0.747
s_label_flip,3,baseline-Rebuild,21000,0.756
s_label_flip,3,baseline-Rebuild,22000,0.744
s_label_flip,3,baseline-Rebuild,23000,0.742
s_label_flip,3,baseline-Rebuild,24000,0.732
s_label_flip,3,baseline-Rebuild,25000,0.731
s_label_flip,3,baseline-Rebuild,26000,0.745
s_label_flip,3,baseline-Rebuild,27000,0.734
s_label_flip,3,baseline-Rebuild,28000,0.784
s_label_flip,3,baseline-Rebuild,29000,0.761
s_label_flip,3,baseline-Rebuild,30000,0.742
s_label_flip,3,baseline-Rebuild,31000,0.743
s_label_flip,3,baseline-Rebuild,32000,0.74
s_label_flip,3,baseline-Rebuild,33000,0.751
s_label_flip,3,baseline-Rebuild,34000,0.759
s_label_flip,3,baseline-Rebuild,35000,0.766
s_label_flip,3,baseline-Rebuild,36000,0.729
s_label_flip,3,baseline-Rebuild,37000,0.76
s_label_flip,3,baseline-Rebuild,38000,0.736
s_label_flip,3,baseline-Rebuild,39000,0.769
s_label_flip,3,baseline-Rebuild,40000,0.747
s_label_flip,3,baseline-Rebuild,41000,0.256
s_label_flip,3,baseline-Rebuild,42000,0.263
s_label_flip,3,baseline-Rebuild,43000,0.27
s_label_flip,3,baseline-Rebuild,44000,0.247
s_label_flip,3,baseline-Rebuild,45000,0.717
s_label_flip,3,baseline-Rebuild,46000,0.749
s_label_flip,3,baseline-Rebuild,47000,0.731
s_label_flip,3,baseline-Rebuild,48000,0.755
s_label_flip,3,baseline-Rebuild,49000,0.727
s_label_flip,3,baseline-Rebuild,50000,0.743
s_label_flip,3,baseline-Rebuild,51000,0.741
s_label_flip,3,baseline-Rebuild,52000,0.735
s_label_flip,3,baseline-Rebuild,53000,0.743
s_label_flip,3,baseline-Rebuild,54000,0.733
s_label_flip,3,baseline-Rebuild,55000,0.749
s_label_flip,3,baseline-Rebuild,56000,0.752
s_label_flip,3,baseline-Rebuild,57000,0.753
s_label_flip,3,baseline-Rebuild,58000,0.748
s_label_flip,3,baseline-Rebuild,59000,0.765
s_label_flip,3,baseline-Rebuild,60000,0.745
s_label_flip,3,baseline-Rebuild,61000,0.742
s_label_flip,3,baseline-Rebuild,62000,0.74
s_label_flip,3,baseline-Rebuild,63000,0.734
s_label_flip,3,baseline-Rebuild,64000,0.728
s_label_flip,3,baseline-Rebuild,65000,0.754
s_label_flip,3,baseline-Rebuild,66000,0.773
s_label_flip,3,baseline-Rebuild,67000,0.755
s_label_flip,3,baseline-Rebuild,68000,0.74
s_label_flip,3,baseline-Rebuild,69000,0.754
s_label_flip,3,baseline-Rebuild,70000,0.78
s_label_flip,3,baseline-Rebuild,71000,0.778
s_label_flip,3,baseline-Rebuild,72000,0.766
s_label_flip,3,baseline-Rebuild,73000,0.749
s_label_flip,3,baseline-Rebuild,74000,0.747
s_label_flip,3,baseline-Rebuild,75000,0.747
s_label_flip,3,baseline-Rebuild,76000,0.773
s_label_flip,3,baseline-Rebuild,77000,0.75
s_label_flip,3,baseline-Rebuild,78000,0.761
s_label_flip,3,baseline-Rebuild,79000,0.75
s_label_flip,3,baseline-Rebuild,80000,0.732
s_label_flip,3,baseline-SIFR,1000,0.628
s_label_flip,3,baseline-SIFR,2000,0.675
s_label_flip,3,baseline-SIFR,3000,0.741
s_label_flip,3,baseline-SIFR,4000,0.691
s_label_flip,3,baseline-SIFR,5000,0.687
s_label_flip,3,baseline-SIFR,6000,0.746
s_label_flip,3,baseline-SIFR,7000,0.719
s_label_flip,3,baseline-SIFR,8000,0.742
s_label_flip,3,baseline-SIFR,9000,0.746
s_label_flip,3,baseline-SIFR,10000,0.772
s_label_flip,3,baseline-SIFR,11000,0.74
s_label_flip,3,baseline-SIFR,12000,0.743
s_label_flip,3,baseline-SIFR,13000,0.756
s_label_flip,3,baseline-SIFR,14000,0.77
s_label_flip,3,baseline-SIFR,15000,0.739
s_label_flip,3,baseline-SIFR,16000,0.744
s_label_flip,3,baseline-SIFR,17000,0.742
s_label_flip,3,baseline-SIFR,18000,0.746
s_label_flip,3,baseline-SIFR,19000,0.761
s_label_flip,3,baseline-SIFR,20000,0.747
s_label_flip,3,baseline-SIFR,21000,0.756
s_label_flip,3,baseline-SIFR,22000,0.752
s_label_flip,3,baseline-SIFR,23000,0.761
s_label_flip,3,baseline-SIFR,24000,0.756
s_label_flip,3,baseline-SIFR,25000,0.745
s_label_flip,3,baseline-SIFR,26000,0.754
s_label_flip,3,baseline-SIFR,27000,0.757
s_label_flip,3,baseline-SIFR,28000,0.773
s_label_flip,3,baseline-SIFR,29000,0.772
s_label_flip,3,baseline-SIFR,30000,0.758
s_label_flip,3,baseline-SIFR,31000,0.735
s_label_flip,3,baseline-SIFR,32000,0.741
s_label_flip,3,baseline-SIFR,33000,0.774
s_label_flip,3,baseline-SIFR,34000,0.741
s_label_flip,3,baseline-SIFR,35000,0.771
s_label_flip,3,baseline-SIFR,36000,0.759
s_label_flip,3,baseline-SIFR,37000,0.777
s_label_flip,3,baseline-SIFR,38000,0.74
s_label_flip,3,baseline-SIFR,39000,0.757
s_label_flip,3,baseline-SIFR,40000,0.764
s_label_flip,3,baseline-SIFR,41000,0.229
s_label_flip,3,baseline-SIFR,42000,0.222
s_label_flip,3,baseline-SIFR,43000,0.254
s_label_flip,3,baseline-SIFR,44000,0.211
s_label_flip,3,baseline-SIFR,45000,0.281
s_label_flip,3,baseline-SIFR,46000,0.246
s_label_flip,3,baseline-SIFR,47000,0.301
s_label_flip,3,baseline-SIFR,48000,0.283
s_label_flip,3,baseline-SIFR,49000,0.31
s_label_flip,3,baseline-SIFR,50000,0.309
s_label_flip,3,baseline-SIFR,51000,0.322
s_label_flip,3,baseline-SIFR,52000,0.303
s_label_flip,3,baseline-SIFR,53000,0.341
s_label_flip,3,baseline-SIFR,54000,0.333
s_label_flip,3,baseline-SIFR,55000,0.344
s_label_flip,3,baseline-SIFR,56000,0.37
s_label_flip,3,baseline-SIFR,57000,0.382
s_label_flip,3,baseline-SIFR,58000,0.372
s_label_flip,3,baseline-SIFR,59000,0.374
s_label_flip,3,baseline-SIFR,60000,0.389
s_label_flip,3,baseline-SIFR,61000,0.429
s_label_flip,3,baseline-SIFR,62000,0.424
s_label_flip,3,baseline-SIFR,63000,0.43
s_label_flip,3,baseline-SIFR,64000,0.438
s_label_flip,3,baseline-SIFR,65000,0.325
s_label_flip,3,baseline-SIFR,66000,0.317
s_label_flip,3,baseline-SIFR,67000,0.344
s_label_flip,3,baseline-SIFR,68000,0.347
s_label_flip,3,baseline-SIFR,69000,0.346
s_label_flip,3,baseline-SIFR,70000,0.35
s_label_flip,3,baseline-SIFR,71000,0.386
s_label_flip,3,baseline-SIFR,72000,0.36
s_label_flip,3,baseline-SIFR,73000,0.382
s_label_flip,3,baseline-SIFR,74000,0.395
s_label_flip,3,baseline-SIFR,75000,0.403
s_label_flip,3,baseline-SIFR,76000,0.418
s_label_flip,3,baseline-SIFR,77000,0.467
s_label_flip,3,baseline-SIFR,78000,0.466
s_label_flip,3,baseline-SIFR,79000,0.474
s_label_flip,3,baseline-SIFR,80000,0.494
s_label_flip,3,enhanced-adwin_only,1000,0.628
s_label_flip,3,enhanced-adwin_only,2000,0.675
s_label_flip,3,enhanced-adwin_only,3000,0.741
s_label_flip,3,enhanced-adwin_only,4000,0.691
s_label_flip,3,enhanced-adwin_only,5000,0.687
s_label_flip,3,enhanced-adwin_only,6000,0.746
s_label_flip,3,enhanced-adwin_only,7000,0.719
s_label_flip,3,enhanced-adwin_only,8000,0.742
s_label_flip,3,enhanced-adwin_only,9000,0.746
s_label_flip,3,enhanced-adwin_only,10000,0.772
s_label_flip,3,enhanced-adwin_only,11000,0.74
s_label_flip,3,enhanced-adwin_only,12000,0.743
s_label_flip,3,enhanced-adwin_only,13000,0.756
s_label_flip,3,enhanced-adwin_only,14000,0.77
s_label_flip,3,enhanced-adwin_only,15000,0.739
s_label_flip,3,enhanced-adwin_only,16000,0.744
s_label_flip,3,enhanced-adwin_only,17000,0.742
s_label_flip,3,enhanced-adwin_only,18000,0.746
s_label_flip,3,enhanced-adwin_only,19000,0.761
s_label_flip,3,enhanced-adwin_only,20000,0.747
s_label_flip,3,enhanced-adwin_only,21000,0.767
s_label_flip,3,enhanced-adwin_only,22000,0.754
s_label_flip,3,enhanced-adwin_only,23000,0.765
s_label_flip,3,enhanced-adwin_only,24000,0.739
s_label_flip,3,enhanced-adwin_only,25000,0.744
s_label_flip,3,enhanced-adwin_only,26000,0.749
s_label_flip,3,enhanced-adwin_only,27000,0.755
s_label_flip,3,enhanced-adwin_only,28000,0.785
s_label_flip,3,enhanced-adwin_only,29000,0.765
s_label_flip,3,enhanced-adwin_only,30000,0.754
s_label_flip,3,enhanced-adwin_only,31000,0.747
s_label_flip,3,enhanced-adwin_only,32000,0.738
s_label_flip,3,enhanced-adwin_only,33000,0.766
s_label_flip,3,enhanced-adwin_only,34000,0.743
s_label_flip,3,enhanced-adwin_only,35000,0.783
s_label_flip,3,enhanced-adwin_only,36000,0.765
s_label_flip,3,enhanced-adwin_only,37000,0.777
s_label_flip,3,enhanced-adwin_only,38000,0.74
s_label_flip,3,enhanced-adwin_only,39000,0.757
s_label_flip,3,enhanced-adwin_only,40000,0.764
s_label_flip,3,enhanced-adwin_only,41000,0.556
s_label_flip,3,enhanced-adwin_only,42000,0.68
s_label_flip,3,enhanced-adwin_only,43000,0.675
s_label_flip,3,enhanced-adwin_only,44000,0.72
s_label_flip,3,enhanced-adwin_only,45000,0.713
s_label_flip,3,enhanced-adwin_only,46000,0.739
s_label_flip,3,enhanced-adwin_only,47000,0.736
s_label_flip,3,enhanced-adwin_only,48000,0.747
s_label_flip,3,enhanced-adwin_only,49000,0.728
s_label_flip,3,enhanced-adwin_only,50000,0.733
s_label_flip,3,enhanced-adwin_only,51000,0.741
s_label_flip,3,enhanced-adwin_only,52000,0.733
s_label_flip,3,enhanced-adwin_only,53000,0.743
s_label_flip,3,enhanced-adwin_only,54000,0.736
s_label_flip,3,enhanced-adwin_only,55000,0.748
s_label_flip,3,enhanced-adwin_only,56000,0.753
s_label_flip,3,enhanced-adwin_only,57000,0.752
s_label_flip,3,enhanced-adwin_only,58000,0.748
s_label_flip,3,enhanced-adwin_only,59000,0.765
s_label_flip,3,enhanced-adwin_only,60000,0.742
s_label_flip,3,enhanced-adwin_only,61000,0.761
s_label_flip,3,enhanced-adwin_only,62000,0.744
s_label_flip,3,enhanced-adwin_only,63000,0.734
s_label_flip,3,enhanced-adwin_only,64000,0.737
s_label_flip,3,enhanced-adwin_only,65000,0.751
s_label_flip,3,enhanced-adwin_only,66000,0.764
s_label_flip,3,enhanced-adwin_only,67000,0.751
s_label_flip,3,enhanced-adwin_only,68000,0.767
s_label_flip,3,enhanced-adwin_only,69000,0.763
s_label_flip,3,enhanced-adwin_only,70000,0.798
s_label_flip,3,enhanced-adwin_only,71000,0.776
s_label_flip,3,enhanced-adwin_only,72000,0.77
s_label_flip,3,enhanced-adwin_only,73000,0.754
s_label_flip,3,enhanced-adwin_only,74000,0.761
s_label_flip,3,enhanced-adwin_only,75000,0.765
s_label_flip,3,enhanced-adwin_only,76000,0.762
s_label_flip,3,enhanced-adwin_only,77000,0.76
s_label_flip,3,enhanced-adwin_only,78000,0.764
s_label_flip,3,enhanced-adwin_only,79000,0.751
s_label_flip,3,enhanced-adwin_only,80000,0.755
s_label_flip,3,enhanced-or,1000,0.628
s_label_flip,3,enhanced-or,2000,0.675
s_label_flip,3,enhanced-or,3000,0.741
s_label_flip,3,enhanced-or,4000,0.691
s_label_flip,3,enhanced-or,5000,0.687
s_label_flip,3,enhanced-or,6000,0.746
s_label_flip,3,enhanced-or,7000,0.719
s_label_flip,3,enhanced-or,8000,0.742
s_label_flip,3,enhanced-or,9000,0.746
s_label_flip,3,enhanced-or,10000,0.772
s_label_flip,3,enhanced-or,11000,0.74
s_label_flip,3,enhanced-or,12000,0.743
s_label_flip,3,enhanced-or,13000,0.756
s_label_flip,3,enhanced-or,14000,0.77
s_label_flip,3,enhanced-or,15000,0.739
s_label_flip,3,enhanced-or,16000,0.744
s_label_flip,3,enhanced-or,17000,0.742
s_label_flip,3,enhanced-or,18000,0.746
s_label_flip,3,enhanced-or,19000,0.761
s_label_flip,3,enhanced-or,20000,0.747
s_label_flip,3,enhanced-or,21000,0.756
s_label_flip,3,enhanced-or,22000,0.744
s_label_flip,3,enhanced-or,23000,0.742
s_label_flip,3,enhanced-or,24000,0.732
s_label_flip,3,enhanced-or,25000,0.731
s_label_flip,3,enhanced-or,26000,0.745
s_label_flip,3,enhanced-or,27000,0.734
s_label_flip,3,enhanced-or,28000,0.784
s_label_flip,3,enhanced-or,29000,0.761
s_label_flip,3,enhanced-or,30000,0.742
s_label_flip,3,enhanced-or,31000,0.743
s_label_flip,3,enhanced-or,32000,0.74
s_label_flip,3,enhanced-or,33000,0.751
s_label_flip,3,enhanced-or,34000,0.759
s_label_flip,3,enhanced-or,35000,0.766
s_label_flip,3,enhanced-or,36000,0.729
s_label_flip,3,enhanced-or,37000,0.76
s_label_flip,3,enhanced-or,38000,0.736
s_label_flip,3,enhanced-or,39000,0.769
s_label_flip,3,enhanced-or,40000,0.747
s_label_flip,3,enhanced-or,41000,0.538
s_label_flip,3,enhanced-or,42000,0.67
s_label_flip,3,enhanced-or,43000,0.668
s_label_flip,3,enhanced-or,44000,0.717
s_label_flip,3,enhanced-or,45000,0.717
s_label_flip,3,enhanced-or,46000,0.749
s_label_flip,3,enhanced-or,47000,0.731
s_label_flip,3,enhanced-or,48000,0.755
s_label_flip,3,enhanced-or,49000,0.727
s_label_flip,3,enhanced-or,50000,0.743
s_label_flip,3,enhanced-or,51000,0.741
s_label_flip,3,enhanced-or,52000,0.735
s_label_flip,3,enhanced-or,53000,0.743
s_label_flip,3,enhanced-or,54000,0.733
s_label_flip,3,enhanced-or,55000,0.749
s_label_flip,3,enhanced-or,56000,0.752
s_label_flip,3,enhanced-or,57000,0.753
s_label_flip,3,enhanced-or,58000,0.748
s_label_flip,3,enhanced-or,59000,0.765
s_label_flip,3,enhanced-or,60000,0.745
s_label_flip,3,enhanced-or,61000,0.742
s_label_flip,3,enhanced-or,62000,0.74
s_label_flip,3,enhanced-or,63000,0.734
s_label_flip,3,enhanced-or,64000,0.728
s_label_flip,3,enhanced-or,65000,0.754
s_label_flip,3,enhanced-or,66000,0.773
s_label_flip,3,enhanced-or,67000,0.755
s_label_flip,3,enhanced-or,68000,0.74
s_label_flip,3,enhanced-or,69000,0.754
s_label_flip,3,enhanced-or,70000,0.78
s_label_flip,3,enhanced-or,71000,0.778
s_label_flip,3,enhanced-or,72000,0.766
s_label_flip,3,enhanced-or,73000,0.749
s_label_flip,3,enhanced-or,74000,0.747
s_label_flip,3,enhanced-or,75000,0.747
s_label_flip,3,enhanced-or,76000,0.773
s_label_flip,3,enhanced-or,77000,0.75
s_label_flip,3,enhanced-or,78000,0.761
s_label_flip,3,enhanced-or,79000,0.75
s_label_flip,3,enhanced-or,80000,0.732
s_label_flip,3,enhanced-and,1000,0.628
s_label_flip,3,enhanced-and,2000,0.675
s_label_flip,3,enhanced-and,3000,0.741
s_label_flip,3,enhanced-and,4000,0.691
s_label_flip,3,enhanced-and,5000,0.687
s_label_flip,3,enhanced-and,6000,0.746
s_label_flip,3,enhanced-and,7000,0.719
s_label_flip,3,enhanced-and,8000,0.742
s_label_flip,3,enhanced-and,9000,0.746
s_label_flip,3,enhanced-and,10000,0.772
s_label_flip,3,enhanced-and,11000,0.74
s_label_flip,3,enhanced-and,12000,0.743
s_label_flip,3,enhanced-and,13000,0.756
s_label_flip,3,enhanced-and,14000,0.77
s_label_flip,3,enhanced-and,15000,0.739
s_label_flip,3,enhanced-and,16000,0.744
s_label_flip,3,enhanced-and,17000,0.742
s_label_flip,3,enhanced-and,18000,0.746
s_label_flip,3,enhanced-and,19000,0.761
s_label_flip,3,enhanced-and,20000,0.747
s_label_flip,3,enhanced-and,21000,0.767
s_label_flip,3,enhanced-and,22000,0.754
s_label_flip,3,enhanced-and,23000,0.765
s_label_flip,3,enhanced-and,24000,0.739
s_label_flip,3,enhanced-and,25000,0.744
s_label_flip,3,enhanced-and,26000,0.749
s_label_flip,3,enhanced-and,27000,0.755
s_label_flip,3,enhanced-and,28000,0.785
s_label_flip,3,enhanced-and,29000,0.765
s_label_flip,3,enhanced-and,30000,0.754
s_label_flip,3,enhanced-and,31000,0.747
s_label_flip,3,enhanced-and,32000,0.738
s_label_flip,3,enhanced-and,33000,0.766
s_label_flip,3,enhanced-and,34000,0.743
s_label_flip,3,enhanced-and,35000,0.783
s_label_flip,3,enhanced-and,36000,0.765
s_label_flip,3,enhanced-and,37000,0.777
s_label_flip,3,enhanced-and,38000,0.74
s_label_flip,3,enhanced-and,39000,0.757
s_label_flip,3,enhanced-and,40000,0.764
s_label_flip,3,enhanced-and,41000,0.229
s_label_flip,3,enhanced-and,42000,0.222
s_label_flip,3,enhanced-and,43000,0.254
s_label_flip,3,enhanced-and,44000,0.211
s_label_flip,3,enhanced-and,45000,0.717
s_label_flip,3,enhanced-and,46000,0.749
s_label_flip,3,enhanced-and,47000,0.731
s_label_flip,3,enhanced-and,48000,0.755
s_label_flip,3,enhanced-and,49000,0.727
s_label_flip,3,enhanced-and,50000,0.743
s_label_flip,3,enhanced-and,51000,0.741
s_label_flip,3,enhanced-and,52000,0.735
s_label_flip,3,enhanced-and,53000,0.743
s_label_flip,3,enhanced-and,54000,0.733
s_label_flip,3,enhanced-and,55000,0.749
s_label_flip,3,enhanced-and,56000,0.752
s_label_flip,3,enhanced-and,57000,0.753
s_label_flip,3,enhanced-and,58000,0.748
s_label_flip,3,enhanced-and,59000,0.765
s_label_flip,3,enhanced-and,60000,0.745
s_label_flip,3,enhanced-and,61000,0.766
s_label_flip,3,enhanced-and,62000,0.746
s_label_flip,3,enhanced-and,63000,0.732
s_label_flip,3,enhanced-and,64000,0.735
s_label_flip,3,enhanced-and,65000,0.752
s_label_flip,3,enhanced-and,66000,0.757
s_label_flip,3,enhanced-and,67000,0.756
s_label_flip,3,enhanced-and,68000,0.768
s_label_flip,3,enhanced-and,69000,0.764
s_label_flip,3,enhanced-and,70000,0.798
s_label_flip,3,enhanced-and,71000,0.776
s_label_flip,3,enhanced-and,72000,0.77
s_label_flip,3,enhanced-and,73000,0.753
s_label_flip,3,enhanced-and,74000,0.763
s_label_flip,3,enhanced-and,75000,0.763
s_label_flip,3,enhanced-and,76000,0.764
s_label_flip,3,enhanced-and,77000,0.756
s_label_flip,3,enhanced-and,78000,0.763
s_label_flip,3,enhanced-and,79000,0.749
s_label_flip,3,enhanced-and,80000,0.755
s_label_flip,4,accumulativeMNB,1000,0.633
s_label_flip,4,accumulativeMNB,2000,0.673
s_label_flip,4,accumulativeMNB,3000,0.718
s_label_flip,4,accumulativeMNB,4000,0.721
s_label_flip,4,accumulativeMNB,5000,0.724
s_label_flip,4,accumulativeMNB,6000,0.704
s_label_flip,4,accumulativeMNB,7000,0.728
s_label_flip,4,accumulativeMNB,8000,0.72
s_label_flip,4,accumulativeMNB,9000,0.726
s_label_flip,4,accumulativeMNB,10000,0.736
s_label_flip,4,accumulativeMNB,11000,0.737
s_label_flip,4,accumulativeMNB,12000,0.739
s_label_flip,4,accumulativeMNB,13000,0.746
s_label_flip,4,accumulativeMNB,14000,0.76
s_label_flip,4,accumulativeMNB,15000,0.747
s_label_flip,4,accumulativeMNB,16000,0.755
s_label_flip,4,accumulativeMNB,17000,0.755
s_label_flip,4,accumulativeMNB,18000,0.74
s_label_flip,4,accumulativeMNB,19000,0.753
s_label_flip,4,accumulativeMNB,20000,0.746
s_label_flip,4,accumulativeMNB,21000,0.756
s_label_flip,4,accumulativeMNB,22000,0.732
s_label_flip,4,accumulativeMNB,23000,0.749
s_label_flip,4,accumulativeMNB,24000,0.741
s_label_flip,4,accumulativeMNB,25000,0.774
s_label_flip,4,accumulativeMNB,26000,0.751
s_label_flip,4,accumulativeMNB,27000,0.759
s_label_flip,4,accumulativeMNB,28000,0.749
s_label_flip,4,accumulativeMNB,29000,0.752
s_label_flip,4,accumulativeMNB,30000,0.722
s_label_flip,4,accumulativeMNB,31000,0.767
s_label_flip,4,accumulativeMNB,32000,0.763
s_label_flip,4,accumulativeMNB,33000,0.742
s_label_flip,4,accumulativeMNB,34000,0.768
s_label_flip,4,accumulativeMNB,35000,0.761
s_label_flip,4,accumulativeMNB,36000,0.746
s_label_flip,4,accumulativeMNB,37000,0.783
s_label_flip,4,accumulativeMNB,38000,0.759
s_label_flip,4,accumulativeMNB,39000,0.755
s_label_flip,4,accumulativeMNB,40000,0.769
s_label_flip,4,accumulativeMNB,41000,0.246
s_label_flip,4,accumulativeMNB,42000,0.254
s_label_flip,4,accumulativeMNB,43000,0.24
s_label_flip,4,accumulativeMNB,44000,0.236
s_label_flip,4,accumulativeMNB,45000,0.269
s_label_flip,4,accumulativeMNB,46000,0.267
s_label_flip,4,accumulativeMNB,47000,0.287
s_label_flip,4,accumulativeMNB,48000,0.258
s_label_flip,4,accumulativeMNB,49000,0.27
s_label_flip,4,accumulativeMNB,50000,0.259
s_label_flip,4,accumulativeMNB,51000,0.268
s_label_flip,4,accumulativeMNB,52000,0.276
s_label_flip,4,accumulativeMNB,53000,0.288
s_label_flip,4,accumulativeMNB,54000,0.283
s_label_flip,4,accumulativeMNB,55000,0.264
s_label_flip,4,accumulativeMNB,56000,0.272
s_label_flip,4,accumulativeMNB,57000,0.259
s_label_flip,4,accumulativeMNB,58000,0.284
s_label_flip,4,accumulativeMNB,59000,0.3
s_label_flip,4,accumulativeMNB,60000,0.274
s_label_flip,4,accumulativeMNB,61000,0.292
s_label_flip,4,accumulativeMNB,62000,0.297
s_label_flip,4,accumulativeMNB,63000,0.324
s_label_flip,4,accumulativeMNB,64000,0.353
s_label_flip,4,accumulativeMNB,65000,0.305
s_label_flip,4,accumulativeMNB,66000,0.336
s_label_flip,4,accumulativeMNB,67000,0.345
s_label_flip,4,accumulativeMNB,68000,0.351
s_label_flip,4,accumulativeMNB,69000,0.363
s_label_flip,4,accumulativeMNB,70000,0.363
s_label_flip,4,accumulativeMNB,71000,0.362
s_label_flip,4,accumulativeMNB,72000,0.374
s_label_flip,4,accumulativeMNB,73000,0.399
s_label_flip,4,accumulativeMNB,74000,0.425
s_label_flip,4,accumulativeMNB,75000,0.397
s_label_flip,4,accumulativeMNB,76000,0.441
s_label_flip,4,accumulativeMNB,77000,0.44
s_label_flip,4,accumulativeMNB,78000,0.475
s_label_flip,4,accumulativeMNB,79000,0.468
s_label_flip,4,accumulativeMNB,80000,0.527
s_label_flip,4,fadingMNB,1000,0.634
s_label_flip,4,fadingMNB,2000,0.673
s_label_flip,4,fadingMNB,3000,0.722
s_label_flip,4,fadingMNB,4000,0.721
s_label_flip,4,fadingMNB,5000,0.725
s_label_flip,4,fadingMNB,6000,0.709
s_label_flip,4,fadingMNB,7000,0.73
s_label_flip,4,fadingMNB,8000,0.721
s_label_flip,4,fadingMNB,9000,0.724
s_label_flip,4,fadingMNB,10000,0.737
s_label_flip,4,fadingMNB,11000,0.739
s_label_flip,4,fadingMNB,12000,0.738
s_label_flip,4,fadingMNB,13000,0.752
s_label_flip,4,fadingMNB,14000,0.764
s_label_flip,4,fadingMNB,15000,0.747
s_label_flip,4,fadingMNB,16000,0.763
s_label_flip,4,fadingMNB,17000,0.759
s_label_flip,4,fadingMNB,18000,0.74
s_label_flip,4,fadingMNB,19000,0.757
s_label_flip,4,fadingMNB,20000,0.744
s_label_flip,4,fadingMNB,21000,0.758
s_label_flip,4,fadingMNB,22000,0.738
s_label_flip,4,fadingMNB,23000,0.755
s_label_flip,4,fadingMNB,24000,0.749
s_label_flip,4,fadingMNB,25000,0.782
s_label_flip,4,fadingMNB,26000,0.754
s_label_flip,4,fadingMNB,27000,0.762
s_label_flip,4,fadingMNB,28000,0.749
s_label_flip,4,fadingMNB,29000,0.757
s_label_flip,4,fadingMNB,30000,0.728
s_label_flip,4,fadingMNB,31000,0.758
s_label_flip,4,fadingMNB,32000,0.772
s_label_flip,4,fadingMNB,33000,0.738
s_label_flip,4,fadingMNB,34000,0.772
s_label_flip,4,fadingMNB,35000,0.757
s_label_flip,4,fadingMNB,36000,0.739
s_label_flip,4,fadingMNB,37000,0.782
s_label_flip,4,fadingMNB,38000,0.763
s_label_flip,4,fadingMNB,39000,0.755
s_label_flip,4,fadingMNB,40000,0.773
s_label_flip,4,fadingMNB,41000,0.248
s_label_flip,4,fadingMNB,42000,0.254
s_label_flip,4,fadingMNB,43000,0.254
s_label_flip,4,fadingMNB,44000,0.242
s_label_flip,4,fadingMNB,45000,0.274
s_label_flip,4,fadingMNB,46000,0.276
s_label_flip,4,fadingMNB,47000,0.293
s_label_flip,4,fadingMNB,48000,0.275
s_label_flip,4,fadingMNB,49000,0.282
s_label_flip,4,fadingMNB,50000,0.285
s_label_flip,4,fadingMNB,51000,0.286
s_label_flip,4,fadingMNB,52000,0.294
s_label_flip,4,fadingMNB,53000,0.333
s_label_flip,4,fadingMNB,54000,0.313
s_label_flip,4,fadingMNB,55000,0.296
s_label_flip,4,fadingMNB,56000,0.295
s_label_flip,4,fadingMNB,57000,0.304
s_label_flip,4,fadingMNB,58000,0.32
s_label_flip,4,fadingMNB,59000,0.361
s_label_flip,4,fadingMNB,60000,0.315
s_label_flip,4,fadingMNB,61000,0.343
s_label_flip,4,fadingMNB,62000,0.355
s_label_flip,4,fadingMNB,63000,0.368
s_label_flip,4,fadingMNB,64000,0.414
s_label_flip,4,fadingMNB,65000,0.383
s_label_flip,4,fadingMNB,66000,0.426
s_label_flip,4,fadingMNB,67000,0.43
s_label_flip,4,fadingMNB,68000,0.436
s_label_flip,4,fadingMNB,69000,0.421
s_label_flip,4,fadingMNB,70000,0.426
s_label_flip,4,fadingMNB,71000,0.442
s_label_flip,4,fadingMNB,72000,0.466
s_label_flip,4,fadingMNB,73000,0.48
s_label_flip,4,fadingMNB,74000,0.486
s_label_flip,4,fadingMNB,75000,0.47
s_label_flip,4,fadingMNB,76000,0.534
s_label_flip,4,fadingMNB,77000,0.535
s_label_flip,4,fadingMNB,78000,0.554
s_label_flip,4,fadingMNB,79000,0.537
s_label_flip,4,fadingMNB,80000,0.606
s_label_flip,4,baseline-Rebuild,1000,0.633
s_label_flip,4,baseline-Rebuild,2000,0.673
s_label_flip,4,baseline-Rebuild,3000,0.718
s_label_flip,4,baseline-Rebuild,4000,0.721
s_label_flip,4,baseline-Rebuild,5000,0.724
s_label_flip,4,baseline-Rebuild,6000,0.704
s_label_flip,4,baseline-Rebuild,7000,0.728
s_label_flip,4,baseline-Rebuild,8000,0.72
s_label_flip,4,baseline-Rebuild,9000,0.726
s_label_flip,4,baseline-Rebuild,10000,0.736
s_label_flip,4,baseline-Rebuild,11000,0.737
s_label_flip,4,baseline-Rebuild,12000,0.739
s_label_flip,4,baseline-Rebuild,13000,0.746
s_label_flip,4,baseline-Rebuild,14000,0.76
s_label_flip,4,baseline-Rebuild,15000,0.747
s_label_flip,4,baseline-Rebuild,16000,0.755
s_label_flip,4,baseline-Rebuild,17000,0.755
s_label_flip,4,baseline-Rebuild,18000,0.74
s_label_flip,4,baseline-Rebuild,19000,0.753
s_label_flip,4,baseline-Rebuild,20000,0.746
s_label_flip,4,baseline-Rebuild,21000,0.713
s_label_flip,4,baseline-Rebuild,22000,0.704
s_label_flip,4,baseline-Rebuild,23000,0.734
s_label_flip,4,baseline-Rebuild,24000,0.74
s_label_flip,4,baseline-Rebuild,25000,0.751
s_label_flip,4,baseline-Rebuild,26000,0.722
s_label_flip,4,baseline-Rebuild,27000,0.754
s_label_flip,4,baseline-Rebuild,28000,0.763
s_label_flip,4,baseline-Rebuild,29000,0.741
s_label_flip,4,baseline-Rebuild,30000,0.726
s_label_flip,4,baseline-Rebuild,31000,0.738
s_label_flip,4,baseline-Rebuild,32000,0.75
s_label_flip,4,baseline-Rebuild,33000,0.716
s_label_flip,4,baseline-Rebuild,34000,0.739
s_label_flip,4,baseline-Rebuild,35000,0.729
s_label_flip,4,baseline-Rebuild,36000,0.715
s_label_flip,4,baseline-Rebuild,37000,0.742
s_label_flip,4,baseline-Rebuild,38000,0.75
s_label_flip,4,baseline-Rebuild,39000,0.742
s_label_flip,4,baseline-Rebuild,40000,0.748
s_label_flip,4,baseline-Rebuild,41000,0.261
s_label_flip,4,baseline-Rebuild,42000,0.289
s_label_flip,4,baseline-Rebuild,43000,0.303
s_label_flip,4,baseline-Rebuild,44000,0.282
s_label_flip,4,baseline-Rebuild,45000,0.52
s_label_flip,4,baseline-Rebuild,46000,0.573
s_label_flip,4,baseline-Rebuild,47000,0.577
s_label_flip,4,baseline-Rebuild,48000,0.611
s_label_flip,4,baseline-Rebuild,49000,0.624
s_label_flip,4,baseline-Rebuild,50000,0.681
s_label_flip,4,baseline-Rebuild,51000,0.656
s_label_flip,4,baseline-Rebuild,52000,0.691
s_label_flip,4,baseline-Rebuild,53000,0.7
s_label_flip,4,baseline-Rebuild,54000,0.695
s_label_flip,4,baseline-Rebuild,55000,0.716
s_label_flip,4,baseline-Rebuild,56000,0.716
s_label_flip,4,baseline-Rebuild,57000,0.725
s_label_flip,4,baseline-Rebuild,58000,0.737
s_label_flip,4,baseline-Rebuild,59000,0.737
s_label_flip,4,baseline-Rebuild,60000,0.744
s_label_flip,4,baseline-Rebuild,61000,0.732
s_label_flip,4,baseline-Rebuild,62000,0.75
s_label_flip,4,baseline-Rebuild,63000,0.708
s_label_flip,4,baseline-Rebuild,64000,0.735
s_label_flip,4,baseline-Rebuild,65000,0.785
s_label_flip,4,baseline-Rebuild,66000,0.743
s_label_flip,4,baseline-Rebuild,67000,0.732
s_label_flip,4,baseline-Rebuild,68000,0.762
s_label_flip,4,baseline-Rebuild,69000,0.743
s_label_flip,4,baseline-Rebuild,70000,0.733
s_label_flip,4,baseline-Rebuild,71000,0.736
s_label_flip,4,baseline-Rebuild,72000,0.753
s_label_flip,4,baseline-Rebuild,73000,0.772
s_label_flip,4,baseline-Rebuild,74000,0.755
s_label_flip,4,baseline-Rebuild,75000,0.764
s_label_flip,4,baseline-Rebuild,76000,0.756
s_label_flip,4,baseline-Rebuild,77000,0.749
s_label_flip,4,baseline-Rebuild,78000,0.754
s_label_flip,4,baseline-Rebuild,79000,0.753
s_label_flip,4,baseline-Rebuild,80000,0.763
s_label_flip,4,baseline-SIFR,1000,0.633
s_label_flip,4,baseline-SIFR,2000,0.673
s_label_flip,4,baseline-SIFR,3000,0.718
s_label_flip,4,baseline-SIFR,4000,0.721
s_label_flip,4,baseline-SIFR,5000,0.724
s_label_flip,4,baseline-SIFR,6000,0.704
s_label_flip,4,baseline-SIFR,7000,0.728
s_label_flip,4,baseline-SIFR,8000,0.72
s_label_flip,4,baseline-SIFR,9000,0.726
s_label_flip,4,baseline-SIFR,10000,0.736
s_label_flip,4,baseline-SIFR,11000,0.737
s_label_flip,4,baseline-SIFR,12000,0.739
s_label_flip,4,baseline-SIFR,13000,0.746
s_label_flip,4,baseline-SIFR,14000,0.76
s_label_flip,4,baseline-SIFR,15000,0.747
s_label_flip,4,baseline-SIFR,16000,0.755
s_label_flip,4,baseline-SIFR,17000,0.755
s_label_flip,4,baseline-SIFR,18000,0.74
s_label_flip,4,baseline-SIFR,19000,0.753
s_label_flip,4,baseline-SIFR,20000,0.746
s_label_flip,4,baseline-SIFR,21000,0.754
s_label_flip,4,baseline-SIFR,22000,0.741
s_label_flip,4,baseline-SIFR,23000,0.752
s_label_flip,4,baseline-SIFR,24000,0.746
s_label_flip,4,baseline-SIFR,25000,0.776
s_label_flip,4,baseline-SIFR,26000,0.751
s_label_flip,4,baseline-SIFR,27000,0.754
s_label_flip,4,baseline-SIFR,28000,0.747
s_label_flip,4,baseline-SIFR,29000,0.751
s_label_flip,4,baseline-SIFR,30000,0.727
s_label_flip,4,baseline-SIFR,31000,0.757
s_label_flip,4,baseline-SIFR,32000,0.76
s_label_flip,4,baseline-SIFR,33000,0.744
s_label_flip,4,baseline-SIFR,34000,0.77
s_label_flip,4,baseline-SIFR,35000,0.759
s_label_flip,4,baseline-SIFR,36000,0.744
s_label_flip,4,baseline-SIFR,37000,0.783
s_label_flip,4,baseline-SIFR,38000,0.759
s_label_flip,4,baseline-SIFR,39000,0.755
s_label_flip,4,baseline-SIFR,40000,0.769
s_label_flip,4,baseline-SIFR,41000,0.246
s_label_flip,4,baseline-SIFR,42000,0.254
s_label_flip,4,baseline-SIFR,43000,0.24
s_label_flip,4,baseline-SIFR,44000,0.236
s_label_flip,4,baseline-SIFR,45000,0.289
s_label_flip,4,baseline-SIFR,46000,0.299
s_label_flip,4,baseline-SIFR,47000,0.305
s_label_flip,4,baseline-SIFR,48000,0.287
s_label_flip,4,baseline-SIFR,49000,0.306
s_label_flip,4,baseline-SIFR,50000,0.3
s_label_flip,4,baseline-SIFR,51000,0.324
s_label_flip,4,baseline-SIFR,52000,0.32
s_label_flip,4,baseline-SIFR,53000,0.375
s_label_flip,4,baseline-SIFR,54000,0.352
s_label_flip,4,baseline-SIFR,55000,0.334
s_label_flip,4,baseline-SIFR,56000,0.33
s_label_flip,4,baseline-SIFR,57000,0.352
s_label_flip,4,baseline-SIFR,58000,0.374
s_label_flip,4,baseline-SIFR,59000,0.377
s_label_flip,4,baseline-SIFR,60000,0.365
s_label_flip,4,baseline-SIFR,61000,0.408
s_label_flip,4,baseline-SIFR,62000,0.415
s_label_flip,4,baseline-SIFR,63000,0.421
s_label_flip,4,baseline-SIFR,64000,0.45
s_label_flip,4,baseline-SIFR,65000,0.305
s_label_flip,4,baseline-SIFR,66000,0.336
s_label_flip,4,baseline-SIFR,67000,0.345
s_label_flip,4,baseline-SIFR,68000,0.351
s_label_flip,4,baseline-SIFR,69000,0.363
s_label_flip,4,baseline-SIFR,70000,0.363
s_label_flip,4,baseline-SIFR,71000,0.362
s_label_flip,4,baseline-SIFR,72000,0.374
s_label_flip,4,baseline-SIFR,73000,0.399
s_label_flip,4,baseline-SIFR,74000,0.425
s_label_flip,4,baseline-SIFR,75000,0.397
s_label_flip,4,baseline-SIFR,76000,0.441
s_label_flip,4,baseline-SIFR,77000,0.44
s_label_flip,4,baseline-SIFR,78000,0.475
s_label_flip,4,baseline-SIFR,79000,0.468
s_label_flip,4,baseline-SIFR,80000,0.527
s_label_flip,4,enhanced-adwin_only,1000,0.633
s_label_flip,4,enhanced-adwin_only,2000,0.673
s_label_flip,4,enhanced-adwin_only,3000,0.718
s_label_flip,4,enhanced-adwin_only,4000,0.721
s_label_flip,4,enhanced-adwin_only,5000,0.724
s_label_flip,4,enhanced-adwin_only,6000,0.704
s_label_flip,4,enhanced-adwin_only,7000,0.728
s_label_flip,4,enhanced-adwin_only,8000,0.72
s_label_flip,4,enhanced-adwin_only,9000,0.726
s_label_flip,4,enhanced-adwin_only,10000,0.736
s_label_flip,4,enhanced-adwin_only,11000,0.737
s_label_flip,4,enhanced-adwin_only,12000,0.739
s_label_flip,4,enhanced-adwin_only,13000,0.746
s_label_flip,4,enhanced-adwin_only,14000,0.76
s_label_flip,4,enhanced-adwin_only,15000,0.747
s_label_flip,4,enhanced-adwin_only,16000,0.755
s_label_flip,4,enhanced-adwin_only,17000,0.755
s_label_flip,4,enhanced-adwin_only,18000,0.74
s_label_flip,4,enhanced-adwin_only,19000,0.753
s_label_flip,4,enhanced-adwin_only,20000,0.746
s_label_flip,4,enhanced-adwin_only,21000,0.756
s_label_flip,4,enhanced-adwin_only,22000,0.732
s_label_flip,4,enhanced-adwin_only,23000,0.749
s_label_flip,4,enhanced-adwin_only,24000,0.741
s_label_flip,4,enhanced-adwin_only,25000,0.774
s_label_flip,4,enhanced-adwin_only,26000,0.751
s_label_flip,4,enhanced-adwin_only,27000,0.759
s_label_flip,4,enhanced-adwin_only,28000,0.749
s_label_flip,4,enhanced-adwin_only,29000,0.752
s_label_flip,4,enhanced-adwin_only,30000,0.722
s_label_flip,4,enhanced-adwin_only,31000,0.767
s_label_flip,4,enhanced-adwin_only,32000,0.763
s_label_flip,4,enhanced-adwin_only,33000,0.742
s_label_flip,4,enhanced-adwin_only,34000,0.768
s_label_flip,4,enhanced-adwin_only,35000,0.761
s_label_flip,4,enhanced-adwin_only,36000,0.746
s_label_flip,4,enhanced-adwin_only,37000,0.783
s_label_flip,4,enhanced-adwin_only,38000,0.759
s_label_flip,4,enhanced-adwin_only,39000,0.755
s_label_flip,4,enhanced-adwin_only,40000,0.769
s_label_flip,4,enhanced-adwin_only,41000,0.594
s_label_flip,4,enhanced-adwin_only,42000,0.68
s_label_flip,4,enhanced-adwin_only,43000,0.699
s_label_flip,4,enhanced-adwin_only,44000,0.707
s_label_flip,4,enhanced-adwin_only,45000,0.704
s_label_flip,4,enhanced-adwin_only,46000,0.713
s_label_flip,4,enhanced-adwin_only,47000,0.714
s_label_flip,4,enhanced-adwin_only,48000,0.704
s_label_flip,4,enhanced-adwin_only,49000,0.712
s_label_flip,4,enhanced-adwin_only,50000,0.749
s_label_flip,4,enhanced-adwin_only,51000,0.738
s_label_flip,4,enhanced-adwin_only,52000,0.757
s_label_flip,4,enhanced-adwin_only,53000,0.726
s_label_flip,4,enhanced-adwin_only,54000,0.742
s_label_flip,4,enhanced-adwin_only,55000,0.744
s_label_flip,4,enhanced-adwin_only,56000,0.75
s_label_flip,4,enhanced-adwin_only,57000,0.744
s_label_flip,4,enhanced-adwin_only,58000,0.761
s_label_flip,4,enhanced-adwin_only,59000,0.758
s_label_flip,4,enhanced-adwin_only,60000,0.765
s_label_flip,4,enhanced-adwin_only,61000,0.732
s_label_flip,4,enhanced-adwin_only,62000,0.773
s_label_flip,4,enhanced-adwin_only,63000,0.722
s_label_flip,4,enhanced-adwin_only,64000,0.749
s_label_flip,4,enhanced-adwin_only,65000,0.791
s_label_flip,4,enhanced-adwin_only,66000,0.749
s_label_flip,4,enhanced-adwin_only,67000,0.757
s_label_flip,4,enhanced-adwin_only,68000,0.759
s_label_flip,4,enhanced-adwin_only,69000,0.763
s_label_flip,4,enhanced-adwin_only,70000,0.743
s_label_flip,4,enhanced-adwin_only,71000,0.76
s_label_flip,4,enhanced-adwin_only,72000,0.78
s_label_flip,4,enhanced-adwin_only,73000,0.773
s_label_flip,4,enhanced-adwin_only,74000,0.757
s_label_flip,4,enhanced-adwin_only,75000,0.764
s_label_flip,4,enhanced-adwin_only,76000,0.753
s_label_flip,4,enhanced-adwin_only,77000,0.752
s_label_flip,4,enhanced-adwin_only,78000,0.758
s_label_flip,4,enhanced-adwin_only,79000,0.769
s_label_flip,4,enhanced-adwin_only,80000,0.775
s_label_flip,4,enhanced-or,1000,0.633
s_label_flip,4,enhanced-or,2000,0.673
s_label_flip,4,enhanced-or,3000,0.718
s_label_flip,4,enhanced-or,4000,0.721
s_label_flip,4,enhanced-or,5000,0.724
s_label_flip,4,enhanced-or,6000,0.704
s_label_flip,4,enhanced-or,7000,0.728
s_label_flip,4,enhanced-or,8000,0.72
s_label_flip,4,enhanced-or,9000,0.726
s_label_flip,4,enhanced-or,10000,0.736
s_label_flip,4,enhanced-or,11000,0.737
s_label_flip,4,enhanced-or,12000,0.739
s_label_flip,4,enhanced-or,13000,0.746
s_label_flip,4,enhanced-or,14000,0.76
s_label_flip,4,enhanced-or,15000,0.747
s_label_flip,4,enhanced-or,16000,0.755
s_label_flip,4,enhanced-or,17000,0.755
s_label_flip,4,enhanced-or,18000,0.74
s_label_flip,4,enhanced-or,19000,0.753
s_label_flip,4,enhanced-or,20000,0.746
s_label_flip,4,enhanced-or,21000,0.713
s_label_flip,4,enhanced-or,22000,0.704
s_label_flip,4,enhanced-or,23000,0.734
s_label_flip,4,enhanced-or,24000,0.74
s_label_flip,4,enhanced-or,25000,0.751
s_label_flip,4,enhanced-or,26000,0.722
s_label_flip,4,enhanced-or,27000,0.754
s_label_flip,4,enhanced-or,28000,0.763
s_label_flip,4,enhanced-or,29000,0.741
s_label_flip,4,enhanced-or,30000,0.726
s_label_flip,4,enhanced-or,31000,0.738
s_label_flip,4,enhanced-or,32000,0.75
s_label_flip,4,enhanced-or,33000,0.716
s_label_flip,4,enhanced-or,34000,0.739
s_label_flip,4,enhanced-or,35000,0.729
s_label_flip,4,enhanced-or,36000,0.715
s_label_flip,4,enhanced-or,37000,0.742
s_label_flip,4,enhanced-or,38000,0.75
s_label_flip,4,enhanced-or,39000,0.742
s_label_flip,4,enhanced-or,40000,0.748
s_label_flip,4,enhanced-or,41000,0.592
s_label_flip,4,enhanced-or,42000,0.68
s_label_flip,4,enhanced-or,43000,0.699
s_label_flip,4,enhanced-or,44000,0.707
s_label_flip,4,enhanced-or,45000,0.638
s_label_flip,4,enhanced-or,46000,0.69
s_label_flip,4,enhanced-or,47000,0.706
s_label_flip,4,enhanced-or,48000,0.71
s_label_flip,4,enhanced-or,49000,0.707
s_label_flip,4,enhanced-or,50000,0.748
s_label_flip,4,enhanced-or,51000,0.731
s_label_flip,4,enhanced-or,52000,0.719
s_label_flip,4,enhanced-or,53000,0.727
s_label_flip,4,enhanced-or,54000,0.73
s_label_flip,4,enhanced-or,55000,0.746
s_label_flip,4,enhanced-or,56000,0.747
s_label_flip,4,enhanced-or,57000,0.743
s_label_flip,4,enhanced-or,58000,0.761
s_label_flip,4,enhanced-or,59000,0.757
s_label_flip,4,enhanced-or,60000,0.765
s_label_flip,4,enhanced-or,61000,0.732
s_label_flip,4,enhanced-or,62000,0.75
s_label_flip,4,enhanced-or,63000,0.708
s_label_flip,4,enhanced-or,64000,0.735
s_label_flip,4,enhanced-or,65000,0.785
s_label_flip,4,enhanced-or,66000,0.743
s_label_flip,4,enhanced-or,67000,0.732
s_label_flip,4,enhanced-or,68000,0.762
s_label_flip,4,enhanced-or,69000,0.743
s_label_flip,4,enhanced-or,70000,0.733
s_label_flip,4,enhanced-or,71000,0.736
s_label_flip,4,enhanced-or,72000,0.753
s_label_flip,4,enhanced-or,73000,0.772
s_label_flip,4,enhanced-or,74000,0.755
s_label_flip,4,enhanced-or,75000,0.764
s_label_flip,4,enhanced-or,76000,0.756
s_label_flip,4,enhanced-or,77000,0.749
s_label_flip,4,enhanced-or,78000,0.754
s_label_flip,4,enhanced-or,79000,0.753
s_label_flip,4,enhanced-or,80000,0.763
s_label_flip,4,enhanced-and,1000,0.633
s_label_flip,4,enhanced-and,2000,0.673
s_label_flip,4,enhanced-and,3000,0.718
s_label_flip,4,enhanced-and,4000,0.721
s_label_flip,4,enhanced-and,5000,0.724
s_label_flip,4,enhanced-and,6000,0.704
s_label_flip,4,enhanced-and,7000,0.728
s_label_flip,4,enhanced-and,8000,0.72
s_label_flip,4,enhanced-and,9000,0.726
s_label_flip,4,enhanced-and,10000,0.736
s_label_flip,4,enhanced-and,11000,0.737
s_label_flip,4,enhanced-and,12000,0.739
s_label_flip,4,enhanced-and,13000,0.746
s_label_flip,4,enhanced-and,14000,0.76
s_label_flip,4,enhanced-and,15000,0.747
s_label_flip,4,enhanced-and,16000,0.755
s_label_flip,4,enhanced-and,17000,0.755
s_label_flip,4,enhanced-and,18000,0.74
s_label_flip,4,enhanced-and,19000,0.753
s_label_flip,4,enhanced-and,20000,0.746
s_label_flip,4,enhanced-and,21000,0.756
s_label_flip,4,enhanced-and,22000,0.732
s_label_flip,4,enhanced-and,23000,0.749
s_label_flip,4,enhanced-and,24000,0.741
s_label_flip,4,enhanced-and,25000,0.774
s_label_flip,4,enhanced-and,26000,0.751
s_label_flip,4,enhanced-and,27000,0.759
s_label_flip,4,enhanced-and,28000,0.749
s_label_flip,4,enhanced-and,29000,0.752
s_label_flip,4,enhanced-and,30000,0.722
s_label_flip,4,enhanced-and,31000,0.767
s_label_flip,4,enhanced-and,32000,0.763
s_label_flip,4,enhanced-and,33000,0.742
s_label_flip,4,enhanced-and,34000,0.768
s_label_flip,4,enhanced-and,35000,0.761
s_label_flip,4,enhanced-and,36000,0.746
s_label_flip,4,enhanced-and,37000,0.783
s_label_flip,4,enhanced-and,38000,0.759
s_label_flip,4,enhanced-and,39000,0.755
s_label_flip,4,enhanced-and,40000,0.769
s_label_flip,4,enhanced-and,41000,0.594
s_label_flip,4,enhanced-and,42000,0.68
s_label_flip,4,enhanced-and,43000,0.699
s_label_flip,4,enhanced-and,44000,0.707
s_label_flip,4,enhanced-and,45000,0.638
s_label_flip,4,enhanced-and,46000,0.69
s_label_flip,4,enhanced-and,47000,0.706
s_label_flip,4,enhanced-and,48000,0.71
s_label_flip,4,enhanced-and,49000,0.707
s_label_flip,4,enhanced-and,50000,0.748
s_label_flip,4,enhanced-and,51000,0.731
s_label_flip,4,enhanced-and,52000,0.719
s_label_flip,4,enhanced-and,53000,0.727
s_label_flip,4,enhanced-and,54000,0.73
s_label_flip,4,enhanced-and,55000,0.746
s_label_flip,4,enhanced-and,56000,0.747
s_label_flip,4,enhanced-and,57000,0.743
s_label_flip,4,enhanced-and,58000,0.761
s_label_flip,4,enhanced-and,59000,0.757
s_label_flip,4,enhanced-and,60000,0.765
s_label_flip,4,enhanced-and,61000,0.737
s_label_flip,4,enhanced-and,62000,0.772
s_label_flip,4,enhanced-and,63000,0.722
s_label_flip,4,enhanced-and,64000,0.744
s_label_flip,4,enhanced-and,65000,0.79
s_label_flip,4,enhanced-and,66000,0.759
s_label_flip,4,enhanced-and,67000,0.749
s_label_flip,4,enhanced-and,68000,0.759
s_label_flip,4,enhanced-and,69000,0.752
s_label_flip,4,enhanced-and,70000,0.738
s_label_flip,4,enhanced-and,71000,0.748
s_label_flip,4,enhanced-and,72000,0.759
s_label_flip,4,enhanced-and,73000,0.777
s_label_flip,4,enhanced-and,74000,0.75
s_label_flip,4,enhanced-and,75000,0.764
s_label_flip,4,enhanced-and,76000,0.752
s_label_flip,4,enhanced-and,77000,0.751
s_label_flip,4,enhanced-and,78000,0.758
s_label_flip,4,enhanced-and,79000,0.761
s_label_flip,4,enhanced-and,80000,0.778
s_prior_shift,0,accumulativeMNB,1000,0.641
s_prior_shift,0,accumulativeMNB,2000,0.701
s_prior_shift,0,accumulativeMNB,3000,0.707
s_prior_shift,0,accumulativeMNB,4000,0.737
s_prior_shift,0,accumulativeMNB,5000,0.722
s_prior_shift,0,accumulativeMNB,6000,0.733
s_prior_shift,0,accumulativeMNB,7000,0.725
s_prior_shift,0,accumulativeMNB,8000,0.761
s_prior_shift,0,accumulativeMNB,9000,0.76
s_prior_shift,0,accumulativeMNB,10000,0.753
s_prior_shift,0,accumulativeMNB,11000,0.753
s_prior_shift,0,accumulativeMNB,12000,0.747
s_prior_shift,0,accumulativeMNB,13000,0.755
s_prior_shift,0,accumulativeMNB,14000,0.736
s_prior_shift,0,accumulativeMNB,15000,0.755
s_prior_shift,0,accumulativeMNB,16000,0.727
s_prior_shift,0,accumulativeMNB,17000,0.75
s_prior_shift,0,accumulativeMNB,18000,0.746
s_prior_shift,0,accumulativeMNB,19000,0.751
s_prior_shift,0,accumulativeMNB,20000,0.767
s_prior_shift,0,accumulativeMNB,21000,0.762
s_prior_shift,0,accumulativeMNB,22000,0.735
s_prior_shift,0,accumulativeMNB,23000,0.748
s_prior_shift,0,accumulativeMNB,24000,0.749
s_prior_shift,0,accumulativeMNB,25000,0.746
s_prior_shift,0,accumulativeMNB,26000,0.75
s_prior_shift,0,accumulativeMNB,27000,0.749
s_prior_shift,0,accumulativeMNB,28000,0.779
s_prior_shift,0,accumulativeMNB,29000,0.763
s_prior_shift,0,accumulativeMNB,30000,0.771
s_prior_shift,0,accumulativeMNB,31000,0.742
s_prior_shift,0,accumulativeMNB,32000,0.756
s_prior_shift,0,accumulativeMNB,33000,0.759
s_prior_shift,0,accumulativeMNB,34000,0.775
s_prior_shift,0,accumulativeMNB,35000,0.746
s_prior_shift,0,accumulativeMNB,36000,0.742
s_prior_shift,0,accumulativeMNB,37000,0.763
s_prior_shift,0,accumulativeMNB,38000,0.743
s_prior_shift,0,accumulativeMNB,39000,0.782
s_prior_shift,0,accumulativeMNB,40000,0.757
s_prior_shift,0,accumulativeMNB,41000,0.798
s_prior_shift,0,accumulativeMNB,42000,0.8
s_prior_shift,0,accumulativeMNB,43000,0.807
s_prior_shift,0,accumulativeMNB,44000,0.812
s_prior_shift,0,accumulativeMNB,45000,0.82
s_prior_shift,0,accumulativeMNB,46000,0.827
s_prior_shift,0,accumulativeMNB,47000,0.819
s_prior_shift,0,accumulativeMNB,48000,0.841
s_prior_shift,0,accumulativeMNB,49000,0.85
s_prior_shift,0,accumulativeMNB,50000,0.84
s_prior_shift,0,accumulativeMNB,51000,0.838
s_prior_shift,0,accumulativeMNB,52000,0.84
s_prior_shift,0,accumulativeMNB,53000,0.864
s_prior_shift,0,accumulativeMNB,54000,0.854
s_prior_shift,0,accumulativeMNB,55000,0.848
s_prior_shift,0,accumulativeMNB,56000,0.848
s_prior_shift,0,accumulativeMNB,57000,0.856
s_prior_shift,0,accumulativeMNB,58000,0.855
s_prior_shift,0,accumulativeMNB,59000,0.871
s_prior_shift,0,accumulativeMNB,60000,0.878
s_prior_shift,0,accumulativeMNB,61000,0.872
s_prior_shift,0,accumulativeMNB,62000,0.873
s_prior_shift,0,accumulativeMNB,63000,0.87
s_prior_shift,0,accumulativeMNB,64000,0.882
s_prior_shift,0,accumulativeMNB,65000,0.874
s_prior_shift,0,accumulativeMNB,66000,0.882
s_prior_shift,0,accumulativeMNB,67000,0.87
s_prior_shift,0,accumulativeMNB,68000,0.889
s_prior_shift,0,accumulativeMNB,69000,0.849
s_prior_shift,0,accumulativeMNB,70000,0.881
s_prior_shift,0,accumulativeMNB,71000,0.886
s_prior_shift,0,accumulativeMNB,72000,0.863
s_prior_shift,0,accumulativeMNB,73000,0.898
s_prior_shift,0,accumulativeMNB,74000,0.9
s_prior_shift,0,accumulativeMNB,75000,0.876
s_prior_shift,0,accumulativeMNB,76000,0.91
s_prior_shift,0,accumulativeMNB,77000,0.906
s_prior_shift,0,accumulativeMNB,78000,0.891
s_prior_shift,0,accumulativeMNB,79000,0.885
s_prior_shift,0,accumulativeMNB,80000,0.877
s_prior_shift,0,fadingMNB,1000,0.642
s_prior_shift,0,fadingMNB,2000,0.701
s_prior_shift,0,fadingMNB,3000,0.705
s_prior_shift,0,fadingMNB,4000,0.737
s_prior_shift,0,fadingMNB,5000,0.721
s_prior_shift,0,fadingMNB,6000,0.725
s_prior_shift,0,fadingMNB,7000,0.729
s_prior_shift,0,fadingMNB,8000,0.754
s_prior_shift,0,fadingMNB,9000,0.759
s_prior_shift,0,fadingMNB,10000,0.753
s_prior_shift,0,fadingMNB,11000,0.745
s_prior_shift,0,fadingMNB,12000,0.749
s_prior_shift,0,fadingMNB,13000,0.756
s_prior_shift,0,fadingMNB,14000,0.744
s_prior_shift,0,fadingMNB,15000,0.76
s_prior_shift,0,fadingMNB,16000,0.734
s_prior_shift,0,fadingMNB,17000,0.759
s_prior_shift,0,fadingMNB,18000,0.754
s_prior_shift,0,fadingMNB,19000,0.759
s_prior_shift,0,fadingMNB,20000,0.77
s_prior_shift,0,fadingMNB,21000,0.753
s_prior_shift,0,fadingMNB,22000,0.742
s_prior_shift,0,fadingMNB,23000,0.763
s_prior_shift,0,fadingMNB,24000,0.745
s_prior_shift,0,fadingMNB,25000,0.755
s_prior_shift,0,fadingMNB,26000,0.746
s_prior_shift,0,fadingMNB,27000,0.743
s_prior_shift,0,fadingMNB,28000,0.784
s_prior_shift,0,fadingMNB,29000,0.764
s_prior_shift,0,fadingMNB,30000,0.768
s_prior_shift,0,fadingMNB,31000,0.743
s_prior_shift,0,fadingMNB,32000,0.747
s_prior_shift,0,fadingMNB,33000,0.764
s_prior_shift,0,fadingMNB,34000,0.783
s_prior_shift,0,fadingMNB,35000,0.748
s_prior_shift,0,fadingMNB,36000,0.748
s_prior_shift,0,fadingMNB,37000,0.759
s_prior_shift,0,fadingMNB,38000,0.744
s_prior_shift,0,fadingMNB,39000,0.766
s_prior_shift,0,fadingMNB,40000,0.751
s_prior_shift,0,fadingMNB,41000,0.792
s_prior_shift,0,fadingMNB,42000,0.805
s_prior_shift,0,fadingMNB,43000,0.79
s_prior_shift,0,fadingMNB,44000,0.808
s_prior_shift,0,fadingMNB,45000,0.805
s_prior_shift,0,fadingMNB,46000,0.825
s_prior_shift,0,fadingMNB,47000,0.821
s_prior_shift,0,fadingMNB,48000,0.833
s_prior_shift,0,fadingMNB,49000,0.84
s_prior_shift,0,fadingMNB,50000,0.832
s_prior_shift,0,fadingMNB,51000,0.834
s_prior_shift,0,fadingMNB,52000,0.856
s_prior_shift,0,fadingMNB,53000,0.858
s_prior_shift,0,fadingMNB,54000,0.843
s_prior_shift,0,fadingMNB,55000,0.848
s_prior_shift,0,fadingMNB,56000,0.845
s_prior_shift,0,fadingMNB,57000,0.846
s_prior_shift,0,fadingMNB,58000,0.849
s_prior_shift,0,fadingMNB,59000,0.855
s_prior_shift,0,fadingMNB,60000,0.87
s_prior_shift,0,fadingMNB,61000,0.87
s_prior_shift,0,fadingMNB,62000,0.87
s_prior_shift,0,fadingMNB,63000,0.852
s_prior_shift,0,fadingMNB,64000,0.885
s_prior_shift,0,fadingMNB,65000,0.88
s_prior_shift,0,fadingMNB,66000,0.874
s_prior_shift,0,fadingMNB,67000,0.867
s_prior_shift,0,fadingMNB,68000,0.882
s_prior_shift,0,fadingMNB,69000,0.849
s_prior_shift,0,fadingMNB,70000,0.878
s_prior_shift,0,fadingMNB,71000,0.886
s_prior_shift,0,fadingMNB,72000,0.864
s_prior_shift,0,fadingMNB,73000,0.896
s_prior_shift,0,fadingMNB,74000,0.89
s_prior_shift,0,fadingMNB,75000,0.868
s_prior_shift,0,fadingMNB,76000,0.901
s_prior_shift,0,fadingMNB,77000,0.903
s_prior_shift,0,fadingMNB,78000,0.893
s_prior_shift,0,fadingMNB,79000,0.887
s_prior_shift,0,fadingMNB,80000,0.89
s_prior_shift,0,baseline-Rebuild,1000,0.641
s_prior_shift,0,baseline-Rebuild,2000,0.701
s_prior_shift,0,baseline-Rebuild,3000,0.707
s_prior_shift,0,baseline-Rebuild,4000,0.737
s_prior_shift,0,baseline-Rebuild,5000,0.722
s_prior_shift,0,baseline-Rebuild,6000,0.733
s_prior_shift,0,baseline-Rebuild,7000,0.725
s_prior_shift,0,baseline-Rebuild,8000,0.761
s_prior_shift,0,baseline-Rebuild,9000,0.76
s_prior_shift,0,baseline-Rebuild,10000,0.753
s_prior_shift,0,baseline-Rebuild,11000,0.753
s_prior_shift,0,baseline-Rebuild,12000,0.747
s_prior_shift,0,baseline-Rebuild,13000,0.755
s_prior_shift,0,baseline-Rebuild,14000,0.736
s_prior_shift,0,baseline-Rebuild,15000,0.755
s_prior_shift,0,baseline-Rebuild,16000,0.727
s_prior_shift,0,baseline-Rebuild,17000,0.75
s_prior_shift,0,baseline-Rebuild,18000,0.746
s_prior_shift,0,baseline-Rebuild,19000,0.751
s_prior_shift,0,baseline-Rebuild,20000,0.767
s_prior_shift,0,baseline-Rebuild,21000,0.762
s_prior_shift,0,baseline-Rebuild,22000,0.735
s_prior_shift,0,baseline-Rebuild,23000,0.748
s_prior_shift,0,baseline-Rebuild,24000,0.749
s_prior_shift,0,baseline-Rebuild,25000,0.746
s_prior_shift,0,baseline-Rebuild,26000,0.75
s_prior_shift,0,baseline-Rebuild,27000,0.749
s_prior_shift,0,baseline-Rebuild,28000,0.779
s_prior_shift,0,baseline-Rebuild,29000,0.763
s_prior_shift,0,baseline-Rebuild,30000,0.771
s_prior_shift,0,baseline-Rebuild,31000,0.742
s_prior_shift,0,baseline-Rebuild,32000,0.756
s_prior_shift,0,baseline-Rebuild,33000,0.759
s_prior_shift,0,baseline-Rebuild,34000,0.775
s_prior_shift,0,baseline-Rebuild,35000,0.746
s_prior_shift,0,baseline-Rebuild,36000,0.742
s_prior_shift,0,baseline-Rebuild,37000,0.763
s_prior_shift,0,baseline-Rebuild,38000,0.743
s_prior_shift,0,baseline-Rebuild,39000,0.782
s_prior_shift,0,baseline-Rebuild,40000,0.757
s_prior_shift,0,baseline-Rebuild,41000,0.815
s_prior_shift,0,baseline-Rebuild,42000,0.82
s_prior_shift,0,baseline-Rebuild,43000,0.814
s_prior_shift,0,baseline-Rebuild,44000,0.824
s_prior_shift,0,baseline-Rebuild,45000,0.92
s_prior_shift,0,baseline-Rebuild,46000,0.889
s_prior_shift,0,baseline-Rebuild,47000,0.902
s_prior_shift,0,baseline-Rebuild,48000,0.91
s_prior_shift,0,baseline-Rebuild,49000,0.917
s_prior_shift,0,baseline-Rebuild,50000,0.892
s_prior_shift,0,baseline-Rebuild,51000,0.895
s_prior_shift,0,baseline-Rebuild,52000,0.896
s_prior_shift,0,baseline-Rebuild,53000,0.905
s_prior_shift,0,baseline-Rebuild,54000,0.894
s_prior_shift,0,baseline-Rebuild,55000,0.9
s_prior_shift,0,baseline-Rebuild,56000,0.904
s_prior_shift,0,baseline-Rebuild,57000,0.918
s_prior_shift,0,baseline-Rebuild,58000,0.883
s_prior_shift,0,baseline-Rebuild,59000,0.898
s_prior_shift,0,baseline-Rebuild,60000,0.903
s_prior_shift,0,baseline-Rebuild,61000,0.903
s_prior_shift,0,baseline-Rebuild,62000,0.91
s_prior_shift,0,baseline-Rebuild,63000,0.905
s_prior_shift,0,baseline-Rebuild,64000,0.9
s_prior_shift,0,baseline-Rebuild,65000,0.904
s_prior_shift,0,baseline-Rebuild,66000,0.903
s_prior_shift,0,baseline-Rebuild,67000,0.89
s_prior_shift,0,baseline-Rebuild,68000,0.902
s_prior_shift,0,baseline-Rebuild,69000,0.867
s_prior_shift,0,baseline-Rebuild,70000,0.9
s_prior_shift,0,baseline-Rebuild,71000,0.901
s_prior_shift,0,baseline-Rebuild,72000,0.911
s_prior_shift,0,baseline-Rebuild,73000,0.89
s_prior_shift,0,baseline-Rebuild,74000,0.909
s_prior_shift,0,baseline-Rebuild,75000,0.893
s_prior_shift,0,baseline-Rebuild,76000,0.901
s_prior_shift,0,baseline-Rebuild,77000,0.916
s_prior_shift,0,baseline-Rebuild,78000,0.902
s_prior_shift,0,baseline-Rebuild,79000,0.901
s_prior_shift,0,baseline-Rebuild,80000,0.906
s_prior_shift,0,baseline-SIFR,1000,0.641
s_prior_shift,0,baseline-SIFR,2000,0.701
s_prior_shift,0,baseline-SIFR,3000,0.707
s_prior_shift,0,baseline-SIFR,4000,0.737
s_prior_shift,0,baseline-SIFR,5000,0.722
s_prior_shift,0,baseline-SIFR,6000,0.733
s_prior_shift,0,baseline-SIFR,7000,0.725
s_prior_shift,0,baseline-SIFR,8000,0.761
s_prior_shift,0,baseline-SIFR,9000,0.76
s_prior_shift,0,baseline-SIFR,10000,0.753
s_prior_shift,0,baseline-SIFR,11000,0.753
s_prior_shift,0,baseline-SIFR,12000,0.747
s_prior_shift,0,baseline-SIFR,13000,0.755
s_prior_shift,0,baseline-SIFR,14000,0.736
s_prior_shift,0,baseline-SIFR,15000,0.755
s_prior_shift,0,baseline-SIFR,16000,0.727
s_prior_shift,0,baseline-SIFR,17000,0.75
s_prior_shift,0,baseline-SIFR,18000,0.746
s_prior_shift,0,baseline-SIFR,19000,0.751
s_prior_shift,0,baseline-SIFR,20000,0.767
s_prior_shift,0,baseline-SIFR,21000,0.762
s_prior_shift,0,baseline-SIFR,22000,0.735
s_prior_shift,0,baseline-SIFR,23000,0.748
s_prior_shift,0,baseline-SIFR,24000,0.749
s_prior_shift,0,baseline-SIFR,25000,0.746
s_prior_shift,0,baseline-SIFR,26000,0.75
s_prior_shift,0,baseline-SIFR,27000,0.749
s_prior_shift,0,baseline-SIFR,28000,0.779
s_prior_shift,0,baseline-SIFR,29000,0.763
s_prior_shift,0,baseline-SIFR,30000,0.771
s_prior_shift,0,baseline-SIFR,31000,0.742
s_prior_shift,0,baseline-SIFR,32000,0.756
s_prior_shift,0,baseline-SIFR,33000,0.759
s_prior_shift,0,baseline-SIFR,34000,0.775
s_prior_shift,0,baseline-SIFR,35000,0.746
s_prior_shift,0,baseline-SIFR,36000,0.742
s_prior_shift,0,baseline-SIFR,37000,0.763
s_prior_shift,0,baseline-SIFR,38000,0.743
s_prior_shift,0,baseline-SIFR,39000,0.782
s_prior_shift,0,baseline-SIFR,40000,0.757
s_prior_shift,0,baseline-SIFR,41000,0.801
s_prior_shift,0,baseline-SIFR,42000,0.804
s_prior_shift,0,baseline-SIFR,43000,0.791
s_prior_shift,0,baseline-SIFR,44000,0.805
s_prior_shift,0,baseline-SIFR,45000,0.818
s_prior_shift,0,baseline-SIFR,46000,0.834
s_prior_shift,0,baseline-SIFR,47000,0.833
s_prior_shift,0,baseline-SIFR,48000,0.853
s_prior_shift,0,baseline-SIFR,49000,0.85
s_prior_shift,0,baseline-SIFR,50000,0.84
s_prior_shift,0,baseline-SIFR,51000,0.838
s_prior_shift,0,baseline-SIFR,52000,0.84
s_prior_shift,0,baseline-SIFR,53000,0.864
s_prior_shift,0,baseline-SIFR,54000,0.854
s_prior_shift,0,baseline-SIFR,55000,0.848
s_prior_shift,0,baseline-SIFR,56000,0.848
s_prior_shift,0,baseline-SIFR,57000,0.856
s_prior_shift,0,baseline-SIFR,58000,0.855
s_prior_shift,0,baseline-SIFR,59000,0.871
s_prior_shift,0,baseline-SIFR,60000,0.878
s_prior_shift,0,baseline-SIFR,61000,0.872
s_prior_shift,0,baseline-SIFR,62000,0.873
s_prior_shift,0,baseline-SIFR,63000,0.87
s_prior_shift,0,baseline-SIFR,64000,0.882
s_prior_shift,0,baseline-SIFR,65000,0.874
s_prior_shift,0,baseline-SIFR,66000,0.882
s_prior_shift,0,baseline-SIFR,67000,0.87
s_prior_shift,0,baseline-SIFR,68000,0.889
s_prior_shift,0,baseline-SIFR,69000,0.849
s_prior_shift,0,baseline-SIFR,70000,0.881
s_prior_shift,0,baseline-SIFR,71000,0.886
s_prior_shift,0,baseline-SIFR,72000,0.863
s_prior_shift,0,baseline-SIFR,73000,0.898
s_prior_shift,0,baseline-SIFR,74000,0.9
s_prior_shift,0,baseline-SIFR,75000,0.876
s_prior_shift,0,baseline-SIFR,76000,0.91
s_prior_shift,0,baseline-SIFR,77000,0.906
s_prior_shift,0,baseline-SIFR,78000,0.891
s_prior_shift,0,baseline-SIFR,79000,0.885
s_prior_shift,0,baseline-SIFR,80000,0.877
s_prior_shift,0,enhanced-adwin_only,1000,0.641
s_prior_shift,0,enhanced-adwin_only,2000,0.701
s_prior_shift,0,enhanced-adwin_only,3000,0.707
s_prior_shift,0,enhanced-adwin_only,4000,0.737
s_prior_shift,0,enhanced-adwin_only,5000,0.722
s_prior_shift,0,enhanced-adwin_only,6000,0.733
s_prior_shift,0,enhanced-adwin_only,7000,0.725
s_prior_shift,0,enhanced-adwin_only,8000,0.761
s_prior_shift,0,enhanced-adwin_only,9000,0.76
s_prior_shift,0,enhanced-adwin_only,10000,0.753
s_prior_shift,0,enhanced-adwin_only,11000,0.753
s_prior_shift,0,enhanced-adwin_only,12000,0.747
s_prior_shift,0,enhanced-adwin_only,13000,0.755
s_prior_shift,0,enhanced-adwin_only,14000,0.736
s_prior_shift,0,enhanced-adwin_only,15000,0.755
s_prior_shift,0,enhanced-adwin_only,16000,0.727
s_prior_shift,0,enhanced-adwin_only,17000,0.75
s_prior_shift,0,enhanced-adwin_only,18000,0.746
s_prior_shift,0,enhanced-adwin_only,19000,0.751
s_prior_shift,0,enhanced-adwin_only,20000,0.767
s_prior_shift,0,enhanced-adwin_only,21000,0.762
s_prior_shift,0,enhanced-adwin_only,22000,0.735
s_prior_shift,0,enhanced-adwin_only,23000,0.748
s_prior_shift,0,enhanced-adwin_only,24000,0.749
s_prior_shift,0,enhanced-adwin_only,25000,0.746
s_prior_shift,0,enhanced-adwin_only,26000,0.75
s_prior_shift,0,enhanced-adwin_only,27000,0.749
s_prior_shift,0,enhanced-adwin_only,28000,0.779
s_prior_shift,0,enhanced-adwin_only,29000,0.763
s_prior_shift,0,enhanced-adwin_only,30000,0.771
s_prior_shift,0,enhanced-adwin_only,31000,0.742
s_prior_shift,0,enhanced-adwin_only,32000,0.756
s_prior_shift,0,enhanced-adwin_only,33000,0.759
s_prior_shift,0,enhanced-adwin_only,34000,0.775
s_prior_shift,0,enhanced-adwin_only,35000,0.746
s_prior_shift,0,enhanced-adwin_only,36000,0.742
s_prior_shift,0,enhanced-adwin_only,37000,0.763
s_prior_shift,0,enhanced-adwin_only,38000,0.743
s_prior_shift,0,enhanced-adwin_only,39000,0.782
s_prior_shift,0,enhanced-adwin_only,40000,0.757
s_prior_shift,0,enhanced-adwin_only,41000,0.798
s_prior_shift,0,enhanced-adwin_only,42000,0.8
s_prior_shift,0,enhanced-adwin_only,43000,0.807
s_prior_shift,0,enhanced-adwin_only,44000,0.812
s_prior_shift,0,enhanced-adwin_only,45000,0.82
s_prior_shift,0,enhanced-adwin_only,46000,0.827
s_prior_shift,0,enhanced-adwin_only,47000,0.819
s_prior_shift,0,enhanced-adwin_only,48000,0.841
s_prior_shift,0,enhanced-adwin_only,49000,0.85
s_prior_shift,0,enhanced-adwin_only,50000,0.84
s_prior_shift,0,enhanced-adwin_only,51000,0.838
s_prior_shift,0,enhanced-adwin_only,52000,0.84
s_prior_shift,0,enhanced-adwin_only,53000,0.864
s_prior_shift,0,enhanced-adwin_only,54000,0.854
s_prior_shift,0,enhanced-adwin_only,55000,0.848
s_prior_shift,0,enhanced-adwin_only,56000,0.848
s_prior_shift,0,enhanced-adwin_only,57000,0.856
s_prior_shift,0,enhanced-adwin_only,58000,0.855
s_prior_shift,0,enhanced-adwin_only,59000,0.871
s_prior_shift,0,enhanced-adwin_only,60000,0.878
s_prior_shift,0,enhanced-adwin_only,61000,0.872
s_prior_shift,0,enhanced-adwin_only,62000,0.873
s_prior_shift,0,enhanced-adwin_only,63000,0.87
s_prior_shift,0,enhanced-adwin_only,64000,0.882
s_prior_shift,0,enhanced-adwin_only,65000,0.874
s_prior_shift,0,enhanced-adwin_only,66000,0.882
s_prior_shift,0,enhanced-adwin_only,67000,0.87
s_prior_shift,0,enhanced-adwin_only,68000,0.889
s_prior_shift,0,enhanced-adwin_only,69000,0.849
s_prior_shift,0,enhanced-adwin_only,70000,0.881
s_prior_shift,0,enhanced-adwin_only,71000,0.886
s_prior_shift,0,enhanced-adwin_only,72000,0.863
s_prior_shift,0,enhanced-adwin_only,73000,0.898
s_prior_shift,0,enhanced-adwin_only,74000,0.9
s_prior_shift,0,enhanced-adwin_only,75000,0.876
s_prior_shift,0,enhanced-adwin_only,76000,0.91
s_prior_shift,0,enhanced-adwin_only,77000,0.906
s_prior_shift,0,enhanced-adwin_only,78000,0.891
s_prior_shift,0,enhanced-adwin_only,79000,0.885
s_prior_shift,0,enhanced-adwin_only,80000,0.877
s_prior_shift,0,enhanced-or,1000,0.641
s_prior_shift,0,enhanced-or,2000,0.701
s_prior_shift,0,enhanced-or,3000,0.707
s_prior_shift,0,enhanced-or,4000,0.737
s_prior_shift,0,enhanced-or,5000,0.722
s_prior_shift,0,enhanced-or,6000,0.733
s_prior_shift,0,enhanced-or,7000,0.725
s_prior_shift,0,enhanced-or,8000,0.761
s_prior_shift,0,enhanced-or,9000,0.76
s_prior_shift,0,enhanced-or,10000,0.753
s_prior_shift,0,enhanced-or,11000,0.753
s_prior_shift,0,enhanced-or,12000,0.747
s_prior_shift,0,enhanced-or,13000,0.755
s_prior_shift,0,enhanced-or,14000,0.736
s_prior_shift,0,enhanced-or,15000,0.755
s_prior_shift,0,enhanced-or,16000,0.727
s_prior_shift,0,enhanced-or,17000,0.75
s_prior_shift,0,enhanced-or,18000,0.746
s_prior_shift,0,enhanced-or,19000,0.751
s_prior_shift,0,enhanced-or,20000,0.767
s_prior_shift,0,enhanced-or,21000,0.762
s_prior_shift,0,enhanced-or,22000,0.735
s_prior_shift,0,enhanced-or,23000,0.748
s_prior_shift,0,enhanced-or,24000,0.749
s_prior_shift,0,enhanced-or,25000,0.746
s_prior_shift,0,enhanced-or,26000,0.75
s_prior_shift,0,enhanced-or,27000,0.749
s_prior_shift,0,enhanced-or,28000,0.779
s_prior_shift,0,enhanced-or,29000,0.763
s_prior_shift,0,enhanced-or,30000,0.771
s_prior_shift,0,enhanced-or,31000,0.742
s_prior_shift,0,enhanced-or,32000,0.756
s_prior_shift,0,enhanced-or,33000,0.759
s_prior_shift,0,enhanced-or,34000,0.775
s_prior_shift,0,enhanced-or,35000,0.746
s_prior_shift,0,enhanced-or,36000,0.742
s_prior_shift,0,enhanced-or,37000,0.763
s_prior_shift,0,enhanced-or,38000,0.743
s_prior_shift,0,enhanced-or,39000,0.782
s_prior_shift,0,enhanced-or,40000,0.757
s_prior_shift,0,enhanced-or,41000,0.815
s_prior_shift,0,enhanced-or,42000,0.82
s_prior_shift,0,enhanced-or,43000,0.814
s_prior_shift,0,enhanced-or,44000,0.824
s_prior_shift,0,enhanced-or,45000,0.92
s_prior_shift,0,enhanced-or,46000,0.889
s_prior_shift,0,enhanced-or,47000,0.902
s_prior_shift,0,enhanced-or,48000,0.91
s_prior_shift,0,enhanced-or,49000,0.917
s_prior_shift,0,enhanced-or,50000,0.892
s_prior_shift,0,enhanced-or,51000,0.895
s_prior_shift,0,enhanced-or,52000,0.896
s_prior_shift,0,enhanced-or,53000,0.905
s_prior_shift,0,enhanced-or,54000,0.894
s_prior_shift,0,enhanced-or,55000,0.9
s_prior_shift,0,enhanced-or,56000,0.904
s_prior_shift,0,enhanced-or,57000,0.918
s_prior_shift,0,enhanced-or,58000,0.883
s_prior_shift,0,enhanced-or,59000,0.898
s_prior_shift,0,enhanced-or,60000,0.903
s_prior_shift,0,enhanced-or,61000,0.903
s_prior_shift,0,enhanced-or,62000,0.91
s_prior_shift,0,enhanced-or,63000,0.905
s_prior_shift,0,enhanced-or,64000,0.9
s_prior_shift,0,enhanced-or,65000,0.904
s_prior_shift,0,enhanced-or,66000,0.903
s_prior_shift,0,enhanced-or,67000,0.89
s_prior_shift,0,enhanced-or,68000,0.902
s_prior_shift,0,enhanced-or,69000,0.865
s_prior_shift,0,enhanced-or,70000,0.899
s_prior_shift,0,enhanced-or,71000,0.905
s_prior_shift,0,enhanced-or,72000,0.912
s_prior_shift,0,enhanced-or,73000,0.893
s_prior_shift,0,enhanced-or,74000,0.914
s_prior_shift,0,enhanced-or,75000,0.895
s_prior_shift,0,enhanced-or,76000,0.897
s_prior_shift,0,enhanced-or,77000,0.916
s_prior_shift,0,enhanced-or,78000,0.902
s_prior_shift,0,enhanced-or,79000,0.897
s_prior_shift,0,enhanced-or,80000,0.905
s_prior_shift,0,enhanced-and,1000,0.641
s_prior_shift,0,enhanced-and,2000,0.701
s_prior_shift,0,enhanced-and,3000,0.707
s_prior_shift,0,enhanced-and,4000,0.737
s_prior_shift,0,enhanced-and,5000,0.722
s_prior_shift,0,enhanced-and,6000,0.733
s_prior_shift,0,enhanced-and,7000,0.725
s_prior_shift,0,enhanced-and,8000,0.761
s_prior_shift,0,enhanced-and,9000,0.76
s_prior_shift,0,enhanced-and,10000,0.753
s_prior_shift,0,enhanced-and,11000,0.753
s_prior_shift,0,enhanced-and,12000,0.747
s_prior_shift,0,enhanced-and,13000,0.755
s_prior_shift,0,enhanced-and,14000,0.736
s_prior_shift,0,enhanced-and,15000,0.755
s_prior_shift,0,enhanced-and,16000,0.727
s_prior_shift,0,enhanced-and,17000,0.75
s_prior_shift,0,enhanced-and,18000,0.746
s_prior_shift,0,enhanced-and,19000,0.751
s_prior_shift,0,enhanced-and,20000,0.767
s_prior_shift,0,enhanced-and,21000,0.762
s_prior_shift,0,enhanced-and,22000,0.735
s_prior_shift,0,enhanced-and,23000,0.748
s_prior_shift,0,enhanced-and,24000,0.749
s_prior_shift,0,enhanced-and,25000,0.746
s_prior_shift,0,enhanced-and,26000,0.75
s_prior_shift,0,enhanced-and,27000,0.749
s_prior_shift,0,enhanced-and,28000,0.779
s_prior_shift,0,enhanced-and,29000,0.763
s_prior_shift,0,enhanced-and,30000,0.771
s_prior_shift,0,enhanced-and,31000,0.742
s_prior_shift,0,enhanced-and,32000,0.756
s_prior_shift,0,enhanced-and,33000,0.759
s_prior_shift,0,enhanced-and,34000,0.775
s_prior_shift,0,enhanced-and,35000,0.746
s_prior_shift,0,enhanced-and,36000,0.742
s_prior_shift,0,enhanced-and,37000,0.763
s_prior_shift,0,enhanced-and,38000,0.743
s_prior_shift,0,enhanced-and,39000,0.782
s_prior_shift,0,enhanced-and,40000,0.757
s_prior_shift,0,enhanced-and,41000,0.798
s_prior_shift,0,enhanced-and,42000,0.8
s_prior_shift,0,enhanced-and,43000,0.807
s_prior_shift,0,enhanced-and,44000,0.812
s_prior_shift,0,enhanced-and,45000,0.82
s_prior_shift,0,enhanced-and,46000,0.827
s_prior_shift,0,enhanced-and,47000,0.819
s_prior_shift,0,enhanced-and,48000,0.841
s_prior_shift,0,enhanced-and,49000,0.85
s_prior_shift,0,enhanced-and,50000,0.84
s_prior_shift,0,enhanced-and,51000,0.838
s_prior_shift,0,enhanced-and,52000,0.84
s_prior_shift,0,enhanced-and,53000,0.864
s_prior_shift,0,enhanced-and,54000,0.854
s_prior_shift,0,enhanced-and,55000,0.848
s_prior_shift,0,enhanced-and,56000,0.848
s_prior_shift,0,enhanced-and,57000,0.856
s_prior_shift,0,enhanced-and,58000,0.855
s_prior_shift,0,enhanced-and,59000,0.871
s_prior_shift,0,enhanced-and,60000,0.878
s_prior_shift,0,enhanced-and,61000,0.872
s_prior_shift,0,enhanced-and,62000,0.873
s_prior_shift,0,enhanced-and,63000,0.87
s_prior_shift,0,enhanced-and,64000,0.882
s_prior_shift,0,enhanced-and,65000,0.874
s_prior_shift,0,enhanced-and,66000,0.882
s_prior_shift,0,enhanced-and,67000,0.87
s_prior_shift,0,enhanced-and,68000,0.889
s_prior_shift,0,enhanced-and,69000,0.849
s_prior_shift,0,enhanced-and,70000,0.881
s_prior_shift,0,enhanced-and,71000,0.886
s_prior_shift,0,enhanced-and,72000,0.863
s_prior_shift,0,enhanced-and,73000,0.898
s_prior_shift,0,enhanced-and,74000,0.9
s_prior_shift,0,enhanced-and,75000,0.876
s_prior_shift,0,enhanced-and,76000,0.91
s_prior_shift,0,enhanced-and,77000,0.906
s_prior_shift,0,enhanced-and,78000,0.891
s_prior_shift,0,enhanced-and,79000,0.885
s_prior_shift,0,enhanced-and,80000,0.877
s_prior_shift,1,accumulativeMNB,1000,0.637
s_prior_shift,1,accumulativeMNB,2000,0.721
s_prior_shift,1,accumulativeMNB,3000,0.724
s_prior_shift,1,accumulativeMNB,4000,0.701
s_prior_shift,1,accumulativeMNB,5000,0.721
s_prior_shift,1,accumulativeMNB,6000,0.766
s_prior_shift,1,accumulativeMNB,7000,0.749
s_prior_shift,1,accumulativeMNB,8000,0.732
s_prior_shift,1,accumulativeMNB,9000,0.736
s_prior_shift,1,accumulativeMNB,10000,0.755
s_prior_shift,1,accumulativeMNB,11000,0.765
s_prior_shift,1,accumulativeMNB,12000,0.758
s_prior_shift,1,accumulativeMNB,13000,0.738
s_prior_shift,1,accumulativeMNB,14000,0.751
s_prior_shift,1,accumulativeMNB,15000,0.747
s_prior_shift,1,accumulativeMNB,16000,0.758
s_prior_shift,1,accumulativeMNB,17000,0.747
s_prior_shift,1,accumulativeMNB,18000,0.752
s_prior_shift,1,accumulativeMNB,19000,0.743
s_prior_shift,1,accumulativeMNB,20000,0.729
s_prior_shift,1,accumulativeMNB,21000,0.767
s_prior_shift,1,accumulativeMNB,22000,0.738
s_prior_shift,1,accumulativeMNB,23000,0.751
s_prior_shift,1,accumulativeMNB,24000,0.769
s_prior_shift,1,accumulativeMNB,25000,0.759
s_prior_shift,1,accumulativeMNB,26000,0.745
s_prior_shift,1,accumulativeMNB,27000,0.759
s_prior_shift,1,accumulativeMNB,28000,0.737
s_prior_shift,1,accumulativeMNB,29000,0.773
s_prior_shift,1,accumulativeMNB,30000,0.726
s_prior_shift,1,accumulativeMNB,31000,0.75
s_prior_shift,1,accumulativeMNB,32000,0.777
s_prior_shift,1,accumulativeMNB,33000,0.772
s_prior_shift,1,accumulativeMNB,34000,0.745
s_prior_shift,1,accumulativeMNB,35000,0.764
s_prior_shift,1,accumulativeMNB,36000,0.766
s_prior_shift,1,accumulativeMNB,37000,0.757
s_prior_shift,1,accumulativeMNB,38000,0.771
s_prior_shift,1,accumulativeMNB,39000,0.752
s_prior_shift,1,accumulativeMNB,40000,0.78
s_prior_shift,1,accumulativeMNB,41000,0.814
s_prior_shift,1,accumulativeMNB,42000,0.786
s_prior_shift,1,accumulativeMNB,43000,0.808
s_prior_shift,1,accumulativeMNB,44000,0.815
s_prior_shift,1,accumulativeMNB,45000,0.83
s_prior_shift,1,accumulativeMNB,46000,0.833
s_prior_shift,1,accumulativeMNB,47000,0.802
s_prior_shift,1,accumulativeMNB,48000,0.838
s_prior_shift,1,accumulativeMNB,49000,0.833
s_prior_shift,1,accumulativeMNB,50000,0.837
s_prior_shift,1,accumulativeMNB,51000,0.848
s_prior_shift,1,accumulativeMNB,52000,0.849
s_prior_shift,1,accumulativeMNB,53000,0.857
s_prior_shift,1,accumulativeMNB,54000,0.867
s_prior_shift,1,accumulativeMNB,55000,0.838
s_prior_shift,1,accumulativeMNB,56000,0.865
s_prior_shift,1,accumulativeMNB,57000,0.86
s_prior_shift,1,accumulativeMNB,58000,0.867
s_prior_shift,1,accumulativeMNB,59000,0.861
s_prior_shift,1,accumulativeMNB,60000,0.849
s_prior_shift,1,accumulativeMNB,61000,0.861
s_prior_shift,1,accumulativeMNB,62000,0.86
s_prior_shift,1,accumulativeMNB,63000,0.89
s_prior_shift,1,accumulativeMNB,64000,0.893
s_prior_shift,1,accumulativeMNB,65000,0.878
s_prior_shift,1,accumulativeMNB,66000,0.888
s_prior_shift,1,accumulativeMNB,67000,0.862
s_prior_shift,1,accumulativeMNB,68000,0.897
s_prior_shift,1,accumulativeMNB,69000,0.89
s_prior_shift,1,accumulativeMNB,70000,0.869
s_prior_shift,1,accumulativeMNB,71000,0.895
s_prior_shift,1,accumulativeMNB,72000,0.892
s_prior_shift,1,accumulativeMNB,73000,0.893
s_prior_shift,1,accumulativeMNB,74000,0.873
s_prior_shift,1,accumulativeMNB,75000,0.884
s_prior_shift,1,accumulativeMNB,76000,0.89
s_prior_shift,1,accumulativeMNB,77000,0.878
s_prior_shift,1,accumulativeMNB,78000,0.872
s_prior_shift,1,accumulativeMNB,79000,0.887
s_prior_shift,1,accumulativeMNB,80000,0.874
s_prior_shift,1,fadingMNB,1000,0.637
s_prior_shift,1,fadingMNB,2000,0.722
s_prior_shift,1,fadingMNB,3000,0.719
s_prior_shift,1,fadingMNB,4000,0.702
s_prior_shift,1,fadingMNB,5000,0.72
s_prior_shift,1,fadingMNB,6000,0.767
s_prior_shift,1,fadingMNB,7000,0.746
s_prior_shift,1,fadingMNB,8000,0.727
s_prior_shift,1,fadingMNB,9000,0.739
s_prior_shift,1,fadingMNB,10000,0.747
s_prior_shift,1,fadingMNB,11000,0.755
s_prior_shift,1,fadingMNB,12000,0.76
s_prior_shift,1,fadingMNB,13000,0.747
s_prior_shift,1,fadingMNB,14000,0.761
s_prior_shift,1,fadingMNB,15000,0.752
s_prior_shift,1,fadingMNB,16000,0.761
s_prior_shift,1,fadingMNB,17000,0.752
s_prior_shift,1,fadingMNB,18000,0.755
s_prior_shift,1,fadingMNB,19000,0.75
s_prior_shift,1,fadingMNB,20000,0.731
s_prior_shift,1,fadingMNB,21000,0.77
s_prior_shift,1,fadingMNB,22000,0.738
s_prior_shift,1,fadingMNB,23000,0.752
s_prior_shift,1,fadingMNB,24000,0.782
s_prior_shift,1,fadingMNB,25000,0.755
s_prior_shift,1,fadingMNB,26000,0.739
s_prior_shift,1,fadingMNB,27000,0.765
s_prior_shift,1,fadingMNB,28000,0.734
s_prior_shift,1,fadingMNB,29000,0.76
s_prior_shift,1,fadingMNB,30000,0.719
s_prior_shift,1,fadingMNB,31000,0.753
s_prior_shift,1,fadingMNB,32000,0.777
s_prior_shift,1,fadingMNB,33000,0.771
s_prior_shift,1,fadingMNB,34000,0.747
s_prior_shift,1,fadingMNB,35000,0.759
s_prior_shift,1,fadingMNB,36000,0.768
s_prior_shift,1,fadingMNB,37000,0.759
s_prior_shift,1,fadingMNB,38000,0.774
s_prior_shift,1,fadingMNB,39000,0.755
s_prior_shift,1,fadingMNB,40000,0.786
s_prior_shift,1,fadingMNB,41000,0.805
s_prior_shift,1,fadingMNB,42000,0.774
s_prior_shift,1,fadingMNB,43000,0.794
s_prior_shift,1,fadingMNB,44000,0.824
s_prior_shift,1,fadingMNB,45000,0.832
s_prior_shift,1,fadingMNB,46000,0.819
s_prior_shift,1,fadingMNB,47000,0.811
s_prior_shift,1,fadingMNB,48000,0.832
s_prior_shift,1,fadingMNB,49000,0.826
s_prior_shift,1,fadingMNB,50000,0.829
s_prior_shift,1,fadingMNB,51000,0.838
s_prior_shift,1,fadingMNB,52000,0.842
s_prior_shift,1,fadingMNB,53000,0.858
s_prior_shift,1,fadingMNB,54000,0.871
s_prior_shift,1,fadingMNB,55000,0.831
s_prior_shift,1,fadingMNB,56000,0.855
s_prior_shift,1,fadingMNB,57000,0.865
s_prior_shift,1,fadingMNB,58000,0.85
s_prior_shift,1,fadingMNB,59000,0.857
s_prior_shift,1,fadingMNB,60000,0.853
s_prior_shift,1,fadingMNB,61000,0.861
s_prior_shift,1,fadingMNB,62000,0.851
s_prior_shift,1,fadingMNB,63000,0.882
s_prior_shift,1,fadingMNB,64000,0.902
s_prior_shift,1,fadingMNB,65000,0.87
s_prior_shift,1,fadingMNB,66000,0.888
s_prior_shift,1,fadingMNB,67000,0.859
s_prior_shift,1,fadingMNB,68000,0.885
s_prior_shift,1,fadingMNB,69000,0.872
s_prior_shift,1,fadingMNB,70000,0.889
s_prior_shift,1,fadingMNB,71000,0.896
s_prior_shift,1,fadingMNB,72000,0.876
s_prior_shift,1,fadingMNB,73000,0.905
s_prior_shift,1,fadingMNB,74000,0.876
s_prior_shift,1,fadingMNB,75000,0.885
s_prior_shift,1,fadingMNB,76000,0.884
s_prior_shift,1,fadingMNB,77000,0.868
s_prior_shift,1,fadingMNB,78000,0.878
s_prior_shift,1,fadingMNB,79000,0.893
s_prior_shift,1,fadingMNB,80000,0.876
s_prior_shift,1,baseline-Rebuild,1000,0.637
s_prior_shift,1,baseline-Rebuild,2000,0.721
s_prior_shift,1,baseline-Rebuild,3000,0.724
s_prior_shift,1,baseline-Rebuild,4000,0.701
s_prior_shift,1,baseline-Rebuild,5000,0.721
s_prior_shift,1,baseline-Rebuild,6000,0.766
s_prior_shift,1,baseline-Rebuild,7000,0.749
s_prior_shift,1,baseline-Rebuild,8000,0.732
s_prior_shift,1,baseline-Rebuild,9000,0.736
s_prior_shift,1,baseline-Rebuild,10000,0.755
s_prior_shift,1,baseline-Rebuild,11000,0.765
s_prior_shift,1,baseline-Rebuild,12000,0.758
s_prior_shift,1,baseline-Rebuild,13000,0.738
s_prior_shift,1,baseline-Rebuild,14000,0.751
s_prior_shift,1,baseline-Rebuild,15000,0.747
s_prior_shift,1,baseline-Rebuild,16000,0.758
s_prior_shift,1,baseline-Rebuild,17000,0.747
s_prior_shift,1,baseline-Rebuild,18000,0.752
s_prior_shift,1,baseline-Rebuild,19000,0.743
s_prior_shift,1,baseline-Rebuild,20000,0.729
s_prior_shift,1,baseline-Rebuild,21000,0.74
s_prior_shift,1,baseline-Rebuild,22000,0.722
s_prior_shift,1,baseline-Rebuild,23000,0.736
s_prior_shift,1,baseline-Rebuild,24000,0.753
s_prior_shift,1,baseline-Rebuild,25000,0.756
s_prior_shift,1,baseline-Rebuild,26000,0.723
s_prior_shift,1,baseline-Rebuild,27000,0.75
s_prior_shift,1,baseline-Rebuild,28000,0.729
s_prior_shift,1,baseline-Rebuild,29000,0.744
s_prior_shift,1,baseline-Rebuild,30000,0.705
s_prior_shift,1,baseline-Rebuild,31000,0.731
s_prior_shift,1,baseline-Rebuild,32000,0.777
s_prior_shift,1,baseline-Rebuild,33000,0.752
s_prior_shift,1,baseline-Rebuild,34000,0.749
s_prior_shift,1,baseline-Rebuild,35000,0.752
s_prior_shift,1,baseline-Rebuild,36000,0.756
s_prior_shift,1,baseline-Rebuild,37000,0.747
s_prior_shift,1,baseline-Rebuild,38000,0.766
s_prior_shift,1,baseline-Rebuild,39000,0.76
s_prior_shift,1,baseline-Rebuild,40000,0.776
s_prior_shift,1,baseline-Rebuild,41000,0.812
s_prior_shift,1,baseline-Rebuild,42000,0.8
s_prior_shift,1,baseline-Rebuild,43000,0.825
s_prior_shift,1,baseline-Rebuild,44000,0.827
s_prior_shift,1,baseline-Rebuild,45000,0.859
s_prior_shift,1,baseline-Rebuild,46000,0.851
s_prior_shift,1,baseline-Rebuild,47000,0.837
s_prior_shift,1,baseline-Rebuild,48000,0.852
s_prior_shift,1,baseline-Rebuild,49000,0.861
s_prior_shift,1,baseline-Rebuild,50000,0.878
s_prior_shift,1,baseline-Rebuild,51000,0.864
s_prior_shift,1,baseline-Rebuild,52000,0.878
s_prior_shift,1,baseline-Rebuild,53000,0.879
s_prior_shift,1,baseline-Rebuild,54000,0.903
s_prior_shift,1,baseline-Rebuild,55000,0.878
s_prior_shift,1,baseline-Rebuild,56000,0.87
s_prior_shift,1,baseline-Rebuild,57000,0.878
s_prior_shift,1,baseline-Rebuild,58000,0.877
s_prior_shift,1,baseline-Rebuild,59000,0.886
s_prior_shift,1,baseline-Rebuild,60000,0.879
s_prior_shift,1,baseline-Rebuild,61000,0.888
s_prior_shift,1,baseline-Rebuild,62000,0.882
s_prior_shift,1,baseline-Rebuild,63000,0.906
s_prior_shift,1,baseline-Rebuild,64000,0.911
s_prior_shift,1,baseline-Rebuild,65000,0.895
s_prior_shift,1,baseline-Rebuild,66000,0.907
s_prior_shift,1,baseline-Rebuild,67000,0.897
s_prior_shift,1,baseline-Rebuild,68000,0.903
s_prior_shift,1,baseline-Rebuild,69000,0.896
s_prior_shift,1,baseline-Rebuild,70000,0.903
s_prior_shift,1,baseline-Rebuild,71000,0.899
s_prior_shift,1,baseline-Rebuild,72000,0.904
s_prior_shift,1,baseline-Rebuild,73000,0.909
s_prior_shift,1,baseline-Rebuild,74000,0.89
s_prior_shift,1,baseline-Rebuild,75000,0.905
s_prior_shift,1,baseline-Rebuild,76000,0.9
s_prior_shift,1,baseline-Rebuild,77000,0.887
s_prior_shift,1,baseline-Rebuild,78000,0.891
s_prior_shift,1,baseline-Rebuild,79000,0.91
s_prior_shift,1,baseline-Rebuild,80000,0.897
s_prior_shift,1,baseline-SIFR,1000,0.637
s_prior_shift,1,baseline-SIFR,2000,0.721
s_prior_shift,1,baseline-SIFR,3000,0.724
s_prior_shift,1,baseline-SIFR,4000,0.701
s_prior_shift,1,baseline-SIFR,5000,0.721
s_prior_shift,1,baseline-SIFR,6000,0.766
s_prior_shift,1,baseline-SIFR,7000,0.749
s_prior_shift,1,baseline-SIFR,8000,0.732
s_prior_shift,1,baseline-SIFR,9000,0.736
s_prior_shift,1,baseline-SIFR,10000,0.755
s_prior_shift,1,baseline-SIFR,11000,0.765
s_prior_shift,1,baseline-SIFR,12000,0.758
s_prior_shift,1,baseline-SIFR,13000,0.738
s_prior_shift,1,baseline-SIFR,14000,0.751
s_prior_shift,1,baseline-SIFR,15000,0.747
s_prior_shift,1,baseline-SIFR,16000,0.758
s_prior_shift,1,baseline-SIFR,17000,0.747
s_prior_shift,1,baseline-SIFR,18000,0.752
s_prior_shift,1,baseline-SIFR,19000,0.743
s_prior_shift,1,baseline-SIFR,20000,0.729
s_prior_shift,1,baseline-SIFR,21000,0.771
s_prior_shift,1,baseline-SIFR,22000,0.733
s_prior_shift,1,baseline-SIFR,23000,0.755
s_prior_shift,1,baseline-SIFR,24000,0.781
s_prior_shift,1,baseline-SIFR,25000,0.756
s_prior_shift,1,baseline-SIFR,26000,0.734
s_prior_shift,1,baseline-SIFR,27000,0.766
s_prior_shift,1,baseline-SIFR,28000,0.735
s_prior_shift,1,baseline-SIFR,29000,0.756
s_prior_shift,1,baseline-SIFR,30000,0.717
s_prior_shift,1,baseline-SIFR,31000,0.745
s_prior_shift,1,baseline-SIFR,32000,0.777
s_prior_shift,1,baseline-SIFR,33000,0.758
s_prior_shift,1,baseline-SIFR,34000,0.753
s_prior_shift,1,baseline-SIFR,35000,0.757
s_prior_shift,1,baseline-SIFR,36000,0.764
s_prior_shift,1,baseline-SIFR,37000,0.742
s_prior_shift,1,baseline-SIFR,38000,0.77
s_prior_shift,1,baseline-SIFR,39000,0.758
s_prior_shift,1,baseline-SIFR,40000,0.784
s_prior_shift,1,baseline-SIFR,41000,0.811
s_prior_shift,1,baseline-SIFR,42000,0.782
s_prior_shift,1,baseline-SIFR,43000,0.787
s_prior_shift,1,baseline-SIFR,44000,0.827
s_prior_shift,1,baseline-SIFR,45000,0.833
s_prior_shift,1,baseline-SIFR,46000,0.828
s_prior_shift,1,baseline-SIFR,47000,0.82
s_prior_shift,1,baseline-SIFR,48000,0.844
s_prior_shift,1,baseline-SIFR,49000,0.833
s_prior_shift,1,baseline-SIFR,50000,0.837
s_prior_shift,1,baseline-SIFR,51000,0.848
s_prior_shift,1,baseline-SIFR,52000,0.849
s_prior_shift,1,baseline-SIFR,53000,0.857
s_prior_shift,1,baseline-SIFR,54000,0.867
s_prior_shift,1,baseline-SIFR,55000,0.838
s_prior_shift,1,baseline-SIFR,56000,0.865
s_prior_shift,1,baseline-SIFR,57000,0.86
s_prior_shift,1,baseline-SIFR,58000,0.867
s_prior_shift,1,baseline-SIFR,59000,0.861
s_prior_shift,1,baseline-SIFR,60000,0.849
s_prior_shift,1,baseline-SIFR,61000,0.861
s_prior_shift,1,baseline-SIFR,62000,0.86
s_prior_shift,1,baseline-SIFR,63000,0.89
s_prior_shift,1,baseline-SIFR,64000,0.893
s_prior_shift,1,baseline-SIFR,65000,0.878
s_prior_shift,1,baseline-SIFR,66000,0.888
s_prior_shift,1,baseline-SIFR,67000,0.862
s_prior_shift,1,baseline-SIFR,68000,0.897
s_prior_shift,1,baseline-SIFR,69000,0.89
s_prior_shift,1,baseline-SIFR,70000,0.869
s_prior_shift,1,baseline-SIFR,71000,0.895
s_prior_shift,1,baseline-SIFR,72000,0.892
s_prior_shift,1,baseline-SIFR,73000,0.893
s_prior_shift,1,baseline-SIFR,74000,0.873
s_prior_shift,1,baseline-SIFR,75000,0.884
s_prior_shift,1,baseline-SIFR,76000,0.89
s_prior_shift,1,baseline-SIFR,77000,0.878
s_prior_shift,1,baseline-SIFR,78000,0.872
s_prior_shift,1,baseline-SIFR,79000,0.887
s_prior_shift,1,baseline-SIFR,80000,0.874
s_prior_shift,1,enhanced-adwin_only,1000,0.637
s_prior_shift,1,enhanced-adwin_only,2000,0.721
s_prior_shift,1,enhanced-adwin_only,3000,0.724
s_prior_shift,1,enhanced-adwin_only,4000,0.701
s_prior_shift,1,enhanced-adwin_only,5000,0.721
s_prior_shift,1,enhanced-adwin_only,6000,0.766
s_prior_shift,1,enhanced-adwin_only,7000,0.749
s_prior_shift,1,enhanced-adwin_only,8000,0.732
s_prior_shift,1,enhanced-adwin_only,9000,0.736
s_prior_shift,1,enhanced-adwin_only,10000,0.755
s_prior_shift,1,enhanced-adwin_only,11000,0.765
s_prior_shift,1,enhanced-adwin_only,12000,0.758
s_prior_shift,1,enhanced-adwin_only,13000,0.738
s_prior_shift,1,enhanced-adwin_only,14000,0.751
s_prior_shift,1,enhanced-adwin_only,15000,0.747
s_prior_shift,1,enhanced-adwin_only,16000,0.758
s_prior_shift,1,enhanced-adwin_only,17000,0.747
s_prior_shift,1,enhanced-adwin_only,18000,0.752
s_prior_shift,1,enhanced-adwin_only,19000,0.743
s_prior_shift,1,enhanced-adwin_only,20000,0.729
s_prior_shift,1,enhanced-adwin_only,21000,0.767
s_prior_shift,1,enhanced-adwin_only,22000,0.738
s_prior_shift,1,enhanced-adwin_only,23000,0.751
s_prior_shift,1,enhanced-adwin_only,24000,0.769
s_prior_shift,1,enhanced-adwin_only,25000,0.759
s_prior_shift,1,enhanced-adwin_only,26000,0.745
s_prior_shift,1,enhanced-adwin_only,27000,0.759
s_prior_shift,1,enhanced-adwin_only,28000,0.737
s_prior_shift,1,enhanced-adwin_only,29000,0.773
s_prior_shift,1,enhanced-adwin_only,30000,0.726
s_prior_shift,1,enhanced-adwin_only,31000,0.75
s_prior_shift,1,enhanced-adwin_only,32000,0.777
s_prior_shift,1,enhanced-adwin_only,33000,0.772
s_prior_shift,1,enhanced-adwin_only,34000,0.745
s_prior_shift,1,enhanced-adwin_only,35000,0.764
s_prior_shift,1,enhanced-adwin_only,36000,0.766
s_prior_shift,1,enhanced-adwin_only,37000,0.757
s_prior_shift,1,enhanced-adwin_only,38000,0.771
s_prior_shift,1,enhanced-adwin_only,39000,0.752
s_prior_shift,1,enhanced-adwin_only,40000,0.78
s_prior_shift,1,enhanced-adwin_only,41000,0.814
s_prior_shift,1,enhanced-adwin_only,42000,0.786
s_prior_shift,1,enhanced-adwin_only,43000,0.808
s_prior_shift,1,enhanced-adwin_only,44000,0.815
s_prior_shift,1,enhanced-adwin_only,45000,0.83
s_prior_shift,1,enhanced-adwin_only,46000,0.833
s_prior_shift,1,enhanced-adwin_only,47000,0.802
s_prior_shift,1,enhanced-adwin_only,48000,0.838
s_prior_shift,1,enhanced-adwin_only,49000,0.833
s_prior_shift,1,enhanced-adwin_only,50000,0.837
s_prior_shift,1,enhanced-adwin_only,51000,0.848
s_prior_shift,1,enhanced-adwin_only,52000,0.849
s_prior_shift,1,enhanced-adwin_only,53000,0.857
s_prior_shift,1,enhanced-adwin_only,54000,0.867
s_prior_shift,1,enhanced-adwin_only,55000,0.838
s_prior_shift,1,enhanced-adwin_only,56000,0.865
s_prior_shift,1,enhanced-adwin_only,57000,0.86
s_prior_shift,1,enhanced-adwin_only,58000,0.867
s_prior_shift,1,enhanced-adwin_only,59000,0.861
s_prior_shift,1,enhanced-adwin_only,60000,0.849
s_prior_shift,1,enhanced-adwin_only,61000,0.861
s_prior_shift,1,enhanced-adwin_only,62000,0.86
s_prior_shift,1,enhanced-adwin_only,63000,0.89
s_prior_shift,1,enhanced-adwin_only,64000,0.893
s_prior_shift,1,enhanced-adwin_only,65000,0.878
s_prior_shift,1,enhanced-adwin_only,66000,0.888
s_prior_shift,1,enhanced-adwin_only,67000,0.862
s_prior_shift,1,enhanced-adwin_only,68000,0.897
s_prior_shift,1,enhanced-adwin_only,69000,0.89
s_prior_shift,1,enhanced-adwin_only,70000,0.869
s_prior_shift,1,enhanced-adwin_only,71000,0.895
s_prior_shift,1,enhanced-adwin_only,72000,0.892
s_prior_shift,1,enhanced-adwin_only,73000,0.893
s_prior_shift,1,enhanced-adwin_only,74000,0.873
s_prior_shift,1,enhanced-adwin_only,75000,0.884
s_prior_shift,1,enhanced-adwin_only,76000,0.89
s_prior_shift,1,enhanced-adwin_only,77000,0.878
s_prior_shift,1,enhanced-adwin_only,78000,0.872
s_prior_shift,1,enhanced-adwin_only,79000,0.887
s_prior_shift,1,enhanced-adwin_only,80000,0.874
s_prior_shift,1,enhanced-or,1000,0.637
s_prior_shift,1,enhanced-or,2000,0.721
s_prior_shift,1,enhanced-or,3000,0.724
s_prior_shift,1,enhanced-or,4000,0.701
s_prior_shift,1,enhanced-or,5000,0.721
s_prior_shift,1,enhanced-or,6000,0.766
s_prior_shift,1,enhanced-or,7000,0.749
s_prior_shift,1,enhanced-or,8000,0.732
s_prior_shift,1,enhanced-or,9000,0.736
s_prior_shift,1,enhanced-or,10000,0.755
s_prior_shift,1,enhanced-or,11000,0.765
s_prior_shift,1,enhanced-or,12000,0.758
s_prior_shift,1,enhanced-or,13000,0.738
s_prior_shift,1,enhanced-or,14000,0.751
s_prior_shift,1,enhanced-or,15000,0.747
s_prior_shift,1,enhanced-or,16000,0.758
s_prior_shift,1,enhanced-or,17000,0.747
s_prior_shift,1,enhanced-or,18000,0.752
s_prior_shift,1,enhanced-or,19000,0.743
s_prior_shift,1,enhanced-or,20000,0.729
s_prior_shift,1,enhanced-or,21000,0.74
s_prior_shift,1,enhanced-or,22000,0.722
s_prior_shift,1,enhanced-or,23000,0.736
s_prior_shift,1,enhanced-or,24000,0.753
s_prior_shift,1,enhanced-or,25000,0.756
s_prior_shift,1,enhanced-or,26000,0.723
s_prior_shift,1,enhanced-or,27000,0.75
s_prior_shift,1,enhanced-or,28000,0.729
s_prior_shift,1,enhanced-or,29000,0.744
s_prior_shift,1,enhanced-or,30000,0.705
s_prior_shift,1,enhanced-or,31000,0.731
s_prior_shift,1,enhanced-or,32000,0.777
s_prior_shift,1,enhanced-or,33000,0.752
s_prior_shift,1,enhanced-or,34000,0.749
s_prior_shift,1,enhanced-or,35000,0.752
s_prior_shift,1,enhanced-or,36000,0.756
s_prior_shift,1,enhanced-or,37000,0.747
s_prior_shift,1,enhanced-or,38000,0.766
s_prior_shift,1,enhanced-or,39000,0.76
s_prior_shift,1,enhanced-or,40000,0.776
s_prior_shift,1,enhanced-or,41000,0.812
s_prior_shift,1,enhanced-or,42000,0.8
s_prior_shift,1,enhanced-or,43000,0.825
s_prior_shift,1,enhanced-or,44000,0.827
s_prior_shift,1,enhanced-or,45000,0.859
s_prior_shift,1,enhanced-or,46000,0.851
s_prior_shift,1,enhanced-or,47000,0.837
s_prior_shift,1,enhanced-or,48000,0.852
s_prior_shift,1,enhanced-or,49000,0.861
s_prior_shift,1,enhanced-or,50000,0.878
s_prior_shift,1,enhanced-or,51000,0.864
s_prior_shift,1,enhanced-or,52000,0.878
s_prior_shift,1,enhanced-or,53000,0.879
s_prior_shift,1,enhanced-or,54000,0.903
s_prior_shift,1,enhanced-or,55000,0.878
s_prior_shift,1,enhanced-or,56000,0.87
s_prior_shift,1,enhanced-or,57000,0.878
s_prior_shift,1,enhanced-or,58000,0.877
s_prior_shift,1,enhanced-or,59000,0.886
s_prior_shift,1,enhanced-or,60000,0.879
s_prior_shift,1,enhanced-or,61000,0.888
s_prior_shift,1,enhanced-or,62000,0.882
s_prior_shift,1,enhanced-or,63000,0.906
s_prior_shift,1,enhanced-or,64000,0.911
s_prior_shift,1,enhanced-or,65000,0.895
s_prior_shift,1,enhanced-or,66000,0.907
s_prior_shift,1,enhanced-or,67000,0.897
s_prior_shift,1,enhanced-or,68000,0.903
s_prior_shift,1,enhanced-or,69000,0.896
s_prior_shift,1,enhanced-or,70000,0.903
s_prior_shift,1,enhanced-or,71000,0.899
s_prior_shift,1,enhanced-or,72000,0.904
s_prior_shift,1,enhanced-or,73000,0.909
s_prior_shift,1,enhanced-or,74000,0.89
s_prior_shift,1,enhanced-or,75000,0.905
s_prior_shift,1,enhanced-or,76000,0.9
s_prior_shift,1,enhanced-or,77000,0.887
s_prior_shift,1,enhanced-or,78000,0.891
s_prior_shift,1,enhanced-or,79000,0.91
s_prior_shift,1,enhanced-or,80000,0.897
s_prior_shift,1,enhanced-and,1000,0.637
s_prior_shift,1,enhanced-and,2000,0.721
s_prior_shift,1,enhanced-and,3000,0.724
s_prior_shift,1,enhanced-and,4000,0.701
s_prior_shift,1,enhanced-and,5000,0.721
s_prior_shift,1,enhanced-and,6000,0.766
s_prior_shift,1,enhanced-and,7000,0.749
s_prior_shift,1,enhanced-and,8000,0.732
s_prior_shift,1,enhanced-and,9000,0.736
s_prior_shift,1,enhanced-and,10000,0.755
s_prior_shift,1,enhanced-and,11000,0.765
s_prior_shift,1,enhanced-and,12000,0.758
s_prior_shift,1,enhanced-and,13000,0.738
s_prior_shift,1,enhanced-and,14000,0.751
s_prior_shift,1,enhanced-and,15000,0.747
s_prior_shift,1,enhanced-and,16000,0.758
s_prior_shift,1,enhanced-and,17000,0.747
s_prior_shift,1,enhanced-and,18000,0.752
s_prior_shift,1,enhanced-and,19000,0.743
s_prior_shift,1,enhanced-and,20000,0.729
s_prior_shift,1,enhanced-and,21000,0.767
s_prior_shift,1,enhanced-and,22000,0.738
s_prior_shift,1,enhanced-and,23000,0.751
s_prior_shift,1,enhanced-and,24000,0.769
s_prior_shift,1,enhanced-and,25000,0.759
s_prior_shift,1,enhanced-and,26000,0.745
s_prior_shift,1,enhanced-and,27000,0.759
s_prior_shift,1,enhanced-and,28000,0.737
s_prior_shift,1,enhanced-and,29000,0.773
s_prior_shift,1,enhanced-and,30000,0.726
s_prior_shift,1,enhanced-and,31000,0.75
s_prior_shift,1,enhanced-and,32000,0.777
s_prior_shift,1,enhanced-and,33000,0.772
s_prior_shift,1,enhanced-and,34000,0.745
s_prior_shift,1,enhanced-and,35000,0.764
s_prior_shift,1,enhanced-and,36000,0.766
s_prior_shift,1,enhanced-and,37000,0.757
s_prior_shift,1,enhanced-and,38000,0.771
s_prior_shift,1,enhanced-and,39000,0.752
s_prior_shift,1,enhanced-and,40000,0.78
s_prior_shift,1,enhanced-and,41000,0.814
s_prior_shift,1,enhanced-and,42000,0.786
s_prior_shift,1,enhanced-and,43000,0.808
s_prior_shift,1,enhanced-and,44000,0.815
s_prior_shift,1,enhanced-and,45000,0.83
s_prior_shift,1,enhanced-and,46000,0.833
s_prior_shift,1,enhanced-and,47000,0.802
s_prior_shift,1,enhanced-and,48000,0.838
s_prior_shift,1,enhanced-and,49000,0.833
s_prior_shift,1,enhanced-and,50000,0.837
s_prior_shift,1,enhanced-and,51000,0.848
s_prior_shift,1,enhanced-and,52000,0.849
s_prior_shift,1,enhanced-and,53000,0.857
s_prior_shift,1,enhanced-and,54000,0.867
s_prior_shift,1,enhanced-and,55000,0.838
s_prior_shift,1,enhanced-and,56000,0.865
s_prior_shift,1,enhanced-and,57000,0.86
s_prior_shift,1,enhanced-and,58000,0.867
s_prior_shift,1,enhanced-and,59000,0.861
s_prior_shift,1,enhanced-and,60000,0.849
s_prior_shift,1,enhanced-and,61000,0.861
s_prior_shift,1,enhanced-and,62000,0.86
s_prior_shift,1,enhanced-and,63000,0.89
s_prior_shift,1,enhanced-and,64000,0.893
s_prior_shift,1,enhanced-and,65000,0.878
s_prior_shift,1,enhanced-and,66000,0.888
s_prior_shift,1,enhanced-and,67000,0.862
s_prior_shift,1,enhanced-and,68000,0.897
s_prior_shift,1,enhanced-and,69000,0.89
s_prior_shift,1,enhanced-and,70000,0.869
s_prior_shift,1,enhanced-and,71000,0.895
s_prior_shift,1,enhanced-and,72000,0.892
s_prior_shift,1,enhanced-and,73000,0.893
s_prior_shift,1,enhanced-and,74000,0.873
s_prior_shift,1,enhanced-and,75000,0.884
s_prior_shift,1,enhanced-and,76000,0.89
s_prior_shift,1,enhanced-and,77000,0.878
s_prior_shift,1,enhanced-and,78000,0.872
s_prior_shift,1,enhanced-and,79000,0.887
s_prior_shift,1,enhanced-and,80000,0.874
s_prior_shift,2,accumulativeMNB,1000,0.668
s_prior_shift,2,accumulativeMNB,2000,0.699
s_prior_shift,2,accumulativeMNB,3000,0.713
s_prior_shift,2,accumulativeMNB,4000,0.726
s_prior_shift,2,accumulativeMNB,5000,0.72
s_prior_shift,2,accumulativeMNB,6000,0.747
s_prior_shift,2,accumulativeMNB,7000,0.738
s_prior_shift,2,accumulativeMNB,8000,0.759
s_prior_shift,2,accumulativeMNB,9000,0.721
s_prior_shift,2,accumulativeMNB,10000,0.736
s_prior_shift,2,accumulativeMNB,11000,0.754
s_prior_shift,2,accumulativeMNB,12000,0.742
s_prior_shift,2,accumulativeMNB,13000,0.755
s_prior_shift,2,accumulativeMNB,14000,0.777
s_prior_shift,2,accumulativeMNB,15000,0.756
s_prior_shift,2,accumulativeMNB,16000,0.76
s_prior_shift,2,accumulativeMNB,17000,0.719
s_prior_shift,2,accumulativeMNB,18000,0.754
s_prior_shift,2,accumulativeMNB,19000,0.714
s_prior_shift,2,accumulativeMNB,20000,0.75
s_prior_shift,2,accumulativeMNB,21000,0.754
s_prior_shift,2,accumulativeMNB,22000,0.738
s_prior_shift,2,accumulativeMNB,23000,0.759
s_prior_shift,2,accumulativeMNB,24000,0.736
s_prior_shift,2,accumulativeMNB,25000,0.76
s_prior_shift,2,accumulativeMNB,26000,0.755
s_prior_shift,2,accumulativeMNB,27000,0.748
s_prior_shift,2,accumulativeMNB,28000,0.766
s_prior_shift,2,accumulativeMNB,29000,0.749
s_prior_shift,2,accumulativeMNB,30000,0.744
s_prior_shift,2,accumulativeMNB,31000,0.751
s_prior_shift,2,accumulativeMNB,32000,0.766
s_prior_shift,2,accumulativeMNB,33000,0.794
s_prior_shift,2,accumulativeMNB,34000,0.767
s_prior_shift,2,accumulativeMNB,35000,0.756
s_prior_shift,2,accumulativeMNB,36000,0.756
s_prior_shift,2,accumulativeMNB,37000,0.765
s_prior_shift,2,accumulativeMNB,38000,0.753
s_prior_shift,2,accumulativeMNB,39000,0.772
s_prior_shift,2,accumulativeMNB,40000,0.749
s_prior_shift,2,accumulativeMNB,41000,0.806
s_prior_shift,2,accumulativeMNB,42000,0.806
s_prior_shift,2,accumulativeMNB,43000,0.809
s_prior_shift,2,accumulativeMNB,44000,0.807
s_prior_shift,2,accumulativeMNB,45000,0.786
s_prior_shift,2,accumulativeMNB,46000,0.835
s_prior_shift,2,accumulativeMNB,47000,0.849
s_prior_shift,2,accumulativeMNB,48000,0.839
s_prior_shift,2,accumulativeMNB,49000,0.838
s_prior_shift,2,accumulativeMNB,50000,0.87
s_prior_shift,2,accumulativeMNB,51000,0.841
s_prior_shift,2,accumulativeMNB,52000,0.863
s_prior_shift,2,accumulativeMNB,53000,0.869
s_prior_shift,2,accumulativeMNB,54000,0.852
s_prior_shift,2,accumulativeMNB,55000,0.851
s_prior_shift,2,accumulativeMNB,56000,0.852
s_prior_shift,2,accumulativeMNB,57000,0.862
s_prior_shift,2,accumulativeMNB,58000,0.866
s_prior_shift,2,accumulativeMNB,59000,0.862
s_prior_shift,2,accumulativeMNB,60000,0.855
s_prior_shift,2,accumulativeMNB,61000,0.873
s_prior_shift,2,accumulativeMNB,62000,0.858
s_prior_shift,2,accumulativeMNB,63000,0.871
s_prior_shift,2,accumulativeMNB,64000,0.891
s_prior_shift,2,accumulativeMNB,65000,0.877
s_prior_shift,2,accumulativeMNB,66000,0.864
s_prior_shift,2,accumulativeMNB,67000,0.877
s_prior_shift,2,accumulativeMNB,68000,0.886
s_prior_shift,2,accumulativeMNB,69000,0.869
s_prior_shift,2,accumulativeMNB,70000,0.883
s_prior_shift,2,accumulativeMNB,71000,0.877
s_prior_shift,2,accumulativeMNB,72000,0.882
s_prior_shift,2,accumulativeMNB,73000,0.89
s_prior_shift,2,accumulativeMNB,74000,0.884
s_prior_shift,2,accumulativeMNB,75000,0.888
s_prior_shift,2,accumulativeMNB,76000,0.881
s_prior_shift,2,accumulativeMNB,77000,0.891
s_prior_shift,2,accumulativeMNB,78000,0.886
s_prior_shift,2,accumulativeMNB,79000,0.89
s_prior_shift,2,accumulativeMNB,80000,0.895
s_prior_shift,2,fadingMNB,1000,0.669
s_prior_shift,2,fadingMNB,2000,0.7
s_prior_shift,2,fadingMNB,3000,0.712
s_prior_shift,2,fadingMNB,4000,0.727
s_prior_shift,2,fadingMNB,5000,0.719
s_prior_shift,2,fadingMNB,6000,0.744
s_prior_shift,2,fadingMNB,7000,0.739
s_prior_shift,2,fadingMNB,8000,0.763
s_prior_shift,2,fadingMNB,9000,0.725
s_prior_shift,2,fadingMNB,10000,0.735
s_prior_shift,2,fadingMNB,11000,0.75
s_prior_shift,2,fadingMNB,12000,0.746
s_prior_shift,2,fadingMNB,13000,0.752
s_prior_shift,2,fadingMNB,14000,0.779
s_prior_shift,2,fadingMNB,15000,0.761
s_prior_shift,2,fadingMNB,16000,0.758
s_prior_shift,2,fadingMNB,17000,0.716
s_prior_shift,2,fadingMNB,18000,0.755
s_prior_shift,2,fadingMNB,19000,0.707
s_prior_shift,2,fadingMNB,20000,0.741
s_prior_shift,2,fadingMNB,21000,0.753
s_prior_shift,2,fadingMNB,22000,0.745
s_prior_shift,2,fadingMNB,23000,0.76
s_prior_shift,2,fadingMNB,24000,0.736
s_prior_shift,2,fadingMNB,25000,0.751
s_prior_shift,2,fadingMNB,26000,0.751
s_prior_shift,2,fadingMNB,27000,0.753
s_prior_shift,2,fadingMNB,28000,0.775
s_prior_shift,2,fadingMNB,29000,0.75
s_prior_shift,2,fadingMNB,30000,0.748
s_prior_shift,2,fadingMNB,31000,0.762
s_prior_shift,2,fadingMNB,32000,0.768
s_prior_shift,2,fadingMNB,33000,0.788
s_prior_shift,2,fadingMNB,34000,0.768
s_prior_shift,2,fadingMNB,35000,0.751
s_prior_shift,2,fadingMNB,36000,0.761
s_prior_shift,2,fadingMNB,37000,0.753
s_prior_shift,2,fadingMNB,38000,0.744
s_prior_shift,2,fadingMNB,39000,0.777
s_prior_shift,2,fadingMNB,40000,0.759
s_prior_shift,2,fadingMNB,41000,0.797
s_prior_shift,2,fadingMNB,42000,0.784
s_prior_shift,2,fadingMNB,43000,0.797
s_prior_shift,2,fadingMNB,44000,0.795
s_prior_shift,2,fadingMNB,45000,0.782
s_prior_shift,2,fadingMNB,46000,0.837
s_prior_shift,2,fadingMNB,47000,0.856
s_prior_shift,2,fadingMNB,48000,0.838
s_prior_shift,2,fadingMNB,49000,0.834
s_prior_shift,2,fadingMNB,50000,0.861
s_prior_shift,2,fadingMNB,51000,0.847
s_prior_shift,2,fadingMNB,52000,0.861
s_prior_shift,2,fadingMNB,53000,0.863
s_prior_shift,2,fadingMNB,54000,0.834
s_prior_shift,2,fadingMNB,55000,0.85
s_prior_shift,2,fadingMNB,56000,0.854
s_prior_shift,2,fadingMNB,57000,0.868
s_prior_shift,2,fadingMNB,58000,0.865
s_prior_shift,2,fadingMNB,59000,0.868
s_prior_shift,2,fadingMNB,60000,0.854
s_prior_shift,2,fadingMNB,61000,0.87
s_prior_shift,2,fadingMNB,62000,0.857
s_prior_shift,2,fadingMNB,63000,0.867
s_prior_shift,2,fadingMNB,64000,0.88
s_prior_shift,2,fadingMNB,65000,0.883
s_prior_shift,2,fadingMNB,66000,0.869
s_prior_shift,2,fadingMNB,67000,0.875
s_prior_shift,2,fadingMNB,68000,0.869
s_prior_shift,2,fadingMNB,69000,0.857
s_prior_shift,2,fadingMNB,70000,0.882
s_prior_shift,2,fadingMNB,71000,0.879
s_prior_shift,2,fadingMNB,72000,0.892
s_prior_shift,2,fadingMNB,73000,0.876
s_prior_shift,2,fadingMNB,74000,0.876
s_prior_shift,2,fadingMNB,75000,0.892
s_prior_shift,2,fadingMNB,76000,0.88
s_prior_shift,2,fadingMNB,77000,0.885
s_prior_shift,2,fadingMNB,78000,0.88
s_prior_shift,2,fadingMNB,79000,0.889
s_prior_shift,2,fadingMNB,80000,0.899
s_prior_shift,2,baseline-Rebuild,1000,0.668
s_prior_shift,2,baseline-Rebuild,2000,0.699
s_prior_shift,2,baseline-Rebuild,3000,0.713
s_prior_shift,2,baseline-Rebuild,4000,0.726
s_prior_shift,2,baseline-Rebuild,5000,0.72
s_prior_shift,2,baseline-Rebuild,6000,0.747
s_prior_shift,2,baseline-Rebuild,7000,0.738
s_prior_shift,2,baseline-Rebuild,8000,0.759
s_prior_shift,2,baseline-Rebuild,9000,0.721
s_prior_shift,2,baseline-Rebuild,10000,0.736
s_prior_shift,2,baseline-Rebuild,11000,0.754
s_prior_shift,2,baseline-Rebuild,12000,0.742
s_prior_shift,2,baseline-Rebuild,13000,0.755
s_prior_shift,2,baseline-Rebuild,14000,0.777
s_prior_shift,2,baseline-Rebuild,15000,0.756
s_prior_shift,2,baseline-Rebuild,16000,0.76
s_prior_shift,2,baseline-Rebuild,17000,0.719
s_prior_shift,2,baseline-Rebuild,18000,0.754
s_prior_shift,2,baseline-Rebuild,19000,0.714
s_prior_shift,2,baseline-Rebuild,20000,0.75
s_prior_shift,2,baseline-Rebuild,21000,0.749
s_prior_shift,2,baseline-Rebuild,22000,0.726
s_prior_shift,2,baseline-Rebuild,23000,0.73
s_prior_shift,2,baseline-Rebuild,24000,0.725
s_prior_shift,2,baseline-Rebuild,25000,0.711
s_prior_shift,2,baseline-Rebuild,26000,0.711
s_prior_shift,2,baseline-Rebuild,27000,0.746
s_prior_shift,2,baseline-Rebuild,28000,0.735
s_prior_shift,2,baseline-Rebuild,29000,0.744
s_prior_shift,2,baseline-Rebuild,30000,0.714
s_prior_shift,2,baseline-Rebuild,31000,0.746
s_prior_shift,2,baseline-Rebuild,32000,0.75
s_prior_shift,2,baseline-Rebuild,33000,0.738
s_prior_shift,2,baseline-Rebuild,34000,0.742
s_prior_shift,2,baseline-Rebuild,35000,0.715
s_prior_shift,2,baseline-Rebuild,36000,0.738
s_prior_shift,2,baseline-Rebuild,37000,0.728
s_prior_shift,2,baseline-Rebuild,38000,0.729
s_prior_shift,2,baseline-Rebuild,39000,0.766
s_prior_shift,2,baseline-Rebuild,40000,0.728
s_prior_shift,2,baseline-Rebuild,41000,0.785
s_prior_shift,2,baseline-Rebuild,42000,0.818
s_prior_shift,2,baseline-Rebuild,43000,0.843
s_prior_shift,2,baseline-Rebuild,44000,0.848
s_prior_shift,2,baseline-Rebuild,45000,0.856
s_prior_shift,2,baseline-Rebuild,46000,0.887
s_prior_shift,2,baseline-Rebuild,47000,0.911
s_prior_shift,2,baseline-Rebuild,48000,0.884
s_prior_shift,2,baseline-Rebuild,49000,0.907
s_prior_shift,2,baseline-Rebuild,50000,0.925
s_prior_shift,2,baseline-Rebuild,51000,0.91
s_prior_shift,2,baseline-Rebuild,52000,0.902
s_prior_shift,2,baseline-Rebuild,53000,0.909
s_prior_shift,2,baseline-Rebuild,54000,0.896
s_prior_shift,2,baseline-Rebuild,55000,0.895
s_prior_shift,2,baseline-Rebuild,56000,0.899
s_prior_shift,2,baseline-Rebuild,57000,0.921
s_prior_shift,2,baseline-Rebuild,58000,0.914
s_prior_shift,2,baseline-Rebuild,59000,0.905
s_prior_shift,2,baseline-Rebuild,60000,0.907
s_prior_shift,2,baseline-Rebuild,61000,0.912
s_prior_shift,2,baseline-Rebuild,62000,0.895
s_prior_shift,2,baseline-Rebuild,63000,0.901
s_prior_shift,2,baseline-Rebuild,64000,0.902
s_prior_shift,2,baseline-Rebuild,65000,0.9
s_prior_shift,2,baseline-Rebuild,66000,0.898
s_prior_shift,2,baseline-Rebuild,67000,0.897
s_prior_shift,2,baseline-Rebuild,68000,0.918
s_prior_shift,2,baseline-Rebuild,69000,0.898
s_prior_shift,2,baseline-Rebuild,70000,0.914
s_prior_shift,2,baseline-Rebuild,71000,0.898
s_prior_shift,2,baseline-Rebuild,72000,0.909
s_prior_shift,2,baseline-Rebuild,73000,0.906
s_prior_shift,2,baseline-Rebuild,74000,0.894
s_prior_shift,2,baseline-Rebuild,75000,0.911
s_prior_shift,2,baseline-Rebuild,76000,0.911
s_prior_shift,2,baseline-Rebuild,77000,0.904
s_prior_shift,2,baseline-Rebuild,78000,0.9
s_prior_shift,2,baseline-Rebuild,79000,0.904
s_prior_shift,2,baseline-Rebuild,80000,0.911
s_prior_shift,2,baseline-SIFR,1000,0.668
s_prior_shift,2,baseline-SIFR,2000,0.699
s_prior_shift,2,baseline-SIFR,3000,0.713
s_prior_shift,2,baseline-SIFR,4000,0.726
s_prior_shift,2,baseline-SIFR,5000,0.72
s_prior_shift,2,baseline-SIFR,6000,0.747
s_prior_shift,2,baseline-SIFR,7000,0.738
s_prior_shift,2,baseline-SIFR,8000,0.759
s_prior_shift,2,baseline-SIFR,9000,0.721
s_prior_shift,2,baseline-SIFR,10000,0.736
s_prior_shift,2,baseline-SIFR,11000,0.754
s_prior_shift,2,baseline-SIFR,12000,0.742
s_prior_shift,2,baseline-SIFR,13000,0.755
s_prior_shift,2,baseline-SIFR,14000,0.777
s_prior_shift,2,baseline-SIFR,15000,0.756
s_prior_shift,2,baseline-SIFR,16000,0.76
s_prior_shift,2,baseline-SIFR,17000,0.719
s_prior_shift,2,baseline-SIFR,18000,0.754
s_prior_shift,2,baseline-SIFR,19000,0.714
s_prior_shift,2,baseline-SIFR,20000,0.75
s_prior_shift,2,baseline-SIFR,21000,0.758
s_prior_shift,2,baseline-SIFR,22000,0.745
s_prior_shift,2,baseline-SIFR,23000,0.757
s_prior_shift,2,baseline-SIFR,24000,0.732
s_prior_shift,2,baseline-SIFR,25000,0.749
s_prior_shift,2,baseline-SIFR,26000,0.747
s_prior_shift,2,baseline-SIFR,27000,0.762
s_prior_shift,2,baseline-SIFR,28000,0.764
s_prior_shift,2,baseline-SIFR,29000,0.749
s_prior_shift,2,baseline-SIFR,30000,0.744
s_prior_shift,2,baseline-SIFR,31000,0.751
s_prior_shift,2,baseline-SIFR,32000,0.766
s_prior_shift,2,baseline-SIFR,33000,0.783
s_prior_shift,2,baseline-SIFR,34000,0.762
s_prior_shift,2,baseline-SIFR,35000,0.741
s_prior_shift,2,baseline-SIFR,36000,0.753
s_prior_shift,2,baseline-SIFR,37000,0.747
s_prior_shift,2,baseline-SIFR,38000,0.743
s_prior_shift,2,baseline-SIFR,39000,0.774
s_prior_shift,2,baseline-SIFR,40000,0.752
s_prior_shift,2,baseline-SIFR,41000,0.794
s_prior_shift,2,baseline-SIFR,42000,0.785
s_prior_shift,2,baseline-SIFR,43000,0.793
s_prior_shift,2,baseline-SIFR,44000,0.798
s_prior_shift,2,baseline-SIFR,45000,0.795
s_prior_shift,2,baseline-SIFR,46000,0.832
s_prior_shift,2,baseline-SIFR,47000,0.856
s_prior_shift,2,baseline-SIFR,48000,0.831
s_prior_shift,2,baseline-SIFR,49000,0.838
s_prior_shift,2,baseline-SIFR,50000,0.87
s_prior_shift,2,baseline-SIFR,51000,0.841
s_prior_shift,2,baseline-SIFR,52000,0.863
s_prior_shift,2,baseline-SIFR,53000,0.869
s_prior_shift,2,baseline-SIFR,54000,0.852
s_prior_shift,2,baseline-SIFR,55000,0.851
s_prior_shift,2,baseline-SIFR,56000,0.852
s_prior_shift,2,baseline-SIFR,57000,0.862
s_prior_shift,2,baseline-SIFR,58000,0.866
s_prior_shift,2,baseline-SIFR,59000,0.862
s_prior_shift,2,baseline-SIFR,60000,0.855
s_prior_shift,2,baseline-SIFR,61000,0.873
s_prior_shift,2,baseline-SIFR,62000,0.858
s_prior_shift,2,baseline-SIFR,63000,0.871
s_prior_shift,2,baseline-SIFR,64000,0.891
s_prior_shift,2,baseline-SIFR,65000,0.877
s_prior_shift,2,baseline-SIFR,66000,0.864
s_prior_shift,2,baseline-SIFR,67000,0.877
s_prior_shift,2,baseline-SIFR,68000,0.886
s_prior_shift,2,baseline-SIFR,69000,0.869
s_prior_shift,2,baseline-SIFR,70000,0.883
s_prior_shift,2,baseline-SIFR,71000,0.877
s_prior_shift,2,baseline-SIFR,72000,0.882
s_prior_shift,2,baseline-SIFR,73000,0.89
s_prior_shift,2,baseline-SIFR,74000,0.884
s_prior_shift,2,baseline-SIFR,75000,0.888
s_prior_shift,2,baseline-SIFR,76000,0.881
s_prior_shift,2,baseline-SIFR,77000,0.891
s_prior_shift,2,baseline-SIFR,78000,0.886
s_prior_shift,2,baseline-SIFR,79000,0.89
s_prior_shift,2,baseline-SIFR,80000,0.895
s_prior_shift,2,enhanced-adwin_only,1000,0.668
s_prior_shift,2,enhanced-adwin_only,2000,0.699
s_prior_shift,2,enhanced-adwin_only,3000,0.713
s_prior_shift,2,enhanced-adwin_only,4000,0.726
s_prior_shift,2,enhanced-adwin_only,5000,0.72
s_prior_shift,2,enhanced-adwin_only,6000,0.747
s_prior_shift,2,enhanced-adwin_only,7000,0.738
s_prior_shift,2,enhanced-adwin_only,8000,0.759
s_prior_shift,2,enhanced-adwin_only,9000,0.721
s_prior_shift,2,enhanced-adwin_only,10000,0.736
s_prior_shift,2,enhanced-adwin_only,11000,0.754
s_prior_shift,2,enhanced-adwin_only,12000,0.742
s_prior_shift,2,enhanced-adwin_only,13000,0.755
s_prior_shift,2,enhanced-adwin_only,14000,0.777
s_prior_shift,2,enhanced-adwin_only,15000,0.756
s_prior_shift,2,enhanced-adwin_only,16000,0.76
s_prior_shift,2,enhanced-adwin_only,17000,0.719
s_prior_shift,2,enhanced-adwin_only,18000,0.754
s_prior_shift,2,enhanced-adwin_only,19000,0.714
s_prior_shift,2,enhanced-adwin_only,20000,0.75
s_prior_shift,2,enhanced-adwin_only,21000,0.754
s_prior_shift,2,enhanced-adwin_only,22000,0.738
s_prior_shift,2,enhanced-adwin_only,23000,0.759
s_prior_shift,2,enhanced-adwin_only,24000,0.736
s_prior_shift,2,enhanced-adwin_only,25000,0.76
s_prior_shift,2,enhanced-adwin_only,26000,0.755
s_prior_shift,2,enhanced-adwin_only,27000,0.748
s_prior_shift,2,enhanced-adwin_only,28000,0.766
s_prior_shift,2,enhanced-adwin_only,29000,0.749
s_prior_shift,2,enhanced-adwin_only,30000,0.744
s_prior_shift,2,enhanced-adwin_only,31000,0.751
s_prior_shift,2,enhanced-adwin_only,32000,0.766
s_prior_shift,2,enhanced-adwin_only,33000,0.794
s_prior_shift,2,enhanced-adwin_only,34000,0.767
s_prior_shift,2,enhanced-adwin_only,35000,0.756
s_prior_shift,2,enhanced-adwin_only,36000,0.756
s_prior_shift,2,enhanced-adwin_only,37000,0.765
s_prior_shift,2,enhanced-adwin_only,38000,0.753
s_prior_shift,2,enhanced-adwin_only,39000,0.772
s_prior_shift,2,enhanced-adwin_only,40000,0.749
s_prior_shift,2,enhanced-adwin_only,41000,0.806
s_prior_shift,2,enhanced-adwin_only,42000,0.806
s_prior_shift,2,enhanced-adwin_only,43000,0.809
s_prior_shift,2,enhanced-adwin_only,44000,0.807
s_prior_shift,2,enhanced-adwin_only,45000,0.786
s_prior_shift,2,enhanced-adwin_only,46000,0.835
s_prior_shift,2,enhanced-adwin_only,47000,0.849
s_prior_shift,2,enhanced-adwin_only,48000,0.839
s_prior_shift,2,enhanced-adwin_only,49000,0.838
s_prior_shift,2,enhanced-adwin_only,50000,0.87
s_prior_shift,2,enhanced-adwin_only,51000,0.841
s_prior_shift,2,enhanced-adwin_only,52000,0.863
s_prior_shift,2,enhanced-adwin_only,53000,0.869
s_prior_shift,2,enhanced-adwin_only,54000,0.852
s_prior_shift,2,enhanced-adwin_only,55000,0.851
s_prior_shift,2,enhanced-adwin_only,56000,0.852
s_prior_shift,2,enhanced-adwin_only,57000,0.862
s_prior_shift,2,enhanced-adwin_only,58000,0.866
s_prior_shift,2,enhanced-adwin_only,59000,0.862
s_prior_shift,2,enhanced-adwin_only,60000,0.855
s_prior_shift,2,enhanced-adwin_only,61000,0.873
s_prior_shift,2,enhanced-adwin_only,62000,0.858
s_prior_shift,2,enhanced-adwin_only,63000,0.871
s_prior_shift,2,enhanced-adwin_only,64000,0.891
s_prior_shift,2,enhanced-adwin_only,65000,0.877
s_prior_shift,2,enhanced-adwin_only,66000,0.864
s_prior_shift,2,enhanced-adwin_only,67000,0.877
s_prior_shift,2,enhanced-adwin_only,68000,0.886
s_prior_shift,2,enhanced-adwin_only,69000,0.869
s_prior_shift,2,enhanced-adwin_only,70000,0.883
s_prior_shift,2,enhanced-adwin_only,71000,0.877
s_prior_shift,2,enhanced-adwin_only,72000,0.882
s_prior_shift,2,enhanced-adwin_only,73000,0.89
s_prior_shift,2,enhanced-adwin_only,74000,0.884
s_prior_shift,2,enhanced-adwin_only,75000,0.888
s_prior_shift,2,enhanced-adwin_only,76000,0.881
s_prior_shift,2,enhanced-adwin_only,77000,0.891
s_prior_shift,2,enhanced-adwin_only,78000,0.886
s_prior_shift,2,enhanced-adwin_only,79000,0.89
s_prior_shift,2,enhanced-adwin_only,80000,0.895
s_prior_shift,2,enhanced-or,1000,0.668
s_prior_shift,2,enhanced-or,2000,0.699
s_prior_shift,2,enhanced-or,3000,0.713
s_prior_shift,2,enhanced-or,4000,0.726
s_prior_shift,2,enhanced-or,5000,0.72
s_prior_shift,2,enhanced-or,6000,0.747
s_prior_shift,2,enhanced-or,7000,0.738
s_prior_shift,2,enhanced-or,8000,0.759
s_prior_shift,2,enhanced-or,9000,0.721
s_prior_shift,2,enhanced-or,10000,0.736
s_prior_shift,2,enhanced-or,11000,0.754
s_prior_shift,2,enhanced-or,12000,0.742
s_prior_shift,2,enhanced-or,13000,0.755
s_prior_shift,2,enhanced-or,14000,0.777
s_prior_shift,2,enhanced-or,15000,0.756
s_prior_shift,2,enhanced-or,16000,0.76
s_prior_shift,2,enhanced-or,17000,0.719
s_prior_shift,2,enhanced-or,18000,0.754
s_prior_shift,2,enhanced-or,19000,0.714
s_prior_shift,2,enhanced-or,20000,0.75
s_prior_shift,2,enhanced-or,21000,0.749
s_prior_shift,2,enhanced-or,22000,0.726
s_prior_shift,2,enhanced-or,23000,0.73
s_prior_shift,2,enhanced-or,24000,0.725
s_prior_shift,2,enhanced-or,25000,0.711
s_prior_shift,2,enhanced-or,26000,0.711
s_prior_shift,2,enhanced-or,27000,0.746
s_prior_shift,2,enhanced-or,28000,0.735
s_prior_shift,2,enhanced-or,29000,0.744
s_prior_shift,2,enhanced-or,30000,0.714
s_prior_shift,2,enhanced-or,31000,0.746
s_prior_shift,2,enhanced-or,32000,0.75
s_prior_shift,2,enhanced-or,33000,0.738
s_prior_shift,2,enhanced-or,34000,0.742
s_prior_shift,2,enhanced-or,35000,0.715
s_prior_shift,2,enhanced-or,36000,0.738
s_prior_shift,2,enhanced-or,37000,0.728
s_prior_shift,2,enhanced-or,38000,0.729
s_prior_shift,2,enhanced-or,39000,0.766
s_prior_shift,2,enhanced-or,40000,0.728
s_prior_shift,2,enhanced-or,41000,0.785
s_prior_shift,2,enhanced-or,42000,0.818
s_prior_shift,2,enhanced-or,43000,0.843
s_prior_shift,2,enhanced-or,44000,0.848
s_prior_shift,2,enhanced-or,45000,0.856
s_prior_shift,2,enhanced-or,46000,0.887
s_prior_shift,2,enhanced-or,47000,0.911
s_prior_shift,2,enhanced-or,48000,0.884
s_prior_shift,2,enhanced-or,49000,0.907
s_prior_shift,2,enhanced-or,50000,0.925
s_prior_shift,2,enhanced-or,51000,0.91
s_prior_shift,2,enhanced-or,52000,0.902
s_prior_shift,2,enhanced-or,53000,0.909
s_prior_shift,2,enhanced-or,54000,0.896
s_prior_shift,2,enhanced-or,55000,0.895
s_prior_shift,2,enhanced-or,56000,0.899
s_prior_shift,2,enhanced-or,57000,0.921
s_prior_shift,2,enhanced-or,58000,0.914
s_prior_shift,2,enhanced-or,59000,0.905
s_prior_shift,2,enhanced-or,60000,0.907
s_prior_shift,2,enhanced-or,61000,0.912
s_prior_shift,2,enhanced-or,62000,0.895
s_prior_shift,2,enhanced-or,63000,0.901
s_prior_shift,2,enhanced-or,64000,0.902
s_prior_shift,2,enhanced-or,65000,0.9
s_prior_shift,2,enhanced-or,66000,0.898
s_prior_shift,2,enhanced-or,67000,0.897
s_prior_shift,2,enhanced-or,68000,0.918
s_prior_shift,2,enhanced-or,69000,0.898
s_prior_shift,2,enhanced-or,70000,0.914
s_prior_shift,2,enhanced-or,71000,0.898
s_prior_shift,2,enhanced-or,72000,0.909
s_prior_shift,2,enhanced-or,73000,0.906
s_prior_shift,2,enhanced-or,74000,0.894
s_prior_shift,2,enhanced-or,75000,0.911
s_prior_shift,2,enhanced-or,76000,0.911
s_prior_shift,2,enhanced-or,77000,0.904
s_prior_shift,2,enhanced-or,78000,0.9
s_prior_shift,2,enhanced-or,79000,0.904
s_prior_shift,2,enhanced-or,80000,0.911
s_prior_shift,2,enhanced-and,1000,0.668
s_prior_shift,2,enhanced-and,2000,0.699
s_prior_shift,2,enhanced-and,3000,0.713
s_prior_shift,2,enhanced-and,4000,0.726
s_prior_shift,2,enhanced-and,5000,0.72
s_prior_shift,2,enhanced-and,6000,0.747
s_prior_shift,2,enhanced-and,7000,0.738
s_prior_shift,2,enhanced-and,8000,0.759
s_prior_shift,2,enhanced-and,9000,0.721
s_prior_shift,2,enhanced-and,10000,0.736
s_prior_shift,2,enhanced-and,11000,0.754
s_prior_shift,2,enhanced-and,12000,0.742
s_prior_shift,2,enhanced-and,13000,0.755
s_prior_shift,2,enhanced-and,14000,0.777
s_prior_shift,2,enhanced-and,15000,0.756
s_prior_shift,2,enhanced-and,16000,0.76
s_prior_shift,2,enhanced-and,17000,0.719
s_prior_shift,2,enhanced-and,18000,0.754
s_prior_shift,2,enhanced-and,19000,0.714
s_prior_shift,2,enhanced-and,20000,0.75
s_prior_shift,2,enhanced-and,21000,0.754
s_prior_shift,2,enhanced-and,22000,0.738
s_prior_shift,2,enhanced-and,23000,0.759
s_prior_shift,2,enhanced-and,24000,0.736
s_prior_shift,2,enhanced-and,25000,0.76
s_prior_shift,2,enhanced-and,26000,0.755
s_prior_shift,2,enhanced-and,27000,0.748
s_prior_shift,2,enhanced-and,28000,0.766
s_prior_shift,2,enhanced-and,29000,0.749
s_prior_shift,2,enhanced-and,30000,0.744
s_prior_shift,2,enhanced-and,31000,0.751
s_prior_shift,2,enhanced-and,32000,0.766
s_prior_shift,2,enhanced-and,33000,0.794
s_prior_shift,2,enhanced-and,34000,0.767
s_prior_shift,2,enhanced-and,35000,0.756
s_prior_shift,2,enhanced-and,36000,0.756
s_prior_shift,2,enhanced-and,37000,0.765
s_prior_shift,2,enhanced-and,38000,0.753
s_prior_shift,2,enhanced-and,39000,0.772
s_prior_shift,2,enhanced-and,40000,0.749
s_prior_shift,2,enhanced-and,41000,0.806
s_prior_shift,2,enhanced-and,42000,0.806
s_prior_shift,2,enhanced-and,43000,0.809
s_prior_shift,2,enhanced-and,44000,0.807
s_prior_shift,2,enhanced-and,45000,0.786
s_prior_shift,2,enhanced-and,46000,0.835
s_prior_shift,2,enhanced-and,47000,0.849
s_prior_shift,2,enhanced-and,48000,0.839
s_prior_shift,2,enhanced-and,49000,0.838
s_prior_shift,2,enhanced-and,50000,0.87
s_prior_shift,2,enhanced-and,51000,0.841
s_prior_shift,2,enhanced-and,52000,0.863
s_prior_shift,2,enhanced-and,53000,0.869
s_prior_shift,2,enhanced-and,54000,0.852
s_prior_shift,2,enhanced-and,55000,0.851
s_prior_shift,2,enhanced-and,56000,0.852
s_prior_shift,2,enhanced-and,57000,0.862
s_prior_shift,2,enhanced-and,58000,0.866
s_prior_shift,2,enhanced-and,59000,0.862
s_prior_shift,2,enhanced-and,60000,0.855
s_prior_shift,2,enhanced-and,61000,0.873
s_prior_shift,2,enhanced-and,62000,0.858
s_prior_shift,2,enhanced-and,63000,0.871
s_prior_shift,2,enhanced-and,64000,0.891
s_prior_shift,2,enhanced-and,65000,0.877
s_prior_shift,2,enhanced-and,66000,0.864
s_prior_shift,2,enhanced-and,67000,0.877
s_prior_shift,2,enhanced-and,68000,0.886
s_prior_shift,2,enhanced-and,69000,0.869
s_prior_shift,2,enhanced-and,70000,0.883
s_prior_shift,2,enhanced-and,71000,0.877
s_prior_shift,2,enhanced-and,72000,0.882
s_prior_shift,2,enhanced-and,73000,0.89
s_prior_shift,2,enhanced-and,74000,0.884
s_prior_shift,2,enhanced-and,75000,0.888
s_prior_shift,2,enhanced-and,76000,0.881
s_prior_shift,2,enhanced-and,77000,0.891
s_prior_shift,2,enhanced-and,78000,0.886
s_prior_shift,2,enhanced-and,79000,0.89
s_prior_shift,2,enhanced-and,80000,0.895
s_prior_shift,3,accumulativeMNB,1000,0.633
s_prior_shift,3,accumulativeMNB,2000,0.707
s_prior_shift,3,accumulativeMNB,3000,0.677
s_prior_shift,3,accumulativeMNB,4000,0.72
s_prior_shift,3,accumulativeMNB,5000,0.726
s_prior_shift,3,accumulativeMNB,6000,0.731
s_prior_shift,3,accumulativeMNB,7000,0.706
s_prior_shift,3,accumulativeMNB,8000,0.741
s_prior_shift,3,accumulativeMNB,9000,0.738
s_prior_shift,3,accumulativeMNB,10000,0.731
s_prior_shift,3,accumulativeMNB,11000,0.716
s_prior_shift,3,accumulativeMNB,12000,0.725
s_prior_shift,3,accumulativeMNB,13000,0.723
s_prior_shift,3,accumulativeMNB,14000,0.748
s_prior_shift,3,accumulativeMNB,15000,0.739
s_prior_shift,3,accumulativeMNB,16000,0.743
s_prior_shift,3,accumulativeMNB,17000,0.739
s_prior_shift,3,accumulativeMNB,18000,0.761
s_prior_shift,3,accumulativeMNB,19000,0.792
s_prior_shift,3,accumulativeMNB,20000,0.751
s_prior_shift,3,accumulativeMNB,21000,0.733
s_prior_shift,3,accumulativeMNB,22000,0.756
s_prior_shift,3,accumulativeMNB,23000,0.761
s_prior_shift,3,accumulativeMNB,24000,0.739
s_prior_shift,3,accumulativeMNB,25000,0.784
s_prior_shift,3,accumulativeMNB,26000,0.763
s_prior_shift,3,accumulativeMNB,27000,0.76
s_prior_shift,3,accumulativeMNB,28000,0.758
s_prior_shift,3,accumulativeMNB,29000,0.746
s_prior_shift,3,accumulativeMNB,30000,0.781
s_prior_shift,3,accumulativeMNB,31000,0.746
s_prior_shift,3,accumulativeMNB,32000,0.768
s_prior_shift,3,accumulativeMNB,33000,0.749
s_prior_shift,3,accumulativeMNB,34000,0.762
s_prior_shift,3,accumulativeMNB,35000,0.747
s_prior_shift,3,accumulativeMNB,36000,0.761
s_prior_shift,3,accumulativeMNB,37000,0.763
s_prior_shift,3,accumulativeMNB,38000,0.749
s_prior_shift,3,accumulativeMNB,39000,0.768
s_prior_shift,3,accumulativeMNB,40000,0.765
s_prior_shift,3,accumulativeMNB,41000,0.777
s_prior_shift,3,accumulativeMNB,42000,0.808
s_prior_shift,3,accumulativeMNB,43000,0.8
s_prior_shift,3,accumulativeMNB,44000,0.837
s_prior_shift,3,accumulativeMNB,45000,0.838
s_prior_shift,3,accumulativeMNB,46000,0.804
s_prior_shift,3,accumulativeMNB,47000,0.825
s_prior_shift,3,accumulativeMNB,48000,0.836
s_prior_shift,3,accumulativeMNB,49000,0.842
s_prior_shift,3,accumulativeMNB,50000,0.838
s_prior_shift,3,accumulativeMNB,51000,0.845
s_prior_shift,3,accumulativeMNB,52000,0.867
s_prior_shift,3,accumulativeMNB,53000,0.838
s_prior_shift,3,accumulativeMNB,54000,0.861
s_prior_shift,3,accumulativeMNB,55000,0.858
s_prior_shift,3,accumulativeMNB,56000,0.827
s_prior_shift,3,accumulativeMNB,57000,0.84
s_prior_shift,3,accumulativeMNB,58000,0.866
s_prior_shift,3,accumulativeMNB,59000,0.887
s_prior_shift,3,accumulativeMNB,60000,0.863
s_prior_shift,3,accumulativeMNB,61000,0.88
s_prior_shift,3,accumulativeMNB,62000,0.891
s_prior_shift,3,accumulativeMNB,63000,0.889
s_prior_shift,3,accumulativeMNB,64000,0.867
s_prior_shift,3,accumulativeMNB,65000,0.864
s_prior_shift,3,accumulativeMNB,66000,0.858
s_prior_shift,3,accumulativeMNB,67000,0.869
s_prior_shift,3,accumulativeMNB,68000,0.873
s_prior_shift,3,accumulativeMNB,69000,0.856
s_prior_shift,3,accumulativeMNB,70000,0.893
s_prior_shift,3,accumulativeMNB,71000,0.878
s_prior_shift,3,accumulativeMNB,72000,0.884
s_prior_shift,3,accumulativeMNB,73000,0.889
s_prior_shift,3,accumulativeMNB,74000,0.886
s_prior_shift,3,accumulativeMNB,75000,0.889
s_prior_shift,3,accumulativeMNB,76000,0.895
s_prior_shift,3,accumulativeMNB,77000,0.883
s_prior_shift,3,accumulativeMNB,78000,0.88
s_prior_shift,3,accumulativeMNB,79000,0.891
s_prior_shift,3,accumulativeMNB,80000,0.895
s_prior_shift,3,fadingMNB,1000,0.633
s_prior_shift,3,fadingMNB,2000,0.708
s_prior_shift,3,fadingMNB,3000,0.677
s_prior_shift,3,fadingMNB,4000,0.719
s_prior_shift,3,fadingMNB,5000,0.725
s_prior_shift,3,fadingMNB,6000,0.729
s_prior_shift,3,fadingMNB,7000,0.707
s_prior_shift,3,fadingMNB,8000,0.74
s_prior_shift,3,fadingMNB,9000,0.736
s_prior_shift,3,fadingMNB,10000,0.729
s_prior_shift,3,fadingMNB,11000,0.716
s_prior_shift,3,fadingMNB,12000,0.72
s_prior_shift,3,fadingMNB,13000,0.719
s_prior_shift,3,fadingMNB,14000,0.745
s_prior_shift,3,fadingMNB,15000,0.739
s_prior_shift,3,fadingMNB,16000,0.752
s_prior_shift,3,fadingMNB,17000,0.744
s_prior_shift,3,fadingMNB,18000,0.762
s_prior_shift,3,fadingMNB,19000,0.794
s_prior_shift,3,fadingMNB,20000,0.748
s_prior_shift,3,fadingMNB,21000,0.734
s_prior_shift,3,fadingMNB,22000,0.767
s_prior_shift,3,fadingMNB,23000,0.755
s_prior_shift,3,fadingMNB,24000,0.74
s_prior_shift,3,fadingMNB,25000,0.776
s_prior_shift,3,fadingMNB,26000,0.758
s_prior_shift,3,fadingMNB,27000,0.762
s_prior_shift,3,fadingMNB,28000,0.761
s_prior_shift,3,fadingMNB,29000,0.747
s_prior_shift,3,fadingMNB,30000,0.771
s_prior_shift,3,fadingMNB,31000,0.738
s_prior_shift,3,fadingMNB,32000,0.772
s_prior_shift,3,fadingMNB,33000,0.756
s_prior_shift,3,fadingMNB,34000,0.764
s_prior_shift,3,fadingMNB,35000,0.741
s_prior_shift,3,fadingMNB,36000,0.751
s_prior_shift,3,fadingMNB,37000,0.768
s_prior_shift,3,fadingMNB,38000,0.751
s_prior_shift,3,fadingMNB,39000,0.774
s_prior_shift,3,fadingMNB,40000,0.781
s_prior_shift,3,fadingMNB,41000,0.763
s_prior_shift,3,fadingMNB,42000,0.806
s_prior_shift,3,fadingMNB,43000,0.788
s_prior_shift,3,fadingMNB,44000,0.83
s_prior_shift,3,fadingMNB,45000,0.827
s_prior_shift,3,fadingMNB,46000,0.8
s_prior_shift,3,fadingMNB,47000,0.82
s_prior_shift,3,fadingMNB,48000,0.829
s_prior_shift,3,fadingMNB,49000,0.829
s_prior_shift,3,fadingMNB,50000,0.841
s_prior_shift,3,fadingMNB,51000,0.819
s_prior_shift,3,fadingMNB,52000,0.87
s_prior_shift,3,fadingMNB,53000,0.833
s_prior_shift,3,fadingMNB,54000,0.853
s_prior_shift,3,fadingMNB,55000,0.864
s_prior_shift,3,fadingMNB,56000,0.826
s_prior_shift,3,fadingMNB,57000,0.847
s_prior_shift,3,fadingMNB,58000,0.866
s_prior_shift,3,fadingMNB,59000,0.888
s_prior_shift,3,fadingMNB,60000,0.856
s_prior_shift,3,fadingMNB,61000,0.872
s_prior_shift,3,fadingMNB,62000,0.88
s_prior_shift,3,fadingMNB,63000,0.872
s_prior_shift,3,fadingMNB,64000,0.865
s_prior_shift,3,fadingMNB,65000,0.86
s_prior_shift,3,fadingMNB,66000,0.865
s_prior_shift,3,fadingMNB,67000,0.87
s_prior_shift,3,fadingMNB,68000,0.883
s_prior_shift,3,fadingMNB,69000,0.849
s_prior_shift,3,fadingMNB,70000,0.895
s_prior_shift,3,fadingMNB,71000,0.884
s_prior_shift,3,fadingMNB,72000,0.881
s_prior_shift,3,fadingMNB,73000,0.883
s_prior_shift,3,fadingMNB,74000,0.871
s_prior_shift,3,fadingMNB,75000,0.877
s_prior_shift,3,fadingMNB,76000,0.896
s_prior_shift,3,fadingMNB,77000,0.877
s_prior_shift,3,fadingMNB,78000,0.884
s_prior_shift,3,fadingMNB,79000,0.894
s_prior_shift,3,fadingMNB,80000,0.894
s_prior_shift,3,baseline-Rebuild,1000,0.633
s_prior_shift,3,baseline-Rebuild,2000,0.707
s_prior_shift,3,baseline-Rebuild,3000,0.677
s_prior_shift,3,baseline-Rebuild,4000,0.72
s_prior_shift,3,baseline-Rebuild,5000,0.726
s_prior_shift,3,baseline-Rebuild,6000,0.731
s_prior_shift,3,baseline-Rebuild,7000,0.706
s_prior_shift,3,baseline-Rebuild,8000,0.741
s_prior_shift,3,baseline-Rebuild,9000,0.738
s_prior_shift,3,baseline-Rebuild,10000,0.731
s_prior_shift,3,baseline-Rebuild,11000,0.716
s_prior_shift,3,baseline-Rebuild,12000,0.725
s_prior_shift,3,baseline-Rebuild,13000,0.723
s_prior_shift,3,baseline-Rebuild,14000,0.748
s_prior_shift,3,baseline-Rebuild,15000,0.739
s_prior_shift,3,baseline-Rebuild,16000,0.743
s_prior_shift,3,baseline-Rebuild,17000,0.739
s_prior_shift,3,baseline-Rebuild,18000,0.761
s_prior_shift,3,baseline-Rebuild,19000,0.792
s_prior_shift,3,baseline-Rebuild,20000,0.751
s_prior_shift,3,baseline-Rebuild,21000,0.733
s_prior_shift,3,baseline-Rebuild,22000,0.756
s_prior_shift,3,baseline-Rebuild,23000,0.761
s_prior_shift,3,baseline-Rebuild,24000,0.739
s_prior_shift,3,baseline-Rebuild,25000,0.767
s_prior_shift,3,baseline-Rebuild,26000,0.748
s_prior_shift,3,baseline-Rebuild,27000,0.762
s_prior_shift,3,baseline-Rebuild,28000,0.748
s_prior_shift,3,baseline-Rebuild,29000,0.743
s_prior_shift,3,baseline-Rebuild,30000,0.766
s_prior_shift,3,baseline-Rebuild,31000,0.737
s_prior_shift,3,baseline-Rebuild,32000,0.763
s_prior_shift,3,baseline-Rebuild,33000,0.742
s_prior_shift,3,baseline-Rebuild,34000,0.754
s_prior_shift,3,baseline-Rebuild,35000,0.754
s_prior_shift,3,baseline-Rebuild,36000,0.749
s_prior_shift,3,baseline-Rebuild,37000,0.745
s_prior_shift,3,baseline-Rebuild,38000,0.749
s_prior_shift,3,baseline-Rebuild,39000,0.74
s_prior_shift,3,baseline-Rebuild,40000,0.747
s_prior_shift,3,baseline-Rebuild,41000,0.797
s_prior_shift,3,baseline-Rebuild,42000,0.827
s_prior_shift,3,baseline-Rebuild,43000,0.821
s_prior_shift,3,baseline-Rebuild,44000,0.861
s_prior_shift,3,baseline-Rebuild,45000,0.893
s_prior_shift,3,baseline-Rebuild,46000,0.881
s_prior_shift,3,baseline-Rebuild,47000,0.905
s_prior_shift,3,baseline-Rebuild,48000,0.873
s_prior_shift,3,baseline-Rebuild,49000,0.912
s_prior_shift,3,baseline-Rebuild,50000,0.884
s_prior_shift,3,baseline-Rebuild,51000,0.92
s_prior_shift,3,baseline-Rebuild,52000,0.909
s_prior_shift,3,baseline-Rebuild,53000,0.895
s_prior_shift,3,baseline-Rebuild,54000,0.911
s_prior_shift,3,baseline-Rebuild,55000,0.904
s_prior_shift,3,baseline-Rebuild,56000,0.896
s_prior_shift,3,baseline-Rebuild,57000,0.909
s_prior_shift,3,baseline-Rebuild,58000,0.91
s_prior_shift,3,baseline-Rebuild,59000,0.918
s_prior_shift,3,baseline-Rebuild,60000,0.899
s_prior_shift,3,baseline-Rebuild,61000,0.913
s_prior_shift,3,baseline-Rebuild,62000,0.892
s_prior_shift,3,baseline-Rebuild,63000,0.909
s_prior_shift,3,baseline-Rebuild,64000,0.884
s_prior_shift,3,baseline-Rebuild,65000,0.896
s_prior_shift,3,baseline-Rebuild,66000,0.898
s_prior_shift,3,baseline-Rebuild,67000,0.901
s_prior_shift,3,baseline-Rebuild,68000,0.912
s_prior_shift,3,baseline-Rebuild,69000,0.901
s_prior_shift,3,baseline-Rebuild,70000,0.894
s_prior_shift,3,baseline-Rebuild,71000,0.897
s_prior_shift,3,baseline-Rebuild,72000,0.901
s_prior_shift,3,baseline-Rebuild,73000,0.899
s_prior_shift,3,baseline-Rebuild,74000,0.882
s_prior_shift,3,baseline-Rebuild,75000,0.909
s_prior_shift,3,baseline-Rebuild,76000,0.908
s_prior_shift,3,baseline-Rebuild,77000,0.905
s_prior_shift,3,baseline-Rebuild,78000,0.902
s_prior_shift,3,baseline-Rebuild,79000,0.903
s_prior_shift,3,baseline-Rebuild,80000,0.904
s_prior_shift,3,baseline-SIFR,1000,0.633
s_prior_shift,3,baseline-SIFR,2000,0.707
s_prior_shift,3,baseline-SIFR,3000,0.677
s_prior_shift,3,baseline-SIFR,4000,0.72
s_prior_shift,3,baseline-SIFR,5000,0.726
s_prior_shift,3,baseline-SIFR,6000,0.731
s_prior_shift,3,baseline-SIFR,7000,0.706
s_prior_shift,3,baseline-SIFR,8000,0.741
s_prior_shift,3,baseline-SIFR,9000,0.738
s_prior_shift,3,baseline-SIFR,10000,0.731
s_prior_shift,3,baseline-SIFR,11000,0.716
s_prior_shift,3,baseline-SIFR,12000,0.725
s_prior_shift,3,baseline-SIFR,13000,0.723
s_prior_shift,3,baseline-SIFR,14000,0.748
s_prior_shift,3,baseline-SIFR,15000,0.739
s_prior_shift,3,baseline-SIFR,16000,0.743
s_prior_shift,3,baseline-SIFR,17000,0.739
s_prior_shift,3,baseline-SIFR,18000,0.761
s_prior_shift,3,baseline-SIFR,19000,0.792
s_prior_shift,3,baseline-SIFR,20000,0.751
s_prior_shift,3,baseline-SIFR,21000,0.733
s_prior_shift,3,baseline-SIFR,22000,0.756
s_prior_shift,3,baseline-SIFR,23000,0.761
s_prior_shift,3,baseline-SIFR,24000,0.739
s_prior_shift,3,baseline-SIFR,25000,0.779
s_prior_shift,3,baseline-SIFR,26000,0.758
s_prior_shift,3,baseline-SIFR,27000,0.763
s_prior_shift,3,baseline-SIFR,28000,0.762
s_prior_shift,3,baseline-SIFR,29000,0.737
s_prior_shift,3,baseline-SIFR,30000,0.768
s_prior_shift,3,baseline-SIFR,31000,0.731
s_prior_shift,3,baseline-SIFR,32000,0.765
s_prior_shift,3,baseline-SIFR,33000,0.751
s_prior_shift,3,baseline-SIFR,34000,0.759
s_prior_shift,3,baseline-SIFR,35000,0.746
s_prior_shift,3,baseline-SIFR,36000,0.743
s_prior_shift,3,baseline-SIFR,37000,0.768
s_prior_shift,3,baseline-SIFR,38000,0.75
s_prior_shift,3,baseline-SIFR,39000,0.77
s_prior_shift,3,baseline-SIFR,40000,0.766
s_prior_shift,3,baseline-SIFR,41000,0.777
s_prior_shift,3,baseline-SIFR,42000,0.808
s_prior_shift,3,baseline-SIFR,43000,0.8
s_prior_shift,3,baseline-SIFR,44000,0.837
s_prior_shift,3,baseline-SIFR,45000,0.839
s_prior_shift,3,baseline-SIFR,46000,0.807
s_prior_shift,3,baseline-SIFR,47000,0.815
s_prior_shift,3,baseline-SIFR,48000,0.836
s_prior_shift,3,baseline-SIFR,49000,0.84
s_prior_shift,3,baseline-SIFR,50000,0.839
s_prior_shift,3,baseline-SIFR,51000,0.822
s_prior_shift,3,baseline-SIFR,52000,0.874
s_prior_shift,3,baseline-SIFR,53000,0.836
s_prior_shift,3,baseline-SIFR,54000,0.855
s_prior_shift,3,baseline-SIFR,55000,0.859
s_prior_shift,3,baseline-SIFR,56000,0.835
s_prior_shift,3,baseline-SIFR,57000,0.858
s_prior_shift,3,baseline-SIFR,58000,0.862
s_prior_shift,3,baseline-SIFR,59000,0.894
s_prior_shift,3,baseline-SIFR,60000,0.859
s_prior_shift,3,baseline-SIFR,61000,0.877
s_prior_shift,3,baseline-SIFR,62000,0.884
s_prior_shift,3,baseline-SIFR,63000,0.867
s_prior_shift,3,baseline-SIFR,64000,0.859
s_prior_shift,3,baseline-SIFR,65000,0.866
s_prior_shift,3,baseline-SIFR,66000,0.87
s_prior_shift,3,baseline-SIFR,67000,0.877
s_prior_shift,3,baseline-SIFR,68000,0.889
s_prior_shift,3,baseline-SIFR,69000,0.853
s_prior_shift,3,baseline-SIFR,70000,0.899
s_prior_shift,3,baseline-SIFR,71000,0.877
s_prior_shift,3,baseline-SIFR,72000,0.882
s_prior_shift,3,baseline-SIFR,73000,0.877
s_prior_shift,3,baseline-SIFR,74000,0.875
s_prior_shift,3,baseline-SIFR,75000,0.873
s_prior_shift,3,baseline-SIFR,76000,0.89
s_prior_shift,3,baseline-SIFR,77000,0.868
s_prior_shift,3,baseline-SIFR,78000,0.889
s_prior_shift,3,baseline-SIFR,79000,0.886
s_prior_shift,3,baseline-SIFR,80000,0.887
s_prior_shift,3,enhanced-adwin_only,1000,0.633
s_prior_shift,3,enhanced-adwin_only,2000,0.707
s_prior_shift,3,enhanced-adwin_only,3000,0.677
s_prior_shift,3,enhanced-adwin_only,4000,0.72
s_prior_shift,3,enhanced-adwin_only,5000,0.726
s_prior_shift,3,enhanced-adwin_only,6000,0.731
s_prior_shift,3,enhanced-adwin_only,7000,0.706
s_prior_shift,3,enhanced-adwin_only,8000,0.741
s_prior_shift,3,enhanced-adwin_only,9000,0.738
s_prior_shift,3,enhanced-adwin_only,10000,0.731
s_prior_shift,3,enhanced-adwin_only,11000,0.716
s_prior_shift,3,enhanced-adwin_only,12000,0.725
s_prior_shift,3,enhanced-adwin_only,13000,0.723
s_prior_shift,3,enhanced-adwin_only,14000,0.748
s_prior_shift,3,enhanced-adwin_only,15000,0.739
s_prior_shift,3,enhanced-adwin_only,16000,0.743
s_prior_shift,3,enhanced-adwin_only,17000,0.739
s_prior_shift,3,enhanced-adwin_only,18000,0.761
s_prior_shift,3,enhanced-adwin_only,19000,0.792
s_prior_shift,3,enhanced-adwin_only,20000,0.751
s_prior_shift,3,enhanced-adwin_only,21000,0.733
s_prior_shift,3,enhanced-adwin_only,22000,0.756
s_prior_shift,3,enhanced-adwin_only,23000,0.761
s_prior_shift,3,enhanced-adwin_only,24000,0.739
s_prior_shift,3,enhanced-adwin_only,25000,0.784
s_prior_shift,3,enhanced-adwin_only,26000,0.763
s_prior_shift,3,enhanced-adwin_only,27000,0.76
s_prior_shift,3,enhanced-adwin_only,28000,0.758
s_prior_shift,3,enhanced-adwin_only,29000,0.746
s_prior_shift,3,enhanced-adwin_only,30000,0.781
s_prior_shift,3,enhanced-adwin_only,31000,0.746
s_prior_shift,3,enhanced-adwin_only,32000,0.768
s_prior_shift,3,enhanced-adwin_only,33000,0.749
s_prior_shift,3,enhanced-adwin_only,34000,0.762
s_prior_shift,3,enhanced-adwin_only,35000,0.747
s_prior_shift,3,enhanced-adwin_only,36000,0.761
s_prior_shift,3,enhanced-adwin_only,37000,0.763
s_prior_shift,3,enhanced-adwin_only,38000,0.749
s_prior_shift,3,enhanced-adwin_only,39000,0.768
s_prior_shift,3,enhanced-adwin_only,40000,0.765
s_prior_shift,3,enhanced-adwin_only,41000,0.777
s_prior_shift,3,enhanced-adwin_only,42000,0.808
s_prior_shift,3,enhanced-adwin_only,43000,0.8
s_prior_shift,3,enhanced-adwin_only,44000,0.837
s_prior_shift,3,enhanced-adwin_only,45000,0.838
s_prior_shift,3,enhanced-adwin_only,46000,0.804
s_prior_shift,3,enhanced-adwin_only,47000,0.825
s_prior_shift,3,enhanced-adwin_only,48000,0.836
s_prior_shift,3,enhanced-adwin_only,49000,0.842
s_prior_shift,3,enhanced-adwin_only,50000,0.838
s_prior_shift,3,enhanced-adwin_only,51000,0.845
s_prior_shift,3,enhanced-adwin_only,52000,0.867
s_prior_shift,3,enhanced-adwin_only,53000,0.838
s_prior_shift,3,enhanced-adwin_only,54000,0.861
s_prior_shift,3,enhanced-adwin_only,55000,0.858
s_prior_shift,3,enhanced-adwin_only,56000,0.827
s_prior_shift,3,enhanced-adwin_only,57000,0.84
s_prior_shift,3,enhanced-adwin_only,58000,0.866
s_prior_shift,3,enhanced-adwin_only,59000,0.887
s_prior_shift,3,enhanced-adwin_only,60000,0.863
s_prior_shift,3,enhanced-adwin_only,61000,0.88
s_prior_shift,3,enhanced-adwin_only,62000,0.891
s_prior_shift,3,enhanced-adwin_only,63000,0.889
s_prior_shift,3,enhanced-adwin_only,64000,0.867
s_prior_shift,3,enhanced-adwin_only,65000,0.864
s_prior_shift,3,enhanced-adwin_only,66000,0.858
s_prior_shift,3,enhanced-adwin_only,67000,0.869
s_prior_shift,3,enhanced-adwin_only,68000,0.873
s_prior_shift,3,enhanced-adwin_only,69000,0.856
s_prior_shift,3,enhanced-adwin_only,70000,0.893
s_prior_shift,3,enhanced-adwin_only,71000,0.878
s_prior_shift,3,enhanced-adwin_only,72000,0.884
s_prior_shift,3,enhanced-adwin_only,73000,0.889
s_prior_shift,3,enhanced-adwin_only,74000,0.886
s_prior_shift,3,enhanced-adwin_only,75000,0.889
s_prior_shift,3,enhanced-adwin_only,76000,0.895
s_prior_shift,3,enhanced-adwin_only,77000,0.883
s_prior_shift,3,enhanced-adwin_only,78000,0.88
s_prior_shift,3,enhanced-adwin_only,79000,0.891
s_prior_shift,3,enhanced-adwin_only,80000,0.895
s_prior_shift,3,enhanced-or,1000,0.633
s_prior_shift,3,enhanced-or,2000,0.707
s_prior_shift,3,enhanced-or,3000,0.677
s_prior_shift,3,enhanced-or,4000,0.72
s_prior_shift,3,enhanced-or,5000,0.726
s_prior_shift,3,enhanced-or,6000,0.731
s_prior_shift,3,enhanced-or,7000,0.706
s_prior_shift,3,enhanced-or,8000,0.741
s_prior_shift,3,enhanced-or,9000,0.738
s_prior_shift,3,enhanced-or,10000,0.731
s_prior_shift,3,enhanced-or,11000,0.716
s_prior_shift,3,enhanced-or,12000,0.725
s_prior_shift,3,enhanced-or,13000,0.723
s_prior_shift,3,enhanced-or,14000,0.748
s_prior_shift,3,enhanced-or,15000,0.739
s_prior_shift,3,enhanced-or,16000,0.743
s_prior_shift,3,enhanced-or,17000,0.739
s_prior_shift,3,enhanced-or,18000,0.761
s_prior_shift,3,enhanced-or,19000,0.792
s_prior_shift,3,enhanced-or,20000,0.751
s_prior_shift,3,enhanced-or,21000,0.733
s_prior_shift,3,enhanced-or,22000,0.756
s_prior_shift,3,enhanced-or,23000,0.761
s_prior_shift,3,enhanced-or,24000,0.739
s_prior_shift,3,enhanced-or,25000,0.767
s_prior_shift,3,enhanced-or,26000,0.748
s_prior_shift,3,enhanced-or,27000,0.762
s_prior_shift,3,enhanced-or,28000,0.748
s_prior_shift,3,enhanced-or,29000,0.743
s_prior_shift,3,enhanced-or,30000,0.766
s_prior_shift,3,enhanced-or,31000,0.737
s_prior_shift,3,enhanced-or,32000,0.763
s_prior_shift,3,enhanced-or,33000,0.742
s_prior_shift,3,enhanced-or,34000,0.754
s_prior_shift,3,enhanced-or,35000,0.754
s_prior_shift,3,enhanced-or,36000,0.749
s_prior_shift,3,enhanced-or,37000,0.745
s_prior_shift,3,enhanced-or,38000,0.749
s_prior_shift,3,enhanced-or,39000,0.74
s_prior_shift,3,enhanced-or,40000,0.747
s_prior_shift,3,enhanced-or,41000,0.797
s_prior_shift,3,enhanced-or,42000,0.827
s_prior_shift,3,enhanced-or,43000,0.821
s_prior_shift,3,enhanced-or,44000,0.861
s_prior_shift,3,enhanced-or,45000,0.893
s_prior_shift,3,enhanced-or,46000,0.881
s_prior_shift,3,enhanced-or,47000,0.905
s_prior_shift,3,enhanced-or,48000,0.873
s_prior_shift,3,enhanced-or,49000,0.912
s_prior_shift,3,enhanced-or,50000,0.884
s_prior_shift,3,enhanced-or,51000,0.92
s_prior_shift,3,enhanced-or,52000,0.909
s_prior_shift,3,enhanced-or,53000,0.895
s_prior_shift,3,enhanced-or,54000,0.911
s_prior_shift,3,enhanced-or,55000,0.904
s_prior_shift,3,enhanced-or,56000,0.896
s_prior_shift,3,enhanced-or,57000,0.909
s_prior_shift,3,enhanced-or,58000,0.91
s_prior_shift,3,enhanced-or,59000,0.918
s_prior_shift,3,enhanced-or,60000,0.899
s_prior_shift,3,enhanced-or,61000,0.913
s_prior_shift,3,enhanced-or,62000,0.892
s_prior_shift,3,enhanced-or,63000,0.909
s_prior_shift,3,enhanced-or,64000,0.884
s_prior_shift,3,enhanced-or,65000,0.896
s_prior_shift,3,enhanced-or,66000,0.898
s_prior_shift,3,enhanced-or,67000,0.901
s_prior_shift,3,enhanced-or,68000,0.912
s_prior_shift,3,enhanced-or,69000,0.901
s_prior_shift,3,enhanced-or,70000,0.894
s_prior_shift,3,enhanced-or,71000,0.897
s_prior_shift,3,enhanced-or,72000,0.901
s_prior_shift,3,enhanced-or,73000,0.899
s_prior_shift,3,enhanced-or,74000,0.882
s_prior_shift,3,enhanced-or,75000,0.909
s_prior_shift,3,enhanced-or,76000,0.908
s_prior_shift,3,enhanced-or,77000,0.905
s_prior_shift,3,enhanced-or,78000,0.902
s_prior_shift,3,enhanced-or,79000,0.903
s_prior_shift,3,enhanced-or,80000,0.904
s_prior_shift,3,enhanced-and,1000,0.633
s_prior_shift,3,enhanced-and,2000,0.707
s_prior_shift,3,enhanced-and,3000,0.677
s_prior_shift,3,enhanced-and,4000,0.72
s_prior_shift,3,enhanced-and,5000,0.726
s_prior_shift,3,enhanced-and,6000,0.731
s_prior_shift,3,enhanced-and,7000,0.706
s_prior_shift,3,enhanced-and,8000,0.741
s_prior_shift,3,enhanced-and,9000,0.738
s_prior_shift,3,enhanced-and,10000,0.731
s_prior_shift,3,enhanced-and,11000,0.716
s_prior_shift,3,enhanced-and,12000,0.725
s_prior_shift,3,enhanced-and,13000,0.723
s_prior_shift,3,enhanced-and,14000,0.748
s_prior_shift,3,enhanced-and,15000,0.739
s_prior_shift,3,enhanced-and,16000,0.743
s_prior_shift,3,enhanced-and,17000,0.739
s_prior_shift,3,enhanced-and,18000,0.761
s_prior_shift,3,enhanced-and,19000,0.792
s_prior_shift,3,enhanced-and,20000,0.751
s_prior_shift,3,enhanced-and,21000,0.733
s_prior_shift,3,enhanced-and,22000,0.756
s_prior_shift,3,enhanced-and,23000,0.761
s_prior_shift,3,enhanced-and,24000,0.739
s_prior_shift,3,enhanced-and,25000,0.784
s_prior_shift,3,enhanced-and,26000,0.763
s_prior_shift,3,enhanced-and,27000,0.76
s_prior_shift,3,enhanced-and,28000,0.758
s_prior_shift,3,enhanced-and,29000,0.746
s_prior_shift,3,enhanced-and,30000,0.781
s_prior_shift,3,enhanced-and,31000,0.746
s_prior_shift,3,enhanced-and,32000,0.768
s_prior_shift,3,enhanced-and,33000,0.749
s_prior_shift,3,enhanced-and,34000,0.762
s_prior_shift,3,enhanced-and,35000,0.747
s_prior_shift,3,enhanced-and,36000,0.761
s_prior_shift,3,enhanced-and,37000,0.763
s_prior_shift,3,enhanced-and,38000,0.749
s_prior_shift,3,enhanced-and,39000,0.768
s_prior_shift,3,enhanced-and,40000,0.765
s_prior_shift,3,enhanced-and,41000,0.777
s_prior_shift,3,enhanced-and,42000,0.808
s_prior_shift,3,enhanced-and,43000,0.8
s_prior_shift,3,enhanced-and,44000,0.837
s_prior_shift,3,enhanced-and,45000,0.838
s_prior_shift,3,enhanced-and,46000,0.804
s_prior_shift,3,enhanced-and,47000,0.825
s_prior_shift,3,enhanced-and,48000,0.836
s_prior_shift,3,enhanced-and,49000,0.842
s_prior_shift,3,enhanced-and,50000,0.838
s_prior_shift,3,enhanced-and,51000,0.845
s_prior_shift,3,enhanced-and,52000,0.867
s_prior_shift,3,enhanced-and,53000,0.838
s_prior_shift,3,enhanced-and,54000,0.861
s_prior_shift,3,enhanced-and,55000,0.858
s_prior_shift,3,enhanced-and,56000,0.827
s_prior_shift,3,enhanced-and,57000,0.84
s_prior_shift,3,enhanced-and,58000,0.866
s_prior_shift,3,enhanced-and,59000,0.887
s_prior_shift,3,enhanced-and,60000,0.863
s_prior_shift,3,enhanced-and,61000,0.88
s_prior_shift,3,enhanced-and,62000,0.891
s_prior_shift,3,enhanced-and,63000,0.889
s_prior_shift,3,enhanced-and,64000,0.867
s_prior_shift,3,enhanced-and,65000,0.864
s_prior_shift,3,enhanced-and,66000,0.858
s_prior_shift,3,enhanced-and,67000,0.869
s_prior_shift,3,enhanced-and,68000,0.873
s_prior_shift,3,enhanced-and,69000,0.856
s_prior_shift,3,enhanced-and,70000,0.893
s_prior_shift,3,enhanced-and,71000,0.878
s_prior_shift,3,enhanced-and,72000,0.884
s_prior_shift,3,enhanced-and,73000,0.889
s_prior_shift,3,enhanced-and,74000,0.886
s_prior_shift,3,enhanced-and,75000,0.889
s_prior_shift,3,enhanced-and,76000,0.895
s_prior_shift,3,enhanced-and,77000,0.883
s_prior_shift,3,enhanced-and,78000,0.88
s_prior_shift,3,enhanced-and,79000,0.891
s_prior_shift,3,enhanced-and,80000,0.895
s_prior_shift,4,accumulativeMNB,1000,0.633
s_prior_shift,4,accumulativeMNB,2000,0.677
s_prior_shift,4,accumulativeMNB,3000,0.714
s_prior_shift,4,accumulativeMNB,4000,0.714
s_prior_shift,4,accumulativeMNB,5000,0.721
s_prior_shift,4,accumulativeMNB,6000,0.719
s_prior_shift,4,accumulativeMNB,7000,0.722
s_prior_shift,4,accumulativeMNB,8000,0.724
s_prior_shift,4,accumulativeMNB,9000,0.758
s_prior_shift,4,accumulativeMNB,10000,0.734
s_prior_shift,4,accumulativeMNB,11000,0.748
s_prior_shift,4,accumulativeMNB,12000,0.758
s_prior_shift,4,accumulativeMNB,13000,0.734
s_prior_shift,4,accumulativeMNB,14000,0.726
s_prior_shift,4,accumulativeMNB,15000,0.734
s_prior_shift,4,accumulativeMNB,16000,0.762
s_prior_shift,4,accumulativeMNB,17000,0.758
s_prior_shift,4,accumulativeMNB,18000,0.75
s_prior_shift,4,accumulativeMNB,19000,0.779
s_prior_shift,4,accumulativeMNB,20000,0.743
s_prior_shift,4,accumulativeMNB,21000,0.739
s_prior_shift,4,accumulativeMNB,22000,0.765
s_prior_shift,4,accumulativeMNB,23000,0.755
s_prior_shift,4,accumulativeMNB,24000,0.744
s_prior_shift,4,accumulativeMNB,25000,0.762
s_prior_shift,4,accumulativeMNB,26000,0.758
s_prior_shift,4,accumulativeMNB,27000,0.752
s_prior_shift,4,accumulativeMNB,28000,0.776
s_prior_shift,4,accumulativeMNB,29000,0.788
s_prior_shift,4,accumulativeMNB,30000,0.756
s_prior_shift,4,accumulativeMNB,31000,0.783
s_prior_shift,4,accumulativeMNB,32000,0.771
s_prior_shift,4,accumulativeMNB,33000,0.773
s_prior_shift,4,accumulativeMNB,34000,0.775
s_prior_shift,4,accumulativeMNB,35000,0.764
s_prior_shift,4,accumulativeMNB,36000,0.782
s_prior_shift,4,accumulativeMNB,37000,0.756
s_prior_shift,4,accumulativeMNB,38000,0.769
s_prior_shift,4,accumulativeMNB,39000,0.759
s_prior_shift,4,accumulativeMNB,40000,0.768
s_prior_shift,4,accumulativeMNB,41000,0.807
s_prior_shift,4,accumulativeMNB,42000,0.797
s_prior_shift,4,accumulativeMNB,43000,0.823
s_prior_shift,4,accumulativeMNB,44000,0.814
s_prior_shift,4,accumulativeMNB,45000,0.783
s_prior_shift,4,accumulativeMNB,46000,0.822
s_prior_shift,4,accumulativeMNB,47000,0.813
s_prior_shift,4,accumulativeMNB,48000,0.827
s_prior_shift,4,accumulativeMNB,49000,0.843
s_prior_shift,4,accumulativeMNB,50000,0.832
s_prior_shift,4,accumulativeMNB,51000,0.849
s_prior_shift,4,accumulativeMNB,52000,0.842
s_prior_shift,4,accumulativeMNB,53000,0.867
s_prior_shift,4,accumulativeMNB,54000,0.861
s_prior_shift,4,accumulativeMNB,55000,0.864
s_prior_shift,4,accumulativeMNB,56000,0.861
s_prior_shift,4,accumulativeMNB,57000,0.867
s_prior_shift,4,accumulativeMNB,58000,0.831
s_prior_shift,4,accumulativeMNB,59000,0.865
s_prior_shift,4,accumulativeMNB,60000,0.864
s_prior_shift,4,accumulativeMNB,61000,0.867
s_prior_shift,4,accumulativeMNB,62000,0.88
s_prior_shift,4,accumulativeMNB,63000,0.868
s_prior_shift,4,accumulativeMNB,64000,0.867
s_prior_shift,4,accumulativeMNB,65000,0.89
s_prior_shift,4,accumulativeMNB,66000,0.862
s_prior_shift,4,accumulativeMNB,67000,0.891
s_prior_shift,4,accumulativeMNB,68000,0.901
s_prior_shift,4,accumulativeMNB,69000,0.876
s_prior_shift,4,accumulativeMNB,70000,0.888
s_prior_shift,4,accumulativeMNB,71000,0.887
s_prior_shift,4,accumulativeMNB,72000,0.886
s_prior_shift,4,accumulativeMNB,73000,0.874
s_prior_shift,4,accumulativeMNB,74000,0.886
s_prior_shift,4,accumulativeMNB,75000,0.883
s_prior_shift,4,accumulativeMNB,76000,0.901
s_prior_shift,4,accumulativeMNB,77000,0.878
s_prior_shift,4,accumulativeMNB,78000,0.891
s_prior_shift,4,accumulativeMNB,79000,0.877
s_prior_shift,4,accumulativeMNB,80000,0.887
s_prior_shift,4,fadingMNB,1000,0.633
s_prior_shift,4,fadingMNB,2000,0.677
s_prior_shift,4,fadingMNB,3000,0.714
s_prior_shift,4,fadingMNB,4000,0.715
s_prior_shift,4,fadingMNB,5000,0.724
s_prior_shift,4,fadingMNB,6000,0.725
s_prior_shift,4,fadingMNB,7000,0.72
s_prior_shift,4,fadingMNB,8000,0.723
s_prior_shift,4,fadingMNB,9000,0.764
s_prior_shift,4,fadingMNB,10000,0.735
s_prior_shift,4,fadingMNB,11000,0.752
s_prior_shift,4,fadingMNB,12000,0.761
s_prior_shift,4,fadingMNB,13000,0.736
s_prior_shift,4,fadingMNB,14000,0.73
s_prior_shift,4,fadingMNB,15000,0.736
s_prior_shift,4,fadingMNB,16000,0.758
s_prior_shift,4,fadingMNB,17000,0.75
s_prior_shift,4,fadingMNB,18000,0.735
s_prior_shift,4,fadingMNB,19000,0.78
s_prior_shift,4,fadingMNB,20000,0.753
s_prior_shift,4,fadingMNB,21000,0.743
s_prior_shift,4,fadingMNB,22000,0.769
s_prior_shift,4,fadingMNB,23000,0.753
s_prior_shift,4,fadingMNB,24000,0.748
s_prior_shift,4,fadingMNB,25000,0.757
s_prior_shift,4,fadingMNB,26000,0.755
s_prior_shift,4,fadingMNB,27000,0.765
s_prior_shift,4,fadingMNB,28000,0.774
s_prior_shift,4,fadingMNB,29000,0.788
s_prior_shift,4,fadingMNB,30000,0.753
s_prior_shift,4,fadingMNB,31000,0.78
s_prior_shift,4,fadingMNB,32000,0.761
s_prior_shift,4,fadingMNB,33000,0.77
s_prior_shift,4,fadingMNB,34000,0.765
s_prior_shift,4,fadingMNB,35000,0.752
s_prior_shift,4,fadingMNB,36000,0.767
s_prior_shift,4,fadingMNB,37000,0.753
s_prior_shift,4,fadingMNB,38000,0.761
s_prior_shift,4,fadingMNB,39000,0.747
s_prior_shift,4,fadingMNB,40000,0.774
s_prior_shift,4,fadingMNB,41000,0.79
s_prior_shift,4,fadingMNB,42000,0.791
s_prior_shift,4,fadingMNB,43000,0.825
s_prior_shift,4,fadingMNB,44000,0.803
s_prior_shift,4,fadingMNB,45000,0.786
s_prior_shift,4,fadingMNB,46000,0.828
s_prior_shift,4,fadingMNB,47000,0.807
s_prior_shift,4,fadingMNB,48000,0.83
s_prior_shift,4,fadingMNB,49000,0.836
s_prior_shift,4,fadingMNB,50000,0.825
s_prior_shift,4,fadingMNB,51000,0.842
s_prior_shift,4,fadingMNB,52000,0.83
s_prior_shift,4,fadingMNB,53000,0.866
s_prior_shift,4,fadingMNB,54000,0.858
s_prior_shift,4,fadingMNB,55000,0.856
s_prior_shift,4,fadingMNB,56000,0.858
s_prior_shift,4,fadingMNB,57000,0.857
s_prior_shift,4,fadingMNB,58000,0.842
s_prior_shift,4,fadingMNB,59000,0.876
s_prior_shift,4,fadingMNB,60000,0.866
s_prior_shift,4,fadingMNB,61000,0.869
s_prior_shift,4,fadingMNB,62000,0.872
s_prior_shift,4,fadingMNB,63000,0.853
s_prior_shift,4,fadingMNB,64000,0.863
s_prior_shift,4,fadingMNB,65000,0.88
s_prior_shift,4,fadingMNB,66000,0.863
s_prior_shift,4,fadingMNB,67000,0.88
s_prior_shift,4,fadingMNB,68000,0.892
s_prior_shift,4,fadingMNB,69000,0.877
s_prior_shift,4,fadingMNB,70000,0.88
s_prior_shift,4,fadingMNB,71000,0.886
s_prior_shift,4,fadingMNB,72000,0.873
s_prior_shift,4,fadingMNB,73000,0.871
s_prior_shift,4,fadingMNB,74000,0.886
s_prior_shift,4,fadingMNB,75000,0.881
s_prior_shift,4,fadingMNB,76000,0.888
s_prior_shift,4,fadingMNB,77000,0.873
s_prior_shift,4,fadingMNB,78000,0.896
s_prior_shift,4,fadingMNB,79000,0.879
s_prior_shift,4,fadingMNB,80000,0.879
s_prior_shift,4,baseline-Rebuild,1000,0.633
s_prior_shift,4,baseline-Rebuild,2000,0.677
s_prior_shift,4,baseline-Rebuild,3000,0.714
s_prior_shift,4,baseline-Rebuild,4000,0.714
s_prior_shift,4,baseline-Rebuild,5000,0.721
s_prior_shift,4,baseline-Rebuild,6000,0.719
s_prior_shift,4,baseline-Rebuild,7000,0.722
s_prior_shift,4,baseline-Rebuild,8000,0.724
s_prior_shift,4,baseline-Rebuild,9000,0.758
s_prior_shift,4,baseline-Rebuild,10000,0.734
s_prior_shift,4,baseline-Rebuild,11000,0.748
s_prior_shift,4,baseline-Rebuild,12000,0.758
s_prior_shift,4,baseline-Rebuild,13000,0.734
s_prior_shift,4,baseline-Rebuild,14000,0.726
s_prior_shift,4,baseline-Rebuild,15000,0.734
s_prior_shift,4,baseline-Rebuild,16000,0.762
s_prior_shift,4,baseline-Rebuild,17000,0.758
s_prior_shift,4,baseline-Rebuild,18000,0.75
s_prior_shift,4,baseline-Rebuild,19000,0.779
s_prior_shift,4,baseline-Rebuild,20000,0.743
s_prior_shift,4,baseline-Rebuild,21000,0.739
s_prior_shift,4,baseline-Rebuild,22000,0.765
s_prior_shift,4,baseline-Rebuild,23000,0.755
s_prior_shift,4,baseline-Rebuild,24000,0.744
s_prior_shift,4,baseline-Rebuild,25000,0.762
s_prior_shift,4,baseline-Rebuild,26000,0.758
s_prior_shift,4,baseline-Rebuild,27000,0.752
s_prior_shift,4,baseline-Rebuild,28000,0.776
s_prior_shift,4,baseline-Rebuild,29000,0.788
s_prior_shift,4,baseline-Rebuild,30000,0.756
s_prior_shift,4,baseline-Rebuild,31000,0.783
s_prior_shift,4,baseline-Rebuild,32000,0.771
s_prior_shift,4,baseline-Rebuild,33000,0.759
s_prior_shift,4,baseline-Rebuild,34000,0.75
s_prior_shift,4,baseline-Rebuild,35000,0.746
s_prior_shift,4,baseline-Rebuild,36000,0.755
s_prior_shift,4,baseline-Rebuild,37000,0.751
s_prior_shift,4,baseline-Rebuild,38000,0.759
s_prior_shift,4,baseline-Rebuild,39000,0.756
s_prior_shift,4,baseline-Rebuild,40000,0.763
s_prior_shift,4,baseline-Rebuild,41000,0.798
s_prior_shift,4,baseline-Rebuild,42000,0.805
s_prior_shift,4,baseline-Rebuild,43000,0.831
s_prior_shift,4,baseline-Rebuild,44000,0.818
s_prior_shift,4,baseline-Rebuild,45000,0.89
s_prior_shift,4,baseline-Rebuild,46000,0.892
s_prior_shift,4,baseline-Rebuild,47000,0.9
s_prior_shift,4,baseline-Rebuild,48000,0.894
s_prior_shift,4,baseline-Rebuild,49000,0.911
s_prior_shift,4,baseline-Rebuild,50000,0.895
s_prior_shift,4,baseline-Rebuild,51000,0.908
s_prior_shift,4,baseline-Rebuild,52000,0.899
s_prior_shift,4,baseline-Rebuild,53000,0.906
s_prior_shift,4,baseline-Rebuild,54000,0.908
s_prior_shift,4,baseline-Rebuild,55000,0.907
s_prior_shift,4,baseline-Rebuild,56000,0.899
s_prior_shift,4,baseline-Rebuild,57000,0.899
s_prior_shift,4,baseline-Rebuild,58000,0.903
s_prior_shift,4,baseline-Rebuild,59000,0.897
s_prior_shift,4,baseline-Rebuild,60000,0.906
s_prior_shift,4,baseline-Rebuild,61000,0.897
s_prior_shift,4,baseline-Rebuild,62000,0.886
s_prior_shift,4,baseline-Rebuild,63000,0.905
s_prior_shift,4,baseline-Rebuild,64000,0.907
s_prior_shift,4,baseline-Rebuild,65000,0.898
s_prior_shift,4,baseline-Rebuild,66000,0.885
s_prior_shift,4,baseline-Rebuild,67000,0.908
s_prior_shift,4,baseline-Rebuild,68000,0.908
s_prior_shift,4,baseline-Rebuild,69000,0.903
s_prior_shift,4,baseline-Rebuild,70000,0.894
s_prior_shift,4,baseline-Rebuild,71000,0.901
s_prior_shift,4,baseline-Rebuild,72000,0.903
s_prior_shift,4,baseline-Rebuild,73000,0.886
s_prior_shift,4,baseline-Rebuild,74000,0.91
s_prior_shift,4,baseline-Rebuild,75000,0.908
s_prior_shift,4,baseline-Rebuild,76000,0.912
s_prior_shift,4,baseline-Rebuild,77000,0.899
s_prior_shift,4,baseline-Rebuild,78000,0.905
s_prior_shift,4,baseline-Rebuild,79000,0.896
s_prior_shift,4,baseline-Rebuild,80000,0.899
s_prior_shift,4,baseline-SIFR,1000,0.633
s_prior_shift,4,baseline-SIFR,2000,0.677
s_prior_shift,4,baseline-SIFR,3000,0.714
s_prior_shift,4,baseline-SIFR,4000,0.714
s_prior_shift,4,baseline-SIFR,5000,0.721
s_prior_shift,4,baseline-SIFR,6000,0.719
s_prior_shift,4,baseline-SIFR,7000,0.722
s_prior_shift,4,baseline-SIFR,8000,0.724
s_prior_shift,4,baseline-SIFR,9000,0.758
s_prior_shift,4,baseline-SIFR,10000,0.734
s_prior_shift,4,baseline-SIFR,11000,0.748
s_prior_shift,4,baseline-SIFR,12000,0.758
s_prior_shift,4,baseline-SIFR,13000,0.734
s_prior_shift,4,baseline-SIFR,14000,0.726
s_prior_shift,4,baseline-SIFR,15000,0.734
s_prior_shift,4,baseline-SIFR,16000,0.762
s_prior_shift,4,baseline-SIFR,17000,0.758
s_prior_shift,4,baseline-SIFR,18000,0.75
s_prior_shift,4,baseline-SIFR,19000,0.779
s_prior_shift,4,baseline-SIFR,20000,0.743
s_prior_shift,4,baseline-SIFR,21000,0.739
s_prior_shift,4,baseline-SIFR,22000,0.765
s_prior_shift,4,baseline-SIFR,23000,0.755
s_prior_shift,4,baseline-SIFR,24000,0.744
s_prior_shift,4,baseline-SIFR,25000,0.762
s_prior_shift,4,baseline-SIFR,26000,0.758
s_prior_shift,4,baseline-SIFR,27000,0.752
s_prior_shift,4,baseline-SIFR,28000,0.776
s_prior_shift,4,baseline-SIFR,29000,0.788
s_prior_shift,4,baseline-SIFR,30000,0.756
s_prior_shift,4,baseline-SIFR,31000,0.783
s_prior_shift,4,baseline-SIFR,32000,0.771
s_prior_shift,4,baseline-SIFR,33000,0.764
s_prior_shift,4,baseline-SIFR,34000,0.761
s_prior_shift,4,baseline-SIFR,35000,0.753
s_prior_shift,4,baseline-SIFR,36000,0.755
s_prior_shift,4,baseline-SIFR,37000,0.749
s_prior_shift,4,baseline-SIFR,38000,0.757
s_prior_shift,4,baseline-SIFR,39000,0.748
s_prior_shift,4,baseline-SIFR,40000,0.767
s_prior_shift,4,baseline-SIFR,41000,0.777
s_prior_shift,4,baseline-SIFR,42000,0.794
s_prior_shift,4,baseline-SIFR,43000,0.82
s_prior_shift,4,baseline-SIFR,44000,0.801
s_prior_shift,4,baseline-SIFR,45000,0.798
s_prior_shift,4,baseline-SIFR,46000,0.825
s_prior_shift,4,baseline-SIFR,47000,0.809
s_prior_shift,4,baseline-SIFR,48000,0.843
s_prior_shift,4,baseline-SIFR,49000,0.843
s_prior_shift,4,baseline-SIFR,50000,0.832
s_prior_shift,4,baseline-SIFR,51000,0.849
s_prior_shift,4,baseline-SIFR,52000,0.842
s_prior_shift,4,baseline-SIFR,53000,0.867
s_prior_shift,4,baseline-SIFR,54000,0.861
s_prior_shift,4,baseline-SIFR,55000,0.864
s_prior_shift,4,baseline-SIFR,56000,0.861
s_prior_shift,4,baseline-SIFR,57000,0.867
s_prior_shift,4,baseline-SIFR,58000,0.831
s_prior_shift,4,baseline-SIFR,59000,0.865
s_prior_shift,4,baseline-SIFR,60000,0.864
s_prior_shift,4,baseline-SIFR,61000,0.867
s_prior_shift,4,baseline-SIFR,62000,0.88
s_prior_shift,4,baseline-SIFR,63000,0.868
s_prior_shift,4,baseline-SIFR,64000,0.867
s_prior_shift,4,baseline-SIFR,65000,0.89
s_prior_shift,4,baseline-SIFR,66000,0.862
s_prior_shift,4,baseline-SIFR,67000,0.891
s_prior_shift,4,baseline-SIFR,68000,0.901
s_prior_shift,4,baseline-SIFR,69000,0.876
s_prior_shift,4,baseline-SIFR,70000,0.888
s_prior_shift,4,baseline-SIFR,71000,0.887
s_prior_shift,4,baseline-SIFR,72000,0.886
s_prior_shift,4,baseline-SIFR,73000,0.874
s_prior_shift,4,baseline-SIFR,74000,0.886
s_prior_shift,4,baseline-SIFR,75000,0.883
s_prior_shift,4,baseline-SIFR,76000,0.901
s_prior_shift,4,baseline-SIFR,77000,0.878
s_prior_shift,4,baseline-SIFR,78000,0.891
s_prior_shift,4,baseline-SIFR,79000,0.877
s_prior_shift,4,baseline-SIFR,80000,0.887
s_prior_shift,4,enhanced-adwin_only,1000,0.633
s_prior_shift,4,enhanced-adwin_only,2000,0.677
s_prior_shift,4,enhanced-adwin_only,3000,0.714
s_prior_shift,4,enhanced-adwin_only,4000,0.714
s_prior_shift,4,enhanced-adwin_only,5000,0.721
s_prior_shift,4,enhanced-adwin_only,6000,0.719
s_prior_shift,4,enhanced-adwin_only,7000,0.722
s_prior_shift,4,enhanced-adwin_only,8000,0.724
s_prior_shift,4,enhanced-adwin_only,9000,0.758
s_prior_shift,4,enhanced-adwin_only,10000,0.734
s_prior_shift,4,enhanced-adwin_only,11000,0.748
s_prior_shift,4,enhanced-adwin_only,12000,0.758
s_prior_shift,4,enhanced-adwin_only,13000,0.734
s_prior_shift,4,enhanced-adwin_only,14000,0.726
s_prior_shift,4,enhanced-adwin_only,15000,0.734
s_prior_shift,4,enhanced-adwin_only,16000,0.762
s_prior_shift,4,enhanced-adwin_only,17000,0.758
s_prior_shift,4,enhanced-adwin_only,18000,0.75
s_prior_shift,4,enhanced-adwin_only,19000,0.779
s_prior_shift,4,enhanced-adwin_only,20000,0.743
s_prior_shift,4,enhanced-adwin_only,21000,0.739
s_prior_shift,4,enhanced-adwin_only,22000,0.765
s_prior_shift,4,enhanced-adwin_only,23000,0.755
s_prior_shift,4,enhanced-adwin_only,24000,0.744
s_prior_shift,4,enhanced-adwin_only,25000,0.762
s_prior_shift,4,enhanced-adwin_only,26000,0.758
s_prior_shift,4,enhanced-adwin_only,27000,0.752
s_prior_shift,4,enhanced-adwin_only,28000,0.776
s_prior_shift,4,enhanced-adwin_only,29000,0.788
s_prior_shift,4,enhanced-adwin_only,30000,0.756
s_prior_shift,4,enhanced-adwin_only,31000,0.783
s_prior_shift,4,enhanced-adwin_only,32000,0.771
s_prior_shift,4,enhanced-adwin_only,33000,0.773
s_prior_shift,4,enhanced-adwin_only,34000,0.775
s_prior_shift,4,enhanced-adwin_only,35000,0.764
s_prior_shift,4,enhanced-adwin_only,36000,0.782
s_prior_shift,4,enhanced-adwin_only,37000,0.756
s_prior_shift,4,enhanced-adwin_only,38000,0.769
s_prior_shift,4,enhanced-adwin_only,39000,0.759
s_prior_shift,4,enhanced-adwin_only,40000,0.768
s_prior_shift,4,enhanced-adwin_only,41000,0.807
s_prior_shift,4,enhanced-adwin_only,42000,0.797
s_prior_shift,4,enhanced-adwin_only,43000,0.823
s_prior_shift,4,enhanced-adwin_only,44000,0.814
s_prior_shift,4,enhanced-adwin_only,45000,0.783
s_prior_shift,4,enhanced-adwin_only,46000,0.822
s_prior_shift,4,enhanced-adwin_only,47000,0.813
s_prior_shift,4,enhanced-adwin_only,48000,0.827
s_prior_shift,4,enhanced-adwin_only,49000,0.843
s_prior_shift,4,enhanced-adwin_only,50000,0.832
s_prior_shift,4,enhanced-adwin_only,51000,0.849
s_prior_shift,4,enhanced-adwin_only,52000,0.842
s_prior_shift,4,enhanced-adwin_only,53000,0.867
s_prior_shift,4,enhanced-adwin_only,54000,0.861
s_prior_shift,4,enhanced-adwin_only,55000,0.864
s_prior_shift,4,enhanced-adwin_only,56000,0.861
s_prior_shift,4,enhanced-adwin_only,57000,0.867
s_prior_shift,4,enhanced-adwin_only,58000,0.831
s_prior_shift,4,enhanced-adwin_only,59000,0.865
s_prior_shift,4,enhanced-adwin_only,60000,0.864
s_prior_shift,4,enhanced-adwin_only,61000,0.867
s_prior_shift,4,enhanced-adwin_only,62000,0.88
s_prior_shift,4,enhanced-adwin_only,63000,0.868
s_prior_shift,4,enhanced-adwin_only,64000,0.867
s_prior_shift,4,enhanced-adwin_only,65000,0.89
s_prior_shift,4,enhanced-adwin_only,66000,0.862
s_prior_shift,4,enhanced-adwin_only,67000,0.891
s_prior_shift,4,enhanced-adwin_only,68000,0.901
s_prior_shift,4,enhanced-adwin_only,69000,0.876
s_prior_shift,4,enhanced-adwin_only,70000,0.888
s_prior_shift,4,enhanced-adwin_only,71000,0.887
s_prior_shift,4,enhanced-adwin_only,72000,0.886
s_prior_shift,4,enhanced-adwin_only,73000,0.874
s_prior_shift,4,enhanced-adwin_only,74000,0.886
s_prior_shift,4,enhanced-adwin_only,75000,0.883
s_prior_shift,4,enhanced-adwin_only,76000,0.901
s_prior_shift,4,enhanced-adwin_only,77000,0.878
s_prior_shift,4,enhanced-adwin_only,78000,0.891
s_prior_shift,4,enhanced-adwin_only,79000,0.877
s_prior_shift,4,enhanced-adwin_only,80000,0.887
s_prior_shift,4,enhanced-or,1000,0.633
s_prior_shift,4,enhanced-or,2000,0.677
s_prior_shift,4,enhanced-or,3000,0.714
s_prior_shift,4,enhanced-or,4000,0.714
s_prior_shift,4,enhanced-or,5000,0.721
s_prior_shift,4,enhanced-or,6000,0.719
s_prior_shift,4,enhanced-or,7000,0.722
s_prior_shift,4,enhanced-or,8000,0.724
s_prior_shift,4,enhanced-or,9000,0.758
s_prior_shift,4,enhanced-or,10000,0.734
s_prior_shift,4,enhanced-or,11000,0.748
s_prior_shift,4,enhanced-or,12000,0.758
s_prior_shift,4,enhanced-or,13000,0.734
s_prior_shift,4,enhanced-or,14000,0.726
s_prior_shift,4,enhanced-or,15000,0.734
s_prior_shift,4,enhanced-or,16000,0.762
s_prior_shift,4,enhanced-or,17000,0.758
s_prior_shift,4,enhanced-or,18000,0.75
s_prior_shift,4,enhanced-or,19000,0.779
s_prior_shift,4,enhanced-or,20000,0.743
s_prior_shift,4,enhanced-or,21000,0.739
s_prior_shift,4,enhanced-or,22000,0.765
s_prior_shift,4,enhanced-or,23000,0.755
s_prior_shift,4,enhanced-or,24000,0.744
s_prior_shift,4,enhanced-or,25000,0.762
s_prior_shift,4,enhanced-or,26000,0.758
s_prior_shift,4,enhanced-or,27000,0.752
s_prior_shift,4,enhanced-or,28000,0.776
s_prior_shift,4,enhanced-or,29000,0.788
s_prior_shift,4,enhanced-or,30000,0.756
s_prior_shift,4,enhanced-or,31000,0.783
s_prior_shift,4,enhanced-or,32000,0.771
s_prior_shift,4,enhanced-or,33000,0.759
s_prior_shift,4,enhanced-or,34000,0.75
s_prior_shift,4,enhanced-or,35000,0.746
s_prior_shift,4,enhanced-or,36000,0.755
s_prior_shift,4,enhanced-or,37000,0.751
s_prior_shift,4,enhanced-or,38000,0.759
s_prior_shift,4,enhanced-or,39000,0.756
s_prior_shift,4,enhanced-or,40000,0.763
s_prior_shift,4,enhanced-or,41000,0.798
s_prior_shift,4,enhanced-or,42000,0.805
s_prior_shift,4,enhanced-or,43000,0.831
s_prior_shift,4,enhanced-or,44000,0.818
s_prior_shift,4,enhanced-or,45000,0.89
s_prior_shift,4,enhanced-or,46000,0.892
s_prior_shift,4,enhanced-or,47000,0.9
s_prior_shift,4,enhanced-or,48000,0.894
s_prior_shift,4,enhanced-or,49000,0.911
s_prior_shift,4,enhanced-or,50000,0.895
s_prior_shift,4,enhanced-or,51000,0.908
s_prior_shift,4,enhanced-or,52000,0.899
s_prior_shift,4,enhanced-or,53000,0.906
s_prior_shift,4,enhanced-or,54000,0.908
s_prior_shift,4,enhanced-or,55000,0.907
s_prior_shift,4,enhanced-or,56000,0.899
s_prior_shift,4,enhanced-or,57000,0.899
s_prior_shift,4,enhanced-or,58000,0.903
s_prior_shift,4,enhanced-or,59000,0.897
s_prior_shift,4,enhanced-or,60000,0.906
s_prior_shift,4,enhanced-or,61000,0.897
s_prior_shift,4,enhanced-or,62000,0.886
s_prior_shift,4,enhanced-or,63000,0.905
s_prior_shift,4,enhanced-or,64000,0.907
s_prior_shift,4,enhanced-or,65000,0.898
s_prior_shift,4,enhanced-or,66000,0.885
s_prior_shift,4,enhanced-or,67000,0.908
s_prior_shift,4,enhanced-or,68000,0.908
s_prior_shift,4,enhanced-or,69000,0.903
s_prior_shift,4,enhanced-or,70000,0.894
s_prior_shift,4,enhanced-or,71000,0.901
s_prior_shift,4,enhanced-or,72000,0.903
s_prior_shift,4,enhanced-or,73000,0.886
s_prior_shift,4,enhanced-or,74000,0.91
s_prior_shift,4,enhanced-or,75000,0.908
s_prior_shift,4,enhanced-or,76000,0.912
s_prior_shift,4,enhanced-or,77000,0.899
s_prior_shift,4,enhanced-or,78000,0.905
s_prior_shift,4,enhanced-or,79000,0.896
s_prior_shift,4,enhanced-or,80000,0.899
s_prior_shift,4,enhanced-and,1000,0.633
s_prior_shift,4,enhanced-and,2000,0.677
s_prior_shift,4,enhanced-and,3000,0.714
s_prior_shift,4,enhanced-and,4000,0.714
s_prior_shift,4,enhanced-and,5000,0.721
s_prior_shift,4,enhanced-and,6000,0.719
s_prior_shift,4,enhanced-and,7000,0.722
s_prior_shift,4,enhanced-and,8000,0.724
s_prior_shift,4,enhanced-and,9000,0.758
s_prior_shift,4,enhanced-and,10000,0.734
s_prior_shift,4,enhanced-and,11000,0.748
s_prior_shift,4,enhanced-and,12000,0.758
s_prior_shift,4,enhanced-and,13000,0.734
s_prior_shift,4,enhanced-and,14000,0.726
s_prior_shift,4,enhanced-and,15000,0.734
s_prior_shift,4,enhanced-and,16000,0.762
s_prior_shift,4,enhanced-and,17000,0.758
s_prior_shift,4,enhanced-and,18000,0.75
s_prior_shift,4,enhanced-and,19000,0.779
s_prior_shift,4,enhanced-and,20000,0.743
s_prior_shift,4,enhanced-and,21000,0.739
s_prior_shift,4,enhanced-and,22000,0.765
s_prior_shift,4,enhanced-and,23000,0.755
s_prior_shift,4,enhanced-and,24000,0.744
s_prior_shift,4,enhanced-and,25000,0.762
s_prior_shift,4,enhanced-and,26000,0.758
s_prior_shift,4,enhanced-and,27000,0.752
s_prior_shift,4,enhanced-and,28000,0.776
s_prior_shift,4,enhanced-and,29000,0.788
s_prior_shift,4,enhanced-and,30000,0.756
s_prior_shift,4,enhanced-and,31000,0.783
s_prior_shift,4,enhanced-and,32000,0.771
s_prior_shift,4,enhanced-and,33000,0.773
s_prior_shift,4,enhanced-and,34000,0.775
s_prior_shift,4,enhanced-and,35000,0.764
s_prior_shift,4,enhanced-and,36000,0.782
s_prior_shift,4,enhanced-and,37000,0.756
s_prior_shift,4,enhanced-and,38000,0.769
s_prior_shift,4,enhanced-and,39000,0.759
s_prior_shift,4,enhanced-and,40000,0.768
s_prior_shift,4,enhanced-and,41000,0.807
s_prior_shift,4,enhanced-and,42000,0.797
s_prior_shift,4,enhanced-and,43000,0.823
s_prior_shift,4,enhanced-and,44000,0.814
s_prior_shift,4,enhanced-and,45000,0.783
s_prior_shift,4,enhanced-and,46000,0.822
s_prior_shift,4,enhanced-and,47000,0.813
s_prior_shift,4,enhanced-and,48000,0.827
s_prior_shift,4,enhanced-and,49000,0.843
s_prior_shift,4,enhanced-and,50000,0.832
s_prior_shift,4,enhanced-and,51000,0.849
s_prior_shift,4,enhanced-and,52000,0.842
s_prior_shift,4,enhanced-and,53000,0.867
s_prior_shift,4,enhanced-and,54000,0.861
s_prior_shift,4,enhanced-and,55000,0.864
s_prior_shift,4,enhanced-and,56000,0.861
s_prior_shift,4,enhanced-and,57000,0.867
s_prior_shift,4,enhanced-and,58000,0.831
s_prior_shift,4,enhanced-and,59000,0.865
s_prior_shift,4,enhanced-and,60000,0.864
s_prior_shift,4,enhanced-and,61000,0.867
s_prior_shift,4,enhanced-and,62000,0.88
s_prior_shift,4,enhanced-and,63000,0.868
s_prior_shift,4,enhanced-and,64000,0.867
s_prior_shift,4,enhanced-and,65000,0.89
s_prior_shift,4,enhanced-and,66000,0.862
s_prior_shift,4,enhanced-and,67000,0.891
s_prior_shift,4,enhanced-and,68000,0.901
s_prior_shift,4,enhanced-and,69000,0.876
s_prior_shift,4,enhanced-and,70000,0.888
s_prior_shift,4,enhanced-and,71000,0.887
s_prior_shift,4,enhanced-and,72000,0.886
s_prior_shift,4,enhanced-and,73000,0.874
s_prior_shift,4,enhanced-and,74000,0.886
s_prior_shift,4,enhanced-and,75000,0.883
s_prior_shift,4,enhanced-and,76000,0.901
s_prior_shift,4,enhanced-and,77000,0.878
s_prior_shift,4,enhanced-and,78000,0.891
s_prior_shift,4,enhanced-and,79000,0.877
s_prior_shift,4,enhanced-and,80000,0.887
s_label_flip_topic,0,accumulativeMNB,1000,0.593
s_label_flip_topic,0,accumulativeMNB,2000,0.692
s_label_flip_topic,0,accumulativeMNB,3000,0.695
s_label_flip_topic,0,accumulativeMNB,4000,0.726
s_label_flip_topic,0,accumulativeMNB,5000,0.71
s_label_flip_topic,0,accumulativeMNB,6000,0.712
s_label_flip_topic,0,accumulativeMNB,7000,0.713
s_label_flip_topic,0,accumulativeMNB,8000,0.72
s_label_flip_topic,0,accumulativeMNB,9000,0.735
s_label_flip_topic,0,accumulativeMNB,10000,0.71
s_label_flip_topic,0,accumulativeMNB,11000,0.728
s_label_flip_topic,0,accumulativeMNB,12000,0.764
s_label_flip_topic,0,accumulativeMNB,13000,0.721
s_label_flip_topic,0,accumulativeMNB,14000,0.738
s_label_flip_topic,0,accumulativeMNB,15000,0.712
s_label_flip_topic,0,accumulativeMNB,16000,0.73
s_label_flip_topic,0,accumulativeMNB,17000,0.726
s_label_flip_topic,0,accumulativeMNB,18000,0.735
s_label_flip_topic,0,accumulativeMNB,19000,0.724
s_label_flip_topic,0,accumulativeMNB,20000,0.712
s_label_flip_topic,0,accumulativeMNB,21000,0.724
s_label_flip_topic,0,accumulativeMNB,22000,0.728
s_label_flip_topic,0,accumulativeMNB,23000,0.752
s_label_flip_topic,0,accumulativeMNB,24000,0.711
s_label_flip_topic,0,accumulativeMNB,25000,0.741
s_label_flip_topic,0,accumulativeMNB,26000,0.721
s_label_flip_topic,0,accumulativeMNB,27000,0.734
s_label_flip_topic,0,accumulativeMNB,28000,0.715
s_label_flip_topic,0,accumulativeMNB,29000,0.729
s_label_flip_topic,0,accumulativeMNB,30000,0.724
s_label_flip_topic,0,accumulativeMNB,31000,0.74
s_label_flip_topic,0,accumulativeMNB,32000,0.726
s_label_flip_topic,0,accumulativeMNB,33000,0.727
s_label_flip_topic,0,accumulativeMNB,34000,0.744
s_label_flip_topic,0,accumulativeMNB,35000,0.732
s_label_flip_topic,0,accumulativeMNB,36000,0.735
s_label_flip_topic,0,accumulativeMNB,37000,0.756
s_label_flip_topic,0,accumulativeMNB,38000,0.742
s_label_flip_topic,0,accumulativeMNB,39000,0.732
s_label_flip_topic,0,accumulativeMNB,40000,0.73
s_label_flip_topic,0,accumulativeMNB,41000,0.495
s_label_flip_topic,0,accumulativeMNB,42000,0.522
s_label_flip_topic,0,accumulativeMNB,43000,0.512
s_label_flip_topic,0,accumulativeMNB,44000,0.531
s_label_flip_topic,0,accumulativeMNB,45000,0.496
s_label_flip_topic,0,accumulativeMNB,46000,0.533
s_label_flip_topic,0,accumulativeMNB,47000,0.515
s_label_flip_topic,0,accumulativeMNB,48000,0.494
s_label_flip_topic,0,accumulativeMNB,49000,0.54
s_label_flip_topic,0,accumulativeMNB,50000,0.509
s_label_flip_topic,0,accumulativeMNB,51000,0.522
s_label_flip_topic,0,accumulativeMNB,52000,0.529
s_label_flip_topic,0,accumulativeMNB,53000,0.519
s_label_flip_topic,0,accumulativeMNB,54000,0.512
s_label_flip_topic,0,accumulativeMNB,55000,0.532
s_label_flip_topic,0,accumulativeMNB,56000,0.494
s_label_flip_topic,0,accumulativeMNB,57000,0.542
s_label_flip_topic,0,accumulativeMNB,58000,0.519
s_label_flip_topic,0,accumulativeMNB,59000,0.497
s_label_flip_topic,0,accumulativeMNB,60000,0.538
s_label_flip_topic,0,accumulativeMNB,61000,0.528
s_label_flip_topic,0,accumulativeMNB,62000,0.526
s_label_flip_topic,0,accumulativeMNB,63000,0.524
s_label_flip_topic,0,accumulativeMNB,64000,0.506
s_label_flip_topic,0,accumulativeMNB,65000,0.507
s_label_flip_topic,0,accumulativeMNB,66000,0.521
s_label_flip_topic,0,accumulativeMNB,67000,0.497
s_label_flip_topic,0,accumulativeMNB,68000,0.514
s_label_flip_topic,0,accumulativeMNB,69000,0.534
s_label_flip_topic,0,accumulativeMNB,70000,0.502
s_label_flip_topic,0,accumulativeMNB,71000,0.527
s_label_flip_topic,0,accumulativeMNB,72000,0.518
s_label_flip_topic,0,accumulativeMNB,73000,0.514
s_label_flip_topic,0,accumulativeMNB,74000,0.512
s_label_flip_topic,0,accumulativeMNB,75000,0.559
s_label_flip_topic,0,accumulativeMNB,76000,0.524
s_label_flip_topic,0,accumulativeMNB,77000,0.513
s_label_flip_topic,0,accumulativeMNB,78000,0.508
s_label_flip_topic,0,accumulativeMNB,79000,0.519
s_label_flip_topic,0,accumulativeMNB,80000,0.537
s_label_flip_topic,0,fadingMNB,1000,0.593
s_label_flip_topic,0,fadingMNB,2000,0.691
s_label_flip_topic,0,fadingMNB,3000,0.696
s_label_flip_topic,0,fadingMNB,4000,0.726
s_label_flip_topic,0,fadingMNB,5000,0.71
s_label_flip_topic,0,fadingMNB,6000,0.715
s_label_flip_topic,0,fadingMNB,7000,0.714
s_label_flip_topic,0,fadingMNB,8000,0.717
s_label_flip_topic,0,fadingMNB,9000,0.734
s_label_flip_topic,0,fadingMNB,10000,0.717
s_label_flip_topic,0,fadingMNB,11000,0.73
s_label_flip_topic,0,fadingMNB,12000,0.756
s_label_flip_topic,0,fadingMNB,13000,0.726
s_label_flip_topic,0,fadingMNB,14000,0.745
s_label_flip_topic,0,fadingMNB,15000,0.723
s_label_flip_topic,0,fadingMNB,16000,0.73
s_label_flip_topic,0,fadingMNB,17000,0.718
s_label_flip_topic,0,fadingMNB,18000,0.741
s_label_flip_topic,0,fadingMNB,19000,0.724
s_label_flip_topic,0,fadingMNB,20000,0.712
s_label_flip_topic,0,fadingMNB,21000,0.721
s_label_flip_topic,0,fadingMNB,22000,0.731
s_label_flip_topic,0,fadingMNB,23000,0.763
s_label_flip_topic,0,fadingMNB,24000,0.715
s_label_flip_topic,0,fadingMNB,25000,0.738
s_label_flip_topic,0,fadingMNB,26000,0.716
s_label_flip_topic,0,fadingMNB,27000,0.729
s_label_flip_topic,0,fadingMNB,28000,0.725
s_label_flip_topic,0,fadingMNB,29000,0.741
s_label_flip_topic,0,fadingMNB,30000,0.712
s_label_flip_topic,0,fadingMNB,31000,0.741
s_label_flip_topic,0,fadingMNB,32000,0.724
s_label_flip_topic,0,fadingMNB,33000,0.727
s_label_flip_topic,0,fadingMNB,34000,0.738
s_label_flip_topic,0,fadingMNB,35000,0.737
s_label_flip_topic,0,fadingMNB,36000,0.739
s_label_flip_topic,0,fadingMNB,37000,0.756
s_label_flip_topic,0,fadingMNB,38000,0.733
s_label_flip_topic,0,fadingMNB,39000,0.725
s_label_flip_topic,0,fadingMNB,40000,0.729
s_label_flip_topic,0,fadingMNB,41000,0.506
s_label_flip_topic,0,fadingMNB,42000,0.519
s_label_flip_topic,0,fadingMNB,43000,0.527
s_label_flip_topic,0,fadingMNB,44000,0.539
s_label_flip_topic,0,fadingMNB,45000,0.497
s_label_flip_topic,0,fadingMNB,46000,0.523
s_label_flip_topic,0,fadingMNB,47000,0.514
s_label_flip_topic,0,fadingMNB,48000,0.49
s_label_flip_topic,0,fadingMNB,49000,0.543
s_label_flip_topic,0,fadingMNB,50000,0.498
s_label_flip_topic,0,fadingMNB,51000,0.511
s_label_flip_topic,0,fadingMNB,52000,0.54
s_label_flip_topic,0,fadingMNB,53000,0.513
s_label_flip_topic,0,fadingMNB,54000,0.515
s_label_flip_topic,0,fadingMNB,55000,0.528
s_label_flip_topic,0,fadingMNB,56000,0.499
s_label_flip_topic,0,fadingMNB,57000,0.553
s_label_flip_topic,0,fadingMNB,58000,0.525
s_label_flip_topic,0,fadingMNB,59000,0.494
s_label_flip_topic,0,fadingMNB,60000,0.532
s_label_flip_topic,0,fadingMNB,61000,0.526
s_label_flip_topic,0,fadingMNB,62000,0.521
s_label_flip_topic,0,fadingMNB,63000,0.527
s_label_flip_topic,0,fadingMNB,64000,0.498
s_label_flip_topic,0,fadingMNB,65000,0.501
s_label_flip_topic,0,fadingMNB,66000,0.525
s_label_flip_topic,0,fadingMNB,67000,0.504
s_label_flip_topic,0,fadingMNB,68000,0.528
s_label_flip_topic,0,fadingMNB,69000,0.532
s_label_flip_topic,0,fadingMNB,70000,0.499
s_label_flip_topic,0,fadingMNB,71000,0.523
s_label_flip_topic,0,fadingMNB,72000,0.529
s_label_flip_topic,0,fadingMNB,73000,0.515
s_label_flip_topic,0,fadingMNB,74000,0.522
s_label_flip_topic,0,fadingMNB,75000,0.569
s_label_flip_topic,0,fadingMNB,76000,0.529
s_label_flip_topic,0,fadingMNB,77000,0.531
s_label_flip_topic,0,fadingMNB,78000,0.523
s_label_flip_topic,0,fadingMNB,79000,0.505
s_label_flip_topic,0,fadingMNB,80000,0.537
s_label_flip_topic,0,baseline-Rebuild,1000,0.593
s_label_flip_topic,0,baseline-Rebuild,2000,0.692
s_label_flip_topic,0,baseline-Rebuild,3000,0.695
s_label_flip_topic,0,baseline-Rebuild,4000,0.726
s_label_flip_topic,0,baseline-Rebuild,5000,0.71
s_label_flip_topic,0,baseline-Rebuild,6000,0.712
s_label_flip_topic,0,baseline-Rebuild,7000,0.713
s_label_flip_topic,0,baseline-Rebuild,8000,0.72
s_label_flip_topic,0,baseline-Rebuild,9000,0.735
s_label_flip_topic,0,baseline-Rebuild,10000,0.71
s_label_flip_topic,0,baseline-Rebuild,11000,0.728
s_label_flip_topic,0,baseline-Rebuild,12000,0.764
s_label_flip_topic,0,baseline-Rebuild,13000,0.721
s_label_flip_topic,0,baseline-Rebuild,14000,0.738
s_label_flip_topic,0,baseline-Rebuild,15000,0.712
s_label_flip_topic,0,baseline-Rebuild,16000,0.73
s_label_flip_topic,0,baseline-Rebuild,17000,0.726
s_label_flip_topic,0,baseline-Rebuild,18000,0.735
s_label_flip_topic,0,baseline-Rebuild,19000,0.724
s_label_flip_topic,0,baseline-Rebuild,20000,0.712
s_label_flip_topic,0,baseline-Rebuild,21000,0.691
s_label_flip_topic,0,baseline-Rebuild,22000,0.73
s_label_flip_topic,0,baseline-Rebuild,23000,0.748
s_label_flip_topic,0,baseline-Rebuild,24000,0.7
s_label_flip_topic,0,baseline-Rebuild,25000,0.711
s_label_flip_topic,0,baseline-Rebuild,26000,0.698
s_label_flip_topic,0,baseline-Rebuild,27000,0.721
s_label_flip_topic,0,baseline-Rebuild,28000,0.718
s_label_flip_topic,0,baseline-Rebuild,29000,0.712
s_label_flip_topic,0,baseline-Rebuild,30000,0.704
s_label_flip_topic,0,baseline-Rebuild,31000,0.731
s_label_flip_topic,0,baseline-Rebuild,32000,0.721
s_label_flip_topic,0,baseline-Rebuild,33000,0.726
s_label_flip_topic,0,baseline-Rebuild,34000,0.736
s_label_flip_topic,0,baseline-Rebuild,35000,0.726
s_label_flip_topic,0,baseline-Rebuild,36000,0.722
s_label_flip_topic,0,baseline-Rebuild,37000,0.743
s_label_flip_topic,0,baseline-Rebuild,38000,0.731
s_label_flip_topic,0,baseline-Rebuild,39000,0.712
s_label_flip_topic,0,baseline-Rebuild,40000,0.718
s_label_flip_topic,0,baseline-Rebuild,41000,0.487
s_label_flip_topic,0,baseline-Rebuild,42000,0.519
s_label_flip_topic,0,baseline-Rebuild,43000,0.517
s_label_flip_topic,0,baseline-Rebuild,44000,0.529
s_label_flip_topic,0,baseline-Rebuild,45000,0.504
s_label_flip_topic,0,baseline-Rebuild,46000,0.528
s_label_flip_topic,0,baseline-Rebuild,47000,0.531
s_label_flip_topic,0,baseline-Rebuild,48000,0.505
s_label_flip_topic,0,baseline-Rebuild,49000,0.544
s_label_flip_topic,0,baseline-Rebuild,50000,0.509
s_label_flip_topic,0,baseline-Rebuild,51000,0.551
s_label_flip_topic,0,baseline-Rebuild,52000,0.549
s_label_flip_topic,0,baseline-Rebuild,53000,0.52
s_label_flip_topic,0,baseline-Rebuild,54000,0.549
s_label_flip_topic,0,baseline-Rebuild,55000,0.534
s_label_flip_topic,0,baseline-Rebuild,56000,0.516
s_label_flip_topic,0,baseline-Rebuild,57000,0.564
s_label_flip_topic,0,baseline-Rebuild,58000,0.542
s_label_flip_topic,0,baseline-Rebuild,59000,0.522
s_label_flip_topic,0,baseline-Rebuild,60000,0.562
s_label_flip_topic,0,baseline-Rebuild,61000,0.532
s_label_flip_topic,0,baseline-Rebuild,62000,0.541
s_label_flip_topic,0,baseline-Rebuild,63000,0.536
s_label_flip_topic,0,baseline-Rebuild,64000,0.525
s_label_flip_topic,0,baseline-Rebuild,65000,0.541
s_label_flip_topic,0,baseline-Rebuild,66000,0.528
s_label_flip_topic,0,baseline-Rebuild,67000,0.536
s_label_flip_topic,0,baseline-Rebuild,68000,0.549
s_label_flip_topic,0,baseline-Rebuild,69000,0.563
s_label_flip_topic,0,baseline-Rebuild,70000,0.562
s_label_flip_topic,0,baseline-Rebuild,71000,0.536
s_label_flip_topic,0,baseline-Rebuild,72000,0.548
s_label_flip_topic,0,baseline-Rebuild,73000,0.54
s_label_flip_topic,0,baseline-Rebuild,74000,0.536
s_label_flip_topic,0,baseline-Rebuild,75000,0.558
s_label_flip_topic,0,baseline-Rebuild,76000,0.559
s_label_flip_topic,0,baseline-Rebuild,77000,0.554
s_label_flip_topic,0,baseline-Rebuild,78000,0.545
s_label_flip_topic,0,baseline-Rebuild,79000,0.561
s_label_flip_topic,0,baseline-Rebuild,80000,0.57
s_label_flip_topic,0,baseline-SIFR,1000,0.593
s_label_flip_topic,0,baseline-SIFR,2000,0.692
s_label_flip_topic,0,baseline-SIFR,3000,0.695
s_label_flip_topic,0,baseline-SIFR,4000,0.726
s_label_flip_topic,0,baseline-SIFR,5000,0.71
s_label_flip_topic,0,baseline-SIFR,6000,0.712
s_label_flip_topic,0,baseline-SIFR,7000,0.713
s_label_flip_topic,0,baseline-SIFR,8000,0.72
s_label_flip_topic,0,baseline-SIFR,9000,0.735
s_label_flip_topic,0,baseline-SIFR,10000,0.71
s_label_flip_topic,0,baseline-SIFR,11000,0.728
s_label_flip_topic,0,baseline-SIFR,12000,0.764
s_label_flip_topic,0,baseline-SIFR,13000,0.721
s_label_flip_topic,0,baseline-SIFR,14000,0.738
s_label_flip_topic,0,baseline-SIFR,15000,0.712
s_label_flip_topic,0,baseline-SIFR,16000,0.73
s_label_flip_topic,0,baseline-SIFR,17000,0.726
s_label_flip_topic,0,baseline-SIFR,18000,0.735
s_label_flip_topic,0,baseline-SIFR,19000,0.724
s_label_flip_topic,0,baseline-SIFR,20000,0.712
s_label_flip_topic,0,baseline-SIFR,21000,0.72
s_label_flip_topic,0,baseline-SIFR,22000,0.737
s_label_flip_topic,0,baseline-SIFR,23000,0.767
s_label_flip_topic,0,baseline-SIFR,24000,0.718
s_label_flip_topic,0,baseline-SIFR,25000,0.741
s_label_flip_topic,0,baseline-SIFR,26000,0.712
s_label_flip_topic,0,baseline-SIFR,27000,0.729
s_label_flip_topic,0,baseline-SIFR,28000,0.721
s_label_flip_topic,0,baseline-SIFR,29000,0.733
s_label_flip_topic,0,baseline-SIFR,30000,0.707
s_label_flip_topic,0,baseline-SIFR,31000,0.735
s_label_flip_topic,0,baseline-SIFR,32000,0.725
s_label_flip_topic,0,baseline-SIFR,33000,0.732
s_label_flip_topic,0,baseline-SIFR,34000,0.73
s_label_flip_topic,0,baseline-SIFR,35000,0.735
s_label_flip_topic,0,baseline-SIFR,36000,0.742
s_label_flip_topic,0,baseline-SIFR,37000,0.76
s_label_flip_topic,0,baseline-SIFR,38000,0.735
s_label_flip_topic,0,baseline-SIFR,39000,0.721
s_label_flip_topic,0,baseline-SIFR,40000,0.725
s_label_flip_topic,0,baseline-SIFR,41000,0.498
s_label_flip_topic,0,baseline-SIFR,42000,0.519
s_label_flip_topic,0,baseline-SIFR,43000,0.526
s_label_flip_topic,0,baseline-SIFR,44000,0.534
s_label_flip_topic,0,baseline-SIFR,45000,0.496
s_label_flip_topic,0,baseline-SIFR,46000,0.533
s_label_flip_topic,0,baseline-SIFR,47000,0.515
s_label_flip_topic,0,baseline-SIFR,48000,0.494
s_label_flip_topic,0,baseline-SIFR,49000,0.54
s_label_flip_topic,0,baseline-SIFR,50000,0.509
s_label_flip_topic,0,baseline-SIFR,51000,0.522
s_label_flip_topic,0,baseline-SIFR,52000,0.529
s_label_flip_topic,0,baseline-SIFR,53000,0.519
s_label_flip_topic,0,baseline-SIFR,54000,0.512
s_label_flip_topic,0,baseline-SIFR,55000,0.532
s_label_flip_topic,0,baseline-SIFR,56000,0.494
s_label_flip_topic,0,baseline-SIFR,57000,0.542
s_label_flip_topic,0,baseline-SIFR,58000,0.519
s_label_flip_topic,0,baseline-SIFR,59000,0.497
s_label_flip_topic,0,baseline-SIFR,60000,0.538
s_label_flip_topic,0,baseline-SIFR,61000,0.528
s_label_flip_topic,0,baseline-SIFR,62000,0.526
s_label_flip_topic,0,baseline-SIFR,63000,0.524
s_label_flip_topic,0,baseline-SIFR,64000,0.506
s_label_flip_topic,0,baseline-SIFR,65000,0.507
s_label_flip_topic,0,baseline-SIFR,66000,0.521
s_label_flip_topic,0,baseline-SIFR,67000,0.497
s_label_flip_topic,0,baseline-SIFR,68000,0.514
s_label_flip_topic,0,baseline-SIFR,69000,0.534
s_label_flip_topic,0,baseline-SIFR,70000,0.502
s_label_flip_topic,0,baseline-SIFR,71000,0.527
s_label_flip_topic,0,baseline-SIFR,72000,0.518
s_label_flip_topic,0,baseline-SIFR,73000,0.514
s_label_flip_topic,0,baseline-SIFR,74000,0.512
s_label_flip_topic,0,baseline-SIFR,75000,0.559
s_label_flip_topic,0,baseline-SIFR,76000,0.524
s_label_flip_topic,0,baseline-SIFR,77000,0.513
s_label_flip_topic,0,baseline-SIFR,78000,0.508
s_label_flip_topic,0,baseline-SIFR,79000,0.519
s_label_flip_topic,0,baseline-SIFR,80000,0.537
s_label_flip_topic,0,enhanced-adwin_only,1000,0.593
s_label_flip_topic,0,enhanced-adwin_only,2000,0.692
s_label_flip_topic,0,enhanced-adwin_only,3000,0.695
s_label_flip_topic,0,enhanced-adwin_only,4000,0.726
s_label_flip_topic,0,enhanced-adwin_only,5000,0.71
s_label_flip_topic,0,enhanced-adwin_only,6000,0.712
s_label_flip_topic,0,enhanced-adwin_only,7000,0.713
s_label_flip_topic,0,enhanced-adwin_only,8000,0.72
s_label_flip_topic,0,enhanced-adwin_only,9000,0.735
s_label_flip_topic,0,enhanced-adwin_only,10000,0.71
s_label_flip_topic,0,enhanced-adwin_only,11000,0.728
s_label_flip_topic,0,enhanced-adwin_only,12000,0.764
s_label_flip_topic,0,enhanced-adwin_only,13000,0.721
s_label_flip_topic,0,enhanced-adwin_only,14000,0.738
s_label_flip_topic,0,enhanced-adwin_only,15000,0.712
s_label_flip_topic,0,enhanced-adwin_only,16000,0.73
s_label_flip_topic,0,enhanced-adwin_only,17000,0.726
s_label_flip_topic,0,enhanced-adwin_only,18000,0.735
s_label_flip_topic,0,enhanced-adwin_only,19000,0.724
s_label_flip_topic,0,enhanced-adwin_only,20000,0.712
s_label_flip_topic,0,enhanced-adwin_only,21000,0.724
s_label_flip_topic,0,enhanced-adwin_only,22000,0.728
s_label_flip_topic,0,enhanced-adwin_only,23000,0.752
s_label_flip_topic,0,enhanced-adwin_only,24000,0.711
s_label_flip_topic,0,enhanced-adwin_only,25000,0.741
s_label_flip_topic,0,enhanced-adwin_only,26000,0.721
s_label_flip_topic,0,enhanced-adwin_only,27000,0.734
s_label_flip_topic,0,enhanced-adwin_only,28000,0.715
s_label_flip_topic,0,enhanced-adwin_only,29000,0.729
s_label_flip_topic,0,enhanced-adwin_only,30000,0.724
s_label_flip_topic,0,enhanced-adwin_only,31000,0.74
s_label_flip_topic,0,enhanced-adwin_only,32000,0.726
s_label_flip_topic,0,enhanced-adwin_only,33000,0.727
s_label_flip_topic,0,enhanced-adwin_only,34000,0.744
s_label_flip_topic,0,enhanced-adwin_only,35000,0.732
s_label_flip_topic,0,enhanced-adwin_only,36000,0.735
s_label_flip_topic,0,enhanced-adwin_only,37000,0.756
s_label_flip_topic,0,enhanced-adwin_only,38000,0.742
s_label_flip_topic,0,enhanced-adwin_only,39000,0.732
s_label_flip_topic,0,enhanced-adwin_only,40000,0.73
s_label_flip_topic,0,enhanced-adwin_only,41000,0.528
s_label_flip_topic,0,enhanced-adwin_only,42000,0.552
s_label_flip_topic,0,enhanced-adwin_only,43000,0.549
s_label_flip_topic,0,enhanced-adwin_only,44000,0.552
s_label_flip_topic,0,enhanced-adwin_only,45000,0.506
s_label_flip_topic,0,enhanced-adwin_only,46000,0.567
s_label_flip_topic,0,enhanced-adwin_only,47000,0.569
s_label_flip_topic,0,enhanced-adwin_only,48000,0.541
s_label_flip_topic,0,enhanced-adwin_only,49000,0.539
s_label_flip_topic,0,enhanced-adwin_only,50000,0.54
s_label_flip_topic,0,enhanced-adwin_only,51000,0.543
s_label_flip_topic,0,enhanced-adwin_only,52000,0.58
s_label_flip_topic,0,enhanced-adwin_only,53000,0.552
s_label_flip_topic,0,enhanced-adwin_only,54000,0.563
s_label_flip_topic,0,enhanced-adwin_only,55000,0.544
s_label_flip_topic,0,enhanced-adwin_only,56000,0.535
s_label_flip_topic,0,enhanced-adwin_only,57000,0.554
s_label_flip_topic,0,enhanced-adwin_only,58000,0.579
s_label_flip_topic,0,enhanced-adwin_only,59000,0.582
s_label_flip_topic,0,enhanced-adwin_only,60000,0.582
s_label_flip_topic,0,enhanced-adwin_only,61000,0.552
s_label_flip_topic,0,enhanced-adwin_only,62000,0.58
s_label_flip_topic,0,enhanced-adwin_only,63000,0.573
s_label_flip_topic,0,enhanced-adwin_only,64000,0.541
s_label_flip_topic,0,enhanced-adwin_only,65000,0.581
s_label_flip_topic,0,enhanced-adwin_only,66000,0.55
s_label_flip_topic,0,enhanced-adwin_only,67000,0.556
s_label_flip_topic,0,enhanced-adwin_only,68000,0.559
s_label_flip_topic,0,enhanced-adwin_only,69000,0.547
s_label_flip_topic,0,enhanced-adwin_only,70000,0.578
s_label_flip_topic,0,enhanced-adwin_only,71000,0.559
s_label_flip_topic,0,enhanced-adwin_only,72000,0.557
s_label_flip_topic,0,enhanced-adwin_only,73000,0.556
s_label_flip_topic,0,enhanced-adwin_only,74000,0.55
s_label_flip_topic,0,enhanced-adwin_only,75000,0.577
s_label_flip_topic,0,enhanced-adwin_only,76000,0.548
s_label_flip_topic,0,enhanced-adwin_only,77000,0.577
s_label_flip_topic,0,enhanced-adwin_only,78000,0.58
s_label_flip_topic,0,enhanced-adwin_only,79000,0.593
s_label_flip_topic,0,enhanced-adwin_only,80000,0.56
s_label_flip_topic,0,enhanced-or,1000,0.593
s_label_flip_topic,0,enhanced-or,2000,0.692
s_label_flip_topic,0,enhanced-or,3000,0.695
s_label_flip_topic,0,enhanced-or,4000,0.726
s_label_flip_topic,0,enhanced-or,5000,0.71
s_label_flip_topic,0,enhanced-or,6000,0.712
s_label_flip_topic,0,enhanced-or,7000,0.713
s_label_flip_topic,0,enhanced-or,8000,0.72
s_label_flip_topic,0,enhanced-or,9000,0.735
s_label_flip_topic,0,enhanced-or,10000,0.71
s_label_flip_topic,0,enhanced-or,11000,0.728
s_label_flip_topic,0,enhanced-or,12000,0.764
s_label_flip_topic,0,enhanced-or,13000,0.721
s_label_flip_topic,0,enhanced-or,14000,0.738
s_label_flip_topic,0,enhanced-or,15000,0.712
s_label_flip_topic,0,enhanced-or,16000,0.73
s_label_flip_topic,0,enhanced-or,17000,0.726
s_label_flip_topic,0,enhanced-or,18000,0.735
s_label_flip_topic,0,enhanced-or,19000,0.724
s_label_flip_topic,0,enhanced-or,20000,0.712
s_label_flip_topic,0,enhanced-or,21000,0.691
s_label_flip_topic,0,enhanced-or,22000,0.73
s_label_flip_topic,0,enhanced-or,23000,0.748
s_label_flip_topic,0,enhanced-or,24000,0.7
s_label_flip_topic,0,enhanced-or,25000,0.711
s_label_flip_topic,0,enhanced-or,26000,0.698
s_label_flip_topic,0,enhanced-or,27000,0.721
s_label_flip_topic,0,enhanced-or,28000,0.718
s_label_flip_topic,0,enhanced-or,29000,0.712
s_label_flip_topic,0,enhanced-or,30000,0.704
s_label_flip_topic,0,enhanced-or,31000,0.731
s_label_flip_topic,0,enhanced-or,32000,0.721
s_label_flip_topic,0,enhanced-or,33000,0.726
s_label_flip_topic,0,enhanced-or,34000,0.736
s_label_flip_topic,0,enhanced-or,35000,0.726
s_label_flip_topic,0,enhanced-or,36000,0.722
s_label_flip_topic,0,enhanced-or,37000,0.743
s_label_flip_topic,0,enhanced-or,38000,0.731
s_label_flip_topic,0,enhanced-or,39000,0.712
s_label_flip_topic,0,enhanced-or,40000,0.718
s_label_flip_topic,0,enhanced-or,41000,0.504
s_label_flip_topic,0,enhanced-or,42000,0.537
s_label_flip_topic,0,enhanced-or,43000,0.535
s_label_flip_topic,0,enhanced-or,44000,0.54
s_label_flip_topic,0,enhanced-or,45000,0.507
s_label_flip_topic,0,enhanced-or,46000,0.55
s_label_flip_topic,0,enhanced-or,47000,0.561
s_label_flip_topic,0,enhanced-or,48000,0.544
s_label_flip_topic,0,enhanced-or,49000,0.539
s_label_flip_topic,0,enhanced-or,50000,0.537
s_label_flip_topic,0,enhanced-or,51000,0.549
s_label_flip_topic,0,enhanced-or,52000,0.568
s_label_flip_topic,0,enhanced-or,53000,0.545
s_label_flip_topic,0,enhanced-or,54000,0.562
s_label_flip_topic,0,enhanced-or,55000,0.549
s_label_flip_topic,0,enhanced-or,56000,0.536
s_label_flip_topic,0,enhanced-or,57000,0.555
s_label_flip_topic,0,enhanced-or,58000,0.573
s_label_flip_topic,0,enhanced-or,59000,0.575
s_label_flip_topic,0,enhanced-or,60000,0.586
s_label_flip_topic,0,enhanced-or,61000,0.551
s_label_flip_topic,0,enhanced-or,62000,0.585
s_label_flip_topic,0,enhanced-or,63000,0.569
s_label_flip_topic,0,enhanced-or,64000,0.54
s_label_flip_topic,0,enhanced-or,65000,0.57
s_label_flip_topic,0,enhanced-or,66000,0.54
s_label_flip_topic,0,enhanced-or,67000,0.553
s_label_flip_topic,0,enhanced-or,68000,0.556
s_label_flip_topic,0,enhanced-or,69000,0.559
s_label_flip_topic,0,enhanced-or,70000,0.582
s_label_flip_topic,0,enhanced-or,71000,0.557
s_label_flip_topic,0,enhanced-or,72000,0.562
s_label_flip_topic,0,enhanced-or,73000,0.564
s_label_flip_topic,0,enhanced-or,74000,0.555
s_label_flip_topic,0,enhanced-or,75000,0.58
s_label_flip_topic,0,enhanced-or,76000,0.557
s_label_flip_topic,0,enhanced-or,77000,0.573
s_label_flip_topic,0,enhanced-or,78000,0.57
s_label_flip_topic,0,enhanced-or,79000,0.58
s_label_flip_topic,0,enhanced-or,80000,0.561
s_label_flip_topic,0,enhanced-and,1000,0.593
s_label_flip_topic,0,enhanced-and,2000,0.692
s_label_flip_topic,0,enhanced-and,3000,0.695
s_label_flip_topic,0,enhanced-and,4000,0.726
s_label_flip_topic,0,enhanced-and,5000,0.71
s_label_flip_topic,0,enhanced-and,6000,0.712
s_label_flip_topic,0,enhanced-and,7000,0.713
s_label_flip_topic,0,enhanced-and,8000,0.72
s_label_flip_topic,0,enhanced-and,9000,0.735
s_label_flip_topic,0,enhanced-and,10000,0.71
s_label_flip_topic,0,enhanced-and,11000,0.728
s_label_flip_topic,0,enhanced-and,12000,0.764
s_label_flip_topic,0,enhanced-and,13000,0.721
s_label_flip_topic,0,enhanced-and,14000,0.738
s_label_flip_topic,0,enhanced-and,15000,0.712
s_label_flip_topic,0,enhanced-and,16000,0.73
s_label_flip_topic,0,enhanced-and,17000,0.726
s_label_flip_topic,0,enhanced-and,18000,0.735
s_label_flip_topic,0,enhanced-and,19000,0.724
s_label_flip_topic,0,enhanced-and,20000,0.712
s_label_flip_topic,0,enhanced-and,21000,0.724
s_label_flip_topic,0,enhanced-and,22000,0.728
s_label_flip_topic,0,enhanced-and,23000,0.752
s_label_flip_topic,0,enhanced-and,24000,0.711
s_label_flip_topic,0,enhanced-and,25000,0.741
s_label_flip_topic,0,enhanced-and,26000,0.721
s_label_flip_topic,0,enhanced-and,27000,0.734
s_label_flip_topic,0,enhanced-and,28000,0.715
s_label_flip_topic,0,enhanced-and,29000,0.729
s_label_flip_topic,0,enhanced-and,30000,0.724
s_label_flip_topic,0,enhanced-and,31000,0.74
s_label_flip_topic,0,enhanced-and,32000,0.726
s_label_flip_topic,0,enhanced-and,33000,0.727
s_label_flip_topic,0,enhanced-and,34000,0.744
s_label_flip_topic,0,enhanced-and,35000,0.732
s_label_flip_topic,0,enhanced-and,36000,0.735
s_label_flip_topic,0,enhanced-and,37000,0.756
s_label_flip_topic,0,enhanced-and,38000,0.742
s_label_flip_topic,0,enhanced-and,39000,0.732
s_label_flip_topic,0,enhanced-and,40000,0.73
s_label_flip_topic,0,enhanced-and,41000,0.528
s_label_flip_topic,0,enhanced-and,42000,0.552
s_label_flip_topic,0,enhanced-and,43000,0.549
s_label_flip_topic,0,enhanced-and,44000,0.552
s_label_flip_topic,0,enhanced-and,45000,0.506
s_label_flip_topic,0,enhanced-and,46000,0.555
s_label_flip_topic,0,enhanced-and,47000,0.565
s_label_flip_topic,0,enhanced-and,48000,0.535
s_label_flip_topic,0,enhanced-and,49000,0.529
s_label_flip_topic,0,enhanced-and,50000,0.537
s_label_flip_topic,0,enhanced-and,51000,0.544
s_label_flip_topic,0,enhanced-and,52000,0.574
s_label_flip_topic,0,enhanced-and,53000,0.555
s_label_flip_topic,0,enhanced-and,54000,0.557
s_label_flip_topic,0,enhanced-and,55000,0.546
s_label_flip_topic,0,enhanced-and,56000,0.537
s_label_flip_topic,0,enhanced-and,57000,0.558
s_label_flip_topic,0,enhanced-and,58000,0.582
s_label_flip_topic,0,enhanced-and,59000,0.573
s_label_flip_topic,0,enhanced-and,60000,0.58
s_label_flip_topic,0,enhanced-and,61000,0.564
s_label_flip_topic,0,enhanced-and,62000,0.586
s_label_flip_topic,0,enhanced-and,63000,0.567
s_label_flip_topic,0,enhanced-and,64000,0.545
s_label_flip_topic,0,enhanced-and,65000,0.582
s_label_flip_topic,0,enhanced-and,66000,0.545
s_label_flip_topic,0,enhanced-and,67000,0.563
s_label_flip_topic,0,enhanced-and,68000,0.559
s_label_flip_topic,0,enhanced-and,69000,0.543
s_label_flip_topic,0,enhanced-and,70000,0.577
s_label_flip_topic,0,enhanced-and,71000,0.562
s_label_flip_topic,0,enhanced-and,72000,0.56
s_label_flip_topic,0,enhanced-and,73000,0.553
s_label_flip_topic,0,enhanced-and,74000,0.55
s_label_flip_topic,0,enhanced-and,75000,0.578
s_label_flip_topic,0,enhanced-and,76000,0.548
s_label_flip_topic,0,enhanced-and,77000,0.571
s_label_flip_topic,0,enhanced-and,78000,0.577
s_label_flip_topic,0,enhanced-and,79000,0.592
s_label_flip_topic,0,enhanced-and,80000,0.568
s_label_flip_topic,1,accumulativeMNB,1000,0.641
s_label_flip_topic,1,accumulativeMNB,2000,0.695
s_label_flip_topic,1,accumulativeMNB,3000,0.688
s_label_flip_topic,1,accumulativeMNB,4000,0.686
s_label_flip_topic,1,accumulativeMNB,5000,0.707
s_label_flip_topic,1,accumulativeMNB,6000,0.727
s_label_flip_topic,1,accumulativeMNB,7000,0.683
s_label_flip_topic,1,accumulativeMNB,8000,0.742
s_label_flip_topic,1,accumulativeMNB,9000,0.712
s_label_flip_topic,1,accumulativeMNB,10000,0.713
s_label_flip_topic,1,accumulativeMNB,11000,0.725
s_label_flip_topic,1,accumulativeMNB,12000,0.695
s_label_flip_topic,1,accumulativeMNB,13000,0.746
s_label_flip_topic,1,accumulativeMNB,14000,0.74
s_label_flip_topic,1,accumulativeMNB,15000,0.727
s_label_flip_topic,1,accumulativeMNB,16000,0.714
s_label_flip_topic,1,accumulativeMNB,17000,0.723
s_label_flip_topic,1,accumulativeMNB,18000,0.744
s_label_flip_topic,1,accumulativeMNB,19000,0.725
s_label_flip_topic,1,accumulativeMNB,20000,0.701
s_label_flip_topic,1,accumulativeMNB,21000,0.735
s_label_flip_topic,1,accumulativeMNB,22000,0.737
s_label_flip_topic,1,accumulativeMNB,23000,0.733
s_label_flip_topic,1,accumulativeMNB,24000,0.726
s_label_flip_topic,1,accumulativeMNB,25000,0.723
s_label_flip_topic,1,accumulativeMNB,26000,0.723
s_label_flip_topic,1,accumulativeMNB,27000,0.748
s_label_flip_topic,1,accumulativeMNB,28000,0.756
s_label_flip_topic,1,accumulativeMNB,29000,0.749
s_label_flip_topic,1,accumulativeMNB,30000,0.757
s_label_flip_topic,1,accumulativeMNB,31000,0.727
s_label_flip_topic,1,accumulativeMNB,32000,0.745
s_label_flip_topic,1,accumulativeMNB,33000,0.757
s_label_flip_topic,1,accumulativeMNB,34000,0.749
s_label_flip_topic,1,accumulativeMNB,35000,0.773
s_label_flip_topic,1,accumulativeMNB,36000,0.742
s_label_flip_topic,1,accumulativeMNB,37000,0.743
s_label_flip_topic,1,accumulativeMNB,38000,0.747
s_label_flip_topic,1,accumulativeMNB,39000,0.745
s_label_flip_topic,1,accumulativeMNB,40000,0.732
s_label_flip_topic,1,accumulativeMNB,41000,0.538
s_label_flip_topic,1,accumulativeMNB,42000,0.523
s_label_flip_topic,1,accumulativeMNB,43000,0.526
s_label_flip_topic,1,accumulativeMNB,44000,0.519
s_label_flip_topic,1,accumulativeMNB,45000,0.517
s_label_flip_topic,1,accumulativeMNB,46000,0.518
s_label_flip_topic,1,accumulativeMNB,47000,0.51
s_label_flip_topic,1,accumulativeMNB,48000,0.505
s_label_flip_topic,1,accumulativeMNB,49000,0.499
s_label_flip_topic,1,accumulativeMNB,50000,0.495
s_label_flip_topic,1,accumulativeMNB,51000,0.505
s_label_flip_topic,1,accumulativeMNB,52000,0.515
s_label_flip_topic,1,accumulativeMNB,53000,0.513
s_label_flip_topic,1,accumulativeMNB,54000,0.523
s_label_flip_topic,1,accumulativeMNB,55000,0.512
s_label_flip_topic,1,accumulativeMNB,56000,0.537
s_label_flip_topic,1,accumulativeMNB,57000,0.535
s_label_flip_topic,1,accumulativeMNB,58000,0.527
s_label_flip_topic,1,accumulativeMNB,59000,0.545
s_label_flip_topic,1,accumulativeMNB,60000,0.532
s_label_flip_topic,1,accumulativeMNB,61000,0.522
s_label_flip_topic,1,accumulativeMNB,62000,0.505
s_label_flip_topic,1,accumulativeMNB,63000,0.516
s_label_flip_topic,1,accumulativeMNB,64000,0.522
s_label_flip_topic,1,accumulativeMNB,65000,0.506
s_label_flip_topic,1,accumulativeMNB,66000,0.512
s_label_flip_topic,1,accumulativeMNB,67000,0.52
s_label_flip_topic,1,accumulativeMNB,68000,0.541
s_label_flip_topic,1,accumulativeMNB,69000,0.521
s_label_flip_topic,1,accumulativeMNB,70000,0.54
s_label_flip_topic,1,accumulativeMNB,71000,0.514
s_label_flip_topic,1,accumulativeMNB,72000,0.505
s_label_flip_topic,1,accumulativeMNB,73000,0.541
s_label_flip_topic,1,accumulativeMNB,74000,0.545
s_label_flip_topic,1,accumulativeMNB,75000,0.502
s_label_flip_topic,1,accumulativeMNB,76000,0.504
s_label_flip_topic,1,accumulativeMNB,77000,0.574
s_label_flip_topic,1,accumulativeMNB,78000,0.524
s_label_flip_topic,1,accumulativeMNB,79000,0.528
s_label_flip_topic,1,accumulativeMNB,80000,0.511
s_label_flip_topic,1,fadingMNB,1000,0.641
s_label_flip_topic,1,fadingMNB,2000,0.698
s_label_flip_topic,1,fadingMNB,3000,0.689
s_label_flip_topic,1,fadingMNB,4000,0.681
s_label_flip_topic,1,fadingMNB,5000,0.706
s_label_flip_topic,1,fadingMNB,6000,0.727
s_label_flip_topic,1,fadingMNB,7000,0.681
s_label_flip_topic,1,fadingMNB,8000,0.742
s_label_flip_topic,1,fadingMNB,9000,0.708
s_label_flip_topic,1,fadingMNB,10000,0.712
s_label_flip_topic,1,fadingMNB,11000,0.728
s_label_flip_topic,1,fadingMNB,12000,0.701
s_label_flip_topic,1,fadingMNB,13000,0.741
s_label_flip_topic,1,fadingMNB,14000,0.742
s_label_flip_topic,1,fadingMNB,15000,0.732
s_label_flip_topic,1,fadingMNB,16000,0.718
s_label_flip_topic,1,fadingMNB,17000,0.725
s_label_flip_topic,1,fadingMNB,18000,0.746
s_label_flip_topic,1,fadingMNB,19000,0.729
s_label_flip_topic,1,fadingMNB,20000,0.699
s_label_flip_topic,1,fadingMNB,21000,0.737
s_label_flip_topic,1,fadingMNB,22000,0.731
s_label_flip_topic,1,fadingMNB,23000,0.733
s_label_flip_topic,1,fadingMNB,24000,0.727
s_label_flip_topic,1,fadingMNB,25000,0.736
s_label_flip_topic,1,fadingMNB,26000,0.725
s_label_flip_topic,1,fadingMNB,27000,0.751
s_label_flip_topic,1,fadingMNB,28000,0.757
s_label_flip_topic,1,fadingMNB,29000,0.748
s_label_flip_topic,1,fadingMNB,30000,0.756
s_label_flip_topic,1,fadingMNB,31000,0.729
s_label_flip_topic,1,fadingMNB,32000,0.75
s_label_flip_topic,1,fadingMNB,33000,0.746
s_label_flip_topic,1,fadingMNB,34000,0.751
s_label_flip_topic,1,fadingMNB,35000,0.759
s_label_flip_topic,1,fadingMNB,36000,0.743
s_label_flip_topic,1,fadingMNB,37000,0.748
s_label_flip_topic,1,fadingMNB,38000,0.741
s_label_flip_topic,1,fadingMNB,39000,0.734
s_label_flip_topic,1,fadingMNB,40000,0.735
s_label_flip_topic,1,fadingMNB,41000,0.513
s_label_flip_topic,1,fadingMNB,42000,0.502
s_label_flip_topic,1,fadingMNB,43000,0.512
s_label_flip_topic,1,fadingMNB,44000,0.524
s_label_flip_topic,1,fadingMNB,45000,0.526
s_label_flip_topic,1,fadingMNB,46000,0.518
s_label_flip_topic,1,fadingMNB,47000,0.505
s_label_flip_topic,1,fadingMNB,48000,0.519
s_label_flip_topic,1,fadingMNB,49000,0.507
s_label_flip_topic,1,fadingMNB,50000,0.5
s_label_flip_topic,1,fadingMNB,51000,0.528
s_label_flip_topic,1,fadingMNB,52000,0.517
s_label_flip_topic,1,fadingMNB,53000,0.514
s_label_flip_topic,1,fadingMNB,54000,0.517
s_label_flip_topic,1,fadingMNB,55000,0.512
s_label_flip_topic,1,fadingMNB,56000,0.537
s_label_flip_topic,1,fadingMNB,57000,0.525
s_label_flip_topic,1,fadingMNB,58000,0.525
s_label_flip_topic,1,fadingMNB,59000,0.55
s_label_flip_topic,1,fadingMNB,60000,0.551
s_label_flip_topic,1,fadingMNB,61000,0.518
s_label_flip_topic,1,fadingMNB,62000,0.492
s_label_flip_topic,1,fadingMNB,63000,0.513
s_label_flip_topic,1,fadingMNB,64000,0.516
s_label_flip_topic,1,fadingMNB,65000,0.521
s_label_flip_topic,1,fadingMNB,66000,0.511
s_label_flip_topic,1,fadingMNB,67000,0.504
s_label_flip_topic,1,fadingMNB,68000,0.522
s_label_flip_topic,1,fadingMNB,69000,0.516
s_label_flip_topic,1,fadingMNB,70000,0.54
s_label_flip_topic,1,fadingMNB,71000,0.515
s_label_flip_topic,1,fadingMNB,72000,0.497
s_label_flip_topic,1,fadingMNB,73000,0.551
s_label_flip_topic,1,fadingMNB,74000,0.541
s_label_flip_topic,1,fadingMNB,75000,0.502
s_label_flip_topic,1,fadingMNB,76000,0.502
s_label_flip_topic,1,fadingMNB,77000,0.57
s_label_flip_topic,1,fadingMNB,78000,0.526
s_label_flip_topic,1,fadingMNB,79000,0.54
s_label_flip_topic,1,fadingMNB,80000,0.521
s_label_flip_topic,1,baseline-Rebuild,1000,0.641
s_label_flip_topic,1,baseline-Rebuild,2000,0.695
s_label_flip_topic,1,baseline-Rebuild,3000,0.688
s_label_flip_topic,1,baseline-Rebuild,4000,0.686
s_label_flip_topic,1,baseline-Rebuild,5000,0.707
s_label_flip_topic,1,baseline-Rebuild,6000,0.727
s_label_flip_topic,1,baseline-Rebuild,7000,0.683
s_label_flip_topic,1,baseline-Rebuild,8000,0.742
s_label_flip_topic,1,baseline-Rebuild,9000,0.712
s_label_flip_topic,1,baseline-Rebuild,10000,0.713
s_label_flip_topic,1,baseline-Rebuild,11000,0.725
s_label_flip_topic,1,baseline-Rebuild,12000,0.695
s_label_flip_topic,1,baseline-Rebuild,13000,0.746
s_label_flip_topic,1,baseline-Rebuild,14000,0.74
s_label_flip_topic,1,baseline-Rebuild,15000,0.727
s_label_flip_topic,1,baseline-Rebuild,16000,0.714
s_label_flip_topic,1,baseline-Rebuild,17000,0.723
s_label_flip_topic,1,baseline-Rebuild,18000,0.744
s_label_flip_topic,1,baseline-Rebuild,19000,0.725
s_label_flip_topic,1,baseline-Rebuild,20000,0.701
s_label_flip_topic,1,baseline-Rebuild,21000,0.712
s_label_flip_topic,1,baseline-Rebuild,22000,0.705
s_label_flip_topic,1,baseline-Rebuild,23000,0.701
s_label_flip_topic,1,baseline-Rebuild,24000,0.714
s_label_flip_topic,1,baseline-Rebuild,25000,0.729
s_label_flip_topic,1,baseline-Rebuild,26000,0.715
s_label_flip_topic,1,baseline-Rebuild,27000,0.727
s_label_flip_topic,1,baseline-Rebuild,28000,0.735
s_label_flip_topic,1,baseline-Rebuild,29000,0.735
s_label_flip_topic,1,baseline-Rebuild,30000,0.742
s_label_flip_topic,1,baseline-Rebuild,31000,0.715
s_label_flip_topic,1,baseline-Rebuild,32000,0.744
s_label_flip_topic,1,baseline-Rebuild,33000,0.736
s_label_flip_topic,1,baseline-Rebuild,34000,0.74
s_label_flip_topic,1,baseline-Rebuild,35000,0.747
s_label_flip_topic,1,baseline-Rebuild,36000,0.735
s_label_flip_topic,1,baseline-Rebuild,37000,0.739
s_label_flip_topic,1,baseline-Rebuild,38000,0.726
s_label_flip_topic,1,baseline-Rebuild,39000,0.735
s_label_flip_topic,1,baseline-Rebuild,40000,0.746
s_label_flip_topic,1,baseline-Rebuild,41000,0.526
s_label_flip_topic,1,baseline-Rebuild,42000,0.513
s_label_flip_topic,1,baseline-Rebuild,43000,0.497
s_label_flip_topic,1,baseline-Rebuild,44000,0.527
s_label_flip_topic,1,baseline-Rebuild,45000,0.52
s_label_flip_topic,1,baseline-Rebuild,46000,0.506
s_label_flip_topic,1,baseline-Rebuild,47000,0.497
s_label_flip_topic,1,baseline-Rebuild,48000,0.522
s_label_flip_topic,1,baseline-Rebuild,49000,0.513
s_label_flip_topic,1,baseline-Rebuild,50000,0.508
s_label_flip_topic,1,baseline-Rebuild,51000,0.52
s_label_flip_topic,1,baseline-Rebuild,52000,0.555
s_label_flip_topic,1,baseline-Rebuild,53000,0.522
s_label_flip_topic,1,baseline-Rebuild,54000,0.552
s_label_flip_topic,1,baseline-Rebuild,55000,0.525
s_label_flip_topic,1,baseline-Rebuild,56000,0.54
s_label_flip_topic,1,baseline-Rebuild,57000,0.581
s_label_flip_topic,1,baseline-Rebuild,58000,0.567
s_label_flip_topic,1,baseline-Rebuild,59000,0.564
s_label_flip_topic,1,baseline-Rebuild,60000,0.536
s_label_flip_topic,1,baseline-Rebuild,61000,0.545
s_label_flip_topic,1,baseline-Rebuild,62000,0.563
s_label_flip_topic,1,baseline-Rebuild,63000,0.568
s_label_flip_topic,1,baseline-Rebuild,64000,0.574
s_label_flip_topic,1,baseline-Rebuild,65000,0.57
s_label_flip_topic,1,baseline-Rebuild,66000,0.571
s_label_flip_topic,1,baseline-Rebuild,67000,0.565
s_label_flip_topic,1,baseline-Rebuild,68000,0.545
s_label_flip_topic,1,baseline-Rebuild,69000,0.566
s_label_flip_topic,1,baseline-Rebuild,70000,0.552
s_label_flip_topic,1,baseline-Rebuild,71000,0.553
s_label_flip_topic,1,baseline-Rebuild,72000,0.531
s_label_flip_topic,1,baseline-Rebuild,73000,0.578
s_label_flip_topic,1,baseline-Rebuild,74000,0.573
s_label_flip_topic,1,baseline-Rebuild,75000,0.581
s_label_flip_topic,1,baseline-Rebuild,76000,0.545
s_label_flip_topic,1,baseline-Rebuild,77000,0.557
s_label_flip_topic,1,baseline-Rebuild,78000,0.554
s_label_flip_topic,1,baseline-Rebuild,79000,0.566
s_label_flip_topic,1,baseline-Rebuild,80000,0.537
s_label_flip_topic,1,baseline-SIFR,1000,0.641
s_label_flip_topic,1,baseline-SIFR,2000,0.695
s_label_flip_topic,1,baseline-SIFR,3000,0.688
s_label_flip_topic,1,baseline-SIFR,4000,0.686
s_label_flip_topic,1,baseline-SIFR,5000,0.707
s_label_flip_topic,1,baseline-SIFR,6000,0.727
s_label_flip_topic,1,baseline-SIFR,7000,0.683
s_label_flip_topic,1,baseline-SIFR,8000,0.742
s_label_flip_topic,1,baseline-SIFR,9000,0.712
s_label_flip_topic,1,baseline-SIFR,10000,0.713
s_label_flip_topic,1,baseline-SIFR,11000,0.725
s_label_flip_topic,1,baseline-SIFR,12000,0.695
s_label_flip_topic,1,baseline-SIFR,13000,0.746
s_label_flip_topic,1,baseline-SIFR,14000,0.74
s_label_flip_topic,1,baseline-SIFR,15000,0.727
s_label_flip_topic,1,baseline-SIFR,16000,0.714
s_label_flip_topic,1,baseline-SIFR,17000,0.723
s_label_flip_topic,1,baseline-SIFR,18000,0.744
s_label_flip_topic,1,baseline-SIFR,19000,0.725
s_label_flip_topic,1,baseline-SIFR,20000,0.701
s_label_flip_topic,1,baseline-SIFR,21000,0.735
s_label_flip_topic,1,baseline-SIFR,22000,0.73
s_label_flip_topic,1,baseline-SIFR,23000,0.721
s_label_flip_topic,1,baseline-SIFR,24000,0.73
s_label_flip_topic,1,baseline-SIFR,25000,0.74
s_label_flip_topic,1,baseline-SIFR,26000,0.723
s_label_flip_topic,1,baseline-SIFR,27000,0.741
s_label_flip_topic,1,baseline-SIFR,28000,0.753
s_label_flip_topic,1,baseline-SIFR,29000,0.739
s_label_flip_topic,1,baseline-SIFR,30000,0.752
s_label_flip_topic,1,baseline-SIFR,31000,0.734
s_label_flip_topic,1,baseline-SIFR,32000,0.744
s_label_flip_topic,1,baseline-SIFR,33000,0.749
s_label_flip_topic,1,baseline-SIFR,34000,0.752
s_label_flip_topic,1,baseline-SIFR,35000,0.751
s_label_flip_topic,1,baseline-SIFR,36000,0.737
s_label_flip_topic,1,baseline-SIFR,37000,0.739
s_label_flip_topic,1,baseline-SIFR,38000,0.739
s_label_flip_topic,1,baseline-SIFR,39000,0.732
s_label_flip_topic,1,baseline-SIFR,40000,0.737
s_label_flip_topic,1,baseline-SIFR,41000,0.515
s_label_flip_topic,1,baseline-SIFR,42000,0.509
s_label_flip_topic,1,baseline-SIFR,43000,0.52
s_label_flip_topic,1,baseline-SIFR,44000,0.521
s_label_flip_topic,1,baseline-SIFR,45000,0.517
s_label_flip_topic,1,baseline-SIFR,46000,0.518
s_label_flip_topic,1,baseline-SIFR,47000,0.51
s_label_flip_topic,1,baseline-SIFR,48000,0.505
s_label_flip_topic,1,baseline-SIFR,49000,0.499
s_label_flip_topic,1,baseline-SIFR,50000,0.495
s_label_flip_topic,1,baseline-SIFR,51000,0.505
s_label_flip_topic,1,baseline-SIFR,52000,0.515
s_label_flip_topic,1,baseline-SIFR,53000,0.513
s_label_flip_topic,1,baseline-SIFR,54000,0.523
s_label_flip_topic,1,baseline-SIFR,55000,0.512
s_label_flip_topic,1,baseline-SIFR,56000,0.537
s_label_flip_topic,1,baseline-SIFR,57000,0.528
s_label_flip_topic,1,baseline-SIFR,58000,0.517
s_label_flip_topic,1,baseline-SIFR,59000,0.542
s_label_flip_topic,1,baseline-SIFR,60000,0.543
s_label_flip_topic,1,baseline-SIFR,61000,0.512
s_label_flip_topic,1,baseline-SIFR,62000,0.501
s_label_flip_topic,1,baseline-SIFR,63000,0.51
s_label_flip_topic,1,baseline-SIFR,64000,0.509
s_label_flip_topic,1,baseline-SIFR,65000,0.518
s_label_flip_topic,1,baseline-SIFR,66000,0.512
s_label_flip_topic,1,baseline-SIFR,67000,0.507
s_label_flip_topic,1,baseline-SIFR,68000,0.524
s_label_flip_topic,1,baseline-SIFR,69000,0.529
s_label_flip_topic,1,baseline-SIFR,70000,0.537
s_label_flip_topic,1,baseline-SIFR,71000,0.506
s_label_flip_topic,1,baseline-SIFR,72000,0.497
s_label_flip_topic,1,baseline-SIFR,73000,0.541
s_label_flip_topic,1,baseline-SIFR,74000,0.545
s_label_flip_topic,1,baseline-SIFR,75000,0.502
s_label_flip_topic,1,baseline-SIFR,76000,0.504
s_label_flip_topic,1,baseline-SIFR,77000,0.574
s_label_flip_topic,1,baseline-SIFR,78000,0.524
s_label_flip_topic,1,baseline-SIFR,79000,0.528
s_label_flip_topic,1,baseline-SIFR,80000,0.511
s_label_flip_topic,1,enhanced-adwin_only,1000,0.641
s_label_flip_topic,1,enhanced-adwin_only,2000,0.695
s_label_flip_topic,1,enhanced-adwin_only,3000,0.688
s_label_flip_topic,1,enhanced-adwin_only,4000,0.686
s_label_flip_topic,1,enhanced-adwin_only,5000,0.707
s_label_flip_topic,1,enhanced-adwin_only,6000,0.727
s_label_flip_topic,1,enhanced-adwin_only,7000,0.683
s_label_flip_topic,1,enhanced-adwin_only,8000,0.742
s_label_flip_topic,1,enhanced-adwin_only,9000,0.712
s_label_flip_topic,1,enhanced-adwin_only,10000,0.713
s_label_flip_topic,1,enhanced-adwin_only,11000,0.725
s_label_flip_topic,1,enhanced-adwin_only,12000,0.695
s_label_flip_topic,1,enhanced-adwin_only,13000,0.746
s_label_flip_topic,1,enhanced-adwin_only,14000,0.74
s_label_flip_topic,1,enhanced-adwin_only,15000,0.727
s_label_flip_topic,1,enhanced-adwin_only,16000,0.714
s_label_flip_topic,1,enhanced-adwin_only,17000,0.723
s_label_flip_topic,1,enhanced-adwin_only,18000,0.744
s_label_flip_topic,1,enhanced-adwin_only,19000,0.725
s_label_flip_topic,1,enhanced-adwin_only,20000,0.701
s_label_flip_topic,1,enhanced-adwin_only,21000,0.735
s_label_flip_topic,1,enhanced-adwin_only,22000,0.737
s_label_flip_topic,1,enhanced-adwin_only,23000,0.733
s_label_flip_topic,1,enhanced-adwin_only,24000,0.726
s_label_flip_topic,1,enhanced-adwin_only,25000,0.723
s_label_flip_topic,1,enhanced-adwin_only,26000,0.723
s_label_flip_topic,1,enhanced-adwin_only,27000,0.748
s_label_flip_topic,1,enhanced-adwin_only,28000,0.756
s_label_flip_topic,1,enhanced-adwin_only,29000,0.749
s_label_flip_topic,1,enhanced-adwin_only,30000,0.757
s_label_flip_topic,1,enhanced-adwin_only,31000,0.727
s_label_flip_topic,1,enhanced-adwin_only,32000,0.745
s_label_flip_topic,1,enhanced-adwin_only,33000,0.757
s_label_flip_topic,1,enhanced-adwin_only,34000,0.749
s_label_flip_topic,1,enhanced-adwin_only,35000,0.773
s_label_flip_topic,1,enhanced-adwin_only,36000,0.742
s_label_flip_topic,1,enhanced-adwin_only,37000,0.743
s_label_flip_topic,1,enhanced-adwin_only,38000,0.747
s_label_flip_topic,1,enhanced-adwin_only,39000,0.745
s_label_flip_topic,1,enhanced-adwin_only,40000,0.732
s_label_flip_topic,1,enhanced-adwin_only,41000,0.529
s_label_flip_topic,1,enhanced-adwin_only,42000,0.516
s_label_flip_topic,1,enhanced-adwin_only,43000,0.501
s_label_flip_topic,1,enhanced-adwin_only,44000,0.515
s_label_flip_topic,1,enhanced-adwin_only,45000,0.53
s_label_flip_topic,1,enhanced-adwin_only,46000,0.518
s_label_flip_topic,1,enhanced-adwin_only,47000,0.527
s_label_flip_topic,1,enhanced-adwin_only,48000,0.521
s_label_flip_topic,1,enhanced-adwin_only,49000,0.514
s_label_flip_topic,1,enhanced-adwin_only,50000,0.533
s_label_flip_topic,1,enhanced-adwin_only,51000,0.54
s_label_flip_topic,1,enhanced-adwin_only,52000,0.569
s_label_flip_topic,1,enhanced-adwin_only,53000,0.539
s_label_flip_topic,1,enhanced-adwin_only,54000,0.541
s_label_flip_topic,1,enhanced-adwin_only,55000,0.529
s_label_flip_topic,1,enhanced-adwin_only,56000,0.541
s_label_flip_topic,1,enhanced-adwin_only,57000,0.568
s_label_flip_topic,1,enhanced-adwin_only,58000,0.556
s_label_flip_topic,1,enhanced-adwin_only,59000,0.563
s_label_flip_topic,1,enhanced-adwin_only,60000,0.553
s_label_flip_topic,1,enhanced-adwin_only,61000,0.552
s_label_flip_topic,1,enhanced-adwin_only,62000,0.542
s_label_flip_topic,1,enhanced-adwin_only,63000,0.577
s_label_flip_topic,1,enhanced-adwin_only,64000,0.555
s_label_flip_topic,1,enhanced-adwin_only,65000,0.552
s_label_flip_topic,1,enhanced-adwin_only,66000,0.541
s_label_flip_topic,1,enhanced-adwin_only,67000,0.571
s_label_flip_topic,1,enhanced-adwin_only,68000,0.551
s_label_flip_topic,1,enhanced-adwin_only,69000,0.588
s_label_flip_topic,1,enhanced-adwin_only,70000,0.572
s_label_flip_topic,1,enhanced-adwin_only,71000,0.584
s_label_flip_topic,1,enhanced-adwin_only,72000,0.549
s_label_flip_topic,1,enhanced-adwin_only,73000,0.564
s_label_flip_topic,1,enhanced-adwin_only,74000,0.539
s_label_flip_topic,1,enhanced-adwin_only,75000,0.575
s_label_flip_topic,1,enhanced-adwin_only,76000,0.555
s_label_flip_topic,1,enhanced-adwin_only,77000,0.598
s_label_flip_topic,1,enhanced-adwin_only,78000,0.548
s_label_flip_topic,1,enhanced-adwin_only,79000,0.582
s_label_flip_topic,1,enhanced-adwin_only,80000,0.542
s_label_flip_topic,1,enhanced-or,1000,0.641
s_label_flip_topic,1,enhanced-or,2000,0.695
s_label_flip_topic,1,enhanced-or,3000,0.688
s_label_flip_topic,1,enhanced-or,4000,0.686
s_label_flip_topic,1,enhanced-or,5000,0.707
s_label_flip_topic,1,enhanced-or,6000,0.727
s_label_flip_topic,1,enhanced-or,7000,0.683
s_label_flip_topic,1,enhanced-or,8000,0.742
s_label_flip_topic,1,enhanced-or,9000,0.712
s_label_flip_topic,1,enhanced-or,10000,0.713
s_label_flip_topic,1,enhanced-or,11000,0.725
s_label_flip_topic,1,enhanced-or,12000,0.695
s_label_flip_topic,1,enhanced-or,13000,0.746
s_label_flip_topic,1,enhanced-or,14000,0.74
s_label_flip_topic,1,enhanced-or,15000,0.727
s_label_flip_topic,1,enhanced-or,16000,0.714
s_label_flip_topic,1,enhanced-or,17000,0.723
s_label_flip_topic,1,enhanced-or,18000,0.744
s_label_flip_topic,1,enhanced-or,19000,0.725
s_label_flip_topic,1,enhanced-or,20000,0.701
s_label_flip_topic,1,enhanced-or,21000,0.712
s_label_flip_topic,1,enhanced-or,22000,0.705
s_label_flip_topic,1,enhanced-or,23000,0.701
s_label_flip_topic,1,enhanced-or,24000,0.714
s_label_flip_topic,1,enhanced-or,25000,0.729
s_label_flip_topic,1,enhanced-or,26000,0.715
s_label_flip_topic,1,enhanced-or,27000,0.727
s_label_flip_topic,1,enhanced-or,28000,0.735
s_label_flip_topic,1,enhanced-or,29000,0.735
s_label_flip_topic,1,enhanced-or,30000,0.742
s_label_flip_topic,1,enhanced-or,31000,0.715
s_label_flip_topic,1,enhanced-or,32000,0.744
s_label_flip_topic,1,enhanced-or,33000,0.736
s_label_flip_topic,1,enhanced-or,34000,0.74
s_label_flip_topic,1,enhanced-or,35000,0.747
s_label_flip_topic,1,enhanced-or,36000,0.735
s_label_flip_topic,1,enhanced-or,37000,0.739
s_label_flip_topic,1,enhanced-or,38000,0.726
s_label_flip_topic,1,enhanced-or,39000,0.735
s_label_flip_topic,1,enhanced-or,40000,0.746
s_label_flip_topic,1,enhanced-or,41000,0.515
s_label_flip_topic,1,enhanced-or,42000,0.547
s_label_flip_topic,1,enhanced-or,43000,0.541
s_label_flip_topic,1,enhanced-or,44000,0.526
s_label_flip_topic,1,enhanced-or,45000,0.567
s_label_flip_topic,1,enhanced-or,46000,0.547
s_label_flip_topic,1,enhanced-or,47000,0.548
s_label_flip_topic,1,enhanced-or,48000,0.551
s_label_flip_topic,1,enhanced-or,49000,0.54
s_label_flip_topic,1,enhanced-or,50000,0.566
s_label_flip_topic,1,enhanced-or,51000,0.554
s_label_flip_topic,1,enhanced-or,52000,0.583
s_label_flip_topic,1,enhanced-or,53000,0.571
s_label_flip_topic,1,enhanced-or,54000,0.567
s_label_flip_topic,1,enhanced-or,55000,0.541
s_label_flip_topic,1,enhanced-or,56000,0.561
s_label_flip_topic,1,enhanced-or,57000,0.581
s_label_flip_topic,1,enhanced-or,58000,0.567
s_label_flip_topic,1,enhanced-or,59000,0.564
s_label_flip_topic,1,enhanced-or,60000,0.536
s_label_flip_topic,1,enhanced-or,61000,0.545
s_label_flip_topic,1,enhanced-or,62000,0.563
s_label_flip_topic,1,enhanced-or,63000,0.568
s_label_flip_topic,1,enhanced-or,64000,0.574
s_label_flip_topic,1,enhanced-or,65000,0.57
s_label_flip_topic,1,enhanced-or,66000,0.571
s_label_flip_topic,1,enhanced-or,67000,0.565
s_label_flip_topic,1,enhanced-or,68000,0.545
s_label_flip_topic,1,enhanced-or,69000,0.566
s_label_flip_topic,1,enhanced-or,70000,0.552
s_label_flip_topic,1,enhanced-or,71000,0.553
s_label_flip_topic,1,enhanced-or,72000,0.531
s_label_flip_topic,1,enhanced-or,73000,0.578
s_label_flip_topic,1,enhanced-or,74000,0.573
s_label_flip_topic,1,enhanced-or,75000,0.581
s_label_flip_topic,1,enhanced-or,76000,0.545
s_label_flip_topic,1,enhanced-or,77000,0.557
s_label_flip_topic,1,enhanced-or,78000,0.554
s_label_flip_topic,1,enhanced-or,79000,0.566
s_label_flip_topic,1,enhanced-or,80000,0.537
s_label_flip_topic,1,enhanced-and,1000,0.641
s_label_flip_topic,1,enhanced-and,2000,0.695
s_label_flip_topic,1,enhanced-and,3000,0.688
s_label_flip_topic,1,enhanced-and,4000,0.686
s_label_flip_topic,1,enhanced-and,5000,0.707
s_label_flip_topic,1,enhanced-and,6000,0.727
s_label_flip_topic,1,enhanced-and,7000,0.683
s_label_flip_topic,1,enhanced-and,8000,0.742
s_label_flip_topic,1,enhanced-and,9000,0.712
s_label_flip_topic,1,enhanced-and,10000,0.713
s_label_flip_topic,1,enhanced-and,11000,0.725
s_label_flip_topic,1,enhanced-and,12000,0.695
s_label_flip_topic,1,enhanced-and,13000,0.746
s_label_flip_topic,1,enhanced-and,14000,0.74
s_label_flip_topic,1,enhanced-and,15000,0.727
s_label_flip_topic,1,enhanced-and,16000,0.714
s_label_flip_topic,1,enhanced-and,17000,0.723
s_label_flip_topic,1,enhanced-and,18000,0.744
s_label_flip_topic,1,enhanced-and,19000,0.725
s_label_flip_topic,1,enhanced-and,20000,0.701
s_label_flip_topic,1,enhanced-and,21000,0.735
s_label_flip_topic,1,enhanced-and,22000,0.737
s_label_flip_topic,1,enhanced-and,23000,0.733
s_label_flip_topic,1,enhanced-and,24000,0.726
s_label_flip_topic,1,enhanced-and,25000,0.723
s_label_flip_topic,1,enhanced-and,26000,0.723
s_label_flip_topic,1,enhanced-and,27000,0.748
s_label_flip_topic,1,enhanced-and,28000,0.756
s_label_flip_topic,1,enhanced-and,29000,0.749
s_label_flip_topic,1,enhanced-and,30000,0.757
s_label_flip_topic,1,enhanced-and,31000,0.727
s_label_flip_topic,1,enhanced-and,32000,0.745
s_label_flip_topic,1,enhanced-and,33000,0.757
s_label_flip_topic,1,enhanced-and,34000,0.749
s_label_flip_topic,1,enhanced-and,35000,0.773
s_label_flip_topic,1,enhanced-and,36000,0.742
s_label_flip_topic,1,enhanced-and,37000,0.743
s_label_flip_topic,1,enhanced-and,38000,0.747
s_label_flip_topic,1,enhanced-and,39000,0.745
s_label_flip_topic,1,enhanced-and,40000,0.732
s_label_flip_topic,1,enhanced-and,41000,0.529
s_label_flip_topic,1,enhanced-and,42000,0.516
s_label_flip_topic,1,enhanced-and,43000,0.501
s_label_flip_topic,1,enhanced-and,44000,0.515
s_label_flip_topic,1,enhanced-and,45000,0.554
s_label_flip_topic,1,enhanced-and,46000,0.549
s_label_flip_topic,1,enhanced-and,47000,0.539
s_label_flip_topic,1,enhanced-and,48000,0.546
s_label_flip_topic,1,enhanced-and,49000,0.532
s_label_flip_topic,1,enhanced-and,50000,0.56
s_label_flip_topic,1,enhanced-and,51000,0.558
s_label_flip_topic,1,enhanced-and,52000,0.581
s_label_flip_topic,1,enhanced-and,53000,0.57
s_label_flip_topic,1,enhanced-and,54000,0.582
s_label_flip_topic,1,enhanced-and,55000,0.53
s_label_flip_topic,1,enhanced-and,56000,0.576
s_label_flip_topic,1,enhanced-and,57000,0.577
s_label_flip_topic,1,enhanced-and,58000,0.543
s_label_flip_topic,1,enhanced-and,59000,0.563
s_label_flip_topic,1,enhanced-and,60000,0.553
s_label_flip_topic,1,enhanced-and,61000,0.56
s_label_flip_topic,1,enhanced-and,62000,0.56
s_label_flip_topic,1,enhanced-and,63000,0.578
s_label_flip_topic,1,enhanced-and,64000,0.571
s_label_flip_topic,1,enhanced-and,65000,0.555
s_label_flip_topic,1,enhanced-and,66000,0.554
s_label_flip_topic,1,enhanced-and,67000,0.581
s_label_flip_topic,1,enhanced-and,68000,0.549
s_label_flip_topic,1,enhanced-and,69000,0.583
s_label_flip_topic,1,enhanced-and,70000,0.584
s_label_flip_topic,1,enhanced-and,71000,0.593
s_label_flip_topic,1,enhanced-and,72000,0.557
s_label_flip_topic,1,enhanced-and,73000,0.566
s_label_flip_topic,1,enhanced-and,74000,0.548
s_label_flip_topic,1,enhanced-and,75000,0.581
s_label_flip_topic,1,enhanced-and,76000,0.564
s_label_flip_topic,1,enhanced-and,77000,0.585
s_label_flip_topic,1,enhanced-and,78000,0.556
s_label_flip_topic,1,enhanced-and,79000,0.577
s_label_flip_topic,1,enhanced-and,80000,0.539
s_label_flip_topic,2,accumulativeMNB,1000,0.627
s_label_flip_topic,2,accumulativeMNB,2000,0.689
s_label_flip_topic,2,accumulativeMNB,3000,0.711
s_label_flip_topic,2,accumulativeMNB,4000,0.709
s_label_flip_topic,2,accumulativeMNB,5000,0.711
s_label_flip_topic,2,accumulativeMNB,6000,0.713
s_label_flip_topic,2,accumulativeMNB,7000,0.697
s_label_flip_topic,2,accumulativeMNB,8000,0.704
s_label_flip_topic,2,accumulativeMNB,9000,0.713
s_label_flip_topic,2,accumulativeMNB,10000,0.717
s_label_flip_topic,2,accumulativeMNB,11000,0.716
s_label_flip_topic,2,accumulativeMNB,12000,0.706
s_label_flip_topic,2,accumulativeMNB,13000,0.724
s_label_flip_topic,2,accumulativeMNB,14000,0.721
s_label_flip_topic,2,accumulativeMNB,15000,0.708
s_label_flip_topic,2,accumulativeMNB,16000,0.734
s_label_flip_topic,2,accumulativeMNB,17000,0.737
s_label_flip_topic,2,accumulativeMNB,18000,0.74
s_label_flip_topic,2,accumulativeMNB,19000,0.716
s_label_flip_topic,2,accumulativeMNB,20000,0.739
s_label_flip_topic,2,accumulativeMNB,21000,0.721
s_label_flip_topic,2,accumulativeMNB,22000,0.712
s_label_flip_topic,2,accumulativeMNB,23000,0.717
s_label_flip_topic,2,accumulativeMNB,24000,0.73
s_label_flip_topic,2,accumulativeMNB,25000,0.734
s_label_flip_topic,2,accumulativeMNB,26000,0.749
s_label_flip_topic,2,accumulativeMNB,27000,0.733
s_label_flip_topic,2,accumulativeMNB,28000,0.753
s_label_flip_topic,2,accumulativeMNB,29000,0.748
s_label_flip_topic,2,accumulativeMNB,30000,0.763
s_label_flip_topic,2,accumulativeMNB,31000,0.729
s_label_flip_topic,2,accumulativeMNB,32000,0.761
s_label_flip_topic,2,accumulativeMNB,33000,0.727
s_label_flip_topic,2,accumulativeMNB,34000,0.732
s_label_flip_topic,2,accumulativeMNB,35000,0.749
s_label_flip_topic,2,accumulativeMNB,36000,0.739
s_label_flip_topic,2,accumulativeMNB,37000,0.718
s_label_flip_topic,2,accumulativeMNB,38000,0.717
s_label_flip_topic,2,accumulativeMNB,39000,0.742
s_label_flip_topic,2,accumulativeMNB,40000,0.749
s_label_flip_topic,2,accumulativeMNB,41000,0.531
s_label_flip_topic,2,accumulativeMNB,42000,0.523
s_label_flip_topic,2,accumulativeMNB,43000,0.519
s_label_flip_topic,2,accumulativeMNB,44000,0.503
s_label_flip_topic,2,accumulativeMNB,45000,0.504
s_label_flip_topic,2,accumulativeMNB,46000,0.534
s_label_flip_topic,2,accumulativeMNB,47000,0.523
s_label_flip_topic,2,accumulativeMNB,48000,0.52
s_label_flip_topic,2,accumulativeMNB,49000,0.535
s_label_flip_topic,2,accumulativeMNB,50000,0.521
s_label_flip_topic,2,accumulativeMNB,51000,0.527
s_label_flip_topic,2,accumulativeMNB,52000,0.523
s_label_flip_topic,2,accumulativeMNB,53000,0.527
s_label_flip_topic,2,accumulativeMNB,54000,0.53
s_label_flip_topic,2,accumulativeMNB,55000,0.557
s_label_flip_topic,2,accumulativeMNB,56000,0.517
s_label_flip_topic,2,accumulativeMNB,57000,0.504
s_label_flip_topic,2,accumulativeMNB,58000,0.5
s_label_flip_topic,2,accumulativeMNB,59000,0.505
s_label_flip_topic,2,accumulativeMNB,60000,0.499
s_label_flip_topic,2,accumulativeMNB,61000,0.51
s_label_flip_topic,2,accumulativeMNB,62000,0.515
s_label_flip_topic,2,accumulativeMNB,63000,0.508
s_label_flip_topic,2,accumulativeMNB,64000,0.542
s_label_flip_topic,2,accumulativeMNB,65000,0.529
s_label_flip_topic,2,accumulativeMNB,66000,0.542
s_label_flip_topic,2,accumulativeMNB,67000,0.541
s_label_flip_topic,2,accumulativeMNB,68000,0.54
s_label_flip_topic,2,accumulativeMNB,69000,0.499
s_label_flip_topic,2,accumulativeMNB,70000,0.518
s_label_flip_topic,2,accumulativeMNB,71000,0.503
s_label_flip_topic,2,accumulativeMNB,72000,0.522
s_label_flip_topic,2,accumulativeMNB,73000,0.528
s_label_flip_topic,2,accumulativeMNB,74000,0.488
s_label_flip_topic,2,accumulativeMNB,75000,0.522
s_label_flip_topic,2,accumulativeMNB,76000,0.54
s_label_flip_topic,2,accumulativeMNB,77000,0.511
s_label_flip_topic,2,accumulativeMNB,78000,0.536
s_label_flip_topic,2,accumulativeMNB,79000,0.549
s_label_flip_topic,2,accumulativeMNB,80000,0.54
s_label_flip_topic,2,fadingMNB,1000,0.627
s_label_flip_topic,2,fadingMNB,2000,0.69
s_label_flip_topic,2,fadingMNB,3000,0.709
s_label_flip_topic,2,fadingMNB,4000,0.711
s_label_flip_topic,2,fadingMNB,5000,0.712
s_label_flip_topic,2,fadingMNB,6000,0.718
s_label_flip_topic,2,fadingMNB,7000,0.702
s_label_flip_topic,2,fadingMNB,8000,0.707
s_label_flip_topic,2,fadingMNB,9000,0.717
s_label_flip_topic,2,fadingMNB,10000,0.722
s_label_flip_topic,2,fadingMNB,11000,0.723
s_label_flip_topic,2,fadingMNB,12000,0.705
s_label_flip_topic,2,fadingMNB,13000,0.718
s_label_flip_topic,2,fadingMNB,14000,0.731
s_label_flip_topic,2,fadingMNB,15000,0.708
s_label_flip_topic,2,fadingMNB,16000,0.736
s_label_flip_topic,2,fadingMNB,17000,0.73
s_label_flip_topic,2,fadingMNB,18000,0.737
s_label_flip_topic,2,fadingMNB,19000,0.73
s_label_flip_topic,2,fadingMNB,20000,0.754
s_label_flip_topic,2,fadingMNB,21000,0.723
s_label_flip_topic,2,fadingMNB,22000,0.716
s_label_flip_topic,2,fadingMNB,23000,0.721
s_label_flip_topic,2,fadingMNB,24000,0.729
s_label_flip_topic,2,fadingMNB,25000,0.735
s_label_flip_topic,2,fadingMNB,26000,0.745
s_label_flip_topic,2,fadingMNB,27000,0.732
s_label_flip_topic,2,fadingMNB,28000,0.748
s_label_flip_topic,2,fadingMNB,29000,0.748
s_label_flip_topic,2,fadingMNB,30000,0.757
s_label_flip_topic,2,fadingMNB,31000,0.738
s_label_flip_topic,2,fadingMNB,32000,0.759
s_label_flip_topic,2,fadingMNB,33000,0.732
s_label_flip_topic,2,fadingMNB,34000,0.726
s_label_flip_topic,2,fadingMNB,35000,0.749
s_label_flip_topic,2,fadingMNB,36000,0.733
s_label_flip_topic,2,fadingMNB,37000,0.73
s_label_flip_topic,2,fadingMNB,38000,0.728
s_label_flip_topic,2,fadingMNB,39000,0.741
s_label_flip_topic,2,fadingMNB,40000,0.76
s_label_flip_topic,2,fadingMNB,41000,0.534
s_label_flip_topic,2,fadingMNB,42000,0.525
s_label_flip_topic,2,fadingMNB,43000,0.509
s_label_flip_topic,2,fadingMNB,44000,0.497
s_label_flip_topic,2,fadingMNB,45000,0.51
s_label_flip_topic,2,fadingMNB,46000,0.524
s_label_flip_topic,2,fadingMNB,47000,0.518
s_label_flip_topic,2,fadingMNB,48000,0.5
s_label_flip_topic,2,fadingMNB,49000,0.535
s_label_flip_topic,2,fadingMNB,50000,0.524
s_label_flip_topic,2,fadingMNB,51000,0.521
s_label_flip_topic,2,fadingMNB,52000,0.523
s_label_flip_topic,2,fadingMNB,53000,0.513
s_label_flip_topic,2,fadingMNB,54000,0.533
s_label_flip_topic,2,fadingMNB,55000,0.546
s_label_flip_topic,2,fadingMNB,56000,0.531
s_label_flip_topic,2,fadingMNB,57000,0.514
s_label_flip_topic,2,fadingMNB,58000,0.489
s_label_flip_topic,2,fadingMNB,59000,0.508
s_label_flip_topic,2,fadingMNB,60000,0.493
s_label_flip_topic,2,fadingMNB,61000,0.514
s_label_flip_topic,2,fadingMNB,62000,0.515
s_label_flip_topic,2,fadingMNB,63000,0.509
s_label_flip_topic,2,fadingMNB,64000,0.543
s_label_flip_topic,2,fadingMNB,65000,0.519
s_label_flip_topic,2,fadingMNB,66000,0.521
s_label_flip_topic,2,fadingMNB,67000,0.543
s_label_flip_topic,2,fadingMNB,68000,0.541
s_label_flip_topic,2,fadingMNB,69000,0.51
s_label_flip_topic,2,fadingMNB,70000,0.503
s_label_flip_topic,2,fadingMNB,71000,0.505
s_label_flip_topic,2,fadingMNB,72000,0.516
s_label_flip_topic,2,fadingMNB,73000,0.523
s_label_flip_topic,2,fadingMNB,74000,0.505
s_label_flip_topic,2,fadingMNB,75000,0.529
s_label_flip_topic,2,fadingMNB,76000,0.547
s_label_flip_topic,2,fadingMNB,77000,0.497
s_label_flip_topic,2,fadingMNB,78000,0.549
s_label_flip_topic,2,fadingMNB,79000,0.554
s_label_flip_topic,2,fadingMNB,80000,0.544
s_label_flip_topic,2,baseline-Rebuild,1000,0.627
s_label_flip_topic,2,baseline-Rebuild,2000,0.689
s_label_flip_topic,2,baseline-Rebuild,3000,0.711
s_label_flip_topic,2,baseline-Rebuild,4000,0.709
s_label_flip_topic,2,baseline-Rebuild,5000,0.711
s_label_flip_topic,2,baseline-Rebuild,6000,0.713
s_label_flip_topic,2,baseline-Rebuild,7000,0.697
s_label_flip_topic,2,baseline-Rebuild,8000,0.704
s_label_flip_topic,2,baseline-Rebuild,9000,0.713
s_label_flip_topic,2,baseline-Rebuild,10000,0.717
s_label_flip_topic,2,baseline-Rebuild,11000,0.716
s_label_flip_topic,2,baseline-Rebuild,12000,0.706
s_label_flip_topic,2,baseline-Rebuild,13000,0.724
s_label_flip_topic,2,baseline-Rebuild,14000,0.721
s_label_flip_topic,2,baseline-Rebuild,15000,0.708
s_label_flip_topic,2,baseline-Rebuild,16000,0.734
s_label_flip_topic,2,baseline-Rebuild,17000,0.737
s_label_flip_topic,2,baseline-Rebuild,18000,0.74
s_label_flip_topic,2,baseline-Rebuild,19000,0.716
s_label_flip_topic,2,baseline-Rebuild,20000,0.739
s_label_flip_topic,2,baseline-Rebuild,21000,0.721
s_label_flip_topic,2,baseline-Rebuild,22000,0.712
s_label_flip_topic,2,baseline-Rebuild,23000,0.717
s_label_flip_topic,2,baseline-Rebuild,24000,0.73
s_label_flip_topic,2,baseline-Rebuild,25000,0.708
s_label_flip_topic,2,baseline-Rebuild,26000,0.717
s_label_flip_topic,2,baseline-Rebuild,27000,0.724
s_label_flip_topic,2,baseline-Rebuild,28000,0.745
s_label_flip_topic,2,baseline-Rebuild,29000,0.747
s_label_flip_topic,2,baseline-Rebuild,30000,0.75
s_label_flip_topic,2,baseline-Rebuild,31000,0.718
s_label_flip_topic,2,baseline-Rebuild,32000,0.745
s_label_flip_topic,2,baseline-Rebuild,33000,0.731
s_label_flip_topic,2,baseline-Rebuild,34000,0.71
s_label_flip_topic,2,baseline-Rebuild,35000,0.738
s_label_flip_topic,2,baseline-Rebuild,36000,0.732
s_label_flip_topic,2,baseline-Rebuild,37000,0.737
s_label_flip_topic,2,baseline-Rebuild,38000,0.722
s_label_flip_topic,2,baseline-Rebuild,39000,0.745
s_label_flip_topic,2,baseline-Rebuild,40000,0.736
s_label_flip_topic,2,baseline-Rebuild,41000,0.533
s_label_flip_topic,2,baseline-Rebuild,42000,0.533
s_label_flip_topic,2,baseline-Rebuild,43000,0.512
s_label_flip_topic,2,baseline-Rebuild,44000,0.51
s_label_flip_topic,2,baseline-Rebuild,45000,0.522
s_label_flip_topic,2,baseline-Rebuild,46000,0.523
s_label_flip_topic,2,baseline-Rebuild,47000,0.522
s_label_flip_topic,2,baseline-Rebuild,48000,0.505
s_label_flip_topic,2,baseline-Rebuild,49000,0.506
s_label_flip_topic,2,baseline-Rebuild,50000,0.502
s_label_flip_topic,2,baseline-Rebuild,51000,0.526
s_label_flip_topic,2,baseline-Rebuild,52000,0.517
s_label_flip_topic,2,baseline-Rebuild,53000,0.533
s_label_flip_topic,2,baseline-Rebuild,54000,0.554
s_label_flip_topic,2,baseline-Rebuild,55000,0.549
s_label_flip_topic,2,baseline-Rebuild,56000,0.527
s_label_flip_topic,2,baseline-Rebuild,57000,0.514
s_label_flip_topic,2,baseline-Rebuild,58000,0.506
s_label_flip_topic,2,baseline-Rebuild,59000,0.519
s_label_flip_topic,2,baseline-Rebuild,60000,0.516
s_label_flip_topic,2,baseline-Rebuild,61000,0.532
s_label_flip_topic,2,baseline-Rebuild,62000,0.538
s_label_flip_topic,2,baseline-Rebuild,63000,0.511
s_label_flip_topic,2,baseline-Rebuild,64000,0.582
s_label_flip_topic,2,baseline-Rebuild,65000,0.548
s_label_flip_topic,2,baseline-Rebuild,66000,0.529
s_label_flip_topic,2,baseline-Rebuild,67000,0.564
s_label_flip_topic,2,baseline-Rebuild,68000,0.535
s_label_flip_topic,2,baseline-Rebuild,69000,0.54
s_label_flip_topic,2,baseline-Rebuild,70000,0.529
s_label_flip_topic,2,baseline-Rebuild,71000,0.544
s_label_flip_topic,2,baseline-Rebuild,72000,0.537
s_label_flip_topic,2,baseline-Rebuild,73000,0.548
s_label_flip_topic,2,baseline-Rebuild,74000,0.519
s_label_flip_topic,2,baseline-Rebuild,75000,0.535
s_label_flip_topic,2,baseline-Rebuild,76000,0.549
s_label_flip_topic,2,baseline-Rebuild,77000,0.542
s_label_flip_topic,2,baseline-Rebuild,78000,0.574
s_label_flip_topic,2,baseline-Rebuild,79000,0.558
s_label_flip_topic,2,baseline-Rebuild,80000,0.568
s_label_flip_topic,2,baseline-SIFR,1000,0.627
s_label_flip_topic,2,baseline-SIFR,2000,0.689
s_label_flip_topic,2,baseline-SIFR,3000,0.711
s_label_flip_topic,2,baseline-SIFR,4000,0.709
s_label_flip_topic,2,baseline-SIFR,5000,0.711
s_label_flip_topic,2,baseline-SIFR,6000,0.713
s_label_flip_topic,2,baseline-SIFR,7000,0.697
s_label_flip_topic,2,baseline-SIFR,8000,0.704
s_label_flip_topic,2,baseline-SIFR,9000,0.713
s_label_flip_topic,2,baseline-SIFR,10000,0.717
s_label_flip_topic,2,baseline-SIFR,11000,0.716
s_label_flip_topic,2,baseline-SIFR,12000,0.706
s_label_flip_topic,2,baseline-SIFR,13000,0.724
s_label_flip_topic,2,baseline-SIFR,14000,0.721
s_label_flip_topic,2,baseline-SIFR,15000,0.708
s_label_flip_topic,2,baseline-SIFR,16000,0.734
s_label_flip_topic,2,baseline-SIFR,17000,0.737
s_label_flip_topic,2,baseline-SIFR,18000,0.74
s_label_flip_topic,2,baseline-SIFR,19000,0.716
s_label_flip_topic,2,baseline-SIFR,20000,0.739
s_label_flip_topic,2,baseline-SIFR,21000,0.721
s_label_flip_topic,2,baseline-SIFR,22000,0.712
s_label_flip_topic,2,baseline-SIFR,23000,0.717
s_label_flip_topic,2,baseline-SIFR,24000,0.73
s_label_flip_topic,2,baseline-SIFR,25000,0.726
s_label_flip_topic,2,baseline-SIFR,26000,0.741
s_label_flip_topic,2,baseline-SIFR,27000,0.735
s_label_flip_topic,2,baseline-SIFR,28000,0.743
s_label_flip_topic,2,baseline-SIFR,29000,0.738
s_label_flip_topic,2,baseline-SIFR,30000,0.759
s_label_flip_topic,2,baseline-SIFR,31000,0.728
s_label_flip_topic,2,baseline-SIFR,32000,0.752
s_label_flip_topic,2,baseline-SIFR,33000,0.731
s_label_flip_topic,2,baseline-SIFR,34000,0.725
s_label_flip_topic,2,baseline-SIFR,35000,0.743
s_label_flip_topic,2,baseline-SIFR,36000,0.725
s_label_flip_topic,2,baseline-SIFR,37000,0.726
s_label_flip_topic,2,baseline-SIFR,38000,0.735
s_label_flip_topic,2,baseline-SIFR,39000,0.738
s_label_flip_topic,2,baseline-SIFR,40000,0.773
s_label_flip_topic,2,baseline-SIFR,41000,0.543
s_label_flip_topic,2,baseline-SIFR,42000,0.522
s_label_flip_topic,2,baseline-SIFR,43000,0.505
s_label_flip_topic,2,baseline-SIFR,44000,0.504
s_label_flip_topic,2,baseline-SIFR,45000,0.512
s_label_flip_topic,2,baseline-SIFR,46000,0.512
s_label_flip_topic,2,baseline-SIFR,47000,0.522
s_label_flip_topic,2,baseline-SIFR,48000,0.515
s_label_flip_topic,2,baseline-SIFR,49000,0.535
s_label_flip_topic,2,baseline-SIFR,50000,0.521
s_label_flip_topic,2,baseline-SIFR,51000,0.527
s_label_flip_topic,2,baseline-SIFR,52000,0.523
s_label_flip_topic,2,baseline-SIFR,53000,0.527
s_label_flip_topic,2,baseline-SIFR,54000,0.53
s_label_flip_topic,2,baseline-SIFR,55000,0.557
s_label_flip_topic,2,baseline-SIFR,56000,0.517
s_label_flip_topic,2,baseline-SIFR,57000,0.504
s_label_flip_topic,2,baseline-SIFR,58000,0.5
s_label_flip_topic,2,baseline-SIFR,59000,0.505
s_label_flip_topic,2,baseline-SIFR,60000,0.499
s_label_flip_topic,2,baseline-SIFR,61000,0.51
s_label_flip_topic,2,baseline-SIFR,62000,0.515
s_label_flip_topic,2,baseline-SIFR,63000,0.508
s_label_flip_topic,2,baseline-SIFR,64000,0.542
s_label_flip_topic,2,baseline-SIFR,65000,0.529
s_label_flip_topic,2,baseline-SIFR,66000,0.542
s_label_flip_topic,2,baseline-SIFR,67000,0.541
s_label_flip_topic,2,baseline-SIFR,68000,0.54
s_label_flip_topic,2,baseline-SIFR,69000,0.499
s_label_flip_topic,2,baseline-SIFR,70000,0.518
s_label_flip_topic,2,baseline-SIFR,71000,0.503
s_label_flip_topic,2,baseline-SIFR,72000,0.522
s_label_flip_topic,2,baseline-SIFR,73000,0.528
s_label_flip_topic,2,baseline-SIFR,74000,0.488
s_label_flip_topic,2,baseline-SIFR,75000,0.522
s_label_flip_topic,2,baseline-SIFR,76000,0.54
s_label_flip_topic,2,baseline-SIFR,77000,0.511
s_label_flip_topic,2,baseline-SIFR,78000,0.536
s_label_flip_topic,2,baseline-SIFR,79000,0.549
s_label_flip_topic,2,baseline-SIFR,80000,0.54
s_label_flip_topic,2,enhanced-adwin_only,1000,0.627
s_label_flip_topic,2,enhanced-adwin_only,2000,0.689
s_label_flip_topic,2,enhanced-adwin_only,3000,0.711
s_label_flip_topic,2,enhanced-adwin_only,4000,0.709
s_label_flip_topic,2,enhanced-adwin_only,5000,0.711
s_label_flip_topic,2,enhanced-adwin_only,6000,0.713
s_label_flip_topic,2,enhanced-adwin_only,7000,0.697
s_label_flip_topic,2,enhanced-adwin_only,8000,0.704
s_label_flip_topic,2,enhanced-adwin_only,9000,0.713
s_label_flip_topic,2,enhanced-adwin_only,10000,0.717
s_label_flip_topic,2,enhanced-adwin_only,11000,0.716
s_label_flip_topic,2,enhanced-adwin_only,12000,0.706
s_label_flip_topic,2,enhanced-adwin_only,13000,0.724
s_label_flip_topic,2,enhanced-adwin_only,14000,0.721
s_label_flip_topic,2,enhanced-adwin_only,15000,0.708
s_label_flip_topic,2,enhanced-adwin_only,16000,0.734
s_label_flip_topic,2,enhanced-adwin_only,17000,0.737
s_label_flip_topic,2,enhanced-adwin_only,18000,0.74
s_label_flip_topic,2,enhanced-adwin_only,19000,0.716
s_label_flip_topic,2,enhanced-adwin_only,20000,0.739
s_label_flip_topic,2,enhanced-adwin_only,21000,0.721
s_label_flip_topic,2,enhanced-adwin_only,22000,0.712
s_label_flip_topic,2,enhanced-adwin_only,23000,0.717
s_label_flip_topic,2,enhanced-adwin_only,24000,0.73
s_label_flip_topic,2,enhanced-adwin_only,25000,0.734
s_label_flip_topic,2,enhanced-adwin_only,26000,0.749
s_label_flip_topic,2,enhanced-adwin_only,27000,0.733
s_label_flip_topic,2,enhanced-adwin_only,28000,0.753
s_label_flip_topic,2,enhanced-adwin_only,29000,0.748
s_label_flip_topic,2,enhanced-adwin_only,30000,0.763
s_label_flip_topic,2,enhanced-adwin_only,31000,0.729
s_label_flip_topic,2,enhanced-adwin_only,32000,0.761
s_label_flip_topic,2,enhanced-adwin_only,33000,0.727
s_label_flip_topic,2,enhanced-adwin_only,34000,0.732
s_label_flip_topic,2,enhanced-adwin_only,35000,0.749
s_label_flip_topic,2,enhanced-adwin_only,36000,0.739
s_label_flip_topic,2,enhanced-adwin_only,37000,0.718
s_label_flip_topic,2,enhanced-adwin_only,38000,0.717
s_label_flip_topic,2,enhanced-adwin_only,39000,0.742
s_label_flip_topic,2,enhanced-adwin_only,40000,0.749
s_label_flip_topic,2,enhanced-adwin_only,41000,0.528
s_label_flip_topic,2,enhanced-adwin_only,42000,0.53
s_label_flip_topic,2,enhanced-adwin_only,43000,0.52
s_label_flip_topic,2,enhanced-adwin_only,44000,0.524
s_label_flip_topic,2,enhanced-adwin_only,45000,0.541
s_label_flip_topic,2,enhanced-adwin_only,46000,0.523
s_label_flip_topic,2,enhanced-adwin_only,47000,0.545
s_label_flip_topic,2,enhanced-adwin_only,48000,0.538
s_label_flip_topic,2,enhanced-adwin_only,49000,0.525
s_label_flip_topic,2,enhanced-adwin_only,50000,0.533
s_label_flip_topic,2,enhanced-adwin_only,51000,0.53
s_label_flip_topic,2,enhanced-adwin_only,52000,0.535
s_label_flip_topic,2,enhanced-adwin_only,53000,0.552
s_label_flip_topic,2,enhanced-adwin_only,54000,0.573
s_label_flip_topic,2,enhanced-adwin_only,55000,0.565
s_label_flip_topic,2,enhanced-adwin_only,56000,0.549
s_label_flip_topic,2,enhanced-adwin_only,57000,0.55
s_label_flip_topic,2,enhanced-adwin_only,58000,0.529
s_label_flip_topic,2,enhanced-adwin_only,59000,0.558
s_label_flip_topic,2,enhanced-adwin_only,60000,0.556
s_label_flip_topic,2,enhanced-adwin_only,61000,0.562
s_label_flip_topic,2,enhanced-adwin_only,62000,0.56
s_label_flip_topic,2,enhanced-adwin_only,63000,0.558
s_label_flip_topic,2,enhanced-adwin_only,64000,0.582
s_label_flip_topic,2,enhanced-adwin_only,65000,0.566
s_label_flip_topic,2,enhanced-adwin_only,66000,0.561
s_label_flip_topic,2,enhanced-adwin_only,67000,0.574
s_label_flip_topic,2,enhanced-adwin_only,68000,0.581
s_label_flip_topic,2,enhanced-adwin_only,69000,0.573
s_label_flip_topic,2,enhanced-adwin_only,70000,0.553
s_label_flip_topic,2,enhanced-adwin_only,71000,0.555
s_label_flip_topic,2,enhanced-adwin_only,72000,0.556
s_label_flip_topic,2,enhanced-adwin_only,73000,0.563
s_label_flip_topic,2,enhanced-adwin_only,74000,0.537
s_label_flip_topic,2,enhanced-adwin_only,75000,0.566
s_label_flip_topic,2,enhanced-adwin_only,76000,0.571
s_label_flip_topic,2,enhanced-adwin_only,77000,0.553
s_label_flip_topic,2,enhanced-adwin_only,78000,0.578
s_label_flip_topic,2,enhanced-adwin_only,79000,0.573
s_label_flip_topic,2,enhanced-adwin_only,80000,0.567
s_label_flip_topic,2,enhanced-or,1000,0.627
s_label_flip_topic,2,enhanced-or,2000,0.689
s_label_flip_topic,2,enhanced-or,3000,0.711
s_label_flip_topic,2,enhanced-or,4000,0.709
s_label_flip_topic,2,enhanced-or,5000,0.711
s_label_flip_topic,2,enhanced-or,6000,0.713
s_label_flip_topic,2,enhanced-or,7000,0.697
s_label_flip_topic,2,enhanced-or,8000,0.704
s_label_flip_topic,2,enhanced-or,9000,0.713
s_label_flip_topic,2,enhanced-or,10000,0.717
s_label_flip_topic,2,enhanced-or,11000,0.716
s_label_flip_topic,2,enhanced-or,12000,0.706
s_label_flip_topic,2,enhanced-or,13000,0.724
s_label_flip_topic,2,enhanced-or,14000,0.721
s_label_flip_topic,2,enhanced-or,15000,0.708
s_label_flip_topic,2,enhanced-or,16000,0.734
s_label_flip_topic,2,enhanced-or,17000,0.737
s_label_flip_topic,2,enhanced-or,18000,0.74
s_label_flip_topic,2,enhanced-or,19000,0.716
s_label_flip_topic,2,enhanced-or,20000,0.739
s_label_flip_topic,2,enhanced-or,21000,0.721
s_label_flip_topic,2,enhanced-or,22000,0.712
s_label_flip_topic,2,enhanced-or,23000,0.717
s_label_flip_topic,2,enhanced-or,24000,0.73
s_label_flip_topic,2,enhanced-or,25000,0.708
s_label_flip_topic,2,enhanced-or,26000,0.717
s_label_flip_topic,2,enhanced-or,27000,0.724
s_label_flip_topic,2,enhanced-or,28000,0.745
s_label_flip_topic,2,enhanced-or,29000,0.747
s_label_flip_topic,2,enhanced-or,30000,0.75
s_label_flip_topic,2,enhanced-or,31000,0.718
s_label_flip_topic,2,enhanced-or,32000,0.745
s_label_flip_topic,2,enhanced-or,33000,0.731
s_label_flip_topic,2,enhanced-or,34000,0.71
s_label_flip_topic,2,enhanced-or,35000,0.738
s_label_flip_topic,2,enhanced-or,36000,0.732
s_label_flip_topic,2,enhanced-or,37000,0.737
s_label_flip_topic,2,enhanced-or,38000,0.722
s_label_flip_topic,2,enhanced-or,39000,0.745
s_label_flip_topic,2,enhanced-or,40000,0.736
s_label_flip_topic,2,enhanced-or,41000,0.527
s_label_flip_topic,2,enhanced-or,42000,0.542
s_label_flip_topic,2,enhanced-or,43000,0.507
s_label_flip_topic,2,enhanced-or,44000,0.501
s_label_flip_topic,2,enhanced-or,45000,0.522
s_label_flip_topic,2,enhanced-or,46000,0.523
s_label_flip_topic,2,enhanced-or,47000,0.522
s_label_flip_topic,2,enhanced-or,48000,0.505
s_label_flip_topic,2,enhanced-or,49000,0.506
s_label_flip_topic,2,enhanced-or,50000,0.502
s_label_flip_topic,2,enhanced-or,51000,0.526
s_label_flip_topic,2,enhanced-or,52000,0.517
s_label_flip_topic,2,enhanced-or,53000,0.533
s_label_flip_topic,2,enhanced-or,54000,0.554
s_label_flip_topic,2,enhanced-or,55000,0.549
s_label_flip_topic,2,enhanced-or,56000,0.527
s_label_flip_topic,2,enhanced-or,57000,0.514
s_label_flip_topic,2,enhanced-or,58000,0.506
s_label_flip_topic,2,enhanced-or,59000,0.519
s_label_flip_topic,2,enhanced-or,60000,0.516
s_label_flip_topic,2,enhanced-or,61000,0.532
s_label_flip_topic,2,enhanced-or,62000,0.538
s_label_flip_topic,2,enhanced-or,63000,0.511
s_label_flip_topic,2,enhanced-or,64000,0.582
s_label_flip_topic,2,enhanced-or,65000,0.548
s_label_flip_topic,2,enhanced-or,66000,0.529
s_label_flip_topic,2,enhanced-or,67000,0.564
s_label_flip_topic,2,enhanced-or,68000,0.535
s_label_flip_topic,2,enhanced-or,69000,0.54
s_label_flip_topic,2,enhanced-or,70000,0.529
s_label_flip_topic,2,enhanced-or,71000,0.544
s_label_flip_topic,2,enhanced-or,72000,0.537
s_label_flip_topic,2,enhanced-or,73000,0.548
s_label_flip_topic,2,enhanced-or,74000,0.519
s_label_flip_topic,2,enhanced-or,75000,0.535
s_label_flip_topic,2,enhanced-or,76000,0.549
s_label_flip_topic,2,enhanced-or,77000,0.542
s_label_flip_topic,2,enhanced-or,78000,0.574
s_label_flip_topic,2,enhanced-or,79000,0.558
s_label_flip_topic,2,enhanced-or,80000,0.568
s_label_flip_topic,2,enhanced-and,1000,0.627
s_label_flip_topic,2,enhanced-and,2000,0.689
s_label_flip_topic,2,enhanced-and,3000,0.711
s_label_flip_topic,2,enhanced-and,4000,0.709
s_label_flip_topic,2,enhanced-and,5000,0.711
s_label_flip_topic,2,enhanced-and,6000,0.713
s_label_flip_topic,2,enhanced-and,7000,0.697
s_label_flip_topic,2,enhanced-and,8000,0.704
s_label_flip_topic,2,enhanced-and,9000,0.713
s_label_flip_topic,2,enhanced-and,10000,0.717
s_label_flip_topic,2,enhanced-and,11000,0.716
s_label_flip_topic,2,enhanced-and,12000,0.706
s_label_flip_topic,2,enhanced-and,13000,0.724
s_label_flip_topic,2,enhanced-and,14000,0.721
s_label_flip_topic,2,enhanced-and,15000,0.708
s_label_flip_topic,2,enhanced-and,16000,0.734
s_label_flip_topic,2,enhanced-and,17000,0.737
s_label_flip_topic,2,enhanced-and,18000,0.74
s_label_flip_topic,2,enhanced-and,19000,0.716
s_label_flip_topic,2,enhanced-and,20000,0.739
s_label_flip_topic,2,enhanced-and,21000,0.721
s_label_flip_topic,2,enhanced-and,22000,0.712
s_label_flip_topic,2,enhanced-and,23000,0.717
s_label_flip_topic,2,enhanced-and,24000,0.73
s_label_flip_topic,2,enhanced-and,25000,0.734
s_label_flip_topic,2,enhanced-and,26000,0.749
s_label_flip_topic,2,enhanced-and,27000,0.733
s_label_flip_topic,2,enhanced-and,28000,0.753
s_label_flip_topic,2,enhanced-and,29000,0.748
s_label_flip_topic,2,enhanced-and,30000,0.763
s_label_flip_topic,2,enhanced-and,31000,0.729
s_label_flip_topic,2,enhanced-and,32000,0.761
s_label_flip_topic,2,enhanced-and,33000,0.727
s_label_flip_topic,2,enhanced-and,34000,0.732
s_label_flip_topic,2,enhanced-and,35000,0.749
s_label_flip_topic,2,enhanced-and,36000,0.739
s_label_flip_topic,2,enhanced-and,37000,0.718
s_label_flip_topic,2,enhanced-and,38000,0.717
s_label_flip_topic,2,enhanced-and,39000,0.742
s_label_flip_topic,2,enhanced-and,40000,0.749
s_label_flip_topic,2,enhanced-and,41000,0.528
s_label_flip_topic,2,enhanced-and,42000,0.53
s_label_flip_topic,2,enhanced-and,43000,0.52
s_label_flip_topic,2,enhanced-and,44000,0.524
s_label_flip_topic,2,enhanced-and,45000,0.522
s_label_flip_topic,2,enhanced-and,46000,0.523
s_label_flip_topic,2,enhanced-and,47000,0.522
s_label_flip_topic,2,enhanced-and,48000,0.505
s_label_flip_topic,2,enhanced-and,49000,0.506
s_label_flip_topic,2,enhanced-and,50000,0.502
s_label_flip_topic,2,enhanced-and,51000,0.526
s_label_flip_topic,2,enhanced-and,52000,0.517
s_label_flip_topic,2,enhanced-and,53000,0.533
s_label_flip_topic,2,enhanced-and,54000,0.554
s_label_flip_topic,2,enhanced-and,55000,0.549
s_label_flip_topic,2,enhanced-and,56000,0.527
s_label_flip_topic,2,enhanced-and,57000,0.514
s_label_flip_topic,2,enhanced-and,58000,0.506
s_label_flip_topic,2,enhanced-and,59000,0.519
s_label_flip_topic,2,enhanced-and,60000,0.516
s_label_flip_topic,2,enhanced-and,61000,0.532
s_label_flip_topic,2,enhanced-and,62000,0.538
s_label_flip_topic,2,enhanced-and,63000,0.511
s_label_flip_topic,2,enhanced-and,64000,0.582
s_label_flip_topic,2,enhanced-and,65000,0.548
s_label_flip_topic,2,enhanced-and,66000,0.529
s_label_flip_topic,2,enhanced-and,67000,0.564
s_label_flip_topic,2,enhanced-and,68000,0.535
s_label_flip_topic,2,enhanced-and,69000,0.54
s_label_flip_topic,2,enhanced-and,70000,0.529
s_label_flip_topic,2,enhanced-and,71000,0.544
s_label_flip_topic,2,enhanced-and,72000,0.537
s_label_flip_topic,2,enhanced-and,73000,0.548
s_label_flip_topic,2,enhanced-and,74000,0.519
s_label_flip_topic,2,enhanced-and,75000,0.535
s_label_flip_topic,2,enhanced-and,76000,0.549
s_label_flip_topic,2,enhanced-and,77000,0.542
s_label_flip_topic,2,enhanced-and,78000,0.574
s_label_flip_topic,2,enhanced-and,79000,0.558
s_label_flip_topic,2,enhanced-and,80000,0.568
s_label_flip_topic,3,accumulativeMNB,1000,0.618
s_label_flip_topic,3,accumulativeMNB,2000,0.665
s_label_flip_topic,3,accumulativeMNB,3000,0.687
s_label_flip_topic,3,accumulativeMNB,4000,0.688
s_label_flip_topic,3,accumulativeMNB,5000,0.705
s_label_flip_topic,3,accumulativeMNB,6000,0.717
s_label_flip_topic,3,accumulativeMNB,7000,0.721
s_label_flip_topic,3,accumulativeMNB,8000,0.721
s_label_flip_topic,3,accumulativeMNB,9000,0.725
s_label_flip_topic,3,accumulativeMNB,10000,0.719
s_label_flip_topic,3,accumulativeMNB,11000,0.723
s_label_flip_topic,3,accumulativeMNB,12000,0.716
s_label_flip_topic,3,accumulativeMNB,13000,0.704
s_label_flip_topic,3,accumulativeMNB,14000,0.713
s_label_flip_topic,3,accumulativeMNB,15000,0.715
s_label_flip_topic,3,accumulativeMNB,16000,0.721
s_label_flip_topic,3,accumulativeMNB,17000,0.726
s_label_flip_topic,3,accumulativeMNB,18000,0.765
s_label_flip_topic,3,accumulativeMNB,19000,0.718
s_label_flip_topic,3,accumulativeMNB,20000,0.749
s_label_flip_topic,3,accumulativeMNB,21000,0.74
s_label_flip_topic,3,accumulativeMNB,22000,0.749
s_label_flip_topic,3,accumulativeMNB,23000,0.753
s_label_flip_topic,3,accumulativeMNB,24000,0.727
s_label_flip_topic,3,accumulativeMNB,25000,0.745
s_label_flip_topic,3,accumulativeMNB,26000,0.732
s_label_flip_topic,3,accumulativeMNB,27000,0.713
s_label_flip_topic,3,accumulativeMNB,28000,0.716
s_label_flip_topic,3,accumulativeMNB,29000,0.761
s_label_flip_topic,3,accumulativeMNB,30000,0.732
s_label_flip_topic,3,accumulativeMNB,31000,0.743
s_label_flip_topic,3,accumulativeMNB,32000,0.732
s_label_flip_topic,3,accumulativeMNB,33000,0.75
s_label_flip_topic,3,accumulativeMNB,34000,0.731
s_label_flip_topic,3,accumulativeMNB,35000,0.756
s_label_flip_topic,3,accumulativeMNB,36000,0.738
s_label_flip_topic,3,accumulativeMNB,37000,0.74
s_label_flip_topic,3,accumulativeMNB,38000,0.736
s_label_flip_topic,3,accumulativeMNB,39000,0.746
s_label_flip_topic,3,accumulativeMNB,40000,0.762
s_label_flip_topic,3,accumulativeMNB,41000,0.508
s_label_flip_topic,3,accumulativeMNB,42000,0.503
s_label_flip_topic,3,accumulativeMNB,43000,0.517
s_label_flip_topic,3,accumulativeMNB,44000,0.509
s_label_flip_topic,3,accumulativeMNB,45000,0.517
s_label_flip_topic,3,accumulativeMNB,46000,0.523
s_label_flip_topic,3,accumulativeMNB,47000,0.541
s_label_flip_topic,3,accumulativeMNB,48000,0.497
s_label_flip_topic,3,accumulativeMNB,49000,0.54
s_label_flip_topic,3,accumulativeMNB,50000,0.52
s_label_flip_topic,3,accumulativeMNB,51000,0.496
s_label_flip_topic,3,accumulativeMNB,52000,0.506
s_label_flip_topic,3,accumulativeMNB,53000,0.523
s_label_flip_topic,3,accumulativeMNB,54000,0.517
s_label_flip_topic,3,accumulativeMNB,55000,0.525
s_label_flip_topic,3,accumulativeMNB,56000,0.505
s_label_flip_topic,3,accumulativeMNB,57000,0.526
s_label_flip_topic,3,accumulativeMNB,58000,0.499
s_label_flip_topic,3,accumulativeMNB,59000,0.529
s_label_flip_topic,3,accumulativeMNB,60000,0.518
s_label_flip_topic,3,accumulativeMNB,61000,0.502
s_label_flip_topic,3,accumulativeMNB,62000,0.537
s_label_flip_topic,3,accumulativeMNB,63000,0.532
s_label_flip_topic,3,accumulativeMNB,64000,0.502
s_label_flip_topic,3,accumulativeMNB,65000,0.525
s_label_flip_topic,3,accumulativeMNB,66000,0.535
s_label_flip_topic,3,accumulativeMNB,67000,0.514
s_label_flip_topic,3,accumulativeMNB,68000,0.52
s_label_flip_topic,3,accumulativeMNB,69000,0.527
s_label_flip_topic,3,accumulativeMNB,70000,0.532
s_label_flip_topic,3,accumulativeMNB,71000,0.507
s_label_flip_topic,3,accumulativeMNB,72000,0.525
s_label_flip_topic,3,accumulativeMNB,73000,0.516
s_label_flip_topic,3,accumulativeMNB,74000,0.543
s_label_flip_topic,3,accumulativeMNB,75000,0.505
s_label_flip_topic,3,accumulativeMNB,76000,0.529
s_label_flip_topic,3,accumulativeMNB,77000,0.542
s_label_flip_topic,3,accumulativeMNB,78000,0.534
s_label_flip_topic,3,accumulativeMNB,79000,0.537
s_label_flip_topic,3,accumulativeMNB,80000,0.542
s_label_flip_topic,3,fadingMNB,1000,0.618
s_label_flip_topic,3,fadingMNB,2000,0.666
s_label_flip_topic,3,fadingMNB,3000,0.684
s_label_flip_topic,3,fadingMNB,4000,0.689
s_label_flip_topic,3,fadingMNB,5000,0.705
s_label_flip_topic,3,fadingMNB,6000,0.714
s_label_flip_topic,3,fadingMNB,7000,0.719
s_label_flip_topic,3,fadingMNB,8000,0.726
s_label_flip_topic,3,fadingMNB,9000,0.727
s_label_flip_topic,3,fadingMNB,10000,0.716
s_label_flip_topic,3,fadingMNB,11000,0.722
s_label_flip_topic,3,fadingMNB,12000,0.719
s_label_flip_topic,3,fadingMNB,13000,0.71
s_label_flip_topic,3,fadingMNB,14000,0.707
s_label_flip_topic,3,fadingMNB,15000,0.707
s_label_flip_topic,3,fadingMNB,16000,0.713
s_label_flip_topic,3,fadingMNB,17000,0.725
s_label_flip_topic,3,fadingMNB,18000,0.762
s_label_flip_topic,3,fadingMNB,19000,0.715
s_label_flip_topic,3,fadingMNB,20000,0.748
s_label_flip_topic,3,fadingMNB,21000,0.731
s_label_flip_topic,3,fadingMNB,22000,0.746
s_label_flip_topic,3,fadingMNB,23000,0.758
s_label_flip_topic,3,fadingMNB,24000,0.726
s_label_flip_topic,3,fadingMNB,25000,0.737
s_label_flip_topic,3,fadingMNB,26000,0.733
s_label_flip_topic,3,fadingMNB,27000,0.72
s_label_flip_topic,3,fadingMNB,28000,0.725
s_label_flip_topic,3,fadingMNB,29000,0.765
s_label_flip_topic,3,fadingMNB,30000,0.74
s_label_flip_topic,3,fadingMNB,31000,0.733
s_label_flip_topic,3,fadingMNB,32000,0.743
s_label_flip_topic,3,fadingMNB,33000,0.754
s_label_flip_topic,3,fadingMNB,34000,0.715
s_label_flip_topic,3,fadingMNB,35000,0.745
s_label_flip_topic,3,fadingMNB,36000,0.74
s_label_flip_topic,3,fadingMNB,37000,0.735
s_label_flip_topic,3,fadingMNB,38000,0.726
s_label_flip_topic,3,fadingMNB,39000,0.747
s_label_flip_topic,3,fadingMNB,40000,0.761
s_label_flip_topic,3,fadingMNB,41000,0.512
s_label_flip_topic,3,fadingMNB,42000,0.504
s_label_flip_topic,3,fadingMNB,43000,0.52
s_label_flip_topic,3,fadingMNB,44000,0.498
s_label_flip_topic,3,fadingMNB,45000,0.526
s_label_flip_topic,3,fadingMNB,46000,0.52
s_label_flip_topic,3,fadingMNB,47000,0.526
s_label_flip_topic,3,fadingMNB,48000,0.49
s_label_flip_topic,3,fadingMNB,49000,0.528
s_label_flip_topic,3,fadingMNB,50000,0.524
s_label_flip_topic,3,fadingMNB,51000,0.494
s_label_flip_topic,3,fadingMNB,52000,0.522
s_label_flip_topic,3,fadingMNB,53000,0.522
s_label_flip_topic,3,fadingMNB,54000,0.51
s_label_flip_topic,3,fadingMNB,55000,0.53
s_label_flip_topic,3,fadingMNB,56000,0.506
s_label_flip_topic,3,fadingMNB,57000,0.53
s_label_flip_topic,3,fadingMNB,58000,0.509
s_label_flip_topic,3,fadingMNB,59000,0.536
s_label_flip_topic,3,fadingMNB,60000,0.519
s_label_flip_topic,3,fadingMNB,61000,0.501
s_label_flip_topic,3,fadingMNB,62000,0.537
s_label_flip_topic,3,fadingMNB,63000,0.538
s_label_flip_topic,3,fadingMNB,64000,0.513
s_label_flip_topic,3,fadingMNB,65000,0.535
s_label_flip_topic,3,fadingMNB,66000,0.53
s_label_flip_topic,3,fadingMNB,67000,0.501
s_label_flip_topic,3,fadingMNB,68000,0.515
s_label_flip_topic,3,fadingMNB,69000,0.527
s_label_flip_topic,3,fadingMNB,70000,0.519
s_label_flip_topic,3,fadingMNB,71000,0.521
s_label_flip_topic,3,fadingMNB,72000,0.521
s_label_flip_topic,3,fadingMNB,73000,0.52
s_label_flip_topic,3,fadingMNB,74000,0.541
s_label_flip_topic,3,fadingMNB,75000,0.519
s_label_flip_topic,3,fadingMNB,76000,0.535
s_label_flip_topic,3,fadingMNB,77000,0.547
s_label_flip_topic,3,fadingMNB,78000,0.543
s_label_flip_topic,3,fadingMNB,79000,0.531
s_label_flip_topic,3,fadingMNB,80000,0.553
s_label_flip_topic,3,baseline-Rebuild,1000,0.618
s_label_flip_topic,3,baseline-Rebuild,2000,0.665
s_label_flip_topic,3,baseline-Rebuild,3000,0.687
s_label_flip_topic,3,baseline-Rebuild,4000,0.688
s_label_flip_topic,3,baseline-Rebuild,5000,0.705
s_label_flip_topic,3,baseline-Rebuild,6000,0.717
s_label_flip_topic,3,baseline-Rebuild,7000,0.721
s_label_flip_topic,3,baseline-Rebuild,8000,0.721
s_label_flip_topic,3,baseline-Rebuild,9000,0.725
s_label_flip_topic,3,baseline-Rebuild,10000,0.719
s_label_flip_topic,3,baseline-Rebuild,11000,0.723
s_label_flip_topic,3,baseline-Rebuild,12000,0.716
s_label_flip_topic,3,baseline-Rebuild,13000,0.704
s_label_flip_topic,3,baseline-Rebuild,14000,0.713
s_label_flip_topic,3,baseline-Rebuild,15000,0.715
s_label_flip_topic,3,baseline-Rebuild,16000,0.721
s_label_flip_topic,3,baseline-Rebuild,17000,0.726
s_label_flip_topic,3,baseline-Rebuild,18000,0.765
s_label_flip_topic,3,baseline-Rebuild,19000,0.718
s_label_flip_topic,3,baseline-Rebuild,20000,0.749
s_label_flip_topic,3,baseline-Rebuild,21000,0.74
s_label_flip_topic,3,baseline-Rebuild,22000,0.749
s_label_flip_topic,3,baseline-Rebuild,23000,0.753
s_label_flip_topic,3,baseline-Rebuild,24000,0.727
s_label_flip_topic,3,baseline-Rebuild,25000,0.745
s_label_flip_topic,3,baseline-Rebuild,26000,0.732
s_label_flip_topic,3,baseline-Rebuild,27000,0.713
s_label_flip_topic,3,baseline-Rebuild,28000,0.716
s_label_flip_topic,3,baseline-Rebuild,29000,0.761
s_label_flip_topic,3,baseline-Rebuild,30000,0.732
s_label_flip_topic,3,baseline-Rebuild,31000,0.743
s_label_flip_topic,3,baseline-Rebuild,32000,0.732
s_label_flip_topic,3,baseline-Rebuild,33000,0.75
s_label_flip_topic,3,baseline-Rebuild,34000,0.731
s_label_flip_topic,3,baseline-Rebuild,35000,0.756
s_label_flip_topic,3,baseline-Rebuild,36000,0.738
s_label_flip_topic,3,baseline-Rebuild,37000,0.74
s_label_flip_topic,3,baseline-Rebuild,38000,0.736
s_label_flip_topic,3,baseline-Rebuild,39000,0.746
s_label_flip_topic,3,baseline-Rebuild,40000,0.762
s_label_flip_topic,3,baseline-Rebuild,41000,0.508
s_label_flip_topic,3,baseline-Rebuild,42000,0.503
s_label_flip_topic,3,baseline-Rebuild,43000,0.517
s_label_flip_topic,3,baseline-Rebuild,44000,0.509
s_label_flip_topic,3,baseline-Rebuild,45000,0.547
s_label_flip_topic,3,baseline-Rebuild,46000,0.548
s_label_flip_topic,3,baseline-Rebuild,47000,0.526
s_label_flip_topic,3,baseline-Rebuild,48000,0.564
s_label_flip_topic,3,baseline-Rebuild,49000,0.546
s_label_flip_topic,3,baseline-Rebuild,50000,0.563
s_label_flip_topic,3,baseline-Rebuild,51000,0.544
s_label_flip_topic,3,baseline-Rebuild,52000,0.576
s_label_flip_topic,3,baseline-Rebuild,53000,0.544
s_label_flip_topic,3,baseline-Rebuild,54000,0.555
s_label_flip_topic,3,baseline-Rebuild,55000,0.563
s_label_flip_topic,3,baseline-Rebuild,56000,0.547
s_label_flip_topic,3,baseline-Rebuild,57000,0.55
s_label_flip_topic,3,baseline-Rebuild,58000,0.539
s_label_flip_topic,3,baseline-Rebuild,59000,0.533
s_label_flip_topic,3,baseline-Rebuild,60000,0.554
s_label_flip_topic,3,baseline-Rebuild,61000,0.531
s_label_flip_topic,3,baseline-Rebuild,62000,0.573
s_label_flip_topic,3,baseline-Rebuild,63000,0.546
s_label_flip_topic,3,baseline-Rebuild,64000,0.539
s_label_flip_topic,3,baseline-Rebuild,65000,0.549
s_label_flip_topic,3,baseline-Rebuild,66000,0.576
s_label_flip_topic,3,baseline-Rebuild,67000,0.544
s_label_flip_topic,3,baseline-Rebuild,68000,0.565
s_label_flip_topic,3,baseline-Rebuild,69000,0.573
s_label_flip_topic,3,baseline-Rebuild,70000,0.583
s_label_flip_topic,3,baseline-Rebuild,71000,0.553
s_label_flip_topic,3,baseline-Rebuild,72000,0.551
s_label_flip_topic,3,baseline-Rebuild,73000,0.537
s_label_flip_topic,3,baseline-Rebuild,74000,0.558
s_label_flip_topic,3,baseline-Rebuild,75000,0.578
s_label_flip_topic,3,baseline-Rebuild,76000,0.557
s_label_flip_topic,3,baseline-Rebuild,77000,0.573
s_label_flip_topic,3,baseline-Rebuild,78000,0.578
s_label_flip_topic,3,baseline-Rebuild,79000,0.562
s_label_flip_topic,3,baseline-Rebuild,80000,0.573
s_label_flip_topic,3,baseline-SIFR,1000,0.618
s_label_flip_topic,3,baseline-SIFR,2000,0.665
s_label_flip_topic,3,baseline-SIFR,3000,0.687
s_label_flip_topic,3,baseline-SIFR,4000,0.688
s_label_flip_topic,3,baseline-SIFR,5000,0.705
s_label_flip_topic,3,baseline-SIFR,6000,0.717
s_label_flip_topic,3,baseline-SIFR,7000,0.721
s_label_flip_topic,3,baseline-SIFR,8000,0.721
s_label_flip_topic,3,baseline-SIFR,9000,0.725
s_label_flip_topic,3,baseline-SIFR,10000,0.719
s_label_flip_topic,3,baseline-SIFR,11000,0.723
s_label_flip_topic,3,baseline-SIFR,12000,0.716
s_label_flip_topic,3,baseline-SIFR,13000,0.704
s_label_flip_topic,3,baseline-SIFR,14000,0.713
s_label_flip_topic,3,baseline-SIFR,15000,0.715
s_label_flip_topic,3,baseline-SIFR,16000,0.721
s_label_flip_topic,3,baseline-SIFR,17000,0.726
s_label_flip_topic,3,baseline-SIFR,18000,0.765
s_label_flip_topic,3,baseline-SIFR,19000,0.718
s_label_flip_topic,3,baseline-SIFR,20000,0.749
s_label_flip_topic,3,baseline-SIFR,21000,0.74
s_label_flip_topic,3,baseline-SIFR,22000,0.749
s_label_flip_topic,3,baseline-SIFR,23000,0.753
s_label_flip_topic,3,baseline-SIFR,24000,0.727
s_label_flip_topic,3,baseline-SIFR,25000,0.745
s_label_flip_topic,3,baseline-SIFR,26000,0.732
s_label_flip_topic,3,baseline-SIFR,27000,0.713
s_label_flip_topic,3,baseline-SIFR,28000,0.716
s_label_flip_topic,3,baseline-SIFR,29000,0.761
s_label_flip_topic,3,baseline-SIFR,30000,0.732
s_label_flip_topic,3,baseline-SIFR,31000,0.743
s_label_flip_topic,3,baseline-SIFR,32000,0.732
s_label_flip_topic,3,baseline-SIFR,33000,0.75
s_label_flip_topic,3,baseline-SIFR,34000,0.731
s_label_flip_topic,3,baseline-SIFR,35000,0.756
s_label_flip_topic,3,baseline-SIFR,36000,0.738
s_label_flip_topic,3,baseline-SIFR,37000,0.74
s_label_flip_topic,3,baseline-SIFR,38000,0.736
s_label_flip_topic,3,baseline-SIFR,39000,0.746
s_label_flip_topic,3,baseline-SIFR,40000,0.762
s_label_flip_topic,3,baseline-SIFR,41000,0.508
s_label_flip_topic,3,baseline-SIFR,42000,0.503
s_label_flip_topic,3,baseline-SIFR,43000,0.517
s_label_flip_topic,3,baseline-SIFR,44000,0.509
s_label_flip_topic,3,baseline-SIFR,45000,0.531
s_label_flip_topic,3,baseline-SIFR,46000,0.512
s_label_flip_topic,3,baseline-SIFR,47000,0.518
s_label_flip_topic,3,baseline-SIFR,48000,0.503
s_label_flip_topic,3,baseline-SIFR,49000,0.521
s_label_flip_topic,3,baseline-SIFR,50000,0.53
s_label_flip_topic,3,baseline-SIFR,51000,0.49
s_label_flip_topic,3,baseline-SIFR,52000,0.524
s_label_flip_topic,3,baseline-SIFR,53000,0.521
s_label_flip_topic,3,baseline-SIFR,54000,0.503
s_label_flip_topic,3,baseline-SIFR,55000,0.532
s_label_flip_topic,3,baseline-SIFR,56000,0.513
s_label_flip_topic,3,baseline-SIFR,57000,0.515
s_label_flip_topic,3,baseline-SIFR,58000,0.51
s_label_flip_topic,3,baseline-SIFR,59000,0.541
s_label_flip_topic,3,baseline-SIFR,60000,0.514
s_label_flip_topic,3,baseline-SIFR,61000,0.502
s_label_flip_topic,3,baseline-SIFR,62000,0.537
s_label_flip_topic,3,baseline-SIFR,63000,0.532
s_label_flip_topic,3,baseline-SIFR,64000,0.502
s_label_flip_topic,3,baseline-SIFR,65000,0.525
s_label_flip_topic,3,baseline-SIFR,66000,0.535
s_label_flip_topic,3,baseline-SIFR,67000,0.514
s_label_flip_topic,3,baseline-SIFR,68000,0.52
s_label_flip_topic,3,baseline-SIFR,69000,0.524
s_label_flip_topic,3,baseline-SIFR,70000,0.517
s_label_flip_topic,3,baseline-SIFR,71000,0.525
s_label_flip_topic,3,baseline-SIFR,72000,0.519
s_label_flip_topic,3,baseline-SIFR,73000,0.518
s_label_flip_topic,3,baseline-SIFR,74000,0.536
s_label_flip_topic,3,baseline-SIFR,75000,0.513
s_label_flip_topic,3,baseline-SIFR,76000,0.54
s_label_flip_topic,3,baseline-SIFR,77000,0.555
s_label_flip_topic,3,baseline-SIFR,78000,0.548
s_label_flip_topic,3,baseline-SIFR,79000,0.528
s_label_flip_topic,3,baseline-SIFR,80000,0.554
s_label_flip_topic,3,enhanced-adwin_only,1000,0.618
s_label_flip_topic,3,enhanced-adwin_only,2000,0.665
s_label_flip_topic,3,enhanced-adwin_only,3000,0.687
s_label_flip_topic,3,enhanced-adwin_only,4000,0.688
s_label_flip_topic,3,enhanced-adwin_only,5000,0.705
s_label_flip_topic,3,enhanced-adwin_only,6000,0.717
s_label_flip_topic,3,enhanced-adwin_only,7000,0.721
s_label_flip_topic,3,enhanced-adwin_only,8000,0.721
s_label_flip_topic,3,enhanced-adwin_only,9000,0.725
s_label_flip_topic,3,enhanced-adwin_only,10000,0.719
s_label_flip_topic,3,enhanced-adwin_only,11000,0.723
s_label_flip_topic,3,enhanced-adwin_only,12000,0.716
s_label_flip_topic,3,enhanced-adwin_only,13000,0.704
s_label_flip_topic,3,enhanced-adwin_only,14000,0.713
s_label_flip_topic,3,enhanced-adwin_only,15000,0.715
s_label_flip_topic,3,enhanced-adwin_only,16000,0.721
s_label_flip_topic,3,enhanced-adwin_only,17000,0.726
s_label_flip_topic,3,enhanced-adwin_only,18000,0.765
s_label_flip_topic,3,enhanced-adwin_only,19000,0.718
s_label_flip_topic,3,enhanced-adwin_only,20000,0.749
s_label_flip_topic,3,enhanced-adwin_only,21000,0.74
s_label_flip_topic,3,enhanced-adwin_only,22000,0.749
s_label_flip_topic,3,enhanced-adwin_only,23000,0.753
s_label_flip_topic,3,enhanced-adwin_only,24000,0.727
s_label_flip_topic,3,enhanced-adwin_only,25000,0.745
s_label_flip_topic,3,enhanced-adwin_only,26000,0.732
s_label_flip_topic,3,enhanced-adwin_only,27000,0.713
s_label_flip_topic,3,enhanced-adwin_only,28000,0.716
s_label_flip_topic,3,enhanced-adwin_only,29000,0.761
s_label_flip_topic,3,enhanced-adwin_only,30000,0.732
s_label_flip_topic,3,enhanced-adwin_only,31000,0.743
s_label_flip_topic,3,enhanced-adwin_only,32000,0.732
s_label_flip_topic,3,enhanced-adwin_only,33000,0.75
s_label_flip_topic,3,enhanced-adwin_only,34000,0.731
s_label_flip_topic,3,enhanced-adwin_only,35000,0.756
s_label_flip_topic,3,enhanced-adwin_only,36000,0.738
s_label_flip_topic,3,enhanced-adwin_only,37000,0.74
s_label_flip_topic,3,enhanced-adwin_only,38000,0.736
s_label_flip_topic,3,enhanced-adwin_only,39000,0.746
s_label_flip_topic,3,enhanced-adwin_only,40000,0.762
s_label_flip_topic,3,enhanced-adwin_only,41000,0.518
s_label_flip_topic,3,enhanced-adwin_only,42000,0.547
s_label_flip_topic,3,enhanced-adwin_only,43000,0.534
s_label_flip_topic,3,enhanced-adwin_only,44000,0.537
s_label_flip_topic,3,enhanced-adwin_only,45000,0.555
s_label_flip_topic,3,enhanced-adwin_only,46000,0.558
s_label_flip_topic,3,enhanced-adwin_only,47000,0.534
s_label_flip_topic,3,enhanced-adwin_only,48000,0.574
s_label_flip_topic,3,enhanced-adwin_only,49000,0.553
s_label_flip_topic,3,enhanced-adwin_only,50000,0.565
s_label_flip_topic,3,enhanced-adwin_only,51000,0.545
s_label_flip_topic,3,enhanced-adwin_only,52000,0.58
s_label_flip_topic,3,enhanced-adwin_only,53000,0.544
s_label_flip_topic,3,enhanced-adwin_only,54000,0.559
s_label_flip_topic,3,enhanced-adwin_only,55000,0.566
s_label_flip_topic,3,enhanced-adwin_only,56000,0.553
s_label_flip_topic,3,enhanced-adwin_only,57000,0.558
s_label_flip_topic,3,enhanced-adwin_only,58000,0.558
s_label_flip_topic,3,enhanced-adwin_only,59000,0.536
s_label_flip_topic,3,enhanced-adwin_only,60000,0.571
s_label_flip_topic,3,enhanced-adwin_only,61000,0.546
s_label_flip_topic,3,enhanced-adwin_only,62000,0.574
s_label_flip_topic,3,enhanced-adwin_only,63000,0.557
s_label_flip_topic,3,enhanced-adwin_only,64000,0.559
s_label_flip_topic,3,enhanced-adwin_only,65000,0.551
s_label_flip_topic,3,enhanced-adwin_only,66000,0.603
s_label_flip_topic,3,enhanced-adwin_only,67000,0.556
s_label_flip_topic,3,enhanced-adwin_only,68000,0.549
s_label_flip_topic,3,enhanced-adwin_only,69000,0.567
s_label_flip_topic,3,enhanced-adwin_only,70000,0.6
s_label_flip_topic,3,enhanced-adwin_only,71000,0.564
s_label_flip_topic,3,enhanced-adwin_only,72000,0.57
s_label_flip_topic,3,enhanced-adwin_only,73000,0.564
s_label_flip_topic,3,enhanced-adwin_only,74000,0.558
s_label_flip_topic,3,enhanced-adwin_only,75000,0.569
s_label_flip_topic,3,enhanced-adwin_only,76000,0.578
s_label_flip_topic,3,enhanced-adwin_only,77000,0.586
s_label_flip_topic,3,enhanced-adwin_only,78000,0.568
s_label_flip_topic,3,enhanced-adwin_only,79000,0.549
s_label_flip_topic,3,enhanced-adwin_only,80000,0.577
s_label_flip_topic,3,enhanced-or,1000,0.618
s_label_flip_topic,3,enhanced-or,2000,0.665
s_label_flip_topic,3,enhanced-or,3000,0.687
s_label_flip_topic,3,enhanced-or,4000,0.688
s_label_flip_topic,3,enhanced-or,5000,0.705
s_label_flip_topic,3,enhanced-or,6000,0.717
s_label_flip_topic,3,enhanced-or,7000,0.721
s_label_flip_topic,3,enhanced-or,8000,0.721
s_label_flip_topic,3,enhanced-or,9000,0.725
s_label_flip_topic,3,enhanced-or,10000,0.719
s_label_flip_topic,3,enhanced-or,11000,0.723
s_label_flip_topic,3,enhanced-or,12000,0.716
s_label_flip_topic,3,enhanced-or,13000,0.704
s_label_flip_topic,3,enhanced-or,14000,0.713
s_label_flip_topic,3,enhanced-or,15000,0.715
s_label_flip_topic,3,enhanced-or,16000,0.721
s_label_flip_topic,3,enhanced-or,17000,0.726
s_label_flip_topic,3,enhanced-or,18000,0.765
s_label_flip_topic,3,enhanced-or,19000,0.718
s_label_flip_topic,3,enhanced-or,20000,0.749
s_label_flip_topic,3,enhanced-or,21000,0.74
s_label_flip_topic,3,enhanced-or,22000,0.749
s_label_flip_topic,3,enhanced-or,23000,0.753
s_label_flip_topic,3,enhanced-or,24000,0.727
s_label_flip_topic,3,enhanced-or,25000,0.745
s_label_flip_topic,3,enhanced-or,26000,0.732
s_label_flip_topic,3,enhanced-or,27000,0.713
s_label_flip_topic,3,enhanced-or,28000,0.716
s_label_flip_topic,3,enhanced-or,29000,0.761
s_label_flip_topic,3,enhanced-or,30000,0.732
s_label_flip_topic,3,enhanced-or,31000,0.743
s_label_flip_topic,3,enhanced-or,32000,0.732
s_label_flip_topic,3,enhanced-or,33000,0.75
s_label_flip_topic,3,enhanced-or,34000,0.731
s_label_flip_topic,3,enhanced-or,35000,0.756
s_label_flip_topic,3,enhanced-or,36000,0.738
s_label_flip_topic,3,enhanced-or,37000,0.74
s_label_flip_topic,3,enhanced-or,38000,0.736
s_label_flip_topic,3,enhanced-or,39000,0.746
s_label_flip_topic,3,enhanced-or,40000,0.762
s_label_flip_topic,3,enhanced-or,41000,0.518
s_label_flip_topic,3,enhanced-or,42000,0.547
s_label_flip_topic,3,enhanced-or,43000,0.534
s_label_flip_topic,3,enhanced-or,44000,0.537
s_label_flip_topic,3,enhanced-or,45000,0.547
s_label_flip_topic,3,enhanced-or,46000,0.548
s_label_flip_topic,3,enhanced-or,47000,0.526
s_label_flip_topic,3,enhanced-or,48000,0.564
s_label_flip_topic,3,enhanced-or,49000,0.546
s_label_flip_topic,3,enhanced-or,50000,0.563
s_label_flip_topic,3,enhanced-or,51000,0.544
s_label_flip_topic,3,enhanced-or,52000,0.576
s_label_flip_topic,3,enhanced-or,53000,0.544
s_label_flip_topic,3,enhanced-or,54000,0.555
s_label_flip_topic,3,enhanced-or,55000,0.563
s_label_flip_topic,3,enhanced-or,56000,0.547
s_label_flip_topic,3,enhanced-or,57000,0.55
s_label_flip_topic,3,enhanced-or,58000,0.539
s_label_flip_topic,3,enhanced-or,59000,0.533
s_label_flip_topic,3,enhanced-or,60000,0.554
s_label_flip_topic,3,enhanced-or,61000,0.531
s_label_flip_topic,3,enhanced-or,62000,0.573
s_label_flip_topic,3,enhanced-or,63000,0.546
s_label_flip_topic,3,enhanced-or,64000,0.539
s_label_flip_topic,3,enhanced-or,65000,0.549
s_label_flip_topic,3,enhanced-or,66000,0.576
s_label_flip_topic,3,enhanced-or,67000,0.544
s_label_flip_topic,3,enhanced-or,68000,0.565
s_label_flip_topic,3,enhanced-or,69000,0.573
s_label_flip_topic,3,enhanced-or,70000,0.583
s_label_flip_topic,3,enhanced-or,71000,0.553
s_label_flip_topic,3,enhanced-or,72000,0.551
s_label_flip_topic,3,enhanced-or,73000,0.537
s_label_flip_topic,3,enhanced-or,74000,0.558
s_label_flip_topic,3,enhanced-or,75000,0.578
s_label_flip_topic,3,enhanced-or,76000,0.557
s_label_flip_topic,3,enhanced-or,77000,0.573
s_label_flip_topic,3,enhanced-or,78000,0.578
s_label_flip_topic,3,enhanced-or,79000,0.562
s_label_flip_topic,3,enhanced-or,80000,0.573
s_label_flip_topic,3,enhanced-and,1000,0.618
s_label_flip_topic,3,enhanced-and,2000,0.665
s_label_flip_topic,3,enhanced-and,3000,0.687
s_label_flip_topic,3,enhanced-and,4000,0.688
s_label_flip_topic,3,enhanced-and,5000,0.705
s_label_flip_topic,3,enhanced-and,6000,0.717
s_label_flip_topic,3,enhanced-and,7000,0.721
s_label_flip_topic,3,enhanced-and,8000,0.721
s_label_flip_topic,3,enhanced-and,9000,0.725
s_label_flip_topic,3,enhanced-and,10000,0.719
s_label_flip_topic,3,enhanced-and,11000,0.723
s_label_flip_topic,3,enhanced-and,12000,0.716
s_label_flip_topic,3,enhanced-and,13000,0.704
s_label_flip_topic,3,enhanced-and,14000,0.713
s_label_flip_topic,3,enhanced-and,15000,0.715
s_label_flip_topic,3,enhanced-and,16000,0.721
s_label_flip_topic,3,enhanced-and,17000,0.726
s_label_flip_topic,3,enhanced-and,18000,0.765
s_label_flip_topic,3,enhanced-and,19000,0.718
s_label_flip_topic,3,enhanced-and,20000,0.749
s_label_flip_topic,3,enhanced-and,21000,0.74
s_label_flip_topic,3,enhanced-and,22000,0.749
s_label_flip_topic,3,enhanced-and,23000,0.753
s_label_flip_topic,3,enhanced-and,24000,0.727
s_label_flip_topic,3,enhanced-and,25000,0.745
s_label_flip_topic,3,enhanced-and,26000,0.732
s_label_flip_topic,3,enhanced-and,27000,0.713
s_label_flip_topic,3,enhanced-and,28000,0.716
s_label_flip_topic,3,enhanced-and,29000,0.761
s_label_flip_topic,3,enhanced-and,30000,0.732
s_label_flip_topic,3,enhanced-and,31000,0.743
s_label_flip_topic,3,enhanced-and,32000,0.732
s_label_flip_topic,3,enhanced-and,33000,0.75
s_label_flip_topic,3,enhanced-and,34000,0.731
s_label_flip_topic,3,enhanced-and,35000,0.756
s_label_flip_topic,3,enhanced-and,36000,0.738
s_label_flip_topic,3,enhanced-and,37000,0.74
s_label_flip_topic,3,enhanced-and,38000,0.736
s_label_flip_topic,3,enhanced-and,39000,0.746
s_label_flip_topic,3,enhanced-and,40000,0.762
s_label_flip_topic,3,enhanced-and,41000,0.508
s_label_flip_topic,3,enhanced-and,42000,0.503
s_label_flip_topic,3,enhanced-and,43000,0.517
s_label_flip_topic,3,enhanced-and,44000,0.509
s_label_flip_topic,3,enhanced-and,45000,0.547
s_label_flip_topic,3,enhanced-and,46000,0.548
s_label_flip_topic,3,enhanced-and,47000,0.526
s_label_flip_topic,3,enhanced-and,48000,0.564
s_label_flip_topic,3,enhanced-and,49000,0.546
s_label_flip_topic,3,enhanced-and,50000,0.563
s_label_flip_topic,3,enhanced-and,51000,0.544
s_label_flip_topic,3,enhanced-and,52000,0.576
s_label_flip_topic,3,enhanced-and,53000,0.544
s_label_flip_topic,3,enhanced-and,54000,0.555
s_label_flip_topic,3,enhanced-and,55000,0.563
s_label_flip_topic,3,enhanced-and,56000,0.547
s_label_flip_topic,3,enhanced-and,57000,0.55
s_label_flip_topic,3,enhanced-and,58000,0.562
s_label_flip_topic,3,enhanced-and,59000,0.539
s_label_flip_topic,3,enhanced-and,60000,0.57
s_label_flip_topic,3,enhanced-and,61000,0.55
s_label_flip_topic,3,enhanced-and,62000,0.57
s_label_flip_topic,3,enhanced-and,63000,0.555
s_label_flip_topic,3,enhanced-and,64000,0.558
s_label_flip_topic,3,enhanced-and,65000,0.553
s_label_flip_topic,3,enhanced-and,66000,0.601
s_label_flip_topic,3,enhanced-and,67000,0.561
s_label_flip_topic,3,enhanced-and,68000,0.554
s_label_flip_topic,3,enhanced-and,69000,0.565
s_label_flip_topic,3,enhanced-and,70000,0.598
s_label_flip_topic,3,enhanced-and,71000,0.56
s_label_flip_topic,3,enhanced-and,72000,0.571
s_label_flip_topic,3,enhanced-and,73000,0.565
s_label_flip_topic,3,enhanced-and,74000,0.556
s_label_flip_topic,3,enhanced-and,75000,0.57
s_label_flip_topic,3,enhanced-and,76000,0.573
s_label_flip_topic,3,enhanced-and,77000,0.588
s_label_flip_topic,3,enhanced-and,78000,0.57
s_label_flip_topic,3,enhanced-and,79000,0.552
s_label_flip_topic,3,enhanced-and,80000,0.575
s_label_flip_topic,4,accumulativeMNB,1000,0.642
s_label_flip_topic,4,accumulativeMNB,2000,0.677
s_label_flip_topic,4,accumulativeMNB,3000,0.707
s_label_flip_topic,4,accumulativeMNB,4000,0.679
s_label_flip_topic,4,accumulativeMNB,5000,0.722
s_label_flip_topic,4,accumulativeMNB,6000,0.725
s_label_flip_topic,4,accumulativeMNB,7000,0.692
s_label_flip_topic,4,accumulativeMNB,8000,0.709
s_label_flip_topic,4,accumulativeMNB,9000,0.716
s_label_flip_topic,4,accumulativeMNB,10000,0.711
s_label_flip_topic,4,accumulativeMNB,11000,0.713
s_label_flip_topic,4,accumulativeMNB,12000,0.726
s_label_flip_topic,4,accumulativeMNB,13000,0.714
s_label_flip_topic,4,accumulativeMNB,14000,0.731
s_label_flip_topic,4,accumulativeMNB,15000,0.746
s_label_flip_topic,4,accumulativeMNB,16000,0.726
s_label_flip_topic,4,accumulativeMNB,17000,0.728
s_label_flip_topic,4,accumulativeMNB,18000,0.72
s_label_flip_topic,4,accumulativeMNB,19000,0.734
s_label_flip_topic,4,accumulativeMNB,20000,0.711
s_label_flip_topic,4,accumulativeMNB,21000,0.731
s_label_flip_topic,4,accumulativeMNB,22000,0.729
s_label_flip_topic,4,accumulativeMNB,23000,0.75
s_label_flip_topic,4,accumulativeMNB,24000,0.742
s_label_flip_topic,4,accumulativeMNB,25000,0.723
s_label_flip_topic,4,accumulativeMNB,26000,0.741
s_label_flip_topic,4,accumulativeMNB,27000,0.741
s_label_flip_topic,4,accumulativeMNB,28000,0.747
s_label_flip_topic,4,accumulativeMNB,29000,0.742
s_label_flip_topic,4,accumulativeMNB,30000,0.74
s_label_flip_topic,4,accumulativeMNB,31000,0.734
s_label_flip_topic,4,accumulativeMNB,32000,0.733
s_label_flip_topic,4,accumulativeMNB,33000,0.74
s_label_flip_topic,4,accumulativeMNB,34000,0.755
s_label_flip_topic,4,accumulativeMNB,35000,0.735
s_label_flip_topic,4,accumulativeMNB,36000,0.747
s_label_flip_topic,4,accumulativeMNB,37000,0.734
s_label_flip_topic,4,accumulativeMNB,38000,0.758
s_label_flip_topic,4,accumulativeMNB,39000,0.734
s_label_flip_topic,4,accumulativeMNB,40000,0.741
s_label_flip_topic,4,accumulativeMNB,41000,0.522
s_label_flip_topic,4,accumulativeMNB,42000,0.543
s_label_flip_topic,4,accumulativeMNB,43000,0.483
s_label_flip_topic,4,accumulativeMNB,44000,0.519
s_label_flip_topic,4,accumulativeMNB,45000,0.494
s_label_flip_topic,4,accumulativeMNB,46000,0.509
s_label_flip_topic,4,accumulativeMNB,47000,0.499
s_label_flip_topic,4,accumulativeMNB,48000,0.527
s_label_flip_topic,4,accumulativeMNB,49000,0.492
s_label_flip_topic,4,accumulativeMNB,50000,0.495
s_label_flip_topic,4,accumulativeMNB,51000,0.503
s_label_flip_topic,4,accumulativeMNB,52000,0.528
s_label_flip_topic,4,accumulativeMNB,53000,0.496
s_label_flip_topic,4,accumulativeMNB,54000,0.519
s_label_flip_topic,4,accumulativeMNB,55000,0.517
s_label_flip_topic,4,accumulativeMNB,56000,0.538
s_label_flip_topic,4,accumulativeMNB,57000,0.501
s_label_flip_topic,4,accumulativeMNB,58000,0.506
s_label_flip_topic,4,accumulativeMNB,59000,0.54
s_label_flip_topic,4,accumulativeMNB,60000,0.528
s_label_flip_topic,4,accumulativeMNB,61000,0.506
s_label_flip_topic,4,accumulativeMNB,62000,0.547
s_label_flip_topic,4,accumulativeMNB,63000,0.515
s_label_flip_topic,4,accumulativeMNB,64000,0.537
s_label_flip_topic,4,accumulativeMNB,65000,0.506
s_label_flip_topic,4,accumulativeMNB,66000,0.511
s_label_flip_topic,4,accumulativeMNB,67000,0.536
s_label_flip_topic,4,accumulativeMNB,68000,0.536
s_label_flip_topic,4,accumulativeMNB,69000,0.506
s_label_flip_topic,4,accumulativeMNB,70000,0.509
s_label_flip_topic,4,accumulativeMNB,71000,0.524
s_label_flip_topic,4,accumulativeMNB,72000,0.529
s_label_flip_topic,4,accumulativeMNB,73000,0.51
s_label_flip_topic,4,accumulativeMNB,74000,0.51
s_label_flip_topic,4,accumulativeMNB,75000,0.546
s_label_flip_topic,4,accumulativeMNB,76000,0.545
s_label_flip_topic,4,accumulativeMNB,77000,0.526
s_label_flip_topic,4,accumulativeMNB,78000,0.527
s_label_flip_topic,4,accumulativeMNB,79000,0.507
s_label_flip_topic,4,accumulativeMNB,80000,0.525
s_label_flip_topic,4,fadingMNB,1000,0.645
s_label_flip_topic,4,fadingMNB,2000,0.678
s_label_flip_topic,4,fadingMNB,3000,0.706
s_label_flip_topic,4,fadingMNB,4000,0.68
s_label_flip_topic,4,fadingMNB,5000,0.726
s_label_flip_topic,4,fadingMNB,6000,0.727
s_label_flip_topic,4,fadingMNB,7000,0.692
s_label_flip_topic,4,fadingMNB,8000,0.713
s_label_flip_topic,4,fadingMNB,9000,0.718
s_label_flip_topic,4,fadingMNB,10000,0.712
s_label_flip_topic,4,fadingMNB,11000,0.724
s_label_flip_topic,4,fadingMNB,12000,0.726
s_label_flip_topic,4,fadingMNB,13000,0.727
s_label_flip_topic,4,fadingMNB,14000,0.738
s_label_flip_topic,4,fadingMNB,15000,0.749
s_label_flip_topic,4,fadingMNB,16000,0.733
s_label_flip_topic,4,fadingMNB,17000,0.728
s_label_flip_topic,4,fadingMNB,18000,0.721
s_label_flip_topic,4,fadingMNB,19000,0.74
s_label_flip_topic,4,fadingMNB,20000,0.716
s_label_flip_topic,4,fadingMNB,21000,0.716
s_label_flip_topic,4,fadingMNB,22000,0.722
s_label_flip_topic,4,fadingMNB,23000,0.745
s_label_flip_topic,4,fadingMNB,24000,0.743
s_label_flip_topic,4,fadingMNB,25000,0.728
s_label_flip_topic,4,fadingMNB,26000,0.744
s_label_flip_topic,4,fadingMNB,27000,0.745
s_label_flip_topic,4,fadingMNB,28000,0.749
s_label_flip_topic,4,fadingMNB,29000,0.748
s_label_flip_topic,4,fadingMNB,30000,0.745
s_label_flip_topic,4,fadingMNB,31000,0.736
s_label_flip_topic,4,fadingMNB,32000,0.734
s_label_flip_topic,4,fadingMNB,33000,0.738
s_label_flip_topic,4,fadingMNB,34000,0.762
s_label_flip_topic,4,fadingMNB,35000,0.739
s_label_flip_topic,4,fadingMNB,36000,0.754
s_label_flip_topic,4,fadingMNB,37000,0.742
s_label_flip_topic,4,fadingMNB,38000,0.751
s_label_flip_topic,4,fadingMNB,39000,0.718
s_label_flip_topic,4,fadingMNB,40000,0.74
s_label_flip_topic,4,fadingMNB,41000,0.522
s_label_flip_topic,4,fadingMNB,42000,0.54
s_label_flip_topic,4,fadingMNB,43000,0.491
s_label_flip_topic,4,fadingMNB,44000,0.52
s_label_flip_topic,4,fadingMNB,45000,0.488
s_label_flip_topic,4,fadingMNB,46000,0.502
s_label_flip_topic,4,fadingMNB,47000,0.507
s_label_flip_topic,4,fadingMNB,48000,0.51
s_label_flip_topic,4,fadingMNB,49000,0.496
s_label_flip_topic,4,fadingMNB,50000,0.49
s_label_flip_topic,4,fadingMNB,51000,0.504
s_label_flip_topic,4,fadingMNB,52000,0.524
s_label_flip_topic,4,fadingMNB,53000,0.478
s_label_flip_topic,4,fadingMNB,54000,0.516
s_label_flip_topic,4,fadingMNB,55000,0.501
s_label_flip_topic,4,fadingMNB,56000,0.527
s_label_flip_topic,4,fadingMNB,57000,0.495
s_label_flip_topic,4,fadingMNB,58000,0.509
s_label_flip_topic,4,fadingMNB,59000,0.539
s_label_flip_topic,4,fadingMNB,60000,0.536
s_label_flip_topic,4,fadingMNB,61000,0.523
s_label_flip_topic,4,fadingMNB,62000,0.536
s_label_flip_topic,4,fadingMNB,63000,0.506
s_label_flip_topic,4,fadingMNB,64000,0.531
s_label_flip_topic,4,fadingMNB,65000,0.512
s_label_flip_topic,4,fadingMNB,66000,0.528
s_label_flip_topic,4,fadingMNB,67000,0.522
s_label_flip_topic,4,fadingMNB,68000,0.54
s_label_flip_topic,4,fadingMNB,69000,0.506
s_label_flip_topic,4,fadingMNB,70000,0.508
s_label_flip_topic,4,fadingMNB,71000,0.532
s_label_flip_topic,4,fadingMNB,72000,0.519
s_label_flip_topic,4,fadingMNB,73000,0.513
s_label_flip_topic,4,fadingMNB,74000,0.495
s_label_flip_topic,4,fadingMNB,75000,0.535
s_label_flip_topic,4,fadingMNB,76000,0.55
s_label_flip_topic,4,fadingMNB,77000,0.517
s_label_flip_topic,4,fadingMNB,78000,0.522
s_label_flip_topic,4,fadingMNB,79000,0.503
s_label_flip_topic,4,fadingMNB,80000,0.551
s_label_flip_topic,4,baseline-Rebuild,1000,0.642
s_label_flip_topic,4,baseline-Rebuild,2000,0.677
s_label_flip_topic,4,baseline-Rebuild,3000,0.707
s_label_flip_topic,4,baseline-Rebuild,4000,0.679
s_label_flip_topic,4,baseline-Rebuild,5000,0.722
s_label_flip_topic,4,baseline-Rebuild,6000,0.725
s_label_flip_topic,4,baseline-Rebuild,7000,0.692
s_label_flip_topic,4,baseline-Rebuild,8000,0.709
s_label_flip_topic,4,baseline-Rebuild,9000,0.716
s_label_flip_topic,4,baseline-Rebuild,10000,0.711
s_label_flip_topic,4,baseline-Rebuild,11000,0.713
s_label_flip_topic,4,baseline-Rebuild,12000,0.726
s_label_flip_topic,4,baseline-Rebuild,13000,0.714
s_label_flip_topic,4,baseline-Rebuild,14000,0.731
s_label_flip_topic,4,baseline-Rebuild,15000,0.746
s_label_flip_topic,4,baseline-Rebuild,16000,0.726
s_label_flip_topic,4,baseline-Rebuild,17000,0.728
s_label_flip_topic,4,baseline-Rebuild,18000,0.72
s_label_flip_topic,4,baseline-Rebuild,19000,0.734
s_label_flip_topic,4,baseline-Rebuild,20000,0.711
s_label_flip_topic,4,baseline-Rebuild,21000,0.701
s_label_flip_topic,4,baseline-Rebuild,22000,0.699
s_label_flip_topic,4,baseline-Rebuild,23000,0.726
s_label_flip_topic,4,baseline-Rebuild,24000,0.722
s_label_flip_topic,4,baseline-Rebuild,25000,0.713
s_label_flip_topic,4,baseline-Rebuild,26000,0.751
s_label_flip_topic,4,baseline-Rebuild,27000,0.706
s_label_flip_topic,4,baseline-Rebuild,28000,0.722
s_label_flip_topic,4,baseline-Rebuild,29000,0.733
s_label_flip_topic,4,baseline-Rebuild,30000,0.74
s_label_flip_topic,4,baseline-Rebuild,31000,0.716
s_label_flip_topic,4,baseline-Rebuild,32000,0.736
s_label_flip_topic,4,baseline-Rebuild,33000,0.706
s_label_flip_topic,4,baseline-Rebuild,34000,0.723
s_label_flip_topic,4,baseline-Rebuild,35000,0.73
s_label_flip_topic,4,baseline-Rebuild,36000,0.73
s_label_flip_topic,4,baseline-Rebuild,37000,0.689
s_label_flip_topic,4,baseline-Rebuild,38000,0.714
s_label_flip_topic,4,baseline-Rebuild,39000,0.71
s_label_flip_topic,4,baseline-Rebuild,40000,0.728
s_label_flip_topic,4,baseline-Rebuild,41000,0.526
s_label_flip_topic,4,baseline-Rebuild,42000,0.551
s_label_flip_topic,4,baseline-Rebuild,43000,0.486
s_label_flip_topic,4,baseline-Rebuild,44000,0.517
s_label_flip_topic,4,baseline-Rebuild,45000,0.528
s_label_flip_topic,4,baseline-Rebuild,46000,0.537
s_label_flip_topic,4,baseline-Rebuild,47000,0.528
s_label_flip_topic,4,baseline-Rebuild,48000,0.555
s_label_flip_topic,4,baseline-Rebuild,49000,0.559
s_label_flip_topic,4,baseline-Rebuild,50000,0.527
s_label_flip_topic,4,baseline-Rebuild,51000,0.537
s_label_flip_topic,4,baseline-Rebuild,52000,0.557
s_label_flip_topic,4,baseline-Rebuild,53000,0.528
s_label_flip_topic,4,baseline-Rebuild,54000,0.538
s_label_flip_topic,4,baseline-Rebuild,55000,0.546
s_label_flip_topic,4,baseline-Rebuild,56000,0.576
s_label_flip_topic,4,baseline-Rebuild,57000,0.535
s_label_flip_topic,4,baseline-Rebuild,58000,0.543
s_label_flip_topic,4,baseline-Rebuild,59000,0.563
s_label_flip_topic,4,baseline-Rebuild,60000,0.556
s_label_flip_topic,4,baseline-Rebuild,61000,0.558
s_label_flip_topic,4,baseline-Rebuild,62000,0.537
s_label_flip_topic,4,baseline-Rebuild,63000,0.546
s_label_flip_topic,4,baseline-Rebuild,64000,0.558
s_label_flip_topic,4,baseline-Rebuild,65000,0.552
s_label_flip_topic,4,baseline-Rebuild,66000,0.57
s_label_flip_topic,4,baseline-Rebuild,67000,0.545
s_label_flip_topic,4,baseline-Rebuild,68000,0.599
s_label_flip_topic,4,baseline-Rebuild,69000,0.542
s_label_flip_topic,4,baseline-Rebuild,70000,0.546
s_label_flip_topic,4,baseline-Rebuild,71000,0.547
s_label_flip_topic,4,baseline-Rebuild,72000,0.534
s_label_flip_topic,4,baseline-Rebuild,73000,0.565
s_label_flip_topic,4,baseline-Rebuild,74000,0.562
s_label_flip_topic,4,baseline-Rebuild,75000,0.557
s_label_flip_topic,4,baseline-Rebuild,76000,0.571
s_label_flip_topic,4,baseline-Rebuild,77000,0.572
s_label_flip_topic,4,baseline-Rebuild,78000,0.522
s_label_flip_topic,4,baseline-Rebuild,79000,0.574
s_label_flip_topic,4,baseline-Rebuild,80000,0.578
s_label_flip_topic,4,baseline-SIFR,1000,0.642
s_label_flip_topic,4,baseline-SIFR,2000,0.677
s_label_flip_topic,4,baseline-SIFR,3000,0.707
s_label_flip_topic,4,baseline-SIFR,4000,0.679
s_label_flip_topic,4,baseline-SIFR,5000,0.722
s_label_flip_topic,4,baseline-SIFR,6000,0.725
s_label_flip_topic,4,baseline-SIFR,7000,0.692
s_label_flip_topic,4,baseline-SIFR,8000,0.709
s_label_flip_topic,4,baseline-SIFR,9000,0.716
s_label_flip_topic,4,baseline-SIFR,10000,0.711
s_label_flip_topic,4,baseline-SIFR,11000,0.713
s_label_flip_topic,4,baseline-SIFR,12000,0.726
s_label_flip_topic,4,baseline-SIFR,13000,0.714
s_label_flip_topic,4,baseline-SIFR,14000,0.731
s_label_flip_topic,4,baseline-SIFR,15000,0.746
s_label_flip_topic,4,baseline-SIFR,16000,0.726
s_label_flip_topic,4,baseline-SIFR,17000,0.728
s_label_flip_topic,4,baseline-SIFR,18000,0.72
s_label_flip_topic,4,baseline-SIFR,19000,0.734
s_label_flip_topic,4,baseline-SIFR,20000,0.711
s_label_flip_topic,4,baseline-SIFR,21000,0.728
s_label_flip_topic,4,baseline-SIFR,22000,0.715
s_label_flip_topic,4,baseline-SIFR,23000,0.739
s_label_flip_topic,4,baseline-SIFR,24000,0.737
s_label_flip_topic,4,baseline-SIFR,25000,0.733
s_label_flip_topic,4,baseline-SIFR,26000,0.742
s_label_flip_topic,4,baseline-SIFR,27000,0.734
s_label_flip_topic,4,baseline-SIFR,28000,0.744
s_label_flip_topic,4,baseline-SIFR,29000,0.744
s_label_flip_topic,4,baseline-SIFR,30000,0.741
s_label_flip_topic,4,baseline-SIFR,31000,0.733
s_label_flip_topic,4,baseline-SIFR,32000,0.725
s_label_flip_topic,4,baseline-SIFR,33000,0.738
s_label_flip_topic,4,baseline-SIFR,34000,0.752
s_label_flip_topic,4,baseline-SIFR,35000,0.738
s_label_flip_topic,4,baseline-SIFR,36000,0.758
s_label_flip_topic,4,baseline-SIFR,37000,0.734
s_label_flip_topic,4,baseline-SIFR,38000,0.758
s_label_flip_topic,4,baseline-SIFR,39000,0.734
s_label_flip_topic,4,baseline-SIFR,40000,0.741
s_label_flip_topic,4,baseline-SIFR,41000,0.522
s_label_flip_topic,4,baseline-SIFR,42000,0.543
s_label_flip_topic,4,baseline-SIFR,43000,0.483
s_label_flip_topic,4,baseline-SIFR,44000,0.519
s_label_flip_topic,4,baseline-SIFR,45000,0.491
s_label_flip_topic,4,baseline-SIFR,46000,0.515
s_label_flip_topic,4,baseline-SIFR,47000,0.516
s_label_flip_topic,4,baseline-SIFR,48000,0.514
s_label_flip_topic,4,baseline-SIFR,49000,0.501
s_label_flip_topic,4,baseline-SIFR,50000,0.489
s_label_flip_topic,4,baseline-SIFR,51000,0.507
s_label_flip_topic,4,baseline-SIFR,52000,0.516
s_label_flip_topic,4,baseline-SIFR,53000,0.496
s_label_flip_topic,4,baseline-SIFR,54000,0.519
s_label_flip_topic,4,baseline-SIFR,55000,0.517
s_label_flip_topic,4,baseline-SIFR,56000,0.538
s_label_flip_topic,4,baseline-SIFR,57000,0.501
s_label_flip_topic,4,baseline-SIFR,58000,0.506
s_label_flip_topic,4,baseline-SIFR,59000,0.54
s_label_flip_topic,4,baseline-SIFR,60000,0.528
s_label_flip_topic,4,baseline-SIFR,61000,0.506
s_label_flip_topic,4,baseline-SIFR,62000,0.547
s_label_flip_topic,4,baseline-SIFR,63000,0.515
s_label_flip_topic,4,baseline-SIFR,64000,0.537
s_label_flip_topic,4,baseline-SIFR,65000,0.513
s_label_flip_topic,4,baseline-SIFR,66000,0.532
s_label_flip_topic,4,baseline-SIFR,67000,0.513
s_label_flip_topic,4,baseline-SIFR,68000,0.531
s_label_flip_topic,4,baseline-SIFR,69000,0.52
s_label_flip_topic,4,baseline-SIFR,70000,0.508
s_label_flip_topic,4,baseline-SIFR,71000,0.522
s_label_flip_topic,4,baseline-SIFR,72000,0.507
s_label_flip_topic,4,baseline-SIFR,73000,0.51
s_label_flip_topic,4,baseline-SIFR,74000,0.51
s_label_flip_topic,4,baseline-SIFR,75000,0.546
s_label_flip_topic,4,baseline-SIFR,76000,0.545
s_label_flip_topic,4,baseline-SIFR,77000,0.526
s_label_flip_topic,4,baseline-SIFR,78000,0.527
s_label_flip_topic,4,baseline-SIFR,79000,0.507
s_label_flip_topic,4,baseline-SIFR,80000,0.525
s_label_flip_topic,4,enhanced-adwin_only,1000,0.642
s_label_flip_topic,4,enhanced-adwin_only,2000,0.677
s_label_flip_topic,4,enhanced-adwin_only,3000,0.707
s_label_flip_topic,4,enhanced-adwin_only,4000,0.679
s_label_flip_topic,4,enhanced-adwin_only,5000,0.722
s_label_flip_topic,4,enhanced-adwin_only,6000,0.725
s_label_flip_topic,4,enhanced-adwin_only,7000,0.692
s_label_flip_topic,4,enhanced-adwin_only,8000,0.709
s_label_flip_topic,4,enhanced-adwin_only,9000,0.716
s_label_flip_topic,4,enhanced-adwin_only,10000,0.711
s_label_flip_topic,4,enhanced-adwin_only,11000,0.713
s_label_flip_topic,4,enhanced-adwin_only,12000,0.726
s_label_flip_topic,4,enhanced-adwin_only,13000,0.714
s_label_flip_topic,4,enhanced-adwin_only,14000,0.731
s_label_flip_topic,4,enhanced-adwin_only,15000,0.746
s_label_flip_topic,4,enhanced-adwin_only,16000,0.726
s_label_flip_topic,4,enhanced-adwin_only,17000,0.728
s_label_flip_topic,4,enhanced-adwin_only,18000,0.72
s_label_flip_topic,4,enhanced-adwin_only,19000,0.734
s_label_flip_topic,4,enhanced-adwin_only,20000,0.711
s_label_flip_topic,4,enhanced-adwin_only,21000,0.731
s_label_flip_topic,4,enhanced-adwin_only,22000,0.729
s_label_flip_topic,4,enhanced-adwin_only,23000,0.75
s_label_flip_topic,4,enhanced-adwin_only,24000,0.742
s_label_flip_topic,4,enhanced-adwin_only,25000,0.723
s_label_flip_topic,4,enhanced-adwin_only,26000,0.741
s_label_flip_topic,4,enhanced-adwin_only,27000,0.741
s_label_flip_topic,4,enhanced-adwin_only,28000,0.747
s_label_flip_topic,4,enhanced-adwin_only,29000,0.742
s_label_flip_topic,4,enhanced-adwin_only,30000,0.74
s_label_flip_topic,4,enhanced-adwin_only,31000,0.734
s_label_flip_topic,4,enhanced-adwin_only,32000,0.733
s_label_flip_topic,4,enhanced-adwin_only,33000,0.74
s_label_flip_topic,4,enhanced-adwin_only,34000,0.755
s_label_flip_topic,4,enhanced-adwin_only,35000,0.735
s_label_flip_topic,4,enhanced-adwin_only,36000,0.747
s_label_flip_topic,4,enhanced-adwin_only,37000,0.734
s_label_flip_topic,4,enhanced-adwin_only,38000,0.758
s_label_flip_topic,4,enhanced-adwin_only,39000,0.734
s_label_flip_topic,4,enhanced-adwin_only,40000,0.741
s_label_flip_topic,4,enhanced-adwin_only,41000,0.528
s_label_flip_topic,4,enhanced-adwin_only,42000,0.542
s_label_flip_topic,4,enhanced-adwin_only,43000,0.553
s_label_flip_topic,4,enhanced-adwin_only,44000,0.563
s_label_flip_topic,4,enhanced-adwin_only,45000,0.526
s_label_flip_topic,4,enhanced-adwin_only,46000,0.534
s_label_flip_topic,4,enhanced-adwin_only,47000,0.527
s_label_flip_topic,4,enhanced-adwin_only,48000,0.556
s_label_flip_topic,4,enhanced-adwin_only,49000,0.555
s_label_flip_topic,4,enhanced-adwin_only,50000,0.557
s_label_flip_topic,4,enhanced-adwin_only,51000,0.543
s_label_flip_topic,4,enhanced-adwin_only,52000,0.568
s_label_flip_topic,4,enhanced-adwin_only,53000,0.521
s_label_flip_topic,4,enhanced-adwin_only,54000,0.537
s_label_flip_topic,4,enhanced-adwin_only,55000,0.539
s_label_flip_topic,4,enhanced-adwin_only,56000,0.567
s_label_flip_topic,4,enhanced-adwin_only,57000,0.538
s_label_flip_topic,4,enhanced-adwin_only,58000,0.55
s_label_flip_topic,4,enhanced-adwin_only,59000,0.553
s_label_flip_topic,4,enhanced-adwin_only,60000,0.565
s_label_flip_topic,4,enhanced-adwin_only,61000,0.569
s_label_flip_topic,4,enhanced-adwin_only,62000,0.54
s_label_flip_topic,4,enhanced-adwin_only,63000,0.525
s_label_flip_topic,4,enhanced-adwin_only,64000,0.545
s_label_flip_topic,4,enhanced-adwin_only,65000,0.534
s_label_flip_topic,4,enhanced-adwin_only,66000,0.552
s_label_flip_topic,4,enhanced-adwin_only,67000,0.564
s_label_flip_topic,4,enhanced-adwin_only,68000,0.599
s_label_flip_topic,4,enhanced-adwin_only,69000,0.54
s_label_flip_topic,4,enhanced-adwin_only,70000,0.554
s_label_flip_topic,4,enhanced-adwin_only,71000,0.575
s_label_flip_topic,4,enhanced-adwin_only,72000,0.552
s_label_flip_topic,4,enhanced-adwin_only,73000,0.585
s_label_flip_topic,4,enhanced-adwin_only,74000,0.567
s_label_flip_topic,4,enhanced-adwin_only,75000,0.568
s_label_flip_topic,4,enhanced-adwin_only,76000,0.566
s_label_flip_topic,4,enhanced-adwin_only,77000,0.57
s_label_flip_topic,4,enhanced-adwin_only,78000,0.56
s_label_flip_topic,4,enhanced-adwin_only,79000,0.577
s_label_flip_topic,4,enhanced-adwin_only,80000,0.601
s_label_flip_topic,4,enhanced-or,1000,0.642
s_label_flip_topic,4,enhanced-or,2000,0.677
s_label_flip_topic,4,enhanced-or,3000,0.707
s_label_flip_topic,4,enhanced-or,4000,0.679
s_label_flip_topic,4,enhanced-or,5000,0.722
s_label_flip_topic,4,enhanced-or,6000,0.725
s_label_flip_topic,4,enhanced-or,7000,0.692
s_label_flip_topic,4,enhanced-or,8000,0.709
s_label_flip_topic,4,enhanced-or,9000,0.716
s_label_flip_topic,4,enhanced-or,10000,0.711
s_label_flip_topic,4,enhanced-or,11000,0.713
s_label_flip_topic,4,enhanced-or,12000,0.726
s_label_flip_topic,4,enhanced-or,13000,0.714
s_label_flip_topic,4,enhanced-or,14000,0.731
s_label_flip_topic,4,enhanced-or,15000,0.746
s_label_flip_topic,4,enhanced-or,16000,0.726
s_label_flip_topic,4,enhanced-or,17000,0.728
s_label_flip_topic,4,enhanced-or,18000,0.72
s_label_flip_topic,4,enhanced-or,19000,0.734
s_label_flip_topic,4,enhanced-or,20000,0.711
s_label_flip_topic,4,enhanced-or,21000,0.701
s_label_flip_topic,4,enhanced-or,22000,0.699
s_label_flip_topic,4,enhanced-or,23000,0.726
s_label_flip_topic,4,enhanced-or,24000,0.722
s_label_flip_topic,4,enhanced-or,25000,0.713
s_label_flip_topic,4,enhanced-or,26000,0.751
s_label_flip_topic,4,enhanced-or,27000,0.706
s_label_flip_topic,4,enhanced-or,28000,0.722
s_label_flip_topic,4,enhanced-or,29000,0.733
s_label_flip_topic,4,enhanced-or,30000,0.74
s_label_flip_topic,4,enhanced-or,31000,0.716
s_label_flip_topic,4,enhanced-or,32000,0.736
s_label_flip_topic,4,enhanced-or,33000,0.706
s_label_flip_topic,4,enhanced-or,34000,0.723
s_label_flip_topic,4,enhanced-or,35000,0.73
s_label_flip_topic,4,enhanced-or,36000,0.73
s_label_flip_topic,4,enhanced-or,37000,0.689
s_label_flip_topic,4,enhanced-or,38000,0.714
s_label_flip_topic,4,enhanced-or,39000,0.71
s_label_flip_topic,4,enhanced-or,40000,0.728
s_label_flip_topic,4,enhanced-or,41000,0.523
s_label_flip_topic,4,enhanced-or,42000,0.549
s_label_flip_topic,4,enhanced-or,43000,0.495
s_label_flip_topic,4,enhanced-or,44000,0.532
s_label_flip_topic,4,enhanced-or,45000,0.528
s_label_flip_topic,4,enhanced-or,46000,0.537
s_label_flip_topic,4,enhanced-or,47000,0.528
s_label_flip_topic,4,enhanced-or,48000,0.555
s_label_flip_topic,4,enhanced-or,49000,0.559
s_label_flip_topic,4,enhanced-or,50000,0.527
s_label_flip_topic,4,enhanced-or,51000,0.537
s_label_flip_topic,4,enhanced-or,52000,0.557
s_label_flip_topic,4,enhanced-or,53000,0.528
s_label_flip_topic,4,enhanced-or,54000,0.538
s_label_flip_topic,4,enhanced-or,55000,0.546
s_label_flip_topic,4,enhanced-or,56000,0.576
s_label_flip_topic,4,enhanced-or,57000,0.535
s_label_flip_topic,4,enhanced-or,58000,0.543
s_label_flip_topic,4,enhanced-or,59000,0.563
s_label_flip_topic,4,enhanced-or,60000,0.556
s_label_flip_topic,4,enhanced-or,61000,0.558
s_label_flip_topic,4,enhanced-or,62000,0.537
s_label_flip_topic,4,enhanced-or,63000,0.546
s_label_flip_topic,4,enhanced-or,64000,0.558
s_label_flip_topic,4,enhanced-or,65000,0.552
s_label_flip_topic,4,enhanced-or,66000,0.57
s_label_flip_topic,4,enhanced-or,67000,0.545
s_label_flip_topic,4,enhanced-or,68000,0.599
s_label_flip_topic,4,enhanced-or,69000,0.542
s_label_flip_topic,4,enhanced-or,70000,0.546
s_label_flip_topic,4,enhanced-or,71000,0.547
s_label_flip_topic,4,enhanced-or,72000,0.534
s_label_flip_topic,4,enhanced-or,73000,0.565
s_label_flip_topic,4,enhanced-or,74000,0.562
s_label_flip_topic,4,enhanced-or,75000,0.557
s_label_flip_topic,4,enhanced-or,76000,0.571
s_label_flip_topic,4,enhanced-or,77000,0.572
s_label_flip_topic,4,enhanced-or,78000,0.522
s_label_flip_topic,4,enhanced-or,79000,0.574
s_label_flip_topic,4,enhanced-or,80000,0.578
s_label_flip_topic,4,enhanced-and,1000,0.642
s_label_flip_topic,4,enhanced-and,2000,0.677
s_label_flip_topic,4,enhanced-and,3000,0.707
s_label_flip_topic,4,enhanced-and,4000,0.679
s_label_flip_topic,4,enhanced-and,5000,0.722
s_label_flip_topic,4,enhanced-and,6000,0.725
s_label_flip_topic,4,enhanced-and,7000,0.692
s_label_flip_topic,4,enhanced-and,8000,0.709
s_label_flip_topic,4,enhanced-and,9000,0.716
s_label_flip_topic,4,enhanced-and,10000,0.711
s_label_flip_topic,4,enhanced-and,11000,0.713
s_label_flip_topic,4,enhanced-and,12000,0.726
s_label_flip_topic,4,enhanced-and,13000,0.714
s_label_flip_topic,4,enhanced-and,14000,0.731
s_label_flip_topic,4,enhanced-and,15000,0.746
s_label_flip_topic,4,enhanced-and,16000,0.726
s_label_flip_topic,4,enhanced-and,17000,0.728
s_label_flip_topic,4,enhanced-and,18000,0.72
s_label_flip_topic,4,enhanced-and,19000,0.734
s_label_flip_topic,4,enhanced-and,20000,0.711
s_label_flip_topic,4,enhanced-and,21000,0.731
s_label_flip_topic,4,enhanced-and,22000,0.729
s_label_flip_topic,4,enhanced-and,23000,0.75
s_label_flip_topic,4,enhanced-and,24000,0.742
s_label_flip_topic,4,enhanced-and,25000,0.723
s_label_flip_topic,4,enhanced-and,26000,0.741
s_label_flip_topic,4,enhanced-and,27000,0.741
s_label_flip_topic,4,enhanced-and,28000,0.747
s_label_flip_topic,4,enhanced-and,29000,0.742
s_label_flip_topic,4,enhanced-and,30000,0.74
s_label_flip_topic,4,enhanced-and,31000,0.734
s_label_flip_topic,4,enhanced-and,32000,0.733
s_label_flip_topic,4,enhanced-and,33000,0.74
s_label_flip_topic,4,enhanced-and,34000,0.755
s_label_flip_topic,4,enhanced-and,35000,0.735
s_label_flip_topic,4,enhanced-and,36000,0.747
s_label_flip_topic,4,enhanced-and,37000,0.734
s_label_flip_topic,4,enhanced-and,38000,0.758
s_label_flip_topic,4,enhanced-and,39000,0.734
s_label_flip_topic,4,enhanced-and,40000,0.741
s_label_flip_topic,4,enhanced-and,41000,0.522
s_label_flip_topic,4,enhanced-and,42000,0.543
s_label_flip_topic,4,enhanced-and,43000,0.483
s_label_flip_topic,4,enhanced-and,44000,0.519
s_label_flip_topic,4,enhanced-and,45000,0.528
s_label_flip_topic,4,enhanced-and,46000,0.537
s_label_flip_topic,4,enhanced-and,47000,0.528
s_label_flip_topic,4,enhanced-and,48000,0.555
s_label_flip_topic,4,enhanced-and,49000,0.553
s_label_flip_topic,4,enhanced-and,50000,0.554
s_label_flip_topic,4,enhanced-and,51000,0.546
s_label_flip_topic,4,enhanced-and,52000,0.559
s_label_flip_topic,4,enhanced-and,53000,0.522
s_label_flip_topic,4,enhanced-and,54000,0.548
s_label_flip_topic,4,enhanced-and,55000,0.538
s_label_flip_topic,4,enhanced-and,56000,0.57
s_label_flip_topic,4,enhanced-and,57000,0.541
s_label_flip_topic,4,enhanced-and,58000,0.544
s_label_flip_topic,4,enhanced-and,59000,0.542
s_label_flip_topic,4,enhanced-and,60000,0.571
s_label_flip_topic,4,enhanced-and,61000,0.568
s_label_flip_topic,4,enhanced-and,62000,0.525
s_label_flip_topic,4,enhanced-and,63000,0.526
s_label_flip_topic,4,enhanced-and,64000,0.556
s_label_flip_topic,4,enhanced-and,65000,0.532
s_label_flip_topic,4,enhanced-and,66000,0.545
s_label_flip_topic,4,enhanced-and,67000,0.554
s_label_flip_topic,4,enhanced-and,68000,0.6
s_label_flip_topic,4,enhanced-and,69000,0.542
s_label_flip_topic,4,enhanced-and,70000,0.546
s_label_flip_topic,4,enhanced-and,71000,0.576
s_label_flip_topic,4,enhanced-and,72000,0.549
s_label_flip_topic,4,enhanced-and,73000,0.576
s_label_flip_topic,4,enhanced-and,74000,0.569
s_label_flip_topic,4,enhanced-and,75000,0.566
s_label_flip_topic,4,enhanced-and,76000,0.568
s_label_flip_topic,4,enhanced-and,77000,0.57
s_label_flip_topic,4,enhanced-and,78000,0.566
s_label_flip_topic,4,enhanced-and,79000,0.571
s_label_flip_topic,4,enhanced-and,80000,0.599
