scenario,seed,setting,model,detect_alpha,n,n_drifts,accuracy,precision_macro,recall_macro,f1_macro,accuracy_pre_drift,accuracy_post_drift,model_detections,model_detected,model_missed,model_false_alarms,model_mean_delay,vocab_detections,vocab_detected,vocab_missed,vocab_false_alarms,vocab_mean_delay,adwin_detections,adwin_detected,adwin_missed,adwin_false_alarms,adwin_mean_delay,rebuilds,recovery_mean,recovery_max,not_recovered,recovery_per_drift,runtime_s,throughput,batch_ms_p50,batch_ms_p95,rss_growth_mb,model_entries,tolerance,recovery_window,fusion,adwin_delta
s_gradual,0,adwin_only d=0.002,enhanced,,80000,1,0.74005,0.7400528572291332,0.74005,0.7400492264839796,0.7120666666666666,0.75684,0,0,1,0,,0,0,1,0,,0,0,1,0,,0,0.0,0.0,0,[0],2.3548182000231463,33972.8986293777,28.073449997464195,38.78492999065202,7.28125,58715,10000,1000,adwin_only,0.002
s_gradual,0,adwin_only d=0.01,enhanced,,80000,1,0.74005,0.7400528572291332,0.74005,0.7400492264839796,0.7120666666666666,0.75684,0,0,1,0,,0,0,1,0,,0,0,1,0,,0,0.0,0.0,0,[0],2.3899719000037294,33473.196902388336,29.316499989363365,37.86311499134172,6.66796875,58715,10000,1000,adwin_only,0.01
s_gradual,0,adwin_only d=0.05,enhanced,,80000,1,0.738875,0.7389798888706751,0.738875,0.7388463447519569,0.7120666666666666,0.75496,1,0,1,1,,0,0,1,0,,1,0,1,1,,1,0.0,0.0,0,[0],2.1019215999986045,38060.41100679165,23.37959999567829,33.98394499963615,4.7109375,30214,10000,1000,adwin_only,0.05
s_gradual,0,and d=0.002 a=1.5,enhanced,1.5,80000,1,0.74005,0.7400528572291332,0.74005,0.7400492264839796,0.7120666666666666,0.75684,0,0,1,0,,4,1,0,2,5999.0,0,0,1,0,,0,0.0,0.0,0,[0],2.105305100005353,37999.24295998551,24.419649998890236,37.01852498197695,7.9296875,58715,10000,1000,and,0.002
s_gradual,0,and d=0.002 a=1.8,enhanced,1.8,80000,1,0.74005,0.7400528572291332,0.74005,0.7400492264839796,0.7120666666666666,0.75684,0,0,1,0,,4,1,0,2,5999.0,0,0,1,0,,0,0.0,0.0,0,[0],2.1079935999878217,37950.77935742413,24.12864999496378,36.68690002086805,5.77734375,58715,10000,1000,and,0.002
s_gradual,0,and d=0.002 a=2.5,enhanced,2.5,80000,1,0.74005,0.7400528572291332,0.74005,0.7400492264839796,0.7120666666666666,0.75684,0,0,1,0,,1,0,1,1,,0,0,1,0,,0,0.0,0.0,0,[0],2.0493721999810077,39036.3448868592,23.757600007229485,34.56228000140982,6.65234375,58715,10000,1000,and,0.002
s_gradual,0,and d=0.01 a=1.5,enhanced,1.5,80000,1,0.74005,0.7400528572291332,0.74005,0.7400492264839796,0.7120666666666666,0.75684,0,0,1,0,,4,1,0,2,5999.0,0,0,1,0,,0,0.0,0.0,0,[0],2.144579599989811,37303.34840468504,23.789949977071956,36.96701501030474,7.1875,58715,10000,1000,and,0.01
s_gradual,0,and d=0.01 a=1.8,enhanced,1.8,80000,1,0.74005,0.7400528572291332,0.74005,0.7400492264839796,0.7120666666666666,0.75684,0,0,1,0,,4,1,0,2,5999.0,0,0,1,0,,0,0.0,0.0,0,[0],2.2241262999887113,35969.18034753964,26.12139999109786,35.80361499625724,4.36328125,58715,10000,1000,and,0.01
s_gradual,0,and d=0.01 a=2.5,enhanced,2.5,80000,1,0.74005,0.7400528572291332,0.74005,0.7400492264839796,0.7120666666666666,0.75684,0,0,1,0,,1,0,1,1,,0,0,1,0,,0,0.0,0.0,0,[0],1.9908393999794498,40184.05502765607,22.945199991227128,30.71107498690253,7.0546875,58715,10000,1000,and,0.01
s_gradual,0,and d=0.05 a=1.5,enhanced,1.5,80000,1,0.738625,0.738741076508251,0.7386250000000001,0.7385932258432222,0.7120666666666666,0.75456,2,0,1,2,,4,1,0,2,5999.0,1,0,1,1,,2,0.0,0.0,0,[0],2.1395956999913324,37390.24153036206,22.55739999236539,33.91960498265689,5.37890625,29831,10000,1000,and,0.05
s_gradual,0,and d=0.05 a=1.8,enhanced,1.8,80000,1,0.738625,0.738741076508251,0.7386250000000001,0.7385932258432222,0.7120666666666666,0.75456,2,0,1,2,,4,1,0,2,5999.0,1,0,1,1,,2,0.0,0.0,0,[0],2.2507940999930725,35543.01124223057,25.274500003433786,33.01518002117518,8.13671875,29831,10000,1000,and,0.05
s_gradual,0,and d=0.05 a=2.5,enhanced,2.5,80000,1,0.7405875,0.7405931011577656,0.7405875,0.7405859901699294,0.7120666666666666,0.7577,2,0,1,2,,1,0,1,1,,1,0,1,1,,2,0.0,0.0,0,[0],2.932370099995751,27281.685896373012,27.34370001417119,41.756275010993626,8.28125,50386,10000,1000,and,0.05
s_gradual,0,baseline a=1.5,informed,1.5,80000,1,0.738375,0.7388717002586498,0.738375,0.738238926123356,0.7061333333333333,0.75772,4,1,0,2,5999.0,4,1,0,2,5999.0,0,0,1,0,,4,0.0,0.0,0,[0],2.446573900000658,32698.787475816072,23.177750001195818,52.47061998379642,8.38671875,29831,10000,1000,,
s_gradual,0,baseline a=1.8,informed,1.8,80000,1,0.738375,0.7388717002586498,0.738375,0.738238926123356,0.7061333333333333,0.75772,4,1,0,2,5999.0,4,1,0,2,5999.0,0,0,1,0,,4,0.0,0.0,0,[0],2.7000460000126623,29629.124836993455,25.99599998211488,79.22359499207231,4.625,29831,10000,1000,,
s_gradual,0,baseline a=2.5,informed,2.5,80000,1,0.7385875,0.7386435467793311,0.7385875,0.7385721505497562,0.7061333333333333,0.75806,1,0,1,1,,1,0,1,1,,0,0,1,0,,1,0.0,0.0,0,[0],2.3547778999782167,33973.48004698874,27.543400006834418,37.347504976787604,12.1328125,52227,10000,1000,,
s_gradual,0,or d=0.002 a=1.5,enhanced,1.5,80000,1,0.738375,0.7388717002586498,0.738375,0.738238926123356,0.7061333333333333,0.75772,4,1,0,2,5999.0,4,1,0,2,5999.0,0,0,1,0,,4,0.0,0.0,0,[0],2.5249380000168458,31683.94629866803,24.343800003407523,48.18499499524465,3.09375,29831,10000,1000,or,0.002
s_gradual,0,or d=0.002 a=1.8,enhanced,1.8,80000,1,0.738375,0.7388717002586498,0.738375,0.738238926123356,0.7061333333333333,0.75772,4,1,0,2,5999.0,4,1,0,2,5999.0,0,0,1,0,,4,0.0,0.0,0,[0],2.798638200009009,28585.33125137164,27.289249992463738,67.6764399860985,5.51953125,29831,10000,1000,or,0.002
s_gradual,0,or d=0.002 a=2.5,enhanced,2.5,80000,1,0.7385875,0.7386435467793311,0.7385875,0.7385721505497562,0.7061333333333333,0.75806,1,0,1,1,,1,0,1,1,,0,0,1,0,,1,0.0,0.0,0,[0],2.545421400020132,31428.980678549837,29.573250008979812,43.047395009489264,11.6953125,52227,10000,1000,or,0.002
s_gradual,0,or d=0.01 a=1.5,enhanced,1.5,80000,1,0.738375,0.7388717002586498,0.738375,0.738238926123356,0.7061333333333333,0.75772,4,1,0,2,5999.0,4,1,0,2,5999.0,0,0,1,0,,4,0.0,0.0,0,[0],2.943794599996181,27175.80907312751,28.070100001059473,90.59074500983114,7.9296875,29831,10000,1000,or,0.01
s_gradual,0,or d=0.01 a=1.8,enhanced,1.8,80000,1,0.738375,0.7388717002586498,0.738375,0.738238926123356,0.7061333333333333,0.75772,4,1,0,2,5999.0,4,1,0,2,5999.0,0,0,1,0,,4,0.0,0.0,0,[0],2.5451170000014827,31432.739634348203,26.50119998725131,76.41163000225787,6.78515625,29831,10000,1000,or,0.01
s_gradual,0,or d=0.01 a=2.5,enhanced,2.5,80000,1,0.7385875,0.7386435467793311,0.7385875,0.7385721505497562,0.7061333333333333,0.75806,1,0,1,1,,1,0,1,1,,0,0,1,0,,1,0.0,0.0,0,[0],2.058191399992211,38869.07699658193,23.68705000844784,32.705754984635846,10.359375,52227,10000,1000,or,0.01
s_gradual,0,or d=0.05 a=1.5,enhanced,1.5,80000,1,0.738375,0.7388717002586498,0.738375,0.738238926123356,0.7061333333333333,0.75772,4,1,0,2,5999.0,4,1,0,2,5999.0,0,0,1,0,,4,0.0,0.0,0,[0],2.499838000017917,32002.073734148624,24.250550006399862,37.82015000906527,6.15234375,29831,10000,1000,or,0.05
s_gradual,0,or d=0.05 a=1.8,enhanced,1.8,80000,1,0.738375,0.7388717002586498,0.738375,0.738238926123356,0.7061333333333333,0.75772,4,1,0,2,5999.0,4,1,0,2,5999.0,0,0,1,0,,4,0.0,0.0,0,[0],2.7047168999852147,29577.956939019132,25.748849991941825,78.05011497548546,6.91015625,29831,10000,1000,or,0.05
s_gradual,0,or d=0.05 a=2.5,enhanced,2.5,80000,1,0.7385875,0.7386435467793311,0.7385875,0.7385721505497562,0.7061333333333333,0.75806,1,0,1,1,,1,0,1,1,,0,0,1,0,,1,0.0,0.0,0,[0],2.148408400011249,37236.86799939021,24.37410000129603,34.85342498752288,8.05078125,52227,10000,1000,or,0.05
s_gradual,1,adwin_only d=0.002,enhanced,,80000,1,0.73815,0.7381676148767963,0.7381500000000001,0.738145158303977,0.7105,0.75474,0,0,1,0,,0,0,1,0,,0,0,1,0,,0,0.0,0.0,0,[0],1.8298886000120547,43718.508328579665,21.542849994148128,31.500270015385468,6.90234375,58887,10000,1000,adwin_only,0.002
s_gradual,1,adwin_only d=0.01,enhanced,,80000,1,0.73815,0.7381676148767963,0.7381500000000001,0.738145158303977,0.7105,0.75474,0,0,1,0,,0,0,1,0,,0,0,1,0,,0,0.0,0.0,0,[0],1.8606679000076838,42995.31367186462,21.776649984531105,33.27829000918427,7.01171875,58887,10000,1000,adwin_only,0.01
s_gradual,1,adwin_only d=0.05,enhanced,,80000,1,0.73815,0.7381676148767963,0.7381500000000001,0.738145158303977,0.7105,0.75474,0,0,1,0,,0,0,1,0,,0,0,1,0,,0,0.0,0.0,0,[0],1.9142607999965549,41791.58869060265,23.006550007266924,31.205535012122702,6.64453125,58887,10000,1000,adwin_only,0.05
s_gradual,1,and d=0.002 a=1.5,enhanced,1.5,80000,1,0.73815,0.7381676148767963,0.7381500000000001,0.738145158303977,0.7105,0.75474,0,0,1,0,,7,1,0,4,1999.0,0,0,1,0,,0,0.0,0.0,0,[0],2.023397799988743,39537.45526482488,23.619400002644397,30.265114981739313,7.265625,58887,10000,1000,and,0.002
s_gradual,1,and d=0.002 a=1.8,enhanced,1.8,80000,1,0.73815,0.7381676148767963,0.7381500000000001,0.738145158303977,0.7105,0.75474,0,0,1,0,,5,1,0,3,1999.0,0,0,1,0,,0,0.0,0.0,0,[0],1.9804612000007182,40394.63131111631,23.104249994503334,30.438670008152258,7.0546875,58887,10000,1000,and,0.002
s_gradual,1,and d=0.002 a=2.5,enhanced,2.5,80000,1,0.73815,0.7381676148767963,0.7381500000000001,0.738145158303977,0.7105,0.75474,0,0,1,0,,1,0,1,1,,0,0,1,0,,0,0.0,0.0,0,[0],2.2254967000044417,35947.031509793,24.812450021272525,38.23985498893306,7.8046875,58887,10000,1000,and,0.002
s_gradual,1,and d=0.01 a=1.5,enhanced,1.5,80000,1,0.73815,0.7381676148767963,0.7381500000000001,0.738145158303977,0.7105,0.75474,0,0,1,0,,7,1,0,4,1999.0,0,0,1,0,,0,0.0,0.0,0,[0],2.121146099991165,37715.45958118265,24.76119999482762,33.088590000988916,7.01953125,58887,10000,1000,and,0.01
s_gradual,1,and d=0.01 a=1.8,enhanced,1.8,80000,1,0.73815,0.7381676148767963,0.7381500000000001,0.738145158303977,0.7105,0.75474,0,0,1,0,,5,1,0,3,1999.0,0,0,1,0,,0,0.0,0.0,0,[0],2.0999942000198644,38095.343310587836,24.66779998212587,35.46305498603033,7.953125,58887,10000,1000,and,0.01
s_gradual,1,and d=0.01 a=2.5,enhanced,2.5,80000,1,0.73815,0.7381676148767963,0.7381500000000001,0.738145158303977,0.7105,0.75474,0,0,1,0,,1,0,1,1,,0,0,1,0,,0,0.0,0.0,0,[0],4.305182100011734,18582.256950241885,36.60994999518152,109.59904501069103,8.25,58887,10000,1000,and,0.01
s_gradual,1,and d=0.05 a=1.5,enhanced,1.5,80000,1,0.73815,0.7381676148767963,0.7381500000000001,0.738145158303977,0.7105,0.75474,0,0,1,0,,7,1,0,4,1999.0,0,0,1,0,,0,0.0,0.0,0,[0],2.1504054999968503,37202.28580149985,25.352299999212846,36.02164500334766,6.12890625,58887,10000,1000,and,0.05
s_gradual,1,and d=0.05 a=1.8,enhanced,1.8,80000,1,0.73815,0.7381676148767963,0.7381500000000001,0.738145158303977,0.7105,0.75474,0,0,1,0,,5,1,0,3,1999.0,0,0,1,0,,0,0.0,0.0,0,[0],2.455399500002386,32581.256125499032,29.09415001340676,40.03974499064498,7.546875,58887,10000,1000,and,0.05
s_gradual,1,and d=0.05 a=2.5,enhanced,2.5,80000,1,0.73815,0.7381676148767963,0.7381500000000001,0.738145158303977,0.7105,0.75474,0,0,1,0,,1,0,1,1,,0,0,1,0,,0,0.0,0.0,0,[0],2.0764130000025034,38527.98070514081,23.883000001660548,34.88490500894841,7.5234375,58887,10000,1000,and,0.05
s_gradual,1,baseline a=1.5,informed,1.5,80000,1,0.7332875,0.734018108190303,0.7332875000000001,0.7330791672473771,0.7042666666666667,0.7507,7,1,0,4,1999.0,7,1,0,4,1999.0,0,0,1,0,,7,0.0,0.0,0,[0],2.5311974000069313,31605.59504358725,23.639799997908995,67.73799500224412,4.90625,9938,10000,1000,,
s_gradual,1,baseline a=1.8,informed,1.8,80000,1,0.736375,0.7369733725765917,0.736375,0.7362084774796664,0.7042666666666667,0.75564,5,1,0,3,1999.0,5,1,0,3,1999.0,0,0,1,0,,5,0.0,0.0,0,[0],2.875600500003202,27820.276147507597,27.164649989572354,90.90194999589583,3.875,15286,10000,1000,,
s_gradual,1,baseline a=2.5,informed,2.5,80000,1,0.7375375,0.7377066414978577,0.7375375,0.7374908025259808,0.7092666666666667,0.7545,1,0,1,1,,1,0,1,1,,0,0,1,0,,1,0.0,0.0,0,[0],1.9943421999923885,40113.47701528119,22.898599985637702,33.539060007024084,9.7578125,48621,10000,1000,,
s_gradual,1,or d=0.002 a=1.5,enhanced,1.5,80000,1,0.7332875,0.734018108190303,0.7332875000000001,0.7330791672473771,0.7042666666666667,0.7507,7,1,0,4,1999.0,7,1,0,4,1999.0,0,0,1,0,,7,0.0,0.0,0,[0],2.340120599983493,34186.27228039628,22.10319998266641,57.91858500451776,4.57421875,9938,10000,1000,or,0.002
s_gradual,1,or d=0.002 a=1.8,enhanced,1.8,80000,1,0.736375,0.7369733725765917,0.736375,0.7362084774796664,0.7042666666666667,0.75564,5,1,0,3,1999.0,5,1,0,3,1999.0,0,0,1,0,,5,0.0,0.0,0,[0],2.609353200008627,30658.938774457787,25.169600019580685,85.33933000435353,3.82421875,15286,10000,1000,or,0.002
s_gradual,1,or d=0.002 a=2.5,enhanced,2.5,80000,1,0.7375375,0.7377066414978577,0.7375375,0.7374908025259808,0.7092666666666667,0.7545,1,0,1,1,,1,0,1,1,,0,0,1,0,,1,0.0,0.0,0,[0],2.0238402000104543,39528.81260071164,22.974849998718128,37.05501499352977,9.43359375,48621,10000,1000,or,0.002
s_gradual,1,or d=0.01 a=1.5,enhanced,1.5,80000,1,0.7332875,0.734018108190303,0.7332875000000001,0.7330791672473771,0.7042666666666667,0.7507,7,1,0,4,1999.0,7,1,0,4,1999.0,0,0,1,0,,7,0.0,0.0,0,[0],2.3535305999976117,33991.48496309382,23.06695001607295,73.06328498671064,4.32421875,9938,10000,1000,or,0.01
s_gradual,1,or d=0.01 a=1.8,enhanced,1.8,80000,1,0.736375,0.7369733725765917,0.736375,0.7362084774796664,0.7042666666666667,0.75564,5,1,0,3,1999.0,5,1,0,3,1999.0,0,0,1,0,,5,0.0,0.0,0,[0],2.351007599994773,34027.96315936106,22.33274999889545,74.90471499477277,5.203125,15286,10000,1000,or,0.01
s_gradual,1,or d=0.01 a=2.5,enhanced,2.5,80000,1,0.7375375,0.7377066414978577,0.7375375,0.7374908025259808,0.7092666666666667,0.7545,1,0,1,1,,1,0,1,1,,0,0,1,0,,1,0.0,0.0,0,[0],2.0147333000204526,39707.488827026325,22.931899991817772,33.96118499949806,9.66796875,48621,10000,1000,or,0.01
s_gradual,1,or d=0.05 a=1.5,enhanced,1.5,80000,1,0.7330875,0.7338018407552316,0.7330875,0.7328834680037326,0.7041666666666667,0.75044,8,1,0,5,1999.0,7,1,0,4,1999.0,1,0,1,1,,8,0.0,0.0,0,[0],2.5931216000171844,30850.84787364767,24.87890000338666,78.16170499863797,4.57421875,9938,10000,1000,or,0.05
s_gradual,1,or d=0.05 a=1.8,enhanced,1.8,80000,1,0.736175,0.7367586390481871,0.736175,0.7360123095011071,0.7041666666666667,0.75538,6,1,0,4,1999.0,5,1,0,3,1999.0,1,0,1,1,,6,0.0,0.0,0,[0],2.4427680000080727,32749.73308956709,23.537500004749745,79.7206549978,4.125,15286,10000,1000,or,0.05
s_gradual,1,or d=0.05 a=2.5,enhanced,2.5,80000,1,0.7375375,0.7377066414978577,0.7375375,0.7374908025259808,0.7092666666666667,0.7545,1,0,1,1,,1,0,1,1,,0,0,1,0,,1,0.0,0.0,0,[0],2.0174461000133306,39654.09534335088,23.454800015315413,34.32316001708386,8.578125,48621,10000,1000,or,0.05
s_gradual,2,adwin_only d=0.002,enhanced,,80000,1,0.7366,0.7366321163024048,0.7365999999999999,0.7365910623701156,0.7105666666666667,0.75222,0,0,1,0,,0,0,1,0,,0,0,1,0,,0,0.0,0.0,0,[0],1.8608706000086386,42990.63029940321,21.723000012570992,30.366735011921264,4.2421875,58921,10000,1000,adwin_only,0.002
s_gradual,2,adwin_only d=0.01,enhanced,,80000,1,0.7366,0.7366321163024048,0.7365999999999999,0.7365910623701156,0.7105666666666667,0.75222,0,0,1,0,,0,0,1,0,,0,0,1,0,,0,0.0,0.0,0,[0],1.8672035000054166,42844.82114550874,22.420800014515407,31.598519990802743,6.4296875,58921,10000,1000,adwin_only,0.01
s_gradual,2,adwin_only d=0.05,enhanced,,80000,1,0.7366,0.7366321163024048,0.7365999999999999,0.7365910623701156,0.7105666666666667,0.75222,0,0,1,0,,0,0,1,0,,0,0,1,0,,0,0.0,0.0,0,[0],1.918531500006793,41698.55954917432,21.545900002820417,35.54783501313068,7.1875,58921,10000,1000,adwin_only,0.05
s_gradual,2,and d=0.002 a=1.5,enhanced,1.5,80000,1,0.7366,0.7366321163024048,0.7365999999999999,0.7365910623701156,0.7105666666666667,0.75222,0,0,1,0,,6,1,0,3,1999.0,0,0,1,0,,0,0.0,0.0,0,[0],2.052028699981747,38985.80950681226,24.482099994202144,32.076275015424464,8.4453125,58921,10000,1000,and,0.002
s_gradual,2,and d=0.002 a=1.8,enhanced,1.8,80000,1,0.7366,0.7366321163024048,0.7365999999999999,0.7365910623701156,0.7105666666666667,0.75222,0,0,1,0,,3,1,0,1,1999.0,0,0,1,0,,0,0.0,0.0,0,[0],1.9849389000155497,40303.5075786833,23.30114999494981,32.279119998565875,7.828125,58921,10000,1000,and,0.002
s_gradual,2,and d=0.002 a=2.5,enhanced,2.5,80000,1,0.7366,0.7366321163024048,0.7365999999999999,0.7365910623701156,0.7105666666666667,0.75222,0,0,1,0,,1,0,1,1,,0,0,1,0,,0,0.0,0.0,0,[0],2.2572133999783546,35441.930302543464,25.318050000350922,37.53797499375651,9.28125,58921,10000,1000,and,0.002
s_gradual,2,and d=0.01 a=1.5,enhanced,1.5,80000,1,0.7366,0.7366321163024048,0.7365999999999999,0.7365910623701156,0.7105666666666667,0.75222,0,0,1,0,,6,1,0,3,1999.0,0,0,1,0,,0,0.0,0.0,0,[0],2.1138045000261627,37846.4517409296,24.34365000226535,35.791870002867654,8.29296875,58921,10000,1000,and,0.01
s_gradual,2,and d=0.01 a=1.8,enhanced,1.8,80000,1,0.7366,0.7366321163024048,0.7365999999999999,0.7365910623701156,0.7105666666666667,0.75222,0,0,1,0,,3,1,0,1,1999.0,0,0,1,0,,0,0.0,0.0,0,[0],4.289995700004511,18648.037339504997,36.97025000292342,109.19478998548583,8.21875,58921,10000,1000,and,0.01
s_gradual,2,and d=0.01 a=2.5,enhanced,2.5,80000,1,0.7366,0.7366321163024048,0.7365999999999999,0.7365910623701156,0.7105666666666667,0.75222,0,0,1,0,,1,0,1,1,,0,0,1,0,,0,0.0,0.0,0,[0],2.1729517999920063,36816.279127909926,24.777250015176833,37.46791999001289,8.42578125,58921,10000,1000,and,0.01
s_gradual,2,and d=0.05 a=1.5,enhanced,1.5,80000,1,0.7366,0.7366321163024048,0.7365999999999999,0.7365910623701156,0.7105666666666667,0.75222,0,0,1,0,,6,1,0,3,1999.0,0,0,1,0,,0,0.0,0.0,0,[0],2.5252368000219576,31680.197278649026,30.740249989321455,42.988645005971186,8.265625,58921,10000,1000,and,0.05
s_gradual,2,and d=0.05 a=1.8,enhanced,1.8,80000,1,0.7366,0.7366321163024048,0.7365999999999999,0.7365910623701156,0.7105666666666667,0.75222,0,0,1,0,,3,1,0,1,1999.0,0,0,1,0,,0,0.0,0.0,0,[0],2.1499944000097457,37209.39924291773,25.44524999393616,34.45346000808058,8.7734375,58921,10000,1000,and,0.05
s_gradual,2,and d=0.05 a=2.5,enhanced,2.5,80000,1,0.7366,0.7366321163024048,0.7365999999999999,0.7365910623701156,0.7105666666666667,0.75222,0,0,1,0,,1,0,1,1,,0,0,1,0,,0,0.0,0.0,0,[0],2.1456589000008535,37284.58423655698,24.55674999509938,34.50290999317075,8.84375,58921,10000,1000,and,0.05
s_gradual,2,baseline a=1.5,informed,1.5,80000,1,0.731525,0.7323282610227906,0.731525,0.7312927401929131,0.7054,0.7472,6,1,0,3,1999.0,6,1,0,3,1999.0,0,0,1,0,,6,0.0,0.0,0,[0],2.4960229999851435,32050.986709848494,25.90634999796748,74.02830499340777,5.625,19887,10000,1000,,
s_gradual,2,baseline a=1.8,informed,1.8,80000,1,0.7345,0.7349875527619394,0.7345,0.7343622135141261,0.7054,0.75196,3,1,0,1,1999.0,3,1,0,1,1999.0,0,0,1,0,,3,0.0,0.0,0,[0],2.0662689000018872,38717.12921775425,22.03274999919813,40.062235010554986,6.96875,40378,10000,1000,,
s_gradual,2,baseline a=2.5,informed,2.5,80000,1,0.7355625,0.7355733129622983,0.7355625,0.7355594655035478,0.7054,0.75366,1,0,1,1,,1,0,1,1,,0,0,1,0,,1,0.0,0.0,0,[0],1.8508510999963619,43223.35816217591,21.88530001149047,31.47423497866839,7.5625,52246,10000,1000,,
s_gradual,2,or d=0.002 a=1.5,enhanced,1.5,80000,1,0.731525,0.7323282610227906,0.731525,0.7312927401929131,0.7054,0.7472,6,1,0,3,1999.0,6,1,0,3,1999.0,0,0,1,0,,6,0.0,0.0,0,[0],2.331400199997006,34314.14306308404,23.19915000407491,75.66733500862027,5.62890625,19887,10000,1000,or,0.002
s_gradual,2,or d=0.002 a=1.8,enhanced,1.8,80000,1,0.7345,0.7349875527619394,0.7345,0.7343622135141261,0.7054,0.75196,3,1,0,1,1999.0,3,1,0,1,1999.0,0,0,1,0,,3,0.0,0.0,0,[0],2.0547746999945957,38933.70888799166,21.78635000018403,46.91876998695079,7.0234375,40378,10000,1000,or,0.002
s_gradual,2,or d=0.002 a=2.5,enhanced,2.5,80000,1,0.7355625,0.7355733129622983,0.7355625,0.7355594655035478,0.7054,0.75366,1,0,1,1,,1,0,1,1,,0,0,1,0,,1,0.0,0.0,0,[0],2.016882900003111,39665.16846361115,22.86324999295175,34.16228497662811,9.75390625,52246,10000,1000,or,0.002
s_gradual,2,or d=0.01 a=1.5,enhanced,1.5,80000,1,0.731525,0.7323282610227906,0.731525,0.7312927401929131,0.7054,0.7472,6,1,0,3,1999.0,6,1,0,3,1999.0,0,0,1,0,,6,0.0,0.0,0,[0],2.287840300006792,34967.47565805293,22.358150003128685,54.169174996786666,5.37109375,19887,10000,1000,or,0.01
s_gradual,2,or d=0.01 a=1.8,enhanced,1.8,80000,1,0.7345,0.7349875527619394,0.7345,0.7343622135141261,0.7054,0.75196,3,1,0,1,1999.0,3,1,0,1,1999.0,0,0,1,0,,3,0.0,0.0,0,[0],2.1406943000038154,37371.05293355404,22.52529999532271,45.851210001273984,5.23828125,40378,10000,1000,or,0.01
s_gradual,2,or d=0.01 a=2.5,enhanced,2.5,80000,1,0.7355625,0.7355733129622983,0.7355625,0.7355594655035478,0.7054,0.75366,1,0,1,1,,1,0,1,1,,0,0,1,0,,1,0.0,0.0,0,[0],2.216899300023215,36086.438386787464,26.722450013039634,38.09882498026126,9.078125,52246,10000,1000,or,0.01
s_gradual,2,or d=0.05 a=1.5,enhanced,1.5,80000,1,0.731525,0.7323282610227906,0.731525,0.7312927401929131,0.7054,0.7472,6,1,0,3,1999.0,6,1,0,3,1999.0,0,0,1,0,,6,0.0,0.0,0,[0],2.266735199984396,35293.05055153805,22.051200008718297,80.01117500534747,5.484375,19887,10000,1000,or,0.05
s_gradual,2,or d=0.05 a=1.8,enhanced,1.8,80000,1,0.7345,0.7349875527619394,0.7345,0.7343622135141261,0.7054,0.75196,3,1,0,1,1999.0,3,1,0,1,1999.0,0,0,1,0,,3,0.0,0.0,0,[0],2.0473449999990407,39074.99713044821,21.622100000968203,33.30432999355249,6.83203125,40378,10000,1000,or,0.05
s_gradual,2,or d=0.05 a=2.5,enhanced,2.5,80000,1,0.7355625,0.7355733129622983,0.7355625,0.7355594655035478,0.7054,0.75366,1,0,1,1,,1,0,1,1,,0,0,1,0,,1,0.0,0.0,0,[0],2.014571200008504,39710.683841634534,22.658199988654815,33.47783000936033,8.96484375,52246,10000,1000,or,0.05
s_label_flip,0,adwin_only d=0.002,enhanced,,80000,1,0.744475,0.7444980396562162,0.7444658465062964,0.7444636995459533,0.744925,0.744025,1,1,0,0,39.0,0,0,1,0,,1,1,0,0,39.0,1,3023.0,3023.0,0,[3023],1.822448799997801,43896.980809609864,21.305100002791733,29.048515006434172,6.4140625,40522,10000,1000,adwin_only,0.002
s_label_flip,0,adwin_only d=0.01,enhanced,,80000,1,0.7454375,0.7454603071687124,0.7454284130381137,0.7454263687281956,0.744925,0.74595,1,1,0,0,39.0,0,0,1,0,,1,1,0,0,39.0,1,3034.0,3034.0,0,[3034],1.6712528999778442,47868.27894273844,19.81004999834113,25.817469989124216,3.05859375,40470,10000,1000,adwin_only,0.01
s_label_flip,0,adwin_only d=0.05,enhanced,,80000,1,0.7454375,0.7454603071687124,0.7454284130381137,0.7454263687281956,0.744925,0.74595,1,1,0,0,39.0,0,0,1,0,,1,1,0,0,39.0,1,3034.0,3034.0,0,[3034],1.7486539999954402,45749.47359523874,19.549099990399554,29.38334498030599,3.4375,40470,10000,1000,adwin_only,0.05
s_label_flip,0,and d=0.002 a=1.5,enhanced,1.5,80000,1,0.744475,0.7444980396562162,0.7444658465062964,0.7444636995459533,0.744925,0.744025,1,1,0,0,39.0,3,0,1,3,,1,1,0,0,39.0,1,3023.0,3023.0,0,[3023],2.005770299991127,39884.926005910995,23.38285000587348,30.989939981373027,7.41015625,40522,10000,1000,and,0.002
s_label_flip,0,and d=0.002 a=1.8,enhanced,1.8,80000,1,0.7451375,0.7451570264035772,0.7451290071728307,0.7451275041794807,0.744925,0.74535,2,1,0,0,39.0,3,1,0,2,3999.0,1,1,0,0,39.0,2,3024.0,3024.0,0,[3024],1.7859089999983553,44795.115540642706,19.580350010073744,27.928184974007298,7.25,40438,10000,1000,and,0.002
s_label_flip,0,and d=0.002 a=2.5,enhanced,2.5,80000,1,0.7451375,0.7451570264035772,0.7451290071728307,0.7451275041794807,0.744925,0.74535,2,1,0,0,39.0,3,1,0,2,3999.0,1,1,0,0,39.0,2,3024.0,3024.0,0,[3024],1.7240299000113737,46402.907513072845,18.894599998020567,28.61851002089679,7.30078125,40438,10000,1000,and,0.002
s_label_flip,0,and d=0.01 a=1.5,enhanced,1.5,80000,1,0.7454375,0.7454603071687124,0.7454284130381137,0.7454263687281956,0.744925,0.74595,1,1,0,0,39.0,3,0,1,3,,1,1,0,0,39.0,1,3034.0,3034.0,0,[3034],1.7659391000051983,45301.67546534561,19.682900005136617,30.99164999875938,6.5703125,40470,10000,1000,and,0.01
s_label_flip,0,and d=0.01 a=1.8,enhanced,1.8,80000,1,0.745575,0.7455942439848204,0.7455665721873936,0.7455651404901722,0.744925,0.746225,2,1,0,0,39.0,3,1,0,2,3999.0,1,1,0,0,39.0,2,3035.0,3035.0,0,[3035],1.7556670000194572,45566.72763064602,19.393149996176362,30.750575015554205,7.73046875,40438,10000,1000,and,0.01
s_label_flip,0,and d=0.01 a=2.5,enhanced,2.5,80000,1,0.745575,0.7455942439848204,0.7455665721873936,0.7455651404901722,0.744925,0.746225,2,1,0,0,39.0,3,1,0,2,3999.0,1,1,0,0,39.0,2,3035.0,3035.0,0,[3035],1.8689808000053745,42804.078029999,20.532299982733093,32.37856499326881,7.8515625,40438,10000,1000,and,0.01
s_label_flip,0,and d=0.05 a=1.5,enhanced,1.5,80000,1,0.7454375,0.7454603071687124,0.7454284130381137,0.7454263687281956,0.744925,0.74595,1,1,0,0,39.0,3,0,1,3,,1,1,0,0,39.0,1,3034.0,3034.0,0,[3034],1.865012599999318,42895.15255823433,22.063900003558956,29.915794989210553,7.046875,40470,10000,1000,and,0.05
s_label_flip,0,and d=0.05 a=1.8,enhanced,1.8,80000,1,0.745575,0.7455942439848204,0.7455665721873936,0.7455651404901722,0.744925,0.746225,2,1,0,0,39.0,3,1,0,2,3999.0,1,1,0,0,39.0,2,3035.0,3035.0,0,[3035],1.7839849000156391,44843.42888737382,20.2248999994481,28.406510001514103,7.25,40438,10000,1000,and,0.05
s_label_flip,0,and d=0.05 a=2.5,enhanced,2.5,80000,1,0.745575,0.7455942439848204,0.7455665721873936,0.7455651404901722,0.744925,0.746225,2,1,0,0,39.0,3,1,0,2,3999.0,1,1,0,0,39.0,2,3035.0,3035.0,0,[3035],1.7019720999815036,47004.295781857654,19.363949992111884,28.81444000668125,6.37890625,40438,10000,1000,and,0.05
s_label_flip,0,baseline a=1.5,informed,1.5,80000,1,0.6808375,0.6810895066864452,0.6808042562743006,0.6807005180776187,0.736,0.625675,3,0,1,3,,3,0,1,3,,0,0,1,0,,3,19051.0,19051.0,0,[19051],1.778320600016741,44986.26400619038,19.677649994264357,32.780605001607896,8.96484375,45605,10000,1000,,
s_label_flip,0,baseline a=1.8,informed,1.8,80000,1,0.7219125,0.7219678747415715,0.7218979900351912,0.7218859939535559,0.739175,0.70465,3,1,0,2,3999.0,3,1,0,2,3999.0,0,0,1,0,,3,3965.0,3965.0,0,[3965],1.812992999999551,44125.92878186502,18.200500009697862,31.797910011664385,7.09765625,40438,10000,1000,,
s_label_flip,0,baseline a=2.5,informed,2.5,80000,1,0.7219125,0.7219678747415715,0.7218979900351912,0.7218859939535559,0.739175,0.70465,3,1,0,2,3999.0,3,1,0,2,3999.0,0,0,1,0,,3,3965.0,3965.0,0,[3965],1.9707079000072554,40594.54980603948,20.748700015246868,34.73895999777585,7.5625,40438,10000,1000,,
s_label_flip,0,or d=0.002 a=1.5,enhanced,1.5,80000,1,0.739375,0.7394330754700633,0.7393608592528833,0.7393511035462675,0.736,0.74275,4,1,0,3,39.0,3,0,1,3,,1,1,0,0,39.0,4,2989.0,2989.0,0,[2989],1.85439100000076,43140.84785785048,18.773050003801472,44.44768498942719,4.84375,40573,10000,1000,or,0.002
s_label_flip,0,or d=0.002 a=1.8,enhanced,1.8,80000,1,0.7422625,0.7423060524611318,0.7422502163531253,0.7422439318569668,0.739175,0.74535,4,1,0,2,39.0,3,1,0,2,3999.0,1,1,0,0,39.0,4,2960.0,2960.0,0,[2960],2.0141716999933124,39718.56024005581,20.064099997398444,36.5999700050451,7.6171875,40438,10000,1000,or,0.002
s_label_flip,0,or d=0.002 a=2.5,enhanced,2.5,80000,1,0.7422625,0.7423060524611318,0.7422502163531253,0.7422439318569668,0.739175,0.74535,4,1,0,2,39.0,3,1,0,2,3999.0,1,1,0,0,39.0,4,2960.0,2960.0,0,[2960],1.9692310999962501,40624.993176348034,20.089500001631677,47.79967999929791,6.25390625,40438,10000,1000,or,0.002
s_label_flip,0,or d=0.01 a=1.5,enhanced,1.5,80000,1,0.7409875,0.741048550690246,0.7409730876622234,0.7409629383891398,0.736,0.745975,4,1,0,3,39.0,3,0,1,3,,1,1,0,0,39.0,4,2998.0,2998.0,0,[2998],2.074332800024422,38566.6176608971,22.717349987942725,47.38010999426475,5.46484375,40470,10000,1000,or,0.01
s_label_flip,0,or d=0.01 a=1.8,enhanced,1.8,80000,1,0.7427,0.7427431633804674,0.7426877813676882,0.7426816268248595,0.739175,0.746225,4,1,0,2,39.0,3,1,0,2,3999.0,1,1,0,0,39.0,4,2989.0,2989.0,0,[2989],2.0556396000029054,38917.32772606975,20.05365000513848,65.57461499614874,6.39453125,40438,10000,1000,or,0.01
s_label_flip,0,or d=0.01 a=2.5,enhanced,2.5,80000,1,0.7427,0.7427431633804674,0.7426877813676882,0.7426816268248595,0.739175,0.746225,4,1,0,2,39.0,3,1,0,2,3999.0,1,1,0,0,39.0,4,2989.0,2989.0,0,[2989],1.9528095999849029,40966.6154860251,20.14769999368582,29.65843500714977,6.765625,40438,10000,1000,or,0.01
s_label_flip,0,or d=0.05 a=1.5,enhanced,1.5,80000,1,0.7413,0.74136095628629,0.7412856098154124,0.7412755309716389,0.736625,0.745975,5,1,0,4,39.0,3,0,1,3,,2,1,0,1,39.0,5,3017.0,3017.0,0,[3017],1.9397032000124454,41243.423220360055,20.07035000133328,42.59197000355925,6.83984375,40470,10000,1000,or,0.05
s_label_flip,0,or d=0.05 a=1.8,enhanced,1.8,80000,1,0.7427,0.7427431633804674,0.7426877813676882,0.7426816268248595,0.739175,0.746225,4,1,0,2,39.0,3,1,0,2,3999.0,1,1,0,0,39.0,4,2989.0,2989.0,0,[2989],1.989931100019021,40202.39695697771,19.60099999269005,69.43405499041545,7.21484375,40438,10000,1000,or,0.05
s_label_flip,0,or d=0.05 a=2.5,enhanced,2.5,80000,1,0.7427,0.7427431633804674,0.7426877813676882,0.7426816268248595,0.739175,0.746225,4,1,0,2,39.0,3,1,0,2,3999.0,1,1,0,0,39.0,4,2989.0,2989.0,0,[2989],1.9768688000040129,40468.03713015128,19.750549996388145,31.87822999025223,8.6015625,40438,10000,1000,or,0.05
s_label_flip,1,adwin_only d=0.002,enhanced,,80000,1,0.7439875,0.7439986669758445,0.7439892856817589,0.7439854387227612,0.7466,0.741375,1,1,0,0,39.0,0,0,1,0,,1,1,0,0,39.0,1,3380.0,3380.0,0,[3380],1.7193511999794282,46529.17914673697,19.144899997627363,29.03416000190191,6.203125,40635,10000,1000,adwin_only,0.002
s_label_flip,1,adwin_only d=0.01,enhanced,,80000,1,0.7439875,0.7439986669758445,0.7439892856817589,0.7439854387227612,0.7466,0.741375,1,1,0,0,39.0,0,0,1,0,,1,1,0,0,39.0,1,3380.0,3380.0,0,[3380],1.6249707999813836,49231.65388628307,18.391300007351674,26.60827498621074,2.8203125,40635,10000,1000,adwin_only,0.01
s_label_flip,1,adwin_only d=0.05,enhanced,,80000,1,0.7439875,0.7439986669758445,0.7439892856817589,0.7439854387227612,0.7466,0.741375,1,1,0,0,39.0,0,0,1,0,,1,1,0,0,39.0,1,3380.0,3380.0,0,[3380],1.626238500000909,49193.27638593926,18.89314998697955,26.909945000079457,2.03125,40635,10000,1000,adwin_only,0.05
s_label_flip,1,and d=0.002 a=1.5,enhanced,1.5,80000,1,0.7402375,0.7402380342750847,0.740237854546951,0.7402374853477707,0.7466,0.733875,4,1,0,0,39.0,5,1,0,3,3999.0,2,1,0,0,39.0,4,5939.0,5939.0,0,[5939],1.8119012000097428,44152.51780812874,19.404600010602735,40.10292499442579,7.0234375,38061,10000,1000,and,0.002
s_label_flip,1,and d=0.002 a=1.8,enhanced,1.8,80000,1,0.7402375,0.7402380342750847,0.740237854546951,0.7402374853477707,0.7466,0.733875,4,1,0,0,39.0,5,1,0,3,3999.0,2,1,0,0,39.0,4,5939.0,5939.0,0,[5939],1.8073848999920301,44262.84628158218,19.151899992721155,30.123289975745102,7.5859375,38061,10000,1000,and,0.002
s_label_flip,1,and d=0.002 a=2.5,enhanced,2.5,80000,1,0.7402375,0.7402380342750847,0.740237854546951,0.7402374853477707,0.7466,0.733875,4,1,0,0,39.0,5,1,0,3,3999.0,2,1,0,0,39.0,4,5939.0,5939.0,0,[5939],1.8093062000116333,44215.84361977294,19.769749997067265,32.07579500158315,7.89453125,38061,10000,1000,and,0.002
s_label_flip,1,and d=0.01 a=1.5,enhanced,1.5,80000,1,0.7404125,0.740413332656457,0.7404129508499175,0.7404124558295568,0.7466,0.734225,4,1,0,0,39.0,5,1,0,3,3999.0,2,1,0,0,39.0,4,5926.0,5926.0,0,[5926],1.8440777999931015,43382.11760930004,19.967650005128235,30.42808999161931,6.49609375,38061,10000,1000,and,0.01
s_label_flip,1,and d=0.01 a=1.8,enhanced,1.8,80000,1,0.7404125,0.740413332656457,0.7404129508499175,0.7404124558295568,0.7466,0.734225,4,1,0,0,39.0,5,1,0,3,3999.0,2,1,0,0,39.0,4,5926.0,5926.0,0,[5926],1.991045100003248,40179.90350890067,21.435850008856505,33.96639500133455,6.80859375,38061,10000,1000,and,0.01
s_label_flip,1,and d=0.01 a=2.5,enhanced,2.5,80000,1,0.7404125,0.740413332656457,0.7404129508499175,0.7404124558295568,0.7466,0.734225,4,1,0,0,39.0,5,1,0,3,3999.0,2,1,0,0,39.0,4,5926.0,5926.0,0,[5926],1.7739938999875449,45095.983701275225,19.15469999948982,29.217285022605157,7.4296875,38061,10000,1000,and,0.01
s_label_flip,1,and d=0.05 a=1.5,enhanced,1.5,80000,1,0.739725,0.7397252513010905,0.7397252375168843,0.7397249998373281,0.7466,0.73285,4,1,0,0,39.0,5,1,0,3,3999.0,2,1,0,0,39.0,4,6025.0,6025.0,0,[6025],1.78207200000179,44891.5644260836,19.198149995645508,30.29599501169282,7.44921875,38061,10000,1000,and,0.05
s_label_flip,1,and d=0.05 a=1.8,enhanced,1.8,80000,1,0.739725,0.7397252513010905,0.7397252375168843,0.7397249998373281,0.7466,0.73285,4,1,0,0,39.0,5,1,0,3,3999.0,2,1,0,0,39.0,4,6025.0,6025.0,0,[6025],1.827416300016921,43777.654822964665,19.023999993805774,32.68301999632966,7.3515625,38061,10000,1000,and,0.05
s_label_flip,1,and d=0.05 a=2.5,enhanced,2.5,80000,1,0.739725,0.7397252513010905,0.7397252375168843,0.7397249998373281,0.7466,0.73285,4,1,0,0,39.0,5,1,0,3,3999.0,2,1,0,0,39.0,4,6025.0,6025.0,0,[6025],1.8183541999896988,43995.828755724935,19.432200002484024,29.099099991435647,6.9296875,38061,10000,1000,and,0.05
s_label_flip,1,baseline a=1.5,informed,1.5,80000,1,0.7116625,0.7116964183093979,0.711665870903926,0.7116530079324006,0.740325,0.683,5,1,0,3,3999.0,5,1,0,3,3999.0,0,0,1,0,,5,7888.0,7888.0,0,[7888],1.939733899984276,41242.77046488103,18.45694999792613,65.10578498709945,7.3046875,32594,10000,1000,,
s_label_flip,1,baseline a=1.8,informed,1.8,80000,1,0.7113,0.7113303453534143,0.7113031851692135,0.7112915812625096,0.7417,0.6809,5,1,0,3,3999.0,5,1,0,3,3999.0,0,0,1,0,,5,9465.0,9465.0,0,[9465],2.2287882000091486,35893.94452091573,20.70330000424292,54.68942498409885,5.54296875,32594,10000,1000,,
s_label_flip,1,baseline a=2.5,informed,2.5,80000,1,0.7113,0.7113303453534143,0.7113031851692135,0.7112915812625096,0.7417,0.6809,5,1,0,3,3999.0,5,1,0,3,3999.0,0,0,1,0,,5,9465.0,9465.0,0,[9465],2.2259403000061866,35939.86774927327,20.277250005165115,74.83510499441762,6.13671875,32594,10000,1000,,
s_label_flip,1,or d=0.002 a=1.5,enhanced,1.5,80000,1,0.7348875,0.7348967732635542,0.7348891454289666,0.7348857250185048,0.7412,0.728575,8,1,0,4,39.0,5,1,0,3,3999.0,3,1,0,1,39.0,8,2780.0,2780.0,0,[2780],2.1266366000054404,37618.08670075336,19.506700002239086,69.8833850066876,8.07421875,32594,10000,1000,or,0.002
s_label_flip,1,or d=0.002 a=1.8,enhanced,1.8,80000,1,0.73745,0.7374515616401878,0.7374506355788173,0.7374498523155419,0.742575,0.732325,8,1,0,4,39.0,5,1,0,3,3999.0,3,1,0,1,39.0,8,5931.0,5931.0,0,[5931],2.3958840999985114,33390.59681561796,21.88854999258183,77.12151500454637,6.0703125,32594,10000,1000,or,0.002
s_label_flip,1,or d=0.002 a=2.5,enhanced,2.5,80000,1,0.73745,0.7374515616401878,0.7374506355788173,0.7374498523155419,0.742575,0.732325,8,1,0,4,39.0,5,1,0,3,3999.0,3,1,0,1,39.0,8,5931.0,5931.0,0,[5931],2.3129867000097875,34587.31517983285,20.69804999337066,79.81103499478193,7.94921875,32594,10000,1000,or,0.002
s_label_flip,1,or d=0.01 a=1.5,enhanced,1.5,80000,1,0.7364375,0.736440846007574,0.7364384583976337,0.736437028510553,0.740325,0.73255,7,1,0,3,39.0,5,1,0,3,3999.0,2,1,0,0,39.0,7,2714.0,2714.0,0,[2714],2.084661099972436,38375.542192952984,20.125500013818964,71.76019000035012,5.48828125,32594,10000,1000,or,0.01
s_label_flip,1,or d=0.01 a=1.8,enhanced,1.8,80000,1,0.73775,0.7377505127505128,0.7377503469194799,0.7377499867235932,0.7417,0.7338,7,1,0,3,39.0,5,1,0,3,3999.0,2,1,0,0,39.0,7,5925.0,5925.0,0,[5925],2.248702399985632,35576.07267218248,20.901700016111135,72.92435499257408,7.00390625,32594,10000,1000,or,0.01
s_label_flip,1,or d=0.01 a=2.5,enhanced,2.5,80000,1,0.73775,0.7377505127505128,0.7377503469194799,0.7377499867235932,0.7417,0.7338,7,1,0,3,39.0,5,1,0,3,3999.0,2,1,0,0,39.0,7,5925.0,5925.0,0,[5925],2.14949089998845,37218.115229252595,20.161299995379522,44.87992999493129,6.21875,32594,10000,1000,or,0.01
s_label_flip,1,or d=0.05 a=1.5,enhanced,1.5,80000,1,0.73645,0.73645,0.7364500715261466,0.7364499800690298,0.74045,0.73245,8,1,0,4,39.0,5,1,0,3,3999.0,3,1,0,1,39.0,8,1362.0,1362.0,0,[1362],2.134483600006206,37479.79136488442,19.425649996264838,76.1988049896899,5.87109375,32594,10000,1000,or,0.05
s_label_flip,1,or d=0.05 a=1.8,enhanced,1.8,80000,1,0.737125,0.7371249214352793,0.7371248929802802,0.7371249053649659,0.741825,0.732425,8,1,0,4,39.0,5,1,0,3,3999.0,3,1,0,1,39.0,8,6026.0,6026.0,0,[6026],2.339935299998615,34188.97949872689,22.442850007792003,78.81285498733631,7.921875,32594,10000,1000,or,0.05
s_label_flip,1,or d=0.05 a=2.5,enhanced,2.5,80000,1,0.737125,0.7371249214352793,0.7371248929802802,0.7371249053649659,0.741825,0.732425,8,1,0,4,39.0,5,1,0,3,3999.0,3,1,0,1,39.0,8,6026.0,6026.0,0,[6026],2.1415705000108574,37355.76297842841,19.538200009264983,61.92818000999974,6.0078125,32594,10000,1000,or,0.05
s_label_flip,2,adwin_only d=0.002,enhanced,,80000,1,0.743125,0.7431199352153369,0.7431217294776045,0.7431206818586621,0.746275,0.739975,1,1,0,0,39.0,0,0,1,0,,1,1,0,0,39.0,1,3411.0,3411.0,0,[3411],1.6968833999999333,47145.25464743373,19.676049996633083,27.466820005793124,7.1875,40713,10000,1000,adwin_only,0.002
s_label_flip,2,adwin_only d=0.01,enhanced,,80000,1,0.7432125,0.7432073777321373,0.7432089469082234,0.743208050718365,0.746275,0.74015,1,1,0,0,39.0,0,0,1,0,,1,1,0,0,39.0,1,3507.0,3507.0,0,[3507],1.60993080001208,49691.576805288605,18.49259999289643,27.26706498797284,6.01171875,40673,10000,1000,adwin_only,0.01
s_label_flip,2,adwin_only d=0.05,enhanced,,80000,1,0.7439875,0.7439823038957158,0.7439804366299894,0.7439812585431038,0.746275,0.7417,1,1,0,0,39.0,0,0,1,0,,1,1,0,0,39.0,1,2137.0,2137.0,0,[2137],1.62015549998614,49377.97637367794,18.476000012014993,29.427895016851835,2.5546875,40614,10000,1000,adwin_only,0.05
s_label_flip,2,and d=0.002 a=1.5,enhanced,1.5,80000,1,0.7326125,0.7326112687821007,0.7326160076078976,0.7326107442135197,0.746275,0.71895,4,1,0,0,39.0,4,0,1,4,,2,1,0,0,39.0,4,5008.0,5008.0,0,[5008],1.8900206999969669,42327.5787403431,19.694349975907244,31.5783900034148,7.09375,43211,10000,1000,and,0.002
s_label_flip,2,and d=0.002 a=1.8,enhanced,1.8,80000,1,0.7235875,0.7236105804313611,0.7236064048365962,0.7235872943748607,0.746275,0.7009,1,1,0,0,3999.0,5,0,1,5,,1,1,0,0,39.0,1,3986.0,3986.0,0,[3986],1.7234924000222236,46417.37903745235,19.202399998903275,30.054580024443567,6.9765625,40564,10000,1000,and,0.002
s_label_flip,2,and d=0.002 a=2.5,enhanced,2.5,80000,1,0.723525,0.7235217784779397,0.7235257600420473,0.7235223000224611,0.746275,0.700775,6,1,0,1,39.0,2,0,1,2,,3,1,0,0,39.0,6,5004.0,5004.0,0,[5004],2.1393449000024702,37394.62486853224,19.730799991521053,73.78615499037545,8.96875,45575,10000,1000,and,0.002
s_label_flip,2,and d=0.01 a=1.5,enhanced,1.5,80000,1,0.7325625,0.7325605029528282,0.7325650965539114,0.7325604590602158,0.746275,0.71885,4,1,0,0,39.0,4,0,1,4,,2,1,0,0,39.0,4,5004.0,5004.0,0,[5004],1.9160316000052262,41752.96482572719,20.530900001176633,34.89413002098433,7.53125,43211,10000,1000,and,0.01
s_label_flip,2,and d=0.01 a=1.8,enhanced,1.8,80000,1,0.7235875,0.7236105804313611,0.7236064048365962,0.7235872943748607,0.746275,0.7009,1,1,0,0,3999.0,5,0,1,5,,1,1,0,0,39.0,1,3986.0,3986.0,0,[3986],1.961560700001428,40783.85134854189,22.952449988224544,31.955634999030735,7.48828125,40564,10000,1000,and,0.01
s_label_flip,2,and d=0.01 a=2.5,enhanced,2.5,80000,1,0.7232875,0.7232821549400538,0.7232837619070809,0.7232828199774557,0.746275,0.7003,6,1,0,1,39.0,2,0,1,2,,3,1,0,0,39.0,6,4987.0,4987.0,0,[4987],2.0719507000176236,38610.95729706288,19.715599992196076,64.78151499322844,9.62890625,45575,10000,1000,and,0.01
s_label_flip,2,and d=0.05 a=1.5,enhanced,1.5,80000,1,0.733725,0.7337244458577779,0.7337292700302127,0.7337234662471654,0.746275,0.721175,4,1,0,0,39.0,4,0,1,4,,2,1,0,0,39.0,4,2137.0,2137.0,0,[2137],1.853990600007819,43150.164838841476,19.147250015521422,30.30562499043299,6.9921875,43211,10000,1000,and,0.05
s_label_flip,2,and d=0.05 a=1.8,enhanced,1.8,80000,1,0.7235875,0.7236105804313611,0.7236064048365962,0.7235872943748607,0.746275,0.7009,1,1,0,0,3999.0,5,0,1,5,,1,1,0,0,39.0,1,3986.0,3986.0,0,[3986],1.8189525000052527,43981.35740200416,19.417850009631366,33.351994988333885,6.87109375,40564,10000,1000,and,0.05
s_label_flip,2,and d=0.05 a=2.5,enhanced,2.5,80000,1,0.72635,0.7263482281140275,0.7263337556745768,0.7263370651503449,0.746275,0.706425,10,1,0,5,39.0,2,0,1,2,,5,1,0,2,39.0,10,2137.0,2137.0,0,[2137],2.5595766000042204,31255.169311935457,20.983850001357496,113.46604498976366,8.1640625,45575,10000,1000,and,0.05
s_label_flip,2,baseline a=1.5,informed,1.5,80000,1,0.692275,0.6923460896655201,0.6923112863244052,0.6922678358028849,0.741075,0.643475,4,0,1,4,,4,0,1,4,,0,0,1,0,,4,12121.0,12121.0,0,[12121],1.8460828000097536,43335.00100839319,18.257949996041134,43.625744999735566,6.203125,29608,10000,1000,,
s_label_flip,2,baseline a=1.8,informed,1.8,80000,1,0.6953875,0.6954605932241467,0.6954242488955127,0.695380148713842,0.739175,0.6516,5,0,1,5,,5,0,1,5,,0,0,1,0,,5,11693.0,11693.0,0,[11693],2.132078399998136,37522.07235909803,22.141300010844134,73.92334500764262,6.64453125,29608,10000,1000,,
s_label_flip,2,baseline a=2.5,informed,2.5,80000,1,0.634625,0.634973084705317,0.6347257279093821,0.6344895555359233,0.740475,0.528775,2,0,1,2,,2,0,1,2,,0,0,1,0,,2,26649.0,26649.0,0,[26649],1.94194210000569,41195.87293553479,20.395500003360212,31.478874999447616,11.73046875,50189,10000,1000,,
s_label_flip,2,or d=0.002 a=1.5,enhanced,1.5,80000,1,0.7335875,0.7335833002187033,0.7335867052037645,0.733584213053601,0.74085,0.726325,6,1,0,5,71.0,4,0,1,4,,2,1,0,1,71.0,6,1786.0,1786.0,0,[1786],2.111465900001349,37888.36940248426,19.764650001889095,70.58693998260424,8.140625,29608,10000,1000,or,0.002
s_label_flip,2,or d=0.002 a=1.8,enhanced,1.8,80000,1,0.67335,0.6734791032154613,0.6734025023653052,0.6733265364743113,0.7396,0.6071,6,0,1,6,,5,0,1,5,,2,1,0,1,39.0,6,11929.0,11929.0,0,[11929],2.4551026999833994,32585.194908767335,22.716349994880147,69.5152399872313,7.515625,29608,10000,1000,or,0.002
s_label_flip,2,or d=0.002 a=2.5,enhanced,2.5,80000,1,0.7387125,0.7387367055339233,0.7387319454731012,0.7387122824371488,0.740475,0.73695,3,1,0,2,39.0,2,0,1,2,,1,1,0,0,39.0,3,2144.0,2144.0,0,[2144],1.9848982999974396,40304.33196507004,21.10270000412129,31.77985998918298,8.82421875,40792,10000,1000,or,0.002
s_label_flip,2,or d=0.01 a=1.5,enhanced,1.5,80000,1,0.73405,0.73404519667434,0.734047792874432,0.7340461089283525,0.7417,0.7264,6,1,0,5,39.0,4,0,1,4,,2,1,0,1,39.0,6,2109.0,2109.0,0,[2109],2.110275700018974,37909.73852339801,19.82075000705663,78.82982498704222,7.15625,29608,10000,1000,or,0.01
s_label_flip,2,or d=0.01 a=1.8,enhanced,1.8,80000,1,0.7371125,0.7371078742310564,0.7371107544103932,0.7371088276978602,0.7397,0.734525,7,1,0,6,39.0,5,0,1,5,,2,1,0,1,39.0,7,2064.0,2064.0,0,[2064],2.1458794999925885,37280.751319110095,20.153499994194135,72.92352998920248,7.12109375,29608,10000,1000,or,0.01
s_label_flip,2,or d=0.01 a=2.5,enhanced,2.5,80000,1,0.7402625,0.7402676103158176,0.7402717398506943,0.7402620353531317,0.740475,0.74005,3,1,0,2,39.0,2,0,1,2,,1,1,0,0,39.0,3,2134.0,2134.0,0,[2134],1.8756453999958467,42651.985284733004,20.414750004420057,29.358394986775235,8.15234375,40687,10000,1000,or,0.01
s_label_flip,2,or d=0.05 a=1.5,enhanced,1.5,80000,1,0.7358625,0.7358570432740296,0.7358556096757594,0.7358562546100476,0.740475,0.73125,7,1,0,6,39.0,4,0,1,4,,3,1,0,2,39.0,7,949.0,949.0,0,[949],2.1041818000085186,38019.528540583386,20.603999990271404,65.78531498525989,6.96875,29608,10000,1000,or,0.05
s_label_flip,2,or d=0.05 a=1.8,enhanced,1.8,80000,1,0.739375,0.7393731463922486,0.7393779082211449,0.7393730646821134,0.739725,0.739025,8,1,0,7,39.0,5,0,1,5,,3,1,0,2,39.0,8,947.0,947.0,0,[947],2.5314581000129692,31602.340168928786,23.725099992589094,90.8472999930381,6.59375,34521,10000,1000,or,0.05
s_label_flip,2,or d=0.05 a=2.5,enhanced,2.5,80000,1,0.740575,0.7405816748622994,0.7405853269677316,0.7405746860953701,0.740475,0.740675,3,1,0,2,39.0,2,0,1,2,,1,1,0,0,39.0,3,2062.0,2062.0,0,[2062],1.8344677000131924,43609.38053007131,19.374250012333505,32.70917000627369,7.859375,40635,10000,1000,or,0.05
s_label_flip_topic,0,adwin_only d=0.002,enhanced,,80000,1,0.6403125,0.6403683547481274,0.6402996805762464,0.64026357084305,0.723475,0.55715,1,1,0,0,103.0,0,0,1,0,,1,1,0,0,103.0,1,,,1,[null],1.5759937999828253,50761.621017082565,18.16650001273956,27.2185650159372,7.40625,39775,10000,1000,adwin_only,0.002
s_label_flip_topic,0,adwin_only d=0.01,enhanced,,80000,1,0.640875,0.6409304257501129,0.6408622547904506,0.6408266696366663,0.723475,0.558275,1,1,0,0,103.0,0,0,1,0,,1,1,0,0,103.0,1,,,1,[null],1.6054807000036817,49829.31280320999,18.297200003871694,27.543364976008885,2.0625,39519,10000,1000,adwin_only,0.01
s_label_flip_topic,0,adwin_only d=0.05,enhanced,,80000,1,0.64035,0.6404057323623309,0.6403371953155403,0.640301180777008,0.723475,0.557225,1,1,0,0,71.0,0,0,1,0,,1,1,0,0,71.0,1,,,1,[null],1.7128890000167303,46704.7193362901,19.31049999257084,28.597114997683093,6.421875,39775,10000,1000,adwin_only,0.05
s_label_flip_topic,0,and d=0.002 a=1.5,enhanced,1.5,80000,1,0.6401375,0.6401955416584222,0.6401244453343123,0.6400868534156676,0.723475,0.5568,2,1,0,0,103.0,3,1,0,2,3999.0,1,1,0,0,103.0,2,,,1,[null],1.8997022999974433,42111.861421712056,21.048999988124706,32.86017997888848,6.2890625,39396,10000,1000,and,0.002
s_label_flip_topic,0,and d=0.002 a=1.8,enhanced,1.8,80000,1,0.6401375,0.6401955416584222,0.6401244453343123,0.6400868534156676,0.723475,0.5568,2,1,0,0,103.0,2,0,1,2,,1,1,0,0,103.0,2,,,1,[null],1.7367448000004515,46063.18671573348,19.915400014724582,27.671635005390268,6.68359375,39396,10000,1000,and,0.002
s_label_flip_topic,0,and d=0.002 a=2.5,enhanced,2.5,80000,1,0.6257125,0.6259592083883769,0.6256852666492212,0.6254983570933077,0.723475,0.52795,2,1,0,0,103.0,2,1,0,1,3999.0,1,1,0,0,103.0,2,,,1,[null],1.9881937000027392,40237.52816432814,20.999949992983602,29.05561500083422,8.546875,50323,10000,1000,and,0.002
s_label_flip_topic,0,and d=0.01 a=1.5,enhanced,1.5,80000,1,0.6405375,0.6405966117780831,0.6405243577614415,0.6404862678888237,0.723475,0.5576,2,1,0,0,103.0,3,1,0,2,3999.0,1,1,0,0,103.0,2,,,1,[null],2.0976127999892924,38138.59259459533,25.025350012583658,31.718805008858904,5.90234375,39396,10000,1000,and,0.01
s_label_flip_topic,0,and d=0.01 a=1.8,enhanced,1.8,80000,1,0.6405375,0.6405966117780831,0.6405243577614415,0.6404862678888237,0.723475,0.5576,2,1,0,0,103.0,2,0,1,2,,1,1,0,0,103.0,2,,,1,[null],1.8862678000004962,42411.7932776984,20.690350007498637,32.61230499774683,6.10546875,39396,10000,1000,and,0.01
s_label_flip_topic,0,and d=0.01 a=2.5,enhanced,2.5,80000,1,0.6261125,0.6263617675978634,0.6260851790763504,0.625897241214141,0.723475,0.52875,2,1,0,0,103.0,2,1,0,1,3999.0,1,1,0,0,103.0,2,,,1,[null],2.017242299974896,39658.10155824889,21.026300004450604,33.31541501393076,8.23828125,50323,10000,1000,and,0.01
s_label_flip_topic,0,and d=0.05 a=1.5,enhanced,1.5,80000,1,0.640175,0.6402329173265742,0.6401619600736062,0.6401244653777396,0.723475,0.556875,2,1,0,0,71.0,3,1,0,2,3999.0,1,1,0,0,71.0,2,,,1,[null],1.797762700007297,44499.75516772891,20.352949999505654,26.209915008803364,7.15234375,39396,10000,1000,and,0.05
s_label_flip_topic,0,and d=0.05 a=1.8,enhanced,1.8,80000,1,0.640175,0.6402329173265742,0.6401619600736062,0.6401244653777396,0.723475,0.556875,2,1,0,0,71.0,2,0,1,2,,1,1,0,0,71.0,2,,,1,[null],1.806330599996727,44288.68115291019,19.858150015352294,30.847955007629928,6.53125,39396,10000,1000,and,0.05
s_label_flip_topic,0,and d=0.05 a=2.5,enhanced,2.5,80000,1,0.62575,0.6259965104453398,0.6257227813885151,0.6255361024770959,0.723475,0.528025,2,1,0,0,71.0,2,1,0,1,3999.0,1,1,0,0,71.0,2,,,1,[null],1.8931448999792337,42257.72681260559,19.490100006805733,30.179430008865843,8.19140625,50323,10000,1000,and,0.05
s_label_flip_topic,0,baseline a=1.5,informed,1.5,80000,1,0.635875,0.6359670908124067,0.6358585760072465,0.6357960312468476,0.717375,0.554375,3,1,0,2,3999.0,3,1,0,2,3999.0,0,0,1,0,,3,,,1,[null],2.0812714000057895,38438.043207520874,22.192749980604276,55.507189984200515,7.41015625,39396,10000,1000,,
s_label_flip_topic,0,baseline a=1.8,informed,1.8,80000,1,0.6274625,0.6277006930922795,0.6274359153162106,0.6272590556046773,0.717375,0.53755,2,0,1,2,,2,0,1,2,,0,0,1,0,,2,,,1,[null],1.8592240000143647,43028.704448405304,20.050100007210858,31.634259995189495,9.0390625,46264,10000,1000,,
s_label_flip_topic,0,baseline a=2.5,informed,2.5,80000,1,0.621725,0.622018667347302,0.6216948970775173,0.6214621726693832,0.717375,0.526075,2,1,0,1,3999.0,2,1,0,1,3999.0,0,0,1,0,,2,,,1,[null],1.9235425999795552,41589.928915975295,19.086949978373013,28.059054982441005,8.41796875,50323,10000,1000,,
s_label_flip_topic,0,or d=0.002 a=1.5,enhanced,1.5,80000,1,0.6364875,0.6365681691188323,0.6364720902917796,0.636417630773774,0.717375,0.5556,4,1,0,2,135.0,3,1,0,2,3999.0,1,1,0,0,135.0,4,,,1,[null],1.994225699978415,40115.82039127562,20.598300005076453,41.1180149967549,7.12890625,39396,10000,1000,or,0.002
s_label_flip_topic,0,or d=0.002 a=1.8,enhanced,1.8,80000,1,0.6354125,0.6354884926646815,0.6353974413080925,0.6353454249246651,0.717375,0.55345,3,1,0,2,135.0,2,0,1,2,,1,1,0,0,135.0,3,,,1,[null],2.2461596000066493,35616.3471196629,24.409049990936182,37.16915000550211,6.6171875,40699,10000,1000,or,0.002
s_label_flip_topic,0,or d=0.002 a=2.5,enhanced,2.5,80000,1,0.621925,0.6222155991209781,0.621895073603886,0.6216652959257352,0.717375,0.526475,3,1,0,1,103.0,2,1,0,1,3999.0,1,1,0,0,103.0,3,,,1,[null],2.115104099997552,37823.19744928516,21.384499996202067,38.62866498529907,9.17578125,50323,10000,1000,or,0.002
s_label_flip_topic,0,or d=0.01 a=1.5,enhanced,1.5,80000,1,0.636675,0.6367648918954543,0.6366588121120724,0.636598331105779,0.717375,0.555975,4,1,0,2,103.0,3,1,0,2,3999.0,1,1,0,0,103.0,4,,,1,[null],2.0996632000023965,38101.34882580629,22.615700014284812,37.61224500631207,5.45703125,39396,10000,1000,or,0.01
s_label_flip_topic,0,or d=0.01 a=1.8,enhanced,1.8,80000,1,0.6363875,0.6364904481093728,0.6363702395261619,0.6363008245195434,0.717375,0.5554,3,1,0,2,103.0,2,0,1,2,,1,1,0,0,103.0,3,,,1,[null],2.3007228999922518,34771.67980562519,24.8567499947967,38.33798999548885,5.375,39956,10000,1000,or,0.01
s_label_flip_topic,0,or d=0.01 a=2.5,enhanced,2.5,80000,1,0.623075,0.6233484439517845,0.6230460739429858,0.6228326237577608,0.717375,0.528775,3,1,0,1,103.0,2,1,0,1,3999.0,1,1,0,0,103.0,3,,,1,[null],2.359740999992937,33902.02568851389,24.998449996928684,40.312475006794536,7.99609375,50323,10000,1000,or,0.01
s_label_flip_topic,0,or d=0.05 a=1.5,enhanced,1.5,80000,1,0.6375625,0.6376363749836844,0.6375477674018863,0.6374984975843464,0.717375,0.55775,4,1,0,2,71.0,3,1,0,2,3999.0,1,1,0,0,71.0,4,,,1,[null],2.2318165999895427,35845.239255042216,22.437050007283688,47.817490012675954,7.2734375,39396,10000,1000,or,0.05
s_label_flip_topic,0,or d=0.05 a=1.8,enhanced,1.8,80000,1,0.6379,0.637969818548055,0.6378856644308954,0.637839264739295,0.717375,0.558425,3,1,0,2,71.0,2,0,1,2,,1,1,0,0,71.0,3,,,1,[null],1.9075044999772217,41939.61272487447,20.1966999884462,36.561390019778585,7.27734375,39519,10000,1000,or,0.05
s_label_flip_topic,0,or d=0.05 a=2.5,enhanced,2.5,80000,1,0.6219375,0.6222230687401136,0.6219078233089885,0.6216820028815339,0.717375,0.5265,3,1,0,1,71.0,2,1,0,1,3999.0,1,1,0,0,71.0,3,,,1,[null],2.0505899999989197,39013.16206557242,20.83150000544265,32.44141999457494,8.171875,50323,10000,1000,or,0.05
s_label_flip_topic,1,adwin_only d=0.002,enhanced,,80000,1,0.640975,0.6410070013804361,0.6409846545422391,0.640963740622906,0.727025,0.554925,1,1,0,0,103.0,0,0,1,0,,1,1,0,0,103.0,1,,,1,[null],1.5357890999875963,52090.485601601235,17.02655000553932,26.437734979845114,6.26171875,40178,10000,1000,adwin_only,0.002
s_label_flip_topic,1,adwin_only d=0.01,enhanced,,80000,1,0.6377625,0.63789595496263,0.6377838553910005,0.6376961027725445,0.727025,0.5485,1,1,0,0,71.0,0,0,1,0,,1,1,0,0,71.0,1,,,1,[null],1.692776000010781,47259.64923858236,19.494499996653758,26.389240009302736,2.078125,41510,10000,1000,adwin_only,0.01
s_label_flip_topic,1,adwin_only d=0.05,enhanced,,80000,1,0.6435625,0.6435702171386715,0.643566647347187,0.6435612635474394,0.727025,0.5601,1,1,0,0,71.0,0,0,1,0,,1,1,0,0,71.0,1,,,1,[null],1.4179040000017267,56421.30919998997,16.889999998966232,19.999479992839042,2.0859375,39534,10000,1000,adwin_only,0.05
s_label_flip_topic,1,and d=0.002 a=1.5,enhanced,1.5,80000,1,0.6428,0.642826869520414,0.6428086997606774,0.6427912474925417,0.727025,0.558575,2,1,0,0,103.0,6,1,0,5,3999.0,1,1,0,0,103.0,2,,,1,[null],1.6165755999973044,49487.32369839889,18.329850005102344,22.632005013292652,5.5078125,39299,10000,1000,and,0.002
s_label_flip_topic,1,and d=0.002 a=1.8,enhanced,1.8,80000,1,0.6428,0.642826869520414,0.6428086997606774,0.6427912474925417,0.727025,0.558575,2,1,0,0,103.0,5,0,1,5,,1,1,0,0,103.0,2,,,1,[null],1.6628885999962222,48109.055531550184,18.624150005052797,28.774004988372322,4.06640625,39299,10000,1000,and,0.002
s_label_flip_topic,1,and d=0.002 a=2.5,enhanced,2.5,80000,1,0.62665,0.6269056921731988,0.6266813059235162,0.6264960827707491,0.727025,0.526275,2,1,0,0,103.0,1,1,0,0,3999.0,1,1,0,0,103.0,2,,,1,[null],1.9792218999937177,40419.924617979384,20.69649999612011,30.467090004822236,8.515625,51559,10000,1000,and,0.002
s_label_flip_topic,1,and d=0.01 a=1.5,enhanced,1.5,80000,1,0.64245,0.6424932488774924,0.6424613908800635,0.6424335874781862,0.727025,0.557875,2,1,0,0,71.0,6,1,0,5,3999.0,1,1,0,0,71.0,2,,,1,[null],1.6494063999853097,48502.297554267105,18.36529998399783,24.92544499400532,3.046875,39299,10000,1000,and,0.01
s_label_flip_topic,1,and d=0.01 a=1.8,enhanced,1.8,80000,1,0.64245,0.6424932488774924,0.6424613908800635,0.6424335874781862,0.727025,0.557875,2,1,0,0,71.0,5,0,1,5,,1,1,0,0,71.0,2,,,1,[null],1.6135753999988083,49579.33791012126,18.1612500018673,23.00522500154329,5.12890625,39299,10000,1000,and,0.01
s_label_flip_topic,1,and d=0.01 a=2.5,enhanced,2.5,80000,1,0.6263,0.626598411059507,0.6263339970429023,0.6261169784190139,0.727025,0.525575,2,1,0,0,71.0,1,1,0,0,3999.0,1,1,0,0,71.0,2,,,1,[null],1.8346694000065327,43604.58619940745,19.072349998168647,23.40852998459013,3.359375,51559,10000,1000,and,0.01
s_label_flip_topic,1,and d=0.05 a=1.5,enhanced,1.5,80000,1,0.6433125,0.6433228347333105,0.6433174580550447,0.643310424010935,0.727025,0.5596,2,1,0,0,71.0,6,1,0,5,3999.0,1,1,0,0,71.0,2,,,1,[null],1.6975304000079632,47127.28561422212,19.187549987691455,27.647925015480723,2.00390625,39299,10000,1000,and,0.05
s_label_flip_topic,1,and d=0.05 a=1.8,enhanced,1.8,80000,1,0.6433125,0.6433228347333105,0.6433174580550447,0.643310424010935,0.727025,0.5596,2,1,0,0,71.0,5,0,1,5,,1,1,0,0,71.0,2,,,1,[null],1.79103419999592,44666.93042499258,20.638300018617883,26.990324990765654,2.4375,39299,10000,1000,and,0.05
s_label_flip_topic,1,and d=0.05 a=2.5,enhanced,2.5,80000,1,0.6271625,0.6273641490200084,0.6271900642178835,0.6270448302547013,0.727025,0.5273,2,1,0,0,71.0,1,1,0,0,3999.0,1,1,0,0,71.0,2,,,1,[null],2.0904036999854725,38270.11978621927,20.954150008037686,33.365139980742235,6.65234375,51559,10000,1000,and,0.05
s_label_flip_topic,1,baseline a=1.5,informed,1.5,80000,1,0.637425,0.6375640469759998,0.6374468524703084,0.6373551852068271,0.7203,0.55455,6,1,0,5,3999.0,6,1,0,5,3999.0,0,0,1,0,,6,,,1,[null],1.8707452999951784,42763.70492562841,18.63950000551995,65.86748000700027,3.61328125,14659,10000,1000,,
s_label_flip_topic,1,baseline a=1.8,informed,1.8,80000,1,0.6324625,0.632742700392503,0.6324946851337494,0.6323020779353743,0.7203,0.544625,5,0,1,5,,5,0,1,5,,0,0,1,0,,5,,,1,[null],1.918962099996861,41689.20272064303,18.79349998489488,72.67878998827655,5.12890625,14659,10000,1000,,
s_label_flip_topic,1,baseline a=2.5,informed,2.5,80000,1,0.6268625,0.6271673795712769,0.6268968117048759,0.6266762249108855,0.727025,0.5267,1,1,0,0,3999.0,1,1,0,0,3999.0,0,0,1,0,,1,,,1,[null],1.7277637000079267,46302.62807329091,18.32724998530466,23.537130019394674,10.22265625,51559,10000,1000,,
s_label_flip_topic,1,or d=0.002 a=1.5,enhanced,1.5,80000,1,0.63835,0.6384147320384732,0.6383644057165602,0.6383218322782489,0.7203,0.5564,7,1,0,5,199.0,6,1,0,5,3999.0,1,1,0,0,199.0,7,,,1,[null],1.9057226000004448,41978.827348734456,18.98950000759214,64.04263500880914,3.62109375,14659,10000,1000,or,0.002
s_label_flip_topic,1,or d=0.002 a=1.8,enhanced,1.8,80000,1,0.6384,0.6384582786187596,0.6384135945735767,0.6383752375183736,0.7203,0.5565,6,1,0,5,199.0,5,0,1,5,,1,1,0,0,199.0,6,,,1,[null],1.8228728999965824,43886.76796947828,17.80595000309404,66.22072999743978,3.375,14659,10000,1000,or,0.002
s_label_flip_topic,1,or d=0.002 a=2.5,enhanced,2.5,80000,1,0.62665,0.6269056921731988,0.6266813059235162,0.6264960827707491,0.727025,0.526275,2,1,0,0,103.0,1,1,0,0,3999.0,1,1,0,0,103.0,2,,,1,[null],1.7948190000024624,44572.73964666646,18.73915000760462,23.746660022879936,9.30078125,51559,10000,1000,or,0.002
s_label_flip_topic,1,or d=0.01 a=1.5,enhanced,1.5,80000,1,0.63825,0.6383117149747524,0.6382640367481949,0.6382233983403696,0.7203,0.5562,7,1,0,5,103.0,6,1,0,5,3999.0,1,1,0,0,103.0,7,,,1,[null],1.8792102000152227,42571.07586972014,18.757650002953596,66.7787150159711,4.125,14659,10000,1000,or,0.01
s_label_flip_topic,1,or d=0.01 a=1.8,enhanced,1.8,80000,1,0.6384875,0.6385442407198418,0.6385008919510031,0.6384635594523373,0.7203,0.556675,6,1,0,5,103.0,5,0,1,5,,1,1,0,0,103.0,6,,,1,[null],2.0458345000224654,39103.847353792065,20.083449984667823,69.21818998816886,5.5703125,14659,10000,1000,or,0.01
s_label_flip_topic,1,or d=0.01 a=2.5,enhanced,2.5,80000,1,0.6263,0.626598411059507,0.6263339970429023,0.6261169784190139,0.727025,0.525575,2,1,0,0,71.0,1,1,0,0,3999.0,1,1,0,0,71.0,2,,,1,[null],1.917807099991478,41714.31005775059,19.53479999792762,39.71863998885965,8.69921875,51559,10000,1000,or,0.01
s_label_flip_topic,1,or d=0.05 a=1.5,enhanced,1.5,80000,1,0.638225,0.6382936638861962,0.6382398848206494,0.6381947087565039,0.7203,0.55615,7,1,0,5,71.0,6,1,0,5,3999.0,1,1,0,0,71.0,7,,,1,[null],1.797522899985779,44505.69169418254,17.92714999464806,65.26315500377677,1.015625,14659,10000,1000,or,0.05
s_label_flip_topic,1,or d=0.05 a=1.8,enhanced,1.8,80000,1,0.63835,0.6384159444005261,0.6383645532168811,0.6383211902483601,0.7203,0.5564,6,1,0,5,71.0,5,0,1,5,,1,1,0,0,71.0,6,,,1,[null],1.76109539999743,45426.27276189396,17.80369998596143,64.34799499838846,4.49609375,14659,10000,1000,or,0.05
s_label_flip_topic,1,or d=0.05 a=2.5,enhanced,2.5,80000,1,0.6271625,0.6273641490200084,0.6271900642178835,0.6270448302547013,0.727025,0.5273,2,1,0,0,71.0,1,1,0,0,3999.0,1,1,0,0,71.0,2,,,1,[null],1.8274443999980576,43776.981669092114,19.497300003422424,23.86409998289309,8.1171875,51559,10000,1000,or,0.05
s_label_flip_topic,2,adwin_only d=0.002,enhanced,,80000,1,0.6424125,0.6427409770052338,0.6424939301123509,0.6422835342152797,0.723875,0.56095,1,1,0,0,167.0,0,0,1,0,,1,1,0,0,167.0,1,,,1,[null],1.4322801000089385,55854.99651883786,17.017999998643063,20.9786049919785,5.28515625,39484,10000,1000,adwin_only,0.002
s_label_flip_topic,2,adwin_only d=0.01,enhanced,,80000,1,0.6381,0.6383560804211584,0.6381717251997119,0.6380020424476915,0.723875,0.552325,1,1,0,0,135.0,0,0,1,0,,1,1,0,0,135.0,1,,,1,[null],1.5584811000153422,51332.030910873706,17.742349999025464,23.12912501947721,6.2890625,41954,10000,1000,adwin_only,0.01
s_label_flip_topic,2,adwin_only d=0.05,enhanced,,80000,1,0.6424,0.6427281090145192,0.6424813824311624,0.6422711995218073,0.723875,0.560925,1,1,0,0,103.0,0,0,1,0,,1,1,0,0,103.0,1,,,1,[null],1.427957099978812,56024.09204113137,16.914749998250045,20.29563000251073,2.0234375,39484,10000,1000,adwin_only,0.05
s_label_flip_topic,2,and d=0.002 a=1.5,enhanced,1.5,80000,1,0.6408125,0.6410951074192384,0.6408877319188488,0.6407041879757265,0.723875,0.55775,1,1,0,0,3999.0,4,1,0,3,3999.0,1,1,0,0,167.0,1,,,1,[null],1.749271700013196,45733.318614481956,20.375599997350946,28.034130013838876,6.75390625,39081,10000,1000,and,0.002
s_label_flip_topic,2,and d=0.002 a=1.8,enhanced,1.8,80000,1,0.629175,0.6295066707774863,0.6292600865156492,0.6290266106442577,0.723875,0.534475,2,1,0,0,167.0,2,1,0,1,3999.0,1,1,0,0,167.0,2,,,1,[null],1.7299752999970224,46243.43480518924,18.792800008668564,22.276555004646067,8.8515625,47662,10000,1000,and,0.002
s_label_flip_topic,2,and d=0.002 a=2.5,enhanced,2.5,80000,1,0.629175,0.6295066707774863,0.6292600865156492,0.6290266106442577,0.723875,0.534475,2,1,0,0,167.0,2,1,0,1,3999.0,1,1,0,0,167.0,2,,,1,[null],1.758958899998106,45481.44928234886,18.524500002968125,23.964444981538687,8.53125,47662,10000,1000,and,0.002
s_label_flip_topic,2,and d=0.01 a=1.5,enhanced,1.5,80000,1,0.6408125,0.6410951074192384,0.6408877319188488,0.6407041879757265,0.723875,0.55775,1,1,0,0,3999.0,4,1,0,3,3999.0,1,1,0,0,135.0,1,,,1,[null],1.6302839000127278,49071.207781279954,18.52469998993911,23.030630001449012,7.37109375,39081,10000,1000,and,0.01
s_label_flip_topic,2,and d=0.01 a=1.8,enhanced,1.8,80000,1,0.6285,0.6288082911032342,0.6285818467218667,0.6283637126115982,0.723875,0.533125,2,1,0,0,135.0,2,1,0,1,3999.0,1,1,0,0,135.0,2,,,1,[null],1.8189746999996714,43980.8206238462,19.25695000682026,28.74085500370704,9.25390625,47662,10000,1000,and,0.01
s_label_flip_topic,2,and d=0.01 a=2.5,enhanced,2.5,80000,1,0.6285,0.6288082911032342,0.6285818467218667,0.6283637126115982,0.723875,0.533125,2,1,0,0,135.0,2,1,0,1,3999.0,1,1,0,0,135.0,2,,,1,[null],1.9832063000067137,40338.71816549251,21.22179999423679,34.877359995152744,8.078125,47662,10000,1000,and,0.01
s_label_flip_topic,2,and d=0.05 a=1.5,enhanced,1.5,80000,1,0.6408125,0.6410951074192384,0.6408877319188488,0.6407041879757265,0.723875,0.55775,1,1,0,0,3999.0,4,1,0,3,3999.0,1,1,0,0,103.0,1,,,1,[null],1.8811185999948066,42527.887396478276,21.143299993127584,28.986485007044394,6.98828125,39081,10000,1000,and,0.05
s_label_flip_topic,2,and d=0.05 a=1.8,enhanced,1.8,80000,1,0.630075,0.6304010984046345,0.6301590544967469,0.6299310151784374,0.723875,0.536275,4,1,0,2,103.0,2,1,0,1,3999.0,2,1,0,1,103.0,4,,,1,[null],2.0588850999774877,38855.98084170638,19.56760001485236,45.03697501058921,7.20703125,31671,10000,1000,and,0.05
s_label_flip_topic,2,and d=0.05 a=2.5,enhanced,2.5,80000,1,0.630075,0.6304010984046345,0.6301590544967469,0.6299310151784374,0.723875,0.536275,4,1,0,2,103.0,2,1,0,1,3999.0,2,1,0,1,103.0,4,,,1,[null],2.0725927999883424,38598.99542276224,18.896549998316914,55.06746498576824,6.69921875,31671,10000,1000,and,0.05
s_label_flip_topic,2,baseline a=1.5,informed,1.5,80000,1,0.6379,0.6382778057144235,0.6379891075627132,0.6377398626798851,0.7193,0.5565,4,1,0,3,3999.0,4,1,0,3,3999.0,0,0,1,0,,4,,,1,[null],1.6722976999881212,47838.37231885702,17.496999993454665,41.53221000160556,4.83203125,9478,10000,1000,,
s_label_flip_topic,2,baseline a=1.8,informed,1.8,80000,1,0.6266,0.6269332752834109,0.6266859993458305,0.6264468198490643,0.720425,0.532775,2,1,0,1,3999.0,2,1,0,1,3999.0,0,0,1,0,,2,,,1,[null],1.8244126999925356,43849.7276412992,17.92614998703357,32.308580013341235,9.84765625,47662,10000,1000,,
s_label_flip_topic,2,baseline a=2.5,informed,2.5,80000,1,0.6266,0.6269332752834109,0.6266859993458305,0.6264468198490643,0.720425,0.532775,2,1,0,1,3999.0,2,1,0,1,3999.0,0,0,1,0,,2,,,1,[null],1.8499103999929503,43245.33772030519,18.768599984468892,33.27765998546954,9.19921875,47662,10000,1000,,
s_label_flip_topic,2,or d=0.002 a=1.5,enhanced,1.5,80000,1,0.6382875,0.6386887843072919,0.6383795107001345,0.6381157152829218,0.7193,0.557275,5,1,0,3,167.0,4,1,0,3,3999.0,1,1,0,0,167.0,5,,,1,[null],1.7122822000237647,46721.27059364962,18.346850003581494,43.75316000805469,6.47265625,9478,10000,1000,or,0.002
s_label_flip_topic,2,or d=0.002 a=1.8,enhanced,1.8,80000,1,0.627525,0.6278782233068091,0.6276135777400627,0.6273618382848034,0.720425,0.534625,3,1,0,1,167.0,2,1,0,1,3999.0,1,1,0,0,167.0,3,,,1,[null],1.843523199990159,43395.16855574535,19.623750005848706,27.163450015359558,9.05078125,47662,10000,1000,or,0.002
s_label_flip_topic,2,or d=0.002 a=2.5,enhanced,2.5,80000,1,0.627525,0.6278782233068091,0.6276135777400627,0.6273618382848034,0.720425,0.534625,3,1,0,1,167.0,2,1,0,1,3999.0,1,1,0,0,167.0,3,,,1,[null],1.9350596999865957,41342.393725916656,19.530699981260113,31.079489985131655,8.828125,47662,10000,1000,or,0.002
s_label_flip_topic,2,or d=0.01 a=1.5,enhanced,1.5,80000,1,0.6378125,0.6381904865381458,0.6379016537998808,0.6376521333833804,0.7193,0.556325,5,1,0,3,103.0,4,1,0,3,3999.0,1,1,0,0,103.0,5,,,1,[null],1.9747685999900568,40511.07557634996,19.833400001516566,47.42285500396967,5.14453125,9478,10000,1000,or,0.01
s_label_flip_topic,2,or d=0.01 a=1.8,enhanced,1.8,80000,1,0.6264625,0.6267978118209758,0.6265488298651032,0.6263079357655774,0.720425,0.5325,3,1,0,1,103.0,2,1,0,1,3999.0,1,1,0,0,103.0,3,,,1,[null],1.8464765999815427,43325.758907965406,18.661849986528978,70.01577502669534,8.88671875,47662,10000,1000,or,0.01
s_label_flip_topic,2,or d=0.01 a=2.5,enhanced,2.5,80000,1,0.6264625,0.6267978118209758,0.6265488298651032,0.6263079357655774,0.720425,0.5325,3,1,0,1,103.0,2,1,0,1,3999.0,1,1,0,0,103.0,3,,,1,[null],1.8369253000128083,43551.036070678645,18.641199989360757,28.63027999555911,9.078125,47662,10000,1000,or,0.01
s_label_flip_topic,2,or d=0.05 a=1.5,enhanced,1.5,80000,1,0.6393625,0.6397489361266115,0.6394523411918068,0.6392001508354965,0.7193,0.559425,5,1,0,3,103.0,4,1,0,3,3999.0,1,1,0,0,103.0,5,,,1,[null],1.7208077999821398,46489.793921686265,18.518650002079085,40.985449997242526,5.4296875,9478,10000,1000,or,0.05
s_label_flip_topic,2,or d=0.05 a=1.8,enhanced,1.8,80000,1,0.638475,0.6388217345645377,0.6385598408041012,0.6383317757665212,0.720425,0.556525,4,1,0,1,103.0,2,1,0,1,3999.0,2,1,0,0,103.0,4,,,1,[null],1.844260200014105,43377.82705465755,18.290799998794682,66.84190499654505,7.8984375,37823,10000,1000,or,0.05
s_label_flip_topic,2,or d=0.05 a=2.5,enhanced,2.5,80000,1,0.638475,0.6388217345645377,0.6385598408041012,0.6383317757665212,0.720425,0.556525,4,1,0,1,103.0,2,1,0,1,3999.0,2,1,0,0,103.0,4,,,1,[null],1.819795699993847,43960.978696823215,18.470800001523457,62.99762000271584,7.2890625,37823,10000,1000,or,0.05
s_prior_shift,0,adwin_only d=0.002,enhanced,,80000,1,0.80305,0.7653687142784065,0.7717261904761905,0.7683570700197946,0.7461,0.86,0,0,1,0,,0,0,1,0,,0,0,1,0,,0,0.0,0.0,0,[0],1.7369496000173967,46057.75550378591,20.68715001223609,29.939450004894752,7.8203125,59320,10000,1000,adwin_only,0.002
s_prior_shift,0,adwin_only d=0.01,enhanced,,80000,1,0.80305,0.7653687142784065,0.7717261904761905,0.7683570700197946,0.7461,0.86,0,0,1,0,,0,0,1,0,,0,0,1,0,,0,0.0,0.0,0,[0],1.6715620000031777,47859.42729007235,19.311899988679215,28.068855000310574,6.95703125,59320,10000,1000,adwin_only,0.01
s_prior_shift,0,adwin_only d=0.05,enhanced,,80000,1,0.80305,0.7653687142784065,0.7717261904761905,0.7683570700197946,0.7461,0.86,0,0,1,0,,0,0,1,0,,0,0,1,0,,0,0.0,0.0,0,[0],1.542072600015672,51878.23193226244,18.345100004808046,25.19543499802239,7.3359375,59320,10000,1000,adwin_only,0.05
s_prior_shift,0,and d=0.002 a=1.5,enhanced,1.5,80000,1,0.80305,0.7653687142784065,0.7717261904761905,0.7683570700197946,0.7461,0.86,0,0,1,0,,2,1,0,1,3999.0,0,0,1,0,,0,0.0,0.0,0,[0],2.040220800001407,39211.44221250211,24.724350005271845,37.160874986147974,8.48828125,59320,10000,1000,and,0.002
s_prior_shift,0,and d=0.002 a=1.8,enhanced,1.8,80000,1,0.80305,0.7653687142784065,0.7717261904761905,0.7683570700197946,0.7461,0.86,0,0,1,0,,2,1,0,1,3999.0,0,0,1,0,,0,0.0,0.0,0,[0],1.7966444000194315,44527.45351230036,21.148450003238395,30.519100016681477,7.81640625,59320,10000,1000,and,0.002
s_prior_shift,0,and d=0.002 a=2.5,enhanced,2.5,80000,1,0.80305,0.7653687142784065,0.7717261904761905,0.7683570700197946,0.7461,0.86,0,0,1,0,,2,1,0,1,3999.0,0,0,1,0,,0,0.0,0.0,0,[0],1.8039551000110805,44347.00176268723,20.05199997802265,30.060250018141232,8.4140625,59320,10000,1000,and,0.002
s_prior_shift,0,and d=0.01 a=1.5,enhanced,1.5,80000,1,0.80305,0.7653687142784065,0.7717261904761905,0.7683570700197946,0.7461,0.86,0,0,1,0,,2,1,0,1,3999.0,0,0,1,0,,0,0.0,0.0,0,[0],1.7762466999993194,45038.78881240464,20.779850005055778,28.765670004941054,7.8125,59320,10000,1000,and,0.01
s_prior_shift,0,and d=0.01 a=1.8,enhanced,1.8,80000,1,0.80305,0.7653687142784065,0.7717261904761905,0.7683570700197946,0.7461,0.86,0,0,1,0,,2,1,0,1,3999.0,0,0,1,0,,0,0.0,0.0,0,[0],1.736457099992549,46070.8185651942,19.950900008552708,25.38722000754205,8.4140625,59320,10000,1000,and,0.01
s_prior_shift,0,and d=0.01 a=2.5,enhanced,2.5,80000,1,0.80305,0.7653687142784065,0.7717261904761905,0.7683570700197946,0.7461,0.86,0,0,1,0,,2,1,0,1,3999.0,0,0,1,0,,0,0.0,0.0,0,[0],1.6817920000175945,47568.30808992019,19.747300000744872,28.385765007988084,8.71875,59320,10000,1000,and,0.01
s_prior_shift,0,and d=0.05 a=1.5,enhanced,1.5,80000,1,0.80305,0.7653687142784065,0.7717261904761905,0.7683570700197946,0.7461,0.86,0,0,1,0,,2,1,0,1,3999.0,0,0,1,0,,0,0.0,0.0,0,[0],1.8286355000163894,43748.46709433509,20.138399981078692,30.950890002713994,7.984375,59320,10000,1000,and,0.05
s_prior_shift,0,and d=0.05 a=1.8,enhanced,1.8,80000,1,0.80305,0.7653687142784065,0.7717261904761905,0.7683570700197946,0.7461,0.86,0,0,1,0,,2,1,0,1,3999.0,0,0,1,0,,0,0.0,0.0,0,[0],1.9649983999843244,40712.50134383733,22.701750000123866,33.12394001259236,7.67578125,59320,10000,1000,and,0.05
s_prior_shift,0,and d=0.05 a=2.5,enhanced,2.5,80000,1,0.80305,0.7653687142784065,0.7717261904761905,0.7683570700197946,0.7461,0.86,0,0,1,0,,2,1,0,1,3999.0,0,0,1,0,,0,0.0,0.0,0,[0],1.846252999996068,43331.00609730648,20.997100000386126,31.83228998968843,7.75,59320,10000,1000,and,0.05
s_prior_shift,0,baseline a=1.5,informed,1.5,80000,1,0.8194625,0.7926197542356577,0.7612589285714286,0.7736174961272215,0.7461,0.892825,2,1,0,1,3999.0,2,1,0,1,3999.0,0,0,1,0,,2,0.0,0.0,0,[0],1.8186501000018325,43988.670497925574,18.382800015388057,35.87837999803008,8.796875,35639,10000,1000,,
s_prior_shift,0,baseline a=1.8,informed,1.8,80000,1,0.8194625,0.7926197542356577,0.7612589285714286,0.7736174961272215,0.7461,0.892825,2,1,0,1,3999.0,2,1,0,1,3999.0,0,0,1,0,,2,0.0,0.0,0,[0],1.8979827000002842,42150.01538211493,18.957300009788014,31.961664985283242,4.34375,35639,10000,1000,,
s_prior_shift,0,baseline a=2.5,informed,2.5,80000,1,0.8194625,0.7926197542356577,0.7612589285714286,0.7736174961272215,0.7461,0.892825,2,1,0,1,3999.0,2,1,0,1,3999.0,0,0,1,0,,2,0.0,0.0,0,[0],1.9264804999984335,41526.50390183812,19.95869999518618,28.01584499829914,7.76171875,35639,10000,1000,,
s_prior_shift,0,or d=0.002 a=1.5,enhanced,1.5,80000,1,0.8194625,0.7926197542356577,0.7612589285714286,0.7736174961272215,0.7461,0.892825,2,1,0,1,3999.0,2,1,0,1,3999.0,0,0,1,0,,2,0.0,0.0,0,[0],1.8770791999995708,42619.405723540214,18.84599999175407,31.300769982044518,7.0625,35639,10000,1000,or,0.002
s_prior_shift,0,or d=0.002 a=1.8,enhanced,1.8,80000,1,0.8194625,0.7926197542356577,0.7612589285714286,0.7736174961272215,0.7461,0.892825,2,1,0,1,3999.0,2,1,0,1,3999.0,0,0,1,0,,2,0.0,0.0,0,[0],2.0057978999975603,39884.37718480875,19.89655000215862,32.9722649868927,7.63671875,35639,10000,1000,or,0.002
s_prior_shift,0,or d=0.002 a=2.5,enhanced,2.5,80000,1,0.8194625,0.7926197542356577,0.7612589285714286,0.7736174961272215,0.7461,0.892825,2,1,0,1,3999.0,2,1,0,1,3999.0,0,0,1,0,,2,0.0,0.0,0,[0],1.9315082999819424,41418.40860883068,19.685649996972643,28.332629987562537,6.66015625,35639,10000,1000,or,0.002
s_prior_shift,0,or d=0.01 a=1.5,enhanced,1.5,80000,1,0.8195,0.7927783168474658,0.761095238095238,0.7735526557617509,0.7461,0.8929,3,1,0,2,3999.0,2,1,0,1,3999.0,1,0,1,1,,3,0.0,0.0,0,[0],2.0696804000181146,38653.31091665158,19.403450016397983,56.2526699970476,7.19140625,25639,10000,1000,or,0.01
s_prior_shift,0,or d=0.01 a=1.8,enhanced,1.8,80000,1,0.8195,0.7927783168474658,0.761095238095238,0.7735526557617509,0.7461,0.8929,3,1,0,2,3999.0,2,1,0,1,3999.0,1,0,1,1,,3,0.0,0.0,0,[0],2.2655669000232592,35311.250353798285,22.33229999546893,56.78742001473428,7.06640625,25639,10000,1000,or,0.01
s_prior_shift,0,or d=0.01 a=2.5,enhanced,2.5,80000,1,0.8195,0.7927783168474658,0.761095238095238,0.7735526557617509,0.7461,0.8929,3,1,0,2,3999.0,2,1,0,1,3999.0,1,0,1,1,,3,0.0,0.0,0,[0],2.105836200003978,37989.659404586586,20.84919999470003,54.63533001602621,6.08203125,25639,10000,1000,or,0.01
s_prior_shift,0,or d=0.05 a=1.5,enhanced,1.5,80000,1,0.8195375,0.7928502031912623,0.7610982142857143,0.7735773073448238,0.7461,0.892975,3,1,0,2,3999.0,2,1,0,1,3999.0,1,0,1,1,,3,0.0,0.0,0,[0],1.995778499986045,40084.608587856506,19.873100012773648,33.10989500896533,5.29296875,21261,10000,1000,or,0.05
s_prior_shift,0,or d=0.05 a=1.8,enhanced,1.8,80000,1,0.8195375,0.7928502031912623,0.7610982142857143,0.7735773073448238,0.7461,0.892975,3,1,0,2,3999.0,2,1,0,1,3999.0,1,0,1,1,,3,0.0,0.0,0,[0],2.328767400002107,34352.937094502275,23.177350012701936,50.173400001949574,4.48046875,21261,10000,1000,or,0.05
s_prior_shift,0,or d=0.05 a=2.5,enhanced,2.5,80000,1,0.8195375,0.7928502031912623,0.7610982142857143,0.7735773073448238,0.7461,0.892975,3,1,0,2,3999.0,2,1,0,1,3999.0,1,0,1,1,,3,0.0,0.0,0,[0],2.211901200003922,36167.98073976277,22.030399981304072,52.40645000594665,4.75,21261,10000,1000,or,0.05
s_prior_shift,1,adwin_only d=0.002,enhanced,,80000,1,0.8033875,0.7657610566291696,0.7710505952380953,0.7682753550719568,0.7472,0.859575,0,0,1,0,,0,0,1,0,,0,0,1,0,,0,0.0,0.0,0,[0],1.6775176999799442,47689.51171183258,19.00729999761097,27.621164981974285,5.6484375,59411,10000,1000,adwin_only,0.002
s_prior_shift,1,adwin_only d=0.01,enhanced,,80000,1,0.8033875,0.7657610566291696,0.7710505952380953,0.7682753550719568,0.7472,0.859575,0,0,1,0,,0,0,1,0,,0,0,1,0,,0,0.0,0.0,0,[0],1.704502999986289,46934.5023157152,19.729199979337864,29.309555016516242,7.734375,59411,10000,1000,adwin_only,0.01
s_prior_shift,1,adwin_only d=0.05,enhanced,,80000,1,0.8114,0.7782780329829349,0.7612142857142857,0.7686295526325735,0.7472,0.8756,1,0,1,1,,0,0,1,0,,1,0,1,1,,1,0.0,0.0,0,[0],1.6134437999862712,49583.38183250059,18.76099999935832,25.53076499025337,6.0234375,27877,10000,1000,adwin_only,0.05
s_prior_shift,1,and d=0.002 a=1.5,enhanced,1.5,80000,1,0.8033875,0.7657610566291696,0.7710505952380953,0.7682753550719568,0.7472,0.859575,0,0,1,0,,2,1,0,1,3999.0,0,0,1,0,,0,0.0,0.0,0,[0],1.8008024000155274,44424.6409263505,20.016099995700642,30.37861500197322,9.40234375,59411,10000,1000,and,0.002
s_prior_shift,1,and d=0.002 a=1.8,enhanced,1.8,80000,1,0.8033875,0.7657610566291696,0.7710505952380953,0.7682753550719568,0.7472,0.859575,0,0,1,0,,2,1,0,1,3999.0,0,0,1,0,,0,0.0,0.0,0,[0],1.7526905999984592,45644.108549489756,21.037949991296045,27.859699992404785,8.83984375,59411,10000,1000,and,0.002
s_prior_shift,1,and d=0.002 a=2.5,enhanced,2.5,80000,1,0.8033875,0.7657610566291696,0.7710505952380953,0.7682753550719568,0.7472,0.859575,0,0,1,0,,2,1,0,1,3999.0,0,0,1,0,,0,0.0,0.0,0,[0],1.807314600009704,44264.56799473122,20.66490000288468,30.419554987747684,8.3125,59411,10000,1000,and,0.002
s_prior_shift,1,and d=0.01 a=1.5,enhanced,1.5,80000,1,0.8033875,0.7657610566291696,0.7710505952380953,0.7682753550719568,0.7472,0.859575,0,0,1,0,,2,1,0,1,3999.0,0,0,1,0,,0,0.0,0.0,0,[0],1.7488343000004534,45744.756950375035,20.135849990765564,29.26841502485331,8.62109375,59411,10000,1000,and,0.01
s_prior_shift,1,and d=0.01 a=1.8,enhanced,1.8,80000,1,0.8033875,0.7657610566291696,0.7710505952380953,0.7682753550719568,0.7472,0.859575,0,0,1,0,,2,1,0,1,3999.0,0,0,1,0,,0,0.0,0.0,0,[0],2.067132700001821,38700.95035501568,24.375749999308027,34.6001699916087,9.03515625,59411,10000,1000,and,0.01
s_prior_shift,1,and d=0.01 a=2.5,enhanced,2.5,80000,1,0.8033875,0.7657610566291696,0.7710505952380953,0.7682753550719568,0.7472,0.859575,0,0,1,0,,2,1,0,1,3999.0,0,0,1,0,,0,0.0,0.0,0,[0],1.7244551999901887,46391.463228766486,19.967100000940263,27.459965017624196,9.6640625,59411,10000,1000,and,0.01
s_prior_shift,1,and d=0.05 a=1.5,enhanced,1.5,80000,1,0.8099875,0.7758904872198724,0.7617172619047619,0.7680134110117838,0.7472,0.872775,1,0,1,1,,2,1,0,1,3999.0,1,0,1,1,,1,0.0,0.0,0,[0],1.7248056000098586,46382.038648032416,19.186949997674674,29.372710014285985,8.49609375,28841,10000,1000,and,0.05
s_prior_shift,1,and d=0.05 a=1.8,enhanced,1.8,80000,1,0.8099875,0.7758904872198724,0.7617172619047619,0.7680134110117838,0.7472,0.872775,1,0,1,1,,2,1,0,1,3999.0,1,0,1,1,,1,0.0,0.0,0,[0],1.7282774999912363,46288.86275520318,19.265499999164604,28.249184995365795,7.84765625,28841,10000,1000,and,0.05
s_prior_shift,1,and d=0.05 a=2.5,enhanced,2.5,80000,1,0.8099875,0.7758904872198724,0.7617172619047619,0.7680134110117838,0.7472,0.872775,1,0,1,1,,2,1,0,1,3999.0,1,0,1,1,,1,0.0,0.0,0,[0],1.7918805000081193,44645.834362078,19.936900018365122,26.615269989997604,8.76171875,28841,10000,1000,and,0.05
s_prior_shift,1,baseline a=1.5,informed,1.5,80000,1,0.81035,0.7750082258340616,0.7683809523809524,0.7715140966341114,0.74135,0.87935,2,1,0,1,3999.0,2,1,0,1,3999.0,0,0,1,0,,2,0.0,0.0,0,[0],1.877602199994726,42607.53422648562,19.81034998607356,30.995565011107825,9.03515625,48975,10000,1000,,
s_prior_shift,1,baseline a=1.8,informed,1.8,80000,1,0.81035,0.7750082258340616,0.7683809523809524,0.7715140966341114,0.74135,0.87935,2,1,0,1,3999.0,2,1,0,1,3999.0,0,0,1,0,,2,0.0,0.0,0,[0],2.031679300009273,39376.29329571594,20.194299999275245,29.442820008262057,7.1328125,48975,10000,1000,,
s_prior_shift,1,baseline a=2.5,informed,2.5,80000,1,0.81035,0.7750082258340616,0.7683809523809524,0.7715140966341114,0.74135,0.87935,2,1,0,1,3999.0,2,1,0,1,3999.0,0,0,1,0,,2,0.0,0.0,0,[0],1.7778425999858882,44998.359247683125,17.944299994269386,24.695814994629465,7.3515625,48975,10000,1000,,
s_prior_shift,1,or d=0.002 a=1.5,enhanced,1.5,80000,1,0.81035,0.7750082258340616,0.7683809523809524,0.7715140966341114,0.74135,0.87935,2,1,0,1,3999.0,2,1,0,1,3999.0,0,0,1,0,,2,0.0,0.0,0,[0],1.996662000019569,40066.87160832225,20.921400006045587,32.00173499353693,10.0234375,48975,10000,1000,or,0.002
s_prior_shift,1,or d=0.002 a=1.8,enhanced,1.8,80000,1,0.81035,0.7750082258340616,0.7683809523809524,0.7715140966341114,0.74135,0.87935,2,1,0,1,3999.0,2,1,0,1,3999.0,0,0,1,0,,2,0.0,0.0,0,[0],2.1457094000070356,37283.706731087485,21.881700013182126,34.68695502233459,8.66015625,48975,10000,1000,or,0.002
s_prior_shift,1,or d=0.002 a=2.5,enhanced,2.5,80000,1,0.81035,0.7750082258340616,0.7683809523809524,0.7715140966341114,0.74135,0.87935,2,1,0,1,3999.0,2,1,0,1,3999.0,0,0,1,0,,2,0.0,0.0,0,[0],2.0059555000043474,39881.243626703894,21.02050000394229,29.45378500880906,7.1953125,48975,10000,1000,or,0.002
s_prior_shift,1,or d=0.01 a=1.5,enhanced,1.5,80000,1,0.81035,0.7750082258340616,0.7683809523809524,0.7715140966341114,0.74135,0.87935,2,1,0,1,3999.0,2,1,0,1,3999.0,0,0,1,0,,2,0.0,0.0,0,[0],1.95893980000983,40838.41678013717,20.635950000723824,29.1768999872147,7.97265625,48975,10000,1000,or,0.01
s_prior_shift,1,or d=0.01 a=1.8,enhanced,1.8,80000,1,0.81035,0.7750082258340616,0.7683809523809524,0.7715140966341114,0.74135,0.87935,2,1,0,1,3999.0,2,1,0,1,3999.0,0,0,1,0,,2,0.0,0.0,0,[0],2.063255899993237,38773.6683560494,21.511900005862117,32.633480000367854,7.51953125,48975,10000,1000,or,0.01
s_prior_shift,1,or d=0.01 a=2.5,enhanced,2.5,80000,1,0.81035,0.7750082258340616,0.7683809523809524,0.7715140966341114,0.74135,0.87935,2,1,0,1,3999.0,2,1,0,1,3999.0,0,0,1,0,,2,0.0,0.0,0,[0],2.3026841999962926,34742.06319743228,23.748250008793548,45.856554991041754,8.80859375,48975,10000,1000,or,0.01
s_prior_shift,1,or d=0.05 a=1.5,enhanced,1.5,80000,1,0.8122875,0.780603705688363,0.7586577380952382,0.7678437188582712,0.74135,0.883225,3,1,0,2,3999.0,2,1,0,1,3999.0,1,0,1,1,,3,0.0,0.0,0,[0],2.1782156999979634,36727.3085030444,21.916349985986017,49.89550000027511,6.98046875,27919,10000,1000,or,0.05
s_prior_shift,1,or d=0.05 a=1.8,enhanced,1.8,80000,1,0.8122875,0.780603705688363,0.7586577380952382,0.7678437188582712,0.74135,0.883225,3,1,0,2,3999.0,2,1,0,1,3999.0,1,0,1,1,,3,0.0,0.0,0,[0],2.1775545999989845,36738.45881983272,22.09684999252204,40.449500015529274,7.359375,27919,10000,1000,or,0.05
s_prior_shift,1,or d=0.05 a=2.5,enhanced,2.5,80000,1,0.8122875,0.780603705688363,0.7586577380952382,0.7678437188582712,0.74135,0.883225,3,1,0,2,3999.0,2,1,0,1,3999.0,1,0,1,1,,3,0.0,0.0,0,[0],1.862090900016483,42962.45688075263,18.94009999523405,29.913110010966193,6.92578125,27919,10000,1000,or,0.05
s_prior_shift,2,adwin_only d=0.002,enhanced,,80000,1,0.8034625,0.7659456469607785,0.7674851190476191,0.766704625728003,0.74615,0.860775,0,0,1,0,,0,0,1,0,,0,0,1,0,,0,0.0,0.0,0,[0],1.6456984000105876,48611.58034758089,18.627149998792447,26.2778350195731,7.61328125,59339,10000,1000,adwin_only,0.002
s_prior_shift,2,adwin_only d=0.01,enhanced,,80000,1,0.8034625,0.7659456469607785,0.7674851190476191,0.766704625728003,0.74615,0.860775,0,0,1,0,,0,0,1,0,,0,0,1,0,,0,0.0,0.0,0,[0],1.5829772999859415,50537.67985220665,17.92284999100957,27.93958500988083,7.84375,59339,10000,1000,adwin_only,0.01
s_prior_shift,2,adwin_only d=0.05,enhanced,,80000,1,0.8034625,0.7659456469607785,0.7674851190476191,0.766704625728003,0.74615,0.860775,0,0,1,0,,0,0,1,0,,0,0,1,0,,0,0.0,0.0,0,[0],1.6046126000001095,49856.27060387943,18.22504999290686,28.892405019723807,7.30859375,59339,10000,1000,adwin_only,0.05
s_prior_shift,2,and d=0.002 a=1.5,enhanced,1.5,80000,1,0.8034625,0.7659456469607785,0.7674851190476191,0.766704625728003,0.74615,0.860775,0,0,1,0,,4,1,0,3,3999.0,0,0,1,0,,0,0.0,0.0,0,[0],1.8056072000181302,44306.42500716475,20.446500013349578,29.335879998689048,9.359375,59339,10000,1000,and,0.002
s_prior_shift,2,and d=0.002 a=1.8,enhanced,1.8,80000,1,0.8034625,0.7659456469607785,0.7674851190476191,0.766704625728003,0.74615,0.860775,0,0,1,0,,4,1,0,3,3999.0,0,0,1,0,,0,0.0,0.0,0,[0],1.7682656999968458,45242.06967320731,20.51045000553131,27.12567499402212,8.8046875,59339,10000,1000,and,0.002
s_prior_shift,2,and d=0.002 a=2.5,enhanced,2.5,80000,1,0.8034625,0.7659456469607785,0.7674851190476191,0.766704625728003,0.74615,0.860775,0,0,1,0,,4,1,0,3,3999.0,0,0,1,0,,0,0.0,0.0,0,[0],1.8063956999976654,44287.0850501379,19.961350000812672,31.064019996847488,7.8671875,59339,10000,1000,and,0.002
s_prior_shift,2,and d=0.01 a=1.5,enhanced,1.5,80000,1,0.8034625,0.7659456469607785,0.7674851190476191,0.766704625728003,0.74615,0.860775,0,0,1,0,,4,1,0,3,3999.0,0,0,1,0,,0,0.0,0.0,0,[0],1.739867600001162,45980.51024109339,20.18750000570435,29.641544986225195,8.359375,59339,10000,1000,and,0.01
s_prior_shift,2,and d=0.01 a=1.8,enhanced,1.8,80000,1,0.8034625,0.7659456469607785,0.7674851190476191,0.766704625728003,0.74615,0.860775,0,0,1,0,,4,1,0,3,3999.0,0,0,1,0,,0,0.0,0.0,0,[0],1.8598223000008147,43014.86222633472,21.783300006063655,33.590284996898845,8.74609375,59339,10000,1000,and,0.01
s_prior_shift,2,and d=0.01 a=2.5,enhanced,2.5,80000,1,0.8034625,0.7659456469607785,0.7674851190476191,0.766704625728003,0.74615,0.860775,0,0,1,0,,4,1,0,3,3999.0,0,0,1,0,,0,0.0,0.0,0,[0],1.9822522000176832,40358.13404534818,23.082549989339896,30.589834993588735,8.75390625,59339,10000,1000,and,0.01
s_prior_shift,2,and d=0.05 a=1.5,enhanced,1.5,80000,1,0.8034625,0.7659456469607785,0.7674851190476191,0.766704625728003,0.74615,0.860775,0,0,1,0,,4,1,0,3,3999.0,0,0,1,0,,0,0.0,0.0,0,[0],1.7721649000013713,45142.52595790499,20.663699993747286,30.119900009594858,8.4765625,59339,10000,1000,and,0.05
s_prior_shift,2,and d=0.05 a=1.8,enhanced,1.8,80000,1,0.8034625,0.7659456469607785,0.7674851190476191,0.766704625728003,0.74615,0.860775,0,0,1,0,,4,1,0,3,3999.0,0,0,1,0,,0,0.0,0.0,0,[0],1.7778969000210054,44996.98492024752,20.432050005183555,28.24550498917233,9.45703125,59339,10000,1000,and,0.05
s_prior_shift,2,and d=0.05 a=2.5,enhanced,2.5,80000,1,0.8034625,0.7659456469607785,0.7674851190476191,0.766704625728003,0.74615,0.860775,0,0,1,0,,4,1,0,3,3999.0,0,0,1,0,,0,0.0,0.0,0,[0],1.7640480999834836,45350.23733238851,20.95889998599887,29.394450003746897,7.65625,59339,10000,1000,and,0.05
s_prior_shift,2,baseline a=1.5,informed,1.5,80000,1,0.8148,0.7849453760310269,0.7589166666666667,0.7695104874513352,0.734475,0.895125,4,1,0,3,3999.0,4,1,0,3,3999.0,0,0,1,0,,4,0.0,0.0,0,[0],1.8230302000010852,43882.98120346683,18.6608499934664,44.32073000061789,9.796875,41671,10000,1000,,
s_prior_shift,2,baseline a=1.8,informed,1.8,80000,1,0.8148,0.7849453760310269,0.7589166666666667,0.7695104874513352,0.734475,0.895125,4,1,0,3,3999.0,4,1,0,3,3999.0,0,0,1,0,,4,0.0,0.0,0,[0],1.9691132999723777,40627.423521603465,20.60345000063535,46.66087499208514,7.71484375,41671,10000,1000,,
s_prior_shift,2,baseline a=2.5,informed,2.5,80000,1,0.8148,0.7849453760310269,0.7589166666666667,0.7695104874513352,0.734475,0.895125,4,1,0,3,3999.0,4,1,0,3,3999.0,0,0,1,0,,4,0.0,0.0,0,[0],1.7134057999937795,46690.6321901621,17.78440001362469,45.11732999671948,6.63671875,41671,10000,1000,,
s_prior_shift,2,or d=0.002 a=1.5,enhanced,1.5,80000,1,0.8148,0.7849453760310269,0.7589166666666667,0.7695104874513352,0.734475,0.895125,4,1,0,3,3999.0,4,1,0,3,3999.0,0,0,1,0,,4,0.0,0.0,0,[0],1.9190125000022817,41688.10781581927,20.40470001520589,48.90097999887074,7.3046875,41671,10000,1000,or,0.002
s_prior_shift,2,or d=0.002 a=1.8,enhanced,1.8,80000,1,0.8148,0.7849453760310269,0.7589166666666667,0.7695104874513352,0.734475,0.895125,4,1,0,3,3999.0,4,1,0,3,3999.0,0,0,1,0,,4,0.0,0.0,0,[0],2.076567400014028,38525.11601571881,22.375150001607835,42.93216500809648,7.66796875,41671,10000,1000,or,0.002
s_prior_shift,2,or d=0.002 a=2.5,enhanced,2.5,80000,1,0.8148,0.7849453760310269,0.7589166666666667,0.7695104874513352,0.734475,0.895125,4,1,0,3,3999.0,4,1,0,3,3999.0,0,0,1,0,,4,0.0,0.0,0,[0],1.9778154999949038,40448.666723567556,20.96920000622049,31.815264980832556,8.2265625,41671,10000,1000,or,0.002
s_prior_shift,2,or d=0.01 a=1.5,enhanced,1.5,80000,1,0.8148,0.7849453760310269,0.7589166666666667,0.7695104874513352,0.734475,0.895125,4,1,0,3,3999.0,4,1,0,3,3999.0,0,0,1,0,,4,0.0,0.0,0,[0],1.8961588000238407,42190.5591446213,19.8956999956863,38.68284998752638,8.11328125,41671,10000,1000,or,0.01
s_prior_shift,2,or d=0.01 a=1.8,enhanced,1.8,80000,1,0.8148,0.7849453760310269,0.7589166666666667,0.7695104874513352,0.734475,0.895125,4,1,0,3,3999.0,4,1,0,3,3999.0,0,0,1,0,,4,0.0,0.0,0,[0],2.000072099996032,39998.55805206158,21.20669999567326,44.0536849942873,8.26953125,41671,10000,1000,or,0.01
s_prior_shift,2,or d=0.01 a=2.5,enhanced,2.5,80000,1,0.8148,0.7849453760310269,0.7589166666666667,0.7695104874513352,0.734475,0.895125,4,1,0,3,3999.0,4,1,0,3,3999.0,0,0,1,0,,4,0.0,0.0,0,[0],2.3170757000043523,34526.27810125053,23.838099994463846,55.51197001768736,7.24609375,41671,10000,1000,or,0.01
s_prior_shift,2,or d=0.05 a=1.5,enhanced,1.5,80000,1,0.8148,0.7849453760310269,0.7589166666666667,0.7695104874513352,0.734475,0.895125,4,1,0,3,3999.0,4,1,0,3,3999.0,0,0,1,0,,4,0.0,0.0,0,[0],2.151852400013013,37177.27108026379,22.2197499970207,45.333169994410106,7.73046875,41671,10000,1000,or,0.05
s_prior_shift,2,or d=0.05 a=1.8,enhanced,1.8,80000,1,0.8148,0.7849453760310269,0.7589166666666667,0.7695104874513352,0.734475,0.895125,4,1,0,3,3999.0,4,1,0,3,3999.0,0,0,1,0,,4,0.0,0.0,0,[0],2.1666534999967553,36923.301303193984,22.242849998292513,47.83150998846393,8.0859375,41671,10000,1000,or,0.05
s_prior_shift,2,or d=0.05 a=2.5,enhanced,2.5,80000,1,0.8148,0.7849453760310269,0.7589166666666667,0.7695104874513352,0.734475,0.895125,4,1,0,3,3999.0,4,1,0,3,3999.0,0,0,1,0,,4,0.0,0.0,0,[0],1.8306899000017438,43699.37256982944,18.955249994178303,40.679229998204384,7.4296875,41671,10000,1000,or,0.05
s_recurring,0,adwin_only d=0.002,enhanced,,80000,3,0.7336375,0.7336688070928173,0.7336374999999999,0.7336285778475944,0.7255,0.75805,1,1,2,0,3207.0,0,0,3,0,,1,1,2,0,3207.0,1,0.0,0.0,0,"[0, 0, 0]",1.9208016999764368,41649.27592524589,21.875650010770187,35.68751001294004,7.15234375,40758,10000,1000,adwin_only,0.002
s_recurring,0,adwin_only d=0.01,enhanced,,80000,3,0.73965,0.7396886593838721,0.7396499999999999,0.739639501613804,0.7285833333333334,0.77285,0,0,3,0,,0,0,3,0,,0,0,3,0,,0,0.0,0.0,0,"[0, 0, 0]",1.8825086999859195,42496.48354910571,21.310249998350628,31.178209994686767,3.9609375,58823,10000,1000,adwin_only,0.01
s_recurring,0,adwin_only d=0.05,enhanced,,80000,3,0.730225,0.7302595533242207,0.7302249999999999,0.730214878842564,0.7209833333333333,0.75795,1,0,3,1,,0,0,3,0,,1,0,3,1,,1,926.0,2778.0,0,"[0, 2778, 0]",2.007472500001313,39851.106304045345,24.18125000258442,33.18686998973134,6.8984375,40437,10000,1000,adwin_only,0.05
s_recurring,0,and d=0.002 a=1.5,enhanced,1.5,80000,3,0.7327,0.73270145438409,0.7327,0.7326995823430974,0.72585,0.75325,1,1,2,0,3999.0,4,1,2,3,3999.0,1,1,2,0,3207.0,1,0.0,0.0,0,"[0, 0, 0]",2.0022048999962863,39955.9505623767,22.51149999210611,31.87583499820903,8.4921875,39128,10000,1000,and,0.002
s_recurring,0,and d=0.002 a=1.8,enhanced,1.8,80000,3,0.7325,0.7325020925188327,0.7324999999999999,0.7324993981236458,0.7255833333333334,0.75325,2,1,2,0,3207.0,3,1,2,2,3999.0,1,1,2,0,3207.0,2,0.0,0.0,0,"[0, 0, 0]",2.3417349999945145,34162.704148926925,26.40714999870397,36.25117002084153,8.3203125,39128,10000,1000,and,0.002
s_recurring,0,and d=0.002 a=2.5,enhanced,2.5,80000,3,0.7325,0.7325020925188327,0.7324999999999999,0.7324993981236458,0.7255833333333334,0.75325,2,1,2,0,3207.0,3,1,2,2,3999.0,1,1,2,0,3207.0,2,0.0,0.0,0,"[0, 0, 0]",2.072064300009515,38608.84046872128,22.830050002085045,35.931239982892286,7.04296875,39128,10000,1000,and,0.002
s_recurring,0,and d=0.01 a=1.5,enhanced,1.5,80000,3,0.73965,0.7396886593838721,0.7396499999999999,0.739639501613804,0.7285833333333334,0.77285,0,0,3,0,,4,1,2,3,3999.0,0,0,3,0,,0,0.0,0.0,0,"[0, 0, 0]",3.927114599995548,20371.190593748066,35.21939998609014,106.42702499753796,9.07421875,58823,10000,1000,and,0.01
s_recurring,0,and d=0.01 a=1.8,enhanced,1.8,80000,3,0.73965,0.7396886593838721,0.7396499999999999,0.739639501613804,0.7285833333333334,0.77285,0,0,3,0,,3,1,2,2,3999.0,0,0,3,0,,0,0.0,0.0,0,"[0, 0, 0]",2.4686365999805275,32406.551859690906,26.17340000870172,73.6319099771208,8.5078125,58823,10000,1000,and,0.01
s_recurring,0,and d=0.01 a=2.5,enhanced,2.5,80000,3,0.73965,0.7396886593838721,0.7396499999999999,0.739639501613804,0.7285833333333334,0.77285,0,0,3,0,,3,1,2,2,3999.0,0,0,3,0,,0,0.0,0.0,0,"[0, 0, 0]",2.496820700005628,32040.746858522787,29.900800000177696,39.870405003603075,8.6953125,58823,10000,1000,and,0.01
s_recurring,0,and d=0.05 a=1.5,enhanced,1.5,80000,3,0.730225,0.7302595533242207,0.7302249999999999,0.730214878842564,0.7209833333333333,0.75795,1,0,3,1,,4,1,2,3,3999.0,1,0,3,1,,1,926.0,2778.0,0,"[0, 2778, 0]",2.099479299999075,38104.68624293426,22.99609998590313,34.36395001190249,7.375,40437,10000,1000,and,0.05
s_recurring,0,and d=0.05 a=1.8,enhanced,1.8,80000,3,0.7310375,0.7314270033626514,0.7310375,0.730924282986577,0.7206166666666667,0.7623,6,1,2,5,9223.0,3,1,2,2,3999.0,3,1,2,2,9223.0,6,936.0,2808.0,0,"[0, 2808, 0]",2.6836461999919266,29810.188839438175,23.516400004155003,72.19846500374838,7.24609375,34701,10000,1000,and,0.05
s_recurring,0,and d=0.05 a=2.5,enhanced,2.5,80000,3,0.733775,0.7341338622386651,0.733775,0.7336729486340031,0.71975,0.77585,2,0,3,2,,3,1,2,2,3999.0,1,0,3,1,,2,923.6666666666666,2771.0,0,"[0, 2771, 0]",2.2390707000158727,35729.10850891528,24.019299991778098,35.545774998900015,8.91796875,50267,10000,1000,and,0.05
s_recurring,0,baseline a=1.5,informed,1.5,80000,3,0.72925,0.7295823899581374,0.72925,0.729151966384953,0.7208666666666667,0.7544,4,1,2,3,3999.0,4,1,2,3,3999.0,0,0,3,0,,4,966.6666666666666,2900.0,0,"[0, 2900, 0]",2.2313187000108883,35853.23781834017,22.2178999974858,53.09309498406946,7.01953125,32312,10000,1000,,
s_recurring,0,baseline a=1.8,informed,1.8,80000,3,0.730225,0.7304551232678904,0.730225,0.730157636552389,0.72255,0.75325,3,1,2,2,3999.0,3,1,2,2,3999.0,0,0,3,0,,3,3523.6666666666665,10571.0,0,"[0, 10571, 0]",2.0700693000108004,38646.049192451,21.791050006868318,45.3734449853072,8.83203125,39128,10000,1000,,
s_recurring,0,baseline a=2.5,informed,2.5,80000,3,0.7304125,0.730652765363518,0.7304125,0.7303422760304619,0.7228,0.75325,3,1,2,2,3999.0,3,1,2,2,3999.0,0,0,3,0,,3,978.0,2934.0,0,"[0, 2934, 0]",2.048148999980185,39059.65825766287,21.2409500090871,45.66080499062081,7.03515625,39128,10000,1000,,
s_recurring,0,or d=0.002 a=1.5,enhanced,1.5,80000,3,0.729375,0.7296718284452622,0.729375,0.7292875326325983,0.7210333333333333,0.7544,5,1,2,3,807.0,4,1,2,3,3999.0,1,1,2,0,807.0,5,932.6666666666666,2798.0,0,"[0, 2798, 0]",2.2571655999927316,35442.68085613994,22.107949989731424,51.59966497740241,3.875,32312,10000,1000,or,0.002
s_recurring,0,or d=0.002 a=1.8,enhanced,1.8,80000,3,0.7303375,0.7305371060866487,0.7303375,0.7302791168497916,0.7227,0.75325,4,1,2,2,743.0,3,1,2,2,3999.0,1,1,2,0,743.0,4,3523.6666666666665,10571.0,0,"[0, 10571, 0]",2.0893886999983806,38288.71095170659,22.10555000056047,50.37427499337355,6.921875,39128,10000,1000,or,0.002
s_recurring,0,or d=0.002 a=2.5,enhanced,2.5,80000,3,0.7303125,0.73051617847647,0.7303125,0.7302529145125871,0.7226666666666667,0.75325,4,1,2,2,743.0,3,1,2,2,3999.0,1,1,2,0,743.0,4,3523.6666666666665,10571.0,0,"[0, 10571, 0]",2.2356426999904215,35783.89337452839,22.663349998765625,39.96977500501089,6.48828125,39128,10000,1000,or,0.002
s_recurring,0,or d=0.01 a=1.5,enhanced,1.5,80000,3,0.729325,0.7296217637415139,0.729325,0.7292375164723457,0.7209666666666666,0.7544,5,1,2,3,775.0,4,1,2,3,3999.0,1,1,2,0,775.0,5,941.0,2823.0,0,"[0, 2823, 0]",2.2321381000219844,35840.076382017796,21.72624999366235,57.40684498159676,7.46484375,32312,10000,1000,or,0.01
s_recurring,0,or d=0.01 a=1.8,enhanced,1.8,80000,3,0.7303125,0.73051617847647,0.7303125,0.7302529145125871,0.7226666666666667,0.75325,4,1,2,2,1191.0,3,1,2,2,3999.0,1,1,2,0,1191.0,4,3523.6666666666665,10571.0,0,"[0, 10571, 0]",2.251655200001551,35529.41853617059,24.21144998515956,49.29140497988552,7.1640625,39128,10000,1000,or,0.01
s_recurring,0,or d=0.01 a=2.5,enhanced,2.5,80000,3,0.7303375,0.7305425746805447,0.7303375,0.730277518398091,0.7227,0.75325,4,1,2,2,1191.0,3,1,2,2,3999.0,1,1,2,0,1191.0,4,3523.6666666666665,10571.0,0,"[0, 10571, 0]",2.289126799994847,34947.82377288147,24.755550010013394,43.62408500019224,7.14453125,39128,10000,1000,or,0.01
s_recurring,0,or d=0.05 a=1.5,enhanced,1.5,80000,3,0.7290375,0.7293451414225935,0.7290375,0.7289466028785567,0.7205833333333334,0.7544,5,1,2,3,647.0,4,1,2,3,3999.0,1,1,2,0,647.0,5,1528.6666666666667,4586.0,0,"[0, 4586, 0]",2.2309366000117734,35859.37852271455,22.83990000432823,49.70971998991445,6.8203125,32312,10000,1000,or,0.05
s_recurring,0,or d=0.05 a=1.8,enhanced,1.8,80000,3,0.7297,0.7299705580618542,0.7297,0.7296204752982458,0.72225,0.75205,5,1,2,3,583.0,3,1,2,2,3999.0,2,1,2,1,583.0,5,3523.6666666666665,10571.0,0,"[0, 10571, 0]",2.2890178999805357,34949.48641540997,22.84110001346562,69.87180000287479,5.95703125,13130,10000,1000,or,0.05
s_recurring,0,or d=0.05 a=2.5,enhanced,2.5,80000,3,0.7297375,0.7300204839942992,0.7297375,0.7296543514362899,0.7223833333333334,0.7518,5,1,2,3,487.0,3,1,2,2,3999.0,2,1,2,1,487.0,5,3523.6666666666665,10571.0,0,"[0, 10571, 0]",2.2782204000104684,35115.12757924229,22.509449991048314,51.43077999382509,5.58984375,13269,10000,1000,or,0.05
s_recurring,1,adwin_only d=0.002,enhanced,,80000,3,0.73645,0.7365128390962195,0.73645,0.7364324931872788,0.7297166666666667,0.75665,1,0,3,1,,0,0,3,0,,1,0,3,1,,1,0.0,0.0,0,"[0, 0, 0]",1.947222899994813,41084.15117766595,21.2549500138266,32.9096350033069,3.6640625,40726,10000,1000,adwin_only,0.002
s_recurring,1,adwin_only d=0.01,enhanced,,80000,3,0.7351,0.7352185507376181,0.7351000000000001,0.7350666182283134,0.7265833333333334,0.76065,1,1,2,0,5383.0,0,0,3,0,,1,1,2,0,5383.0,1,0.0,0.0,0,"[0, 0, 0]",1.890155400004005,42324.56230838506,20.313799992436543,30.292959990038064,2.96875,41843,10000,1000,adwin_only,0.01
s_recurring,1,adwin_only d=0.05,enhanced,,80000,3,0.7353875,0.735533239872378,0.7353875,0.7353465603872574,0.72665,0.7616,1,1,2,0,4679.0,0,0,3,0,,1,1,2,0,4679.0,1,0.0,0.0,0,"[0, 0, 0]",2.2572828000120353,35440.840642374744,26.09544999722857,36.291540009551674,0.2265625,42137,10000,1000,adwin_only,0.05
s_recurring,1,and d=0.002 a=1.5,enhanced,1.5,80000,3,0.7357,0.7358606706474518,0.7357,0.7356549813824669,0.7287,0.7567,1,0,3,1,,2,1,2,1,3999.0,1,0,3,1,,1,0.0,0.0,0,"[0, 0, 0]",1.9641452999785542,40730.18426939875,22.478850005427375,33.167869989119936,5.1328125,32415,10000,1000,and,0.002
s_recurring,1,and d=0.002 a=1.8,enhanced,1.8,80000,3,0.7357,0.7358606706474518,0.7357,0.7356549813824669,0.7287,0.7567,1,0,3,1,,2,1,2,1,3999.0,1,0,3,1,,1,0.0,0.0,0,"[0, 0, 0]",2.2848200000007637,35013.699109764995,26.963399999658577,38.70120501233032,6.1640625,32415,10000,1000,and,0.002
s_recurring,1,and d=0.002 a=2.5,enhanced,2.5,80000,3,0.7357,0.7358606706474518,0.7357,0.7356549813824669,0.7287,0.7567,1,0,3,1,,2,2,1,0,3999.0,1,0,3,1,,1,0.0,0.0,0,"[0, 0, 0]",2.125657800002955,37635.40867203027,24.072850006632507,34.1661099984776,5.5078125,32415,10000,1000,and,0.002
s_recurring,1,and d=0.01 a=1.5,enhanced,1.5,80000,3,0.7351,0.7352185507376181,0.7351000000000001,0.7350666182283134,0.7265833333333334,0.76065,1,1,2,0,5383.0,2,1,2,1,3999.0,1,1,2,0,5383.0,1,0.0,0.0,0,"[0, 0, 0]",4.065744599996833,19676.592572996917,34.02024999377318,114.94465500873046,6.7421875,41843,10000,1000,and,0.01
s_recurring,1,and d=0.01 a=1.8,enhanced,1.8,80000,3,0.7351,0.7352185507376181,0.7351000000000001,0.7350666182283134,0.7265833333333334,0.76065,1,1,2,0,5383.0,2,1,2,1,3999.0,1,1,2,0,5383.0,1,0.0,0.0,0,"[0, 0, 0]",2.4438653999823146,32735.027060237822,25.306200011982583,70.44827000936493,6.8515625,41843,10000,1000,and,0.01
s_recurring,1,and d=0.01 a=2.5,enhanced,2.5,80000,3,0.7329875,0.7330451263792787,0.7329875,0.732970992558823,0.7255333333333334,0.75535,2,1,2,0,5383.0,2,2,1,0,3999.0,1,1,2,0,5383.0,2,0.0,0.0,0,"[0, 0, 0]",2.4613059000112116,32503.07082904063,27.01415000774432,39.58846500172504,7.23828125,37294,10000,1000,and,0.01
s_recurring,1,and d=0.05 a=1.5,enhanced,1.5,80000,3,0.7353875,0.735533239872378,0.7353875,0.7353465603872574,0.72665,0.7616,1,1,2,0,4679.0,2,1,2,1,3999.0,1,1,2,0,4679.0,1,0.0,0.0,0,"[0, 0, 0]",2.164767700014636,36955.46639921647,24.636899994220585,34.29911500425077,5.55078125,42137,10000,1000,and,0.05
s_recurring,1,and d=0.05 a=1.8,enhanced,1.8,80000,3,0.7353875,0.735533239872378,0.7353875,0.7353465603872574,0.72665,0.7616,1,1,2,0,4679.0,2,1,2,1,3999.0,1,1,2,0,4679.0,1,0.0,0.0,0,"[0, 0, 0]",2.069106599985389,38664.030166722645,23.53880000009667,33.22574998746859,5.2734375,42137,10000,1000,and,0.05
s_recurring,1,and d=0.05 a=2.5,enhanced,2.5,80000,3,0.7328125,0.7328753252507932,0.7328125000000001,0.7327944782818367,0.7253,0.75535,2,1,2,0,4679.0,2,2,1,0,3999.0,1,1,2,0,4679.0,2,0.0,0.0,0,"[0, 0, 0]",2.1274757999926805,37603.247943067196,23.243399991770275,34.36136999953305,6.5703125,37294,10000,1000,and,0.05
s_recurring,1,baseline a=1.5,informed,1.5,80000,3,0.7352375,0.7359623600000313,0.7352375,0.7350340107157336,0.7241666666666666,0.76845,2,1,2,1,3999.0,2,1,2,1,3999.0,0,0,3,0,,2,3164.3333333333335,9488.0,0,"[5, 9488, 0]",2.1012831999978516,38071.9743060249,22.189900002558716,33.00161501538236,9.20703125,46466,10000,1000,,
s_recurring,1,baseline a=1.8,informed,1.8,80000,3,0.7352375,0.7359623600000313,0.7352375,0.7350340107157336,0.7241666666666666,0.76845,2,1,2,1,3999.0,2,1,2,1,3999.0,0,0,3,0,,2,3164.3333333333335,9488.0,0,"[5, 9488, 0]",2.0523259000037797,38980.16392028803,21.925300010479987,33.071454994205766,4.70703125,46466,10000,1000,,
s_recurring,1,baseline a=2.5,informed,2.5,80000,3,0.7359125,0.7364612865955579,0.7359125,0.735759185456308,0.726,0.76565,2,2,1,0,3999.0,2,2,1,0,3999.0,0,0,3,0,,2,2986.0,8958.0,0,"[0, 8958, 0]",1.959650300006615,40823.61021235776,20.705099988845177,32.06103998963954,6.66015625,44334,10000,1000,,
s_recurring,1,or d=0.002 a=1.5,enhanced,1.5,80000,3,0.73385,0.7345686297318407,0.73385,0.7336459979716052,0.7223166666666667,0.76845,3,1,2,1,871.0,2,1,2,1,3999.0,1,1,2,0,871.0,3,3164.3333333333335,9488.0,0,"[5, 9488, 0]",2.1396225999924354,37389.771448611,22.69009999872651,38.44553998787884,7.7265625,46466,10000,1000,or,0.002
s_recurring,1,or d=0.002 a=1.8,enhanced,1.8,80000,3,0.73385,0.7345686297318407,0.73385,0.7336459979716052,0.7223166666666667,0.76845,3,1,2,1,871.0,2,1,2,1,3999.0,1,1,2,0,871.0,3,3164.3333333333335,9488.0,0,"[5, 9488, 0]",2.149269400018966,37221.95086353253,22.794900010921992,38.76939499459693,7.9921875,46466,10000,1000,or,0.002
s_recurring,1,or d=0.002 a=2.5,enhanced,2.5,80000,3,0.7349375,0.7355163239061353,0.7349375,0.734774540131506,0.7247,0.76565,3,2,1,0,2435.0,2,2,1,0,3999.0,1,1,2,0,871.0,3,2986.0,8958.0,0,"[0, 8958, 0]",2.200213600008283,36360.10612774089,23.345150009845383,59.758934998535494,7.04296875,44334,10000,1000,or,0.002
s_recurring,1,or d=0.01 a=1.5,enhanced,1.5,80000,3,0.7341375,0.7348973378338288,0.7341375,0.7339223252710517,0.7227,0.76845,3,1,2,1,519.0,2,1,2,1,3999.0,1,1,2,0,519.0,3,3164.3333333333335,9488.0,0,"[5, 9488, 0]",2.1230787999811582,37681.12610832437,22.684199997456744,55.52160498918965,9.8359375,46466,10000,1000,or,0.01
s_recurring,1,or d=0.01 a=1.8,enhanced,1.8,80000,3,0.7341375,0.7348973378338288,0.7341375,0.7339223252710517,0.7227,0.76845,3,1,2,1,519.0,2,1,2,1,3999.0,1,1,2,0,519.0,3,3164.3333333333335,9488.0,0,"[5, 9488, 0]",2.346847799984971,34088.27790217683,26.36010000423994,50.04778001166414,8.55078125,46466,10000,1000,or,0.01
s_recurring,1,or d=0.01 a=2.5,enhanced,2.5,80000,3,0.73475,0.735323111199786,0.73475,0.7345884026560169,0.72445,0.76565,3,2,1,0,2291.0,2,2,1,0,3999.0,1,1,2,0,583.0,3,2986.0,8958.0,0,"[0, 8958, 0]",2.21801989999949,36068.20660176151,23.573299986310303,38.89461501385081,8.67578125,44334,10000,1000,or,0.01
s_recurring,1,or d=0.05 a=1.5,enhanced,1.5,80000,3,0.733925,0.7346334763684783,0.7339249999999999,0.7337239947341023,0.7224166666666667,0.76845,3,1,2,1,487.0,2,1,2,1,3999.0,1,1,2,0,487.0,3,3164.3333333333335,9488.0,0,"[5, 9488, 0]",2.163750199979404,36972.844647576,23.233950007124804,35.79203000554111,9.60546875,46466,10000,1000,or,0.05
s_recurring,1,or d=0.05 a=1.8,enhanced,1.8,80000,3,0.733925,0.7346334763684783,0.7339249999999999,0.7337239947341023,0.7224166666666667,0.76845,3,1,2,1,487.0,2,1,2,1,3999.0,1,1,2,0,487.0,3,3164.3333333333335,9488.0,0,"[5, 9488, 0]",2.190647900017211,36518.87644717869,23.188949999166653,38.38601001480124,8.5,46466,10000,1000,or,0.05
s_recurring,1,or d=0.05 a=2.5,enhanced,2.5,80000,3,0.734575,0.7351076976169526,0.734575,0.7344245674519876,0.7242166666666666,0.76565,3,2,1,0,2243.0,2,2,1,0,3999.0,1,1,2,0,487.0,3,2986.0,8958.0,0,"[0, 8958, 0]",2.1332571000093594,37501.34008678514,21.852749996469356,35.8323249776731,8.96484375,44334,10000,1000,or,0.05
s_recurring,2,adwin_only d=0.002,enhanced,,80000,3,0.733325,0.733356944232096,0.733325,0.7333158734024776,0.7258333333333333,0.7558,1,1,2,0,1831.0,0,0,3,0,,1,1,2,0,1831.0,1,2551.0,7653.0,0,"[0, 7653, 0]",2.149047699989751,37225.79075391464,26.054900008603,35.195750008278985,6.37109375,40535,10000,1000,adwin_only,0.002
s_recurring,2,adwin_only d=0.01,enhanced,,80000,3,0.73995,0.7399500599875151,0.73995,0.739949983746874,0.7294,0.7716,0,0,3,0,,0,0,3,0,,0,0,3,0,,0,1297.6666666666667,3893.0,0,"[0, 3893, 0]",2.0897507999907248,38282.07650422006,25.565699994331226,31.661144997633528,3.7578125,58845,10000,1000,adwin_only,0.01
s_recurring,2,adwin_only d=0.05,enhanced,,80000,3,0.732925,0.7329329715486188,0.732925,0.7329227149869033,0.72465,0.75775,1,1,2,0,1191.0,0,0,3,0,,1,1,2,0,1191.0,1,2981.6666666666665,8945.0,0,"[0, 8945, 0]",2.136273699987214,37448.38500819385,24.712099999305792,35.857209988171235,6.41796875,41135,10000,1000,adwin_only,0.05
s_recurring,2,and d=0.002 a=1.5,enhanced,1.5,80000,3,0.7337625,0.7338282994296021,0.7337625,0.7337437688325348,0.7269833333333333,0.7541,1,1,2,0,3999.0,3,2,1,1,3999.0,1,1,2,0,1831.0,1,1350.3333333333333,4051.0,0,"[0, 4051, 0]",2.016821199998958,39666.38192817555,22.20634998229798,37.167275014508036,5.98828125,39308,10000,1000,and,0.002
s_recurring,2,and d=0.002 a=1.8,enhanced,1.8,80000,3,0.7337625,0.7338282994296021,0.7337625,0.7337437688325348,0.7269833333333333,0.7541,1,1,2,0,3999.0,3,2,1,1,3999.0,1,1,2,0,1831.0,1,1350.3333333333333,4051.0,0,"[0, 4051, 0]",1.9794670999981463,40414.91773218909,22.55064999917522,34.22595001029549,6.54296875,39308,10000,1000,and,0.002
s_recurring,2,and d=0.002 a=2.5,enhanced,2.5,80000,3,0.7337625,0.7338282994296021,0.7337625,0.7337437688325348,0.7269833333333333,0.7541,1,1,2,0,3999.0,2,2,1,0,3999.0,1,1,2,0,1831.0,1,1350.3333333333333,4051.0,0,"[0, 4051, 0]",2.052904899988789,38969.16997978663,23.49760000652168,33.13281998416642,6.01953125,39308,10000,1000,and,0.002
s_recurring,2,and d=0.01 a=1.5,enhanced,1.5,80000,3,0.73995,0.7399500599875151,0.73995,0.739949983746874,0.7294,0.7716,0,0,3,0,,3,2,1,1,3999.0,0,0,3,0,,0,1297.6666666666667,3893.0,0,"[0, 3893, 0]",2.13864449999528,37406.87150210171,24.563700004364364,36.5108149999287,9.1875,58845,10000,1000,and,0.01
s_recurring,2,and d=0.01 a=1.8,enhanced,1.8,80000,3,0.73995,0.7399500599875151,0.73995,0.739949983746874,0.7294,0.7716,0,0,3,0,,3,2,1,1,3999.0,0,0,3,0,,0,1297.6666666666667,3893.0,0,"[0, 3893, 0]",2.238753000012366,35734.178803806455,26.704200005042367,37.59055500122486,7.08203125,58845,10000,1000,and,0.01
s_recurring,2,and d=0.01 a=2.5,enhanced,2.5,80000,3,0.73995,0.7399500599875151,0.73995,0.739949983746874,0.7294,0.7716,0,0,3,0,,2,2,1,0,3999.0,0,0,3,0,,0,1297.6666666666667,3893.0,0,"[0, 3893, 0]",2.073624899989227,38579.78364380926,23.784549994161353,31.422414992994163,9.40234375,58845,10000,1000,and,0.01
s_recurring,2,and d=0.05 a=1.5,enhanced,1.5,80000,3,0.7337625,0.7338282994296021,0.7337625,0.7337437688325348,0.7269833333333333,0.7541,1,1,2,0,3999.0,3,2,1,1,3999.0,1,1,2,0,1191.0,1,1350.3333333333333,4051.0,0,"[0, 4051, 0]",1.9800368000287563,40403.289473629055,21.921399995335378,33.14427500736201,6.45703125,39308,10000,1000,and,0.05
s_recurring,2,and d=0.05 a=1.8,enhanced,1.8,80000,3,0.7337625,0.7338282994296021,0.7337625,0.7337437688325348,0.7269833333333333,0.7541,1,1,2,0,3999.0,3,2,1,1,3999.0,1,1,2,0,1191.0,1,1350.3333333333333,4051.0,0,"[0, 4051, 0]",2.1247709000017494,37651.118056979285,23.721449993900023,36.837730012484826,7.65234375,39308,10000,1000,and,0.05
s_recurring,2,and d=0.05 a=2.5,enhanced,2.5,80000,3,0.7337625,0.7338282994296021,0.7337625,0.7337437688325348,0.7269833333333333,0.7541,1,1,2,0,3999.0,2,2,1,0,3999.0,1,1,2,0,1191.0,1,1350.3333333333333,4051.0,0,"[0, 4051, 0]",1.9996601000020746,40006.799155474975,22.763200002373196,32.818750017031554,7.77734375,39308,10000,1000,and,0.05
s_recurring,2,baseline a=1.5,informed,1.5,80000,3,0.732025,0.7320851587940109,0.732025,0.732007633424665,0.7246666666666667,0.7541,3,2,1,1,3999.0,3,2,1,1,3999.0,0,0,3,0,,3,1379.3333333333333,4138.0,0,"[0, 4138, 0]",1.9984561000019312,40030.901854648044,21.899500003200956,33.02009501348944,9.828125,39308,10000,1000,,
s_recurring,2,baseline a=1.8,informed,1.8,80000,3,0.732025,0.7320851587940109,0.732025,0.732007633424665,0.7246666666666667,0.7541,3,2,1,1,3999.0,3,2,1,1,3999.0,0,0,3,0,,3,1379.3333333333333,4138.0,0,"[0, 4138, 0]",2.0179136999940965,39644.906519160875,21.93815000646282,35.74250500096237,7.57421875,39308,10000,1000,,
s_recurring,2,baseline a=2.5,informed,2.5,80000,3,0.7337,0.7337004913552831,0.7337,0.733699860025989,0.7269,0.7541,2,2,1,0,3999.0,2,2,1,0,3999.0,0,0,3,0,,2,2538.3333333333335,7615.0,0,"[0, 7615, 0]",1.9823099999921396,40356.95728736536,22.621599986450747,31.762914999853816,8.01171875,39308,10000,1000,,
s_recurring,2,or d=0.002 a=1.5,enhanced,1.5,80000,3,0.7317,0.7317487251694669,0.7317,0.7316858967399474,0.7242333333333333,0.7541,4,2,1,1,2451.0,3,2,1,1,3999.0,1,1,2,0,903.0,4,1379.3333333333333,4138.0,0,"[0, 4138, 0]",2.239376400015317,35724.23108480236,25.626900009228848,48.16707998543276,3.2109375,39308,10000,1000,or,0.002
s_recurring,2,or d=0.002 a=1.8,enhanced,1.8,80000,3,0.7317,0.7317487251694669,0.7317,0.7316858967399474,0.7242333333333333,0.7541,4,2,1,1,2451.0,3,2,1,1,3999.0,1,1,2,0,903.0,4,1379.3333333333333,4138.0,0,"[0, 4138, 0]",2.284001599997282,35026.24516554419,25.221749994670972,48.7368450136273,8.08984375,39308,10000,1000,or,0.002
s_recurring,2,or d=0.002 a=2.5,enhanced,2.5,80000,3,0.733,0.7330000984425415,0.733,0.7329999717981219,0.7259666666666666,0.7541,3,2,1,0,2563.0,2,2,1,0,3999.0,1,1,2,0,1127.0,3,2538.3333333333335,7615.0,0,"[0, 7615, 0]",2.4223895000177436,33025.24222442923,26.961600000504404,68.10391999315465,7.93359375,39308,10000,1000,or,0.002
s_recurring,2,or d=0.01 a=1.5,enhanced,1.5,80000,3,0.7314375,0.7314814237448315,0.7314375,0.73142475942006,0.7238833333333333,0.7541,4,2,1,1,2371.0,3,2,1,1,3999.0,1,1,2,0,743.0,4,1379.3333333333333,4138.0,0,"[0, 4138, 0]",2.2856201000104193,35001.44227802131,24.566049993154593,48.066560014558476,6.9375,39308,10000,1000,or,0.01
s_recurring,2,or d=0.01 a=1.8,enhanced,1.8,80000,3,0.7314375,0.7314814237448315,0.7314375,0.73142475942006,0.7238833333333333,0.7541,4,2,1,1,2371.0,3,2,1,1,3999.0,1,1,2,0,743.0,4,1379.3333333333333,4138.0,0,"[0, 4138, 0]",2.1351399999985006,37468.26905966643,23.430350003764033,49.93430499744136,7.671875,39308,10000,1000,or,0.01
s_recurring,2,or d=0.01 a=2.5,enhanced,2.5,80000,3,0.7329625,0.7329626783620506,0.7329625,0.7329624488873437,0.7259166666666667,0.7541,3,2,1,0,2451.0,2,2,1,0,3999.0,1,1,2,0,903.0,3,2538.3333333333335,7615.0,0,"[0, 7615, 0]",2.1528032000060193,37160.85148878277,23.17594998748973,34.22199999185975,6.37109375,39308,10000,1000,or,0.01
s_recurring,2,or d=0.05 a=1.5,enhanced,1.5,80000,3,0.7315625,0.7316061289492946,0.7315625,0.7315498576341626,0.72405,0.7541,4,2,1,1,2355.0,3,2,1,1,3999.0,1,1,2,0,711.0,4,1379.3333333333333,4138.0,0,"[0, 4138, 0]",2.15839270001743,37064.61757369452,23.404999999911524,40.00511499907587,5.7890625,39308,10000,1000,or,0.05
s_recurring,2,or d=0.05 a=1.8,enhanced,1.8,80000,3,0.7315625,0.7316061289492946,0.7315625,0.7315498576341626,0.72405,0.7541,4,2,1,1,2355.0,3,2,1,1,3999.0,1,1,2,0,711.0,4,1379.3333333333333,4138.0,0,"[0, 4138, 0]",2.1447801000031177,37299.8611838499,23.8503500004299,46.67829500976949,6.41796875,39308,10000,1000,or,0.05
s_recurring,2,or d=0.05 a=2.5,enhanced,2.5,80000,3,0.733,0.7330000704825212,0.733,0.7329999798081235,0.7259666666666666,0.7541,3,2,1,0,2403.0,2,2,1,0,3999.0,1,1,2,0,807.0,3,2538.3333333333335,7615.0,0,"[0, 7615, 0]",2.401532000018051,33312.06912895547,26.457700005266815,50.892975015449316,7.38671875,39308,10000,1000,or,0.05
s_sudden,0,adwin_only d=0.002,enhanced,,80000,1,0.74005,0.7400546474579748,0.74005,0.7400487418359105,0.72065,0.75945,0,0,1,0,,0,0,1,0,,0,0,1,0,,0,0.0,0.0,0,[0],2.1774414999817964,36740.36707790717,26.46454998466652,35.37999999243766,8.796875,59014,10000,1000,adwin_only,0.002
s_sudden,0,adwin_only d=0.01,enhanced,,80000,1,0.74005,0.7400546474579748,0.74005,0.7400487418359105,0.72065,0.75945,0,0,1,0,,0,0,1,0,,0,0,1,0,,0,0.0,0.0,0,[0],2.4173829999926966,33093.638864938526,29.293800005689263,41.179345022828784,7.75,59014,10000,1000,adwin_only,0.01
s_sudden,0,adwin_only d=0.05,enhanced,,80000,1,0.74005,0.7400546474579748,0.74005,0.7400487418359105,0.72065,0.75945,0,0,1,0,,0,0,1,0,,0,0,1,0,,0,0.0,0.0,0,[0],2.1090453999931924,37931.852960708304,24.33075000590179,35.85442498588236,6.8046875,59014,10000,1000,adwin_only,0.05
s_sudden,0,and d=0.002 a=1.5,enhanced,1.5,80000,1,0.74005,0.7400546474579748,0.74005,0.7400487418359105,0.72065,0.75945,0,0,1,0,,1,1,0,0,3999.0,0,0,1,0,,0,0.0,0.0,0,[0],2.295001399994362,34858.36653528688,26.72724999138154,35.528094980691094,8.6640625,59014,10000,1000,and,0.002
s_sudden,0,and d=0.002 a=1.8,enhanced,1.8,80000,1,0.74005,0.7400546474579748,0.74005,0.7400487418359105,0.72065,0.75945,0,0,1,0,,1,1,0,0,3999.0,0,0,1,0,,0,0.0,0.0,0,[0],1.972819000016898,40551.10985818505,22.762300010072067,35.78883000445785,8.265625,59014,10000,1000,and,0.002
s_sudden,0,and d=0.002 a=2.5,enhanced,2.5,80000,1,0.74005,0.7400546474579748,0.74005,0.7400487418359105,0.72065,0.75945,0,0,1,0,,1,1,0,0,3999.0,0,0,1,0,,0,0.0,0.0,0,[0],2.1038755000045057,38025.06374537308,23.797100002411753,33.74503000668482,8.27734375,59014,10000,1000,and,0.002
s_sudden,0,and d=0.01 a=1.5,enhanced,1.5,80000,1,0.74005,0.7400546474579748,0.74005,0.7400487418359105,0.72065,0.75945,0,0,1,0,,1,1,0,0,3999.0,0,0,1,0,,0,0.0,0.0,0,[0],2.0415668999776244,39185.588285584374,24.368300000787713,31.631090020528063,7.44921875,59014,10000,1000,and,0.01
s_sudden,0,and d=0.01 a=1.8,enhanced,1.8,80000,1,0.74005,0.7400546474579748,0.74005,0.7400487418359105,0.72065,0.75945,0,0,1,0,,1,1,0,0,3999.0,0,0,1,0,,0,0.0,0.0,0,[0],2.026338700001361,39480.073099302834,22.843799990369007,34.71866000181762,7.66796875,59014,10000,1000,and,0.01
s_sudden,0,and d=0.01 a=2.5,enhanced,2.5,80000,1,0.74005,0.7400546474579748,0.74005,0.7400487418359105,0.72065,0.75945,0,0,1,0,,1,1,0,0,3999.0,0,0,1,0,,0,0.0,0.0,0,[0],2.192623100010678,36485.978825823004,26.714000006904826,37.786599999526516,8.17578125,59014,10000,1000,and,0.01
s_sudden,0,and d=0.05 a=1.5,enhanced,1.5,80000,1,0.74005,0.7400546474579748,0.74005,0.7400487418359105,0.72065,0.75945,0,0,1,0,,1,1,0,0,3999.0,0,0,1,0,,0,0.0,0.0,0,[0],2.154304800002137,37134.94952056953,24.633200009702705,37.36366001103306,7.453125,59014,10000,1000,and,0.05
s_sudden,0,and d=0.05 a=1.8,enhanced,1.8,80000,1,0.74005,0.7400546474579748,0.74005,0.7400487418359105,0.72065,0.75945,0,0,1,0,,1,1,0,0,3999.0,0,0,1,0,,0,0.0,0.0,0,[0],2.0251698000065517,39502.86045137607,24.01609999651555,32.38649500272004,5.83984375,59014,10000,1000,and,0.05
s_sudden,0,and d=0.05 a=2.5,enhanced,2.5,80000,1,0.74005,0.7400546474579748,0.74005,0.7400487418359105,0.72065,0.75945,0,0,1,0,,1,1,0,0,3999.0,0,0,1,0,,0,0.0,0.0,0,[0],2.0604403000033926,38826.65273042285,23.534050007583573,33.12115499720674,7.38671875,59014,10000,1000,and,0.05
s_sudden,0,baseline a=1.5,informed,1.5,80000,1,0.743475,0.7441012227691695,0.743475,0.7433103706623452,0.72065,0.7663,1,1,0,0,3999.0,1,1,0,0,3999.0,0,0,1,0,,1,0.0,0.0,0,[0],2.0734435000049416,38583.15888511519,24.25185000174679,33.084719988983124,9.97265625,40330,10000,1000,,
s_sudden,0,baseline a=1.8,informed,1.8,80000,1,0.743475,0.7441012227691695,0.743475,0.7433103706623452,0.72065,0.7663,1,1,0,0,3999.0,1,1,0,0,3999.0,0,0,1,0,,1,0.0,0.0,0,[0],2.2535201999999117,35500.0145993824,25.694799987832084,37.549029996444006,5.87890625,40330,10000,1000,,
s_sudden,0,baseline a=2.5,informed,2.5,80000,1,0.743475,0.7441012227691695,0.743475,0.7433103706623452,0.72065,0.7663,1,1,0,0,3999.0,1,1,0,0,3999.0,0,0,1,0,,1,0.0,0.0,0,[0],2.3686297000094783,33774.802367664255,28.81820000766311,35.7127750015934,6.54296875,40330,10000,1000,,
s_sudden,0,or d=0.002 a=1.5,enhanced,1.5,80000,1,0.743475,0.7441012227691695,0.743475,0.7433103706623452,0.72065,0.7663,1,1,0,0,3999.0,1,1,0,0,3999.0,0,0,1,0,,1,0.0,0.0,0,[0],2.0349193000001833,39313.59833286401,23.285199989913963,34.82353501749458,8.03515625,40330,10000,1000,or,0.002
s_sudden,0,or d=0.002 a=1.8,enhanced,1.8,80000,1,0.743475,0.7441012227691695,0.743475,0.7433103706623452,0.72065,0.7663,1,1,0,0,3999.0,1,1,0,0,3999.0,0,0,1,0,,1,0.0,0.0,0,[0],2.2026703000010457,36319.55268110803,24.578700002166443,37.11798002186696,6.390625,40330,10000,1000,or,0.002
s_sudden,0,or d=0.002 a=2.5,enhanced,2.5,80000,1,0.743475,0.7441012227691695,0.743475,0.7433103706623452,0.72065,0.7663,1,1,0,0,3999.0,1,1,0,0,3999.0,0,0,1,0,,1,0.0,0.0,0,[0],2.5271945999993477,31655.65485143908,29.54610000597313,42.710270021052565,7.0859375,40330,10000,1000,or,0.002
s_sudden,0,or d=0.01 a=1.5,enhanced,1.5,80000,1,0.743475,0.7441012227691695,0.743475,0.7433103706623452,0.72065,0.7663,1,1,0,0,3999.0,1,1,0,0,3999.0,0,0,1,0,,1,0.0,0.0,0,[0],2.6605428000038955,30069.05207459277,31.803499994566664,41.753465007059276,7.1796875,40330,10000,1000,or,0.01
s_sudden,0,or d=0.01 a=1.8,enhanced,1.8,80000,1,0.743475,0.7441012227691695,0.743475,0.7433103706623452,0.72065,0.7663,1,1,0,0,3999.0,1,1,0,0,3999.0,0,0,1,0,,1,0.0,0.0,0,[0],2.304024400014896,34721.85450791354,27.157500007888302,39.25666499999351,6.00390625,40330,10000,1000,or,0.01
s_sudden,0,or d=0.01 a=2.5,enhanced,2.5,80000,1,0.743475,0.7441012227691695,0.743475,0.7433103706623452,0.72065,0.7663,1,1,0,0,3999.0,1,1,0,0,3999.0,0,0,1,0,,1,0.0,0.0,0,[0],2.080715299991425,38448.31630753601,23.740100004943088,34.63661000714637,7.3671875,40330,10000,1000,or,0.01
s_sudden,0,or d=0.05 a=1.5,enhanced,1.5,80000,1,0.743475,0.7441012227691695,0.743475,0.7433103706623452,0.72065,0.7663,1,1,0,0,3999.0,1,1,0,0,3999.0,0,0,1,0,,1,0.0,0.0,0,[0],2.1380877000046894,37416.612985437656,24.864699997124262,32.711685009417124,6.9921875,40330,10000,1000,or,0.05
s_sudden,0,or d=0.05 a=1.8,enhanced,1.8,80000,1,0.743475,0.7441012227691695,0.743475,0.7433103706623452,0.72065,0.7663,1,1,0,0,3999.0,1,1,0,0,3999.0,0,0,1,0,,1,0.0,0.0,0,[0],2.1878562000056263,36565.47445841928,24.321150020114146,36.99854499136563,6.32421875,40330,10000,1000,or,0.05
s_sudden,0,or d=0.05 a=2.5,enhanced,2.5,80000,1,0.743475,0.7441012227691695,0.743475,0.7433103706623452,0.72065,0.7663,1,1,0,0,3999.0,1,1,0,0,3999.0,0,0,1,0,,1,0.0,0.0,0,[0],2.0992546000052243,38108.76489197685,23.521349998191,37.024555004609276,6.46484375,40330,10000,1000,or,0.05
s_sudden,1,adwin_only d=0.002,enhanced,,80000,1,0.7391625,0.7391751584947479,0.7391625,0.7391590487074069,0.71805,0.760275,0,0,1,0,,0,0,1,0,,0,0,1,0,,0,0.0,0.0,0,[0],2.284143299999414,35024.072263776325,27.898650005226955,37.30355999723542,7.52734375,59141,10000,1000,adwin_only,0.002
s_sudden,1,adwin_only d=0.01,enhanced,,80000,1,0.7391625,0.7391751584947479,0.7391625,0.7391590487074069,0.71805,0.760275,0,0,1,0,,0,0,1,0,,0,0,1,0,,0,0.0,0.0,0,[0],2.5002739999908954,31996.49318446351,30.382900004042313,39.21016501117265,7.75390625,59141,10000,1000,adwin_only,0.01
s_sudden,1,adwin_only d=0.05,enhanced,,80000,1,0.7391625,0.7391751584947479,0.7391625,0.7391590487074069,0.71805,0.760275,0,0,1,0,,0,0,1,0,,0,0,1,0,,0,0.0,0.0,0,[0],1.9499846999824513,41025.96292202701,22.720250010024756,30.691545002628118,7.03125,59141,10000,1000,adwin_only,0.05
s_sudden,1,and d=0.002 a=1.5,enhanced,1.5,80000,1,0.7391625,0.7391751584947479,0.7391625,0.7391590487074069,0.71805,0.760275,0,0,1,0,,4,1,0,3,3999.0,0,0,1,0,,0,0.0,0.0,0,[0],2.013243599998532,39736.87039166961,24.059849994955584,33.08730000862852,6.9375,59141,10000,1000,and,0.002
s_sudden,1,and d=0.002 a=1.8,enhanced,1.8,80000,1,0.7391625,0.7391751584947479,0.7391625,0.7391590487074069,0.71805,0.760275,0,0,1,0,,3,1,0,2,3999.0,0,0,1,0,,0,0.0,0.0,0,[0],2.1403140999900643,37377.69143340754,25.204949983162805,33.28584499540739,8.61328125,59141,10000,1000,and,0.002
s_sudden,1,and d=0.002 a=2.5,enhanced,2.5,80000,1,0.7391625,0.7391751584947479,0.7391625,0.7391590487074069,0.71805,0.760275,0,0,1,0,,2,1,0,1,3999.0,0,0,1,0,,0,0.0,0.0,0,[0],2.0221308000036515,39562.228120878994,23.70199999131728,35.71794501476688,8.2578125,59141,10000,1000,and,0.002
s_sudden,1,and d=0.01 a=1.5,enhanced,1.5,80000,1,0.7391625,0.7391751584947479,0.7391625,0.7391590487074069,0.71805,0.760275,0,0,1,0,,4,1,0,3,3999.0,0,0,1,0,,0,0.0,0.0,0,[0],2.112334000004921,37872.79852514499,24.359199989703484,35.00738500879379,8.30859375,59141,10000,1000,and,0.01
s_sudden,1,and d=0.01 a=1.8,enhanced,1.8,80000,1,0.7391625,0.7391751584947479,0.7391625,0.7391590487074069,0.71805,0.760275,0,0,1,0,,3,1,0,2,3999.0,0,0,1,0,,0,0.0,0.0,0,[0],2.2888478999957442,34952.0822244889,27.844899988849647,33.95401001616846,8.04296875,59141,10000,1000,and,0.01
s_sudden,1,and d=0.01 a=2.5,enhanced,2.5,80000,1,0.7391625,0.7391751584947479,0.7391625,0.7391590487074069,0.71805,0.760275,0,0,1,0,,2,1,0,1,3999.0,0,0,1,0,,0,0.0,0.0,0,[0],2.0756931000214536,38541.34312975899,23.285500006750226,34.924514994781916,7.33203125,59141,10000,1000,and,0.01
s_sudden,1,and d=0.05 a=1.5,enhanced,1.5,80000,1,0.7391625,0.7391751584947479,0.7391625,0.7391590487074069,0.71805,0.760275,0,0,1,0,,4,1,0,3,3999.0,0,0,1,0,,0,0.0,0.0,0,[0],2.053217800013954,38963.23127505339,24.32414999930188,34.807925001950935,5.12890625,59141,10000,1000,and,0.05
s_sudden,1,and d=0.05 a=1.8,enhanced,1.8,80000,1,0.7391625,0.7391751584947479,0.7391625,0.7391590487074069,0.71805,0.760275,0,0,1,0,,3,1,0,2,3999.0,0,0,1,0,,0,0.0,0.0,0,[0],2.182388700020965,36657.08129776858,25.249800004530698,37.82176498207263,5.12890625,59141,10000,1000,and,0.05
s_sudden,1,and d=0.05 a=2.5,enhanced,2.5,80000,1,0.7391625,0.7391751584947479,0.7391625,0.7391590487074069,0.71805,0.760275,0,0,1,0,,2,1,0,1,3999.0,0,0,1,0,,0,0.0,0.0,0,[0],2.2912959000095725,34914.73973294579,26.98009999585338,38.47929499170277,7.046875,59141,10000,1000,and,0.05
s_sudden,1,baseline a=1.5,informed,1.5,80000,1,0.736225,0.7365289923829128,0.736225,0.7361402203685932,0.7102,0.76225,4,1,0,3,3999.0,4,1,0,3,3999.0,0,0,1,0,,4,0.0,0.0,0,[0],2.3537987000017893,33987.613299276265,23.92574999248609,55.14062001893757,10.95703125,32878,10000,1000,,
s_sudden,1,baseline a=1.8,informed,1.8,80000,1,0.7365125,0.736647392711461,0.7365124999999999,0.736474946650503,0.712225,0.7608,3,1,0,2,3999.0,3,1,0,2,3999.0,0,0,1,0,,3,0.0,0.0,0,[0],2.5945248999923933,30834.161583970363,27.685450011631474,55.305179992865234,8.23828125,32878,10000,1000,,
s_sudden,1,baseline a=2.5,informed,2.5,80000,1,0.7376125,0.7376460118008829,0.7376125,0.7376032494895572,0.712225,0.763,2,1,0,1,3999.0,2,1,0,1,3999.0,0,0,1,0,,2,0.0,0.0,0,[0],2.441685799974948,32764.248373325023,26.108349993592128,37.585025002772454,9.015625,50734,10000,1000,,
s_sudden,1,or d=0.002 a=1.5,enhanced,1.5,80000,1,0.736225,0.7365289923829128,0.736225,0.7361402203685932,0.7102,0.76225,4,1,0,3,3999.0,4,1,0,3,3999.0,0,0,1,0,,4,0.0,0.0,0,[0],2.430682500009425,32912.56673781532,24.216449994128197,47.844439996697446,6.5859375,32878,10000,1000,or,0.002
s_sudden,1,or d=0.002 a=1.8,enhanced,1.8,80000,1,0.7365125,0.736647392711461,0.7365124999999999,0.736474946650503,0.712225,0.7608,3,1,0,2,3999.0,3,1,0,2,3999.0,0,0,1,0,,3,0.0,0.0,0,[0],2.765405499987537,28928.84967515995,27.193549991352484,73.01155998720782,7.6484375,32878,10000,1000,or,0.002
s_sudden,1,or d=0.002 a=2.5,enhanced,2.5,80000,1,0.7376125,0.7376460118008829,0.7376125,0.7376032494895572,0.712225,0.763,2,1,0,1,3999.0,2,1,0,1,3999.0,0,0,1,0,,2,0.0,0.0,0,[0],2.913768699974753,27455.85124882877,31.60405000380706,44.70041500171643,6.73828125,50734,10000,1000,or,0.002
s_sudden,1,or d=0.01 a=1.5,enhanced,1.5,80000,1,0.736225,0.7365289923829128,0.736225,0.7361402203685932,0.7102,0.76225,4,1,0,3,3999.0,4,1,0,3,3999.0,0,0,1,0,,4,0.0,0.0,0,[0],2.812149200006388,28447.992730904276,29.470750014297664,75.08882998808984,0.9140625,32878,10000,1000,or,0.01
s_sudden,1,or d=0.01 a=1.8,enhanced,1.8,80000,1,0.7365125,0.736647392711461,0.7365124999999999,0.736474946650503,0.712225,0.7608,3,1,0,2,3999.0,3,1,0,2,3999.0,0,0,1,0,,3,0.0,0.0,0,[0],2.4746445999771822,32327.874475687397,24.264650011900812,38.72105502232429,5.3125,32878,10000,1000,or,0.01
s_sudden,1,or d=0.01 a=2.5,enhanced,2.5,80000,1,0.7376125,0.7376460118008829,0.7376125,0.7376032494895572,0.712225,0.763,2,1,0,1,3999.0,2,1,0,1,3999.0,0,0,1,0,,2,0.0,0.0,0,[0],2.2052846000005957,36276.49692016096,23.15134998934809,37.92958999983966,8.109375,50734,10000,1000,or,0.01
s_sudden,1,or d=0.05 a=1.5,enhanced,1.5,80000,1,0.736225,0.7365289923829128,0.736225,0.7361402203685932,0.7102,0.76225,4,1,0,3,3999.0,4,1,0,3,3999.0,0,0,1,0,,4,0.0,0.0,0,[0],2.3603392000077292,33893.43362163287,24.1323999944143,51.090749989089076,6.765625,32878,10000,1000,or,0.05
s_sudden,1,or d=0.05 a=1.8,enhanced,1.8,80000,1,0.7365125,0.736647392711461,0.7365124999999999,0.736474946650503,0.712225,0.7608,3,1,0,2,3999.0,3,1,0,2,3999.0,0,0,1,0,,3,0.0,0.0,0,[0],2.6497818999923766,30191.164035134425,26.26490000693593,77.72125001356468,6.6640625,32878,10000,1000,or,0.05
s_sudden,1,or d=0.05 a=2.5,enhanced,2.5,80000,1,0.7376125,0.7376460118008829,0.7376125,0.7376032494895572,0.712225,0.763,2,1,0,1,3999.0,2,1,0,1,3999.0,0,0,1,0,,2,0.0,0.0,0,[0],2.347280399990268,34081.995487344284,24.836500000674278,41.59394498710751,7.85546875,50734,10000,1000,or,0.05
s_sudden,2,adwin_only d=0.002,enhanced,,80000,1,0.7382125,0.7382316897115011,0.7382124999999999,0.7382072281071508,0.718025,0.7584,0,0,1,0,,0,0,1,0,,0,0,1,0,,0,0.0,0.0,0,[0],2.4389086999872234,32801.55587637171,30.183449998730794,41.70350498898188,5.58203125,59080,10000,1000,adwin_only,0.002
s_sudden,2,adwin_only d=0.01,enhanced,,80000,1,0.7382125,0.7382316897115011,0.7382124999999999,0.7382072281071508,0.718025,0.7584,0,0,1,0,,0,0,1,0,,0,0,1,0,,0,0.0,0.0,0,[0],2.325097900000401,34407.15335039708,27.726400003302842,37.737874999584164,5.05078125,59080,10000,1000,adwin_only,0.01
s_sudden,2,adwin_only d=0.05,enhanced,,80000,1,0.7382125,0.7382316897115011,0.7382124999999999,0.7382072281071508,0.718025,0.7584,0,0,1,0,,0,0,1,0,,0,0,1,0,,0,0.0,0.0,0,[0],1.9387157000019215,41264.430880670494,22.88955000403803,32.024839978839736,3.83984375,59080,10000,1000,adwin_only,0.05
s_sudden,2,and d=0.002 a=1.5,enhanced,1.5,80000,1,0.7382125,0.7382316897115011,0.7382124999999999,0.7382072281071508,0.718025,0.7584,0,0,1,0,,4,1,0,3,3999.0,0,0,1,0,,0,0.0,0.0,0,[0],2.0985021999804303,38122.42846385677,23.716199983027764,34.67796497861855,9.1171875,59080,10000,1000,and,0.002
s_sudden,2,and d=0.002 a=1.8,enhanced,1.8,80000,1,0.7382125,0.7382316897115011,0.7382124999999999,0.7382072281071508,0.718025,0.7584,0,0,1,0,,4,1,0,3,3999.0,0,0,1,0,,0,0.0,0.0,0,[0],1.9868693000171334,40264.349546953155,23.40140000160318,31.650264994823367,8.41796875,59080,10000,1000,and,0.002
s_sudden,2,and d=0.002 a=2.5,enhanced,2.5,80000,1,0.7382125,0.7382316897115011,0.7382124999999999,0.7382072281071508,0.718025,0.7584,0,0,1,0,,5,1,0,4,3999.0,0,0,1,0,,0,0.0,0.0,0,[0],2.0536209999991115,38955.58138528706,22.556299998541363,33.74924999661743,8.63671875,59080,10000,1000,and,0.002
s_sudden,2,and d=0.01 a=1.5,enhanced,1.5,80000,1,0.7382125,0.7382316897115011,0.7382124999999999,0.7382072281071508,0.718025,0.7584,0,0,1,0,,4,1,0,3,3999.0,0,0,1,0,,0,0.0,0.0,0,[0],2.259406700002728,35407.52534720881,27.484199992613867,38.35045998275746,6.4375,59080,10000,1000,and,0.01
s_sudden,2,and d=0.01 a=1.8,enhanced,1.8,80000,1,0.7382125,0.7382316897115011,0.7382124999999999,0.7382072281071508,0.718025,0.7584,0,0,1,0,,4,1,0,3,3999.0,0,0,1,0,,0,0.0,0.0,0,[0],1.9941784999973606,40116.76988800445,23.086299988790415,33.16427000827388,7.03515625,59080,10000,1000,and,0.01
s_sudden,2,and d=0.01 a=2.5,enhanced,2.5,80000,1,0.7382125,0.7382316897115011,0.7382124999999999,0.7382072281071508,0.718025,0.7584,0,0,1,0,,5,1,0,4,3999.0,0,0,1,0,,0,0.0,0.0,0,[0],2.0876506000058725,38320.588703768226,23.84884998900816,33.73887497582473,7.46484375,59080,10000,1000,and,0.01
s_sudden,2,and d=0.05 a=1.5,enhanced,1.5,80000,1,0.7382125,0.7382316897115011,0.7382124999999999,0.7382072281071508,0.718025,0.7584,0,0,1,0,,4,1,0,3,3999.0,0,0,1,0,,0,0.0,0.0,0,[0],2.0072399000055157,39855.72427081595,24.06574999622535,31.07382499729283,8.2890625,59080,10000,1000,and,0.05
s_sudden,2,and d=0.05 a=1.8,enhanced,1.8,80000,1,0.7382125,0.7382316897115011,0.7382124999999999,0.7382072281071508,0.718025,0.7584,0,0,1,0,,4,1,0,3,3999.0,0,0,1,0,,0,0.0,0.0,0,[0],2.2756315000005998,35155.07673363588,26.70310001121834,34.189449998666525,7.52734375,59080,10000,1000,and,0.05
s_sudden,2,and d=0.05 a=2.5,enhanced,2.5,80000,1,0.7382125,0.7382316897115011,0.7382124999999999,0.7382072281071508,0.718025,0.7584,0,0,1,0,,5,1,0,4,3999.0,0,0,1,0,,0,0.0,0.0,0,[0],2.3720995000039693,33725.3981124595,28.279800011659972,39.78173999057617,5.7421875,59080,10000,1000,and,0.05
s_sudden,2,baseline a=1.5,informed,1.5,80000,1,0.737975,0.7383895331753433,0.737975,0.7378610422969599,0.71265,0.7633,4,1,0,3,3999.0,4,1,0,3,3999.0,0,0,1,0,,4,0.0,0.0,0,[0],2.4098818999773357,33196.647520674094,23.122400016291067,57.47576000576362,9.6015625,37975,10000,1000,,
s_sudden,2,baseline a=1.8,informed,1.8,80000,1,0.7391875,0.739950095145354,0.7391875,0.7389801105213287,0.7145,0.763875,4,1,0,3,3999.0,4,1,0,3,3999.0,0,0,1,0,,4,0.0,0.0,0,[0],2.7178906000044663,29434.59166453151,27.535100001841784,53.311780010699266,6.65625,37975,10000,1000,,
s_sudden,2,baseline a=2.5,informed,2.5,80000,1,0.7377125,0.7386172125381298,0.7377125,0.737463649628552,0.716525,0.7589,5,1,0,4,3999.0,5,1,0,4,3999.0,0,0,1,0,,5,0.0,0.0,0,[0],2.6441968999861274,30254.932981889404,26.543049985775724,90.76368499227097,7.234375,32803,10000,1000,,
s_sudden,2,or d=0.002 a=1.5,enhanced,1.5,80000,1,0.737975,0.7383895331753433,0.737975,0.7378610422969599,0.71265,0.7633,4,1,0,3,3999.0,4,1,0,3,3999.0,0,0,1,0,,4,0.0,0.0,0,[0],2.547992800013162,31397.26297483523,24.642800010042265,81.21584499458548,4.48046875,37975,10000,1000,or,0.002
s_sudden,2,or d=0.002 a=1.8,enhanced,1.8,80000,1,0.7391875,0.739950095145354,0.7391875,0.7389801105213287,0.7145,0.763875,4,1,0,3,3999.0,4,1,0,3,3999.0,0,0,1,0,,4,0.0,0.0,0,[0],2.9079684000171255,27510.615314639894,28.70535000693053,72.08322500810026,6.109375,37975,10000,1000,or,0.002
s_sudden,2,or d=0.002 a=2.5,enhanced,2.5,80000,1,0.7377125,0.7386172125381298,0.7377125,0.737463649628552,0.716525,0.7589,5,1,0,4,3999.0,5,1,0,4,3999.0,0,0,1,0,,5,0.0,0.0,0,[0],3.098312399990391,25820.50796435121,31.702150008641183,98.94822001078865,6.26171875,32803,10000,1000,or,0.002
s_sudden,2,or d=0.01 a=1.5,enhanced,1.5,80000,1,0.738125,0.7385249831405408,0.738125,0.7380151692455865,0.71305,0.7632,5,1,0,4,3999.0,4,1,0,3,3999.0,1,0,1,1,,5,0.0,0.0,0,[0],2.8825562999991234,27753.14397155897,27.437749988166615,80.22760498424752,6.67578125,37975,10000,1000,or,0.01
s_sudden,2,or d=0.01 a=1.8,enhanced,1.8,80000,1,0.7391875,0.739950095145354,0.7391875,0.7389801105213287,0.7145,0.763875,4,1,0,3,3999.0,4,1,0,3,3999.0,0,0,1,0,,4,0.0,0.0,0,[0],2.404708699992625,33268.062780429645,23.116299984394573,53.939985000761155,4.80859375,37975,10000,1000,or,0.01
s_sudden,2,or d=0.01 a=2.5,enhanced,2.5,80000,1,0.7377125,0.7386172125381298,0.7377125,0.737463649628552,0.716525,0.7589,5,1,0,4,3999.0,5,1,0,4,3999.0,0,0,1,0,,5,0.0,0.0,0,[0],2.4880641999770887,32153.511151656247,23.408950000884943,63.55628001037982,8.07421875,32803,10000,1000,or,0.01
s_sudden,2,or d=0.05 a=1.5,enhanced,1.5,80000,1,0.7373875,0.7377867321826147,0.7373875,0.7372772253583284,0.711775,0.763,5,1,0,4,3999.0,4,1,0,3,3999.0,1,0,1,1,,5,0.0,0.0,0,[0],2.465016900008777,32454.13854960392,23.616899983608164,62.36676002008601,7.62890625,37975,10000,1000,or,0.05
s_sudden,2,or d=0.05 a=1.8,enhanced,1.8,80000,1,0.7391875,0.739950095145354,0.7391875,0.7389801105213287,0.7145,0.763875,4,1,0,3,3999.0,4,1,0,3,3999.0,0,0,1,0,,4,0.0,0.0,0,[0],2.696096800005762,29672.525111052775,25.959300008253194,80.04537999804596,7.3359375,37975,10000,1000,or,0.05
s_sudden,2,or d=0.05 a=2.5,enhanced,2.5,80000,1,0.7377125,0.7386172125381298,0.7377125,0.737463649628552,0.716525,0.7589,5,1,0,4,3999.0,5,1,0,4,3999.0,0,0,1,0,,5,0.0,0.0,0,[0],2.4474523999961093,32687.05042031754,23.773150009219535,59.10273499175668,6.94921875,32803,10000,1000,or,0.05
